{
  "thermal_time_constant": 8.117388620999282,
  "heat_loss_coefficient": 0.1383429990417962,
  "outlet_effectiveness": 0.7181165902973425,
  "pv_heat_weight": 0.0002442262033928032,
  "fireplace_heat_weight": 0.3875044676740024,
  "tv_heat_weight": 0.35,
  "solar_lag_minutes": 45.0,
  "slab_time_constant_hours": 3.5455130326185373,
  "optimization_mae": 0.8770736070005137,
  "stable_periods_count": 37119,
  "fp_decay_time_constant": 3.851695850306732,
  "room_spread_delay_minutes": 17.5,
  "delta_t_floor": 2.3000000000000007
}