2026-05-16 05:11:47,607 - DEBUG - Active sampling: buffered 6 readings
127.0.0.1 - - [16/May/2026 05:12:17] "GET /health HTTP/1.1" 200 -
127.0.0.1 - - [16/May/2026 05:12:47] "GET /health HTTP/1.1" 200 -
2026-05-16 05:12:47,609 - DEBUG - ⏰ POLLING END: Waited 10.0min, starting next cycle...
2026-05-16 05:12:47,609 - DEBUG - 🔄 CYCLE 31 START: 05:12:47 (interval: 10.0min since last cycle)
2026-05-16 05:12:47,609 - DEBUG - ♻️ Reusing existing Model Wrapper instance
2026-05-16 05:12:47,609 - INFO - Successfully loaded operational state from /config/ml_heating/unified_thermal_state.json
2026-05-16 05:12:47,637 - DEBUG - Setting HA state for sensor.ml_heating_cop_realtime: {'state': '5.87', 'attributes': {'state_class': 'measurement', 'unique_id': 'ml_heating_cop_realtime', 'friendly_name': 'ML Heating COP (Realtime)', 'unit_of_measurement': 'COP', 'icon': 'mdi:heat-pump', 'device_class': 'power_factor'}}
2026-05-16 05:12:47,649 - DEBUG - Setting HA state for sensor.ml_heating_thermal_power: {'state': '2.246', 'attributes': {'state_class': 'measurement', 'unique_id': 'ml_heating_thermal_power', 'friendly_name': 'ML Heating Thermal Power', 'unit_of_measurement': 'kW', 'icon': 'mdi:flash', 'device_class': 'power'}}
2026-05-16 05:12:47,686 - DEBUG - Wrote thermodynamic metrics to InfluxDB
2026-05-16 05:12:47,686 - DEBUG - Thermodynamic sensors updated: COP=5.87, Power=2.246kW
2026-05-16 05:12:47,687 - DEBUG - ♻️ Reusing existing Model Wrapper instance
2026-05-16 05:12:47,687 - DEBUG - 🎯 ACTIVE MODE LEARNING (trajectory): Verifying ML prediction accuracy for 24.4°C outlet setting
2026-05-16 05:12:47,689 - DEBUG - Defaulting channel learning to heat_pump: pv_power_current=0.000, pv_power=0.000, thermal_power=2.305, delta_t=2.360, heat_pump_active=True
2026-05-16 05:12:47,689 - DEBUG - ♨️ HeatPumpChannel self-learned (heating): avg_error=0.018, tau=4.83h, hlc=0.120, outlet_effectiveness=0.828, slab_tau=4.00h, delta_t_floor=2.49
2026-05-16 05:12:47,689 - INFO - ♨️ heat_pump parameter update: attributed_error=+0.025424 | delta_t_floor: 2.49325→2.491738 (Δ-0.001513) | heat_loss_coefficient: 0.120441→0.120424 (Δ-0.000018) | outlet_effectiveness: 0.827407→0.827586 (Δ+0.000179) | slab_time_constant_hours: 4.000277→4.000313 (Δ+0.000036) | thermal_time_constant: 4.834975→4.834886 (Δ-0.000089)
2026-05-16 05:12:47,689 - INFO - Channel routing → [♨️ heat_pump*] | error=+0.0254 | pv_current=0W pv_smoothed=0W | params_changed=heat_pump
2026-05-16 05:12:47,883 - DEBUG - 💾 Saved unified thermal state to /config/ml_heating/unified_thermal_state.json
2026-05-16 05:12:47,885 - DEBUG - Skipping legacy global adaptation: channel mode owns recent-window learning
2026-05-16 05:12:48,074 - DEBUG - 💾 Saved unified thermal state to /config/ml_heating/unified_thermal_state.json
2026-05-16 05:12:48,076 - DEBUG - Prediction feedback: error=0.025°C, confidence=5.000
2026-05-16 05:12:48,266 - DEBUG - 💾 Saved unified thermal state to /config/ml_heating/unified_thermal_state.json
2026-05-16 05:12:48,267 - DEBUG - 💾 Saved 200 predictions to unified thermal state
2026-05-16 05:12:48,267 - DEBUG - Added prediction: pred=22.66, actual=22.69, error=0.025
2026-05-16 05:12:48,453 - DEBUG - 💾 Saved unified thermal state to /config/ml_heating/unified_thermal_state.json
2026-05-16 05:12:48,457 - DEBUG - Setting HA state for sensor.ml_model_mae: {'state': '0.0287', 'attributes': {'state_class': 'measurement', 'unique_id': 'ml_heating_model_mae', 'friendly_name': 'ML Model MAE', 'unit_of_measurement': '°C', 'icon': 'mdi:chart-line', 'last_updated': '2026-05-16T03:12:48.457477+00:00'}}
2026-05-16 05:12:48,471 - DEBUG - Setting HA state for sensor.ml_model_rmse: {'state': '0.0400', 'attributes': {'state_class': 'measurement', 'unique_id': 'ml_heating_model_rmse', 'friendly_name': 'ML Model RMSE', 'unit_of_measurement': '°C', 'icon': 'mdi:chart-line', 'last_updated': '2026-05-16T03:12:48.457477+00:00'}}
2026-05-16 05:12:48,485 - DEBUG - Setting HA state for sensor.ml_heating_learning: {'state': '5.000', 'attributes': {'state_class': 'measurement', 'unique_id': 'ml_heating_learning', 'friendly_name': 'ML Adaptive Learning Metrics', 'unit_of_measurement': 'metrics', 'icon': 'mdi:brain', 'thermal_time_constant': 4.834885589633861, 'heat_loss_coefficient': 0.12042357428797168, 'outlet_effectiveness': 0.8275857226476127, 'pv_heat_weight': 0.0011388529526730347, 'fireplace_heat_weight': 0.17156709601311348, 'tv_heat_weight': 0.44733899208522154, 'solar_lag_minutes': 39.66837846635902, 'slab_time_constant_hours': 4.000312851424058, 'heat_source_channels_enabled': True, 'total_conductance': 0.3, 'equilibrium_ratio': 0.5, 'cycle_count': 5369, 'parameter_updates': 531, 'model_health': 'excellent', 'learning_progress': 1.0, 'is_improving': True, 'improvement_percentage': 11.946938671777184, 'total_predictions': 200, 'learning_confidence': 5.0, 'last_updated': '2026-05-16T03:12:48.485672+00:00', 'delta_t_floor': 2.49173771906202, 'cloud_factor_exponent': 1.0, 'solar_decay_tau_hours': 1.05759890202272, 'fp_heat_output_kw': 0.17156709601311348, 'fp_decay_time_constant': 3.9144707244638868, 'room_spread_delay_minutes': 18.0, 'ch_heat_pump_history_count': 200, 'ch_heat_pump_last_error': 0.02542446278916799, 'ch_pv_history_count': 200, 'ch_pv_last_error': 0.061215926435696844, 'ch_fireplace_history_count': 0, 'ch_fireplace_last_error': 0.0, 'ch_tv_history_count': 0, 'ch_tv_last_error': 0.0}}
2026-05-16 05:12:48,500 - DEBUG - Setting HA state for sensor.ml_model_mae: {'state': '0.0287', 'attributes': {'state_class': 'measurement', 'unique_id': 'ml_heating_model_mae', 'friendly_name': 'ML Model MAE', 'unit_of_measurement': '°C', 'icon': 'mdi:chart-line', 'mae_1h': 0.020507088666239365, 'mae_6h': 0.027998968217504434, 'mae_24h': 0.02868393245654632, 'trend_direction': 'improving', 'prediction_count': 200, 'last_updated': '2026-05-16T03:12:48.485672+00:00'}}
2026-05-16 05:12:48,518 - DEBUG - Setting HA state for sensor.ml_model_rmse: {'state': '0.0400', 'attributes': {'state_class': 'measurement', 'unique_id': 'ml_heating_model_rmse', 'friendly_name': 'ML Model RMSE', 'unit_of_measurement': '°C', 'icon': 'mdi:chart-line', 'recent_max_error': 0.03352079090140592, 'std_error': 0.0278, 'mean_bias': 0.0, 'prediction_count': 200, 'last_updated': '2026-05-16T03:12:48.485672+00:00'}}
2026-05-16 05:12:48,532 - DEBUG - Setting HA state for sensor.ml_prediction_accuracy: {'state': '99.4', 'attributes': {'state_class': 'measurement', 'unique_id': 'ml_prediction_accuracy', 'friendly_name': 'ML Prediction Accuracy', 'unit_of_measurement': '%', 'icon': 'mdi:target', 'perfect_accuracy_pct': 0.0, 'tolerable_accuracy_pct': 99.38271604938271, 'poor_accuracy_pct': 0.6172839506172839, 'prediction_count_24h': 0, 'excellent_all_time_pct': 98.0, 'good_all_time_pct': 100.0, 'last_updated': '2026-05-16T03:12:48.485672+00:00'}}
2026-05-16 05:12:48,546 - DEBUG - Logged refactored sensor metrics to HA
2026-05-16 05:12:48,547 - DEBUG - Logging feature importance
2026-05-16 05:12:48,547 - DEBUG - Setting HA state for sensor.ml_feature_importance: {'state': '5', 'attributes': {'state_class': 'measurement', 'unique_id': 'ml_heating_feature_importance', 'friendly_name': 'ML Feature Importance', 'unit_of_measurement': '%', 'icon': 'mdi:format-list-numbered', 'top_features': {'target_temp': 52.78, 'tv_power': 28.53, 'fireplace': 10.94, 'outdoor_temp': 7.68, 'pv_power': 0.07}, 'last_updated': '2026-05-16T03:12:48.547230+00:00'}}
2026-05-16 05:12:48,560 - INFO - ✅ Exported metrics to Home Assistant sensors successfully
2026-05-16 05:12:48,560 - INFO - ✅ Learning cycle 5369: error=0.025°C, confidence=5.000, total_predictions=200
2026-05-16 05:12:48,561 - DEBUG - ✅ Online learning: applied_temp=24.4°C, actual_change=-0.010°C, cycle=5369
2026-05-16 05:12:48,561 - DEBUG - 🔥 Heating mode active (state: heat)
2026-05-16 05:12:48,561 - DEBUG - ♻️ Reusing existing Model Wrapper instance
2026-05-16 05:12:48,588 - DEBUG - Fireplace is OFF. Using main indoor temp for prediction.
2026-05-16 05:12:49,059 - DEBUG - PV forecast parsed successfully: [400.2, 1160.0, 2042.2, 3541.8, 3621.8, 4654.5, 4225.5, 5151.5, 4008.8, 2794.0, 2657.2, 2917.2]W
2026-05-16 05:12:49,059 - DEBUG - Solar correction: enabled=True, percent=100.0%, factor=1.000
2026-05-16 05:12:49,077 - DEBUG - Delta calibration applied: offset=-1.88°C
2026-05-16 05:12:49,077 - DEBUG - Raw forecasts: [3.8, 4.2, 5.5, 7.0, 8.2, 8.5, 8.7, 10.0, 8.8, 9.9, 10.2, 8.2]
2026-05-16 05:12:49,077 - DEBUG - Calibrated forecasts: [1.92, 2.32, 3.62, 5.12, 6.32, 6.62, 6.82, 8.12, 6.92, 8.02, 8.32, 6.32]
2026-05-16 05:12:49,081 - INFO - ☀️ Forecast trajectory: PV=10W < zero_w=50W → night mode, 4 steps
2026-05-16 05:12:49,082 - DEBUG - Heating obs buffer: resolved 1 new label(s) this cycle
2026-05-16 05:12:49,100 - DEBUG - ♻️ Reusing existing Model Wrapper instance
2026-05-16 05:12:49,106 - INFO - DEBUG: Wrapper params: U=0.12042357428797168, eff=0.8275857226476127, tau=4.834885589633861
2026-05-16 05:12:49,106 - INFO - ☀️ PV surplus 10W (threshold 1500W): target 22.6 → 22.6°C (CHEAP ramp offset +0.00)
2026-05-16 05:12:49,106 - DEBUG - 🔧 Using natural bounds: outlet_min=21.0°C, outlet_max=35.0°C
2026-05-16 05:12:49,106 - INFO - 🌡️ Using cycle-aligned forecast (10min): outdoor=1.9°C (vs current 1.9°C), PV=34W (vs current 0W)
2026-05-16 05:12:49,106 - DEBUG - DEBUG: Using PV history (len=18) instead of scalar 33.51975308641975
2026-05-16 05:12:49,106 - DEBUG - 🎯 Binary search start: target=22.6°C, current=22.7°C, range=21.0-35.0°C
2026-05-16 05:12:49,106 - DEBUG - 🔍 Binary search features: inlet_temp=24.6, delta_t_floor=2.26, indoor_temp_delta_60m=-0.0651, horizon=4.0h, outlet_mid=28.0°C
2026-05-16 05:12:49,107 - DEBUG - ✅ Binary search trajectory OK (iter 1): outlet=28.0°C → predicted=23.77°C (steps=24, start=22.72→end=23.77)
2026-05-16 05:12:49,107 - DEBUG -    Iteration 1: outlet=28.0°C → predicted=23.77°C, error=1.165°C (range: 21.0-35.0°C)
2026-05-16 05:12:49,107 - DEBUG -      → Cooling: Predicted above target, lowering maximum to 28.0°C
2026-05-16 05:12:49,108 - DEBUG -    Iteration 2: outlet=24.5°C → predicted=22.69°C, error=0.085°C (range: 21.0-28.0°C)
2026-05-16 05:12:49,108 - DEBUG -      → Cooling: Predicted above target, lowering maximum to 24.5°C
2026-05-16 05:12:49,109 - DEBUG -    Iteration 3: outlet=22.8°C → predicted=22.59°C, error=-0.016°C (range: 21.0-24.5°C)
2026-05-16 05:12:49,109 - DEBUG -      → Cooling: Predicted below target, raising minimum to 22.8°C
2026-05-16 05:12:49,110 - DEBUG -    Iteration 4: outlet=23.6°C → predicted=22.58°C, error=-0.019°C (range: 22.8-24.5°C)
2026-05-16 05:12:49,110 - DEBUG -      → Cooling: Predicted below target, raising minimum to 23.6°C
2026-05-16 05:12:49,111 - DEBUG -    Iteration 5: outlet=24.1°C → predicted=22.61°C, error=0.007°C (range: 23.6-24.5°C)
2026-05-16 05:12:49,111 - INFO - ✅ Binary search converged after 5 iterations: 24.1°C → 22.61°C (target: 22.6°C, error: 0.007°C)
2026-05-16 05:12:49,111 - DEBUG - 🔬 Equilibrium physics: outlet=24.1°C, outdoor=1.9°C, heat_loss_coeff=0.120, outlet_eff=0.828, equilibrium=21.29°C
2026-05-16 05:12:49,112 - DEBUG - 🔍 Multi-horizon predictions for target 22.6°C:
2026-05-16 05:12:49,112 - DEBUG -         current: 25.6°C → 22.6°C (error: -0.02°C, outdoor: 1.9°C, PV: 0W) 
2026-05-16 05:12:49,112 - DEBUG -    cycle(10min): 25.6°C → 22.6°C (error: +0.02°C, outdoor: 1.9°C, PV: 34W) ← NEW: Cycle-aligned
2026-05-16 05:12:49,112 - DEBUG -              1h: 25.2°C → 22.7°C (error: +0.08°C, outdoor: 1.9°C, PV: 400W) 
2026-05-16 05:12:49,112 - DEBUG -              2h: 24.1°C → 22.6°C (error: +0.01°C, outdoor: 2.3°C, PV: 1160W) 
2026-05-16 05:12:49,112 - DEBUG -              3h: 23.0°C → 22.6°C (error: -0.04°C, outdoor: 3.6°C, PV: 2042W) 
2026-05-16 05:12:49,112 - DEBUG -              4h: 21.9°C → 22.5°C (error: -0.09°C, outdoor: 5.1°C, PV: 3542W) 
2026-05-16 05:12:49,112 - DEBUG -             avg: 23.2°C → 22.5°C (error: -0.08°C, outdoor: 3.2°C, PV: 1786W) 
2026-05-16 05:12:49,112 - WARNING - ⚠️ Forecast vs current difference: forecast avg outlet -2.4°C lower than current conditions
2026-05-16 05:12:49,113 - DEBUG - Slab: inlet=24.6°C, outlet=24.1°C, Δ=-0.5°C, τ=4.00h
2026-05-16 05:12:49,113 - DEBUG - 🔍 Trajectory prediction using forecast arrays: outdoor=[1.915624999999999, 1.92, 2.32, 3.62, 5.12], PV=[0.1851851851851852, 400.2, 1160.0, 2042.2, 3541.8]
2026-05-16 05:12:49,113 - DEBUG - 🔍 Trajectory DEBUG: outlet=24.1°C → 0.2h_prediction=22.67°C (vs target 22.6°C, error: +0.067°C), reaches_target_at=0.16666666666666666h, cycle_time=0.2h
2026-05-16 05:12:49,113 - DEBUG - 🔍 Trajectory predictions for target 22.6°C:
2026-05-16 05:12:49,113 - DEBUG -     0.2h: 22.67°C → target 22.60°C (error: +0.07°C)
2026-05-16 05:12:49,113 - DEBUG -     0.3h: 22.64°C → target 22.60°C (error: +0.03°C)
2026-05-16 05:12:49,114 - DEBUG -     0.5h: 22.60°C → target 22.60°C (error: -0.00°C)
2026-05-16 05:12:49,114 - DEBUG -     0.7h: 22.57°C → target 22.60°C (error: -0.03°C)
2026-05-16 05:12:49,114 - DEBUG -     0.8h: 22.54°C → target 22.60°C (error: -0.06°C)
2026-05-16 05:12:49,114 - DEBUG -     1.0h: 22.51°C → target 22.60°C (error: -0.09°C)
2026-05-16 05:12:49,114 - DEBUG -     1.2h: 22.48°C → target 22.60°C (error: -0.12°C)
2026-05-16 05:12:49,114 - DEBUG -     1.3h: 22.46°C → target 22.60°C (error: -0.14°C)
2026-05-16 05:12:49,114 - DEBUG -     1.5h: 22.44°C → target 22.60°C (error: -0.16°C)
2026-05-16 05:12:49,114 - DEBUG -     1.7h: 22.43°C → target 22.60°C (error: -0.18°C)
2026-05-16 05:12:49,114 - DEBUG -     1.8h: 22.41°C → target 22.60°C (error: -0.19°C)
2026-05-16 05:12:49,114 - DEBUG -     2.0h: 22.41°C → target 22.60°C (error: -0.20°C)
2026-05-16 05:12:49,114 - DEBUG -     2.2h: 22.40°C → target 22.60°C (error: -0.20°C)
2026-05-16 05:12:49,114 - DEBUG -     2.3h: 22.40°C → target 22.60°C (error: -0.20°C)
2026-05-16 05:12:49,114 - DEBUG -     2.5h: 22.41°C → target 22.60°C (error: -0.20°C)
2026-05-16 05:12:49,114 - DEBUG -     2.7h: 22.41°C → target 22.60°C (error: -0.19°C)
2026-05-16 05:12:49,114 - DEBUG -     2.8h: 22.43°C → target 22.60°C (error: -0.18°C)
2026-05-16 05:12:49,114 - DEBUG -     3.0h: 22.44°C → target 22.60°C (error: -0.16°C)
2026-05-16 05:12:49,114 - DEBUG -     3.2h: 22.46°C → target 22.60°C (error: -0.14°C)
2026-05-16 05:12:49,114 - DEBUG -     3.3h: 22.48°C → target 22.60°C (error: -0.12°C)
2026-05-16 05:12:49,114 - DEBUG -     3.5h: 22.51°C → target 22.60°C (error: -0.09°C)
2026-05-16 05:12:49,114 - DEBUG -     3.7h: 22.54°C → target 22.60°C (error: -0.06°C)
2026-05-16 05:12:49,114 - DEBUG -     3.8h: 22.57°C → target 22.60°C (error: -0.03°C)
2026-05-16 05:12:49,114 - DEBUG -     4.0h: 22.61°C → target 22.60°C (error: +0.01°C)
2026-05-16 05:12:49,114 - INFO - ⚠️ Temperature boundary violations detected (min: 22.40°C, max: 22.67°C) - applying correction
2026-05-16 05:12:49,114 - INFO - 🔄 [Newton] Skipping undershoot correction: projected indoor 22.63°C > target-0.1 (22.5°C) — house self-correcting
2026-05-16 05:12:49,117 - DEBUG - HeatingCorrectionMLModel: raw ΔT_outlet=-0.139°C (R²=0.8638)
2026-05-16 05:12:49,117 - INFO - 🤖 [ML correction] R²=0.864 w=0.864 Δphysics=+0.000°C Δml=-0.139°C Δblend=-0.120°C → outlet=23.9°C
2026-05-16 05:12:49,117 - DEBUG - 🧠 Smart rounding is using cycle-aligned forecast: PV=34W (caller sent PV=0W)
2026-05-16 05:12:49,118 - INFO - 🎯 Prediction: Current 22.69°C → Target 22.6°C | Calculated outlet: 23.9°C (before smart rounding) (confidence: 5.000)
2026-05-16 05:12:49,118 - DEBUG - Model Wrapper: temp=23.9°C, error=0.090°C, confidence=5.000
2026-05-16 05:12:49,118 - DEBUG - EMA smoothing: 23.94°C → 24.2°C (last=24.4, α=0.50)
2026-05-16 05:12:49,118 - DEBUG - ♻️ Reusing existing Model Wrapper instance
2026-05-16 05:12:49,118 - INFO - 🌡️ Using cycle-aligned forecast (10min): outdoor=1.9°C (vs current 1.9°C), PV=34W (vs current 0W)
2026-05-16 05:12:49,118 - DEBUG - 🧠 Smart rounding is using cycle-aligned forecast: PV=34W (caller sent PV=34W)
2026-05-16 05:12:49,118 - DEBUG - 🧠 Smart rounding is using cycle-aligned forecast: PV=34W (caller sent PV=34W)
2026-05-16 05:12:49,118 - DEBUG - Smart rounding: 24.20°C → 24°C (chose floor: floor→22.64°C [err=0.039], ceiling→22.67°C [err=0.068], target=22.6°C)
2026-05-16 05:12:49,118 - DEBUG - Setting target outlet temp
2026-05-16 05:12:49,119 - DEBUG - Setting HA state for sensor.ml_vorlauftemperatur: {'state': '24.2', 'attributes': {'state_class': 'measurement', 'unique_id': 'ml_heating_target_outlet_temp', 'friendly_name': 'ML Target Outlet Temp', 'unit_of_measurement': '°C', 'device_class': 'temperature', 'icon': 'mdi:thermometer-water'}}
2026-05-16 05:12:49,133 - DEBUG - Logging thermal model metrics
2026-05-16 05:12:49,133 - DEBUG - Setting HA state for sensor.ml_heating_state: {'state': '0', 'attributes': {'state_class': 'measurement', 'unique_id': 'ml_heating_state', 'friendly_name': 'ML Heating State', 'unit_of_measurement': 'state', 'icon': 'mdi:information-outline', 'state_description': 'OK - Prediction done', 'confidence': 5.0, 'suggested_temp': 23.94, 'final_temp': 24.2, 'predicted_indoor': 22.66, 'last_prediction_time': '2026-05-16T03:12:49.133699+00:00', 'temperature_error': 0.09, 'pre_cool_active': False, 'pre_cool_peak_temp': None, 'pre_cool_peak_hour': None}}
2026-05-16 05:12:49,148 - DEBUG - ✅ ACTIVE MODE: ML controlling heating via input_boolean.ml_heating
2026-05-16 05:12:49,149 - DEBUG - 🧠 Smart rounding is using cycle-aligned forecast: PV=34W (caller sent PV=0W)
2026-05-16 05:12:49,150 - DEBUG - Target: 22.6°C | Suggested: 23.9°C | Applied: 24.2°C | Actual Indoor: 22.69°C | Predicted Indoor: 22.65°C | Confidence: 5.000
2026-05-16 05:12:49,150 - INFO - Target: 22.6°C | Suggested: 23.9°C | Applied: 24.2°C | Actual Indoor: 22.69°C | Predicted Indoor: 22.65°C | Confidence: 5.000
2026-05-16 05:12:49,337 - DEBUG - 💾 Saved unified thermal state to /config/ml_heating/unified_thermal_state.json
2026-05-16 05:12:49,339 - DEBUG - Operational state saved to /config/ml_heating/unified_thermal_state.json; updated keys: ['last_run_features', 'last_indoor_temp', 'last_avg_other_rooms_temp', 'last_fireplace_on', 'last_final_temp', 'last_climate_mode', 'last_target_indoor_temp', 'last_predicted_indoor', 'last_is_blocking', 'last_blocking_reasons', 'setpoint_hold_cycles_remaining']
2026-05-16 05:12:49,339 - DEBUG - Setting HA state for sensor.ml_heating_features: {'state': '22.52', 'attributes': {'state_class': 'measurement', 'unique_id': 'ml_heating_features', 'friendly_name': 'ML Heating Features', 'unit_of_measurement': '°C', 'device_class': 'temperature', 'icon': 'mdi:feature-search-outline', 'living_room_temp': 22.52, 'outlet_temp': 26.860000000000003, 'indoor_temp_lag_30m': 22.715999999999998, 'target_temp': 22.6, 'outdoor_temp': 1.915624999999999, 'dhw_heating': 0.0, 'dhw_disinfection': 0.0, 'dhw_boost_heater': 0.0, 'defrosting': 0.0, 'pv_now': 10.0, 'pv_now_electrical': 10.0, 'solar_correction_percent': 100.0, 'solar_correction_factor': 1.0, 'solar_correction_enabled': 1.0, 'fireplace_on': 0.0, 'tv_on': 0.0, 'temp_forecast_1h': 1.92, 'temp_forecast_2h': 2.32, 'temp_forecast_3h': 3.62, 'temp_forecast_4h': 5.12, 'temp_forecast_5h': 6.32, 'temp_forecast_6h': 6.62, 'temp_forecast_7h': 6.82, 'temp_forecast_8h': 8.12, 'temp_forecast_9h': 6.92, 'temp_forecast_10h': 8.02, 'temp_forecast_11h': 8.32, 'temp_forecast_12h': 6.32, 'pv_forecast_1h': 400.2, 'pv_forecast_2h': 1160.0, 'pv_forecast_3h': 2042.2, 'pv_forecast_4h': 3541.8, 'pv_forecast_5h': 3621.8, 'pv_forecast_6h': 4654.5, 'pv_forecast_7h': 4225.5, 'pv_forecast_8h': 5151.5, 'pv_forecast_9h': 4008.8, 'pv_forecast_10h': 2794.0, 'pv_forecast_11h': 2657.2, 'pv_forecast_12h': 2917.2, 'pv_forecast_electrical_1h': 400.2, 'pv_forecast_electrical_2h': 1160.0, 'pv_forecast_electrical_3h': 2042.2, 'pv_forecast_electrical_4h': 3541.8, 'pv_forecast_electrical_5h': 3621.8, 'pv_forecast_electrical_6h': 4654.5, 'pv_forecast_electrical_7h': 4225.5, 'pv_forecast_electrical_8h': 5151.5, 'pv_forecast_electrical_9h': 4008.8, 'pv_forecast_electrical_10h': 2794.0, 'pv_forecast_electrical_11h': 2657.2, 'pv_forecast_electrical_12h': 2917.2, 'cloud_cover_forecast_1h': 0.0, 'cloud_cover_forecast_2h': 0.0, 'cloud_cover_forecast_3h': 0.0, 'cloud_cover_forecast_4h': 0.0, 'cloud_cover_forecast_5h': 0.0, 'cloud_cover_forecast_6h': 0.0, 'cloud_cover_forecast_7h': 0.0, 'cloud_cover_forecast_8h': 0.0, 'cloud_cover_forecast_9h': 0.0, 'cloud_cover_forecast_10h': 0.0, 'cloud_cover_forecast_11h': 0.0, 'cloud_cover_forecast_12h': 0.0, 'temp_diff_indoor_outdoor': 20.78625, 'indoor_temp_gradient': -1.5427500000000123, 'outlet_indoor_diff': 4.158125000000005, 'indoor_temp_lag_10m': 22.7, 'indoor_temp_lag_60m': 22.767, 'outlet_temp_lag_30m': 26.800000000000004, 'outlet_temp_change': -0.006666666666660603, 'indoor_temp_delta_10m': 0.0018749999999982947, 'indoor_temp_delta_30m': -0.014124999999999943, 'indoor_temp_delta_60m': -0.06512500000000188, 'hour_sin': 0.9659258262890683, 'hour_cos': 0.25881904510252074, 'month_sin': 0.8660254037844387, 'month_cos': -0.4999999999999998, 'outlet_effectiveness_ratio': 0.02450022546219655, 'inlet_temp': 24.6, 'flow_rate': 14.0, 'power_consumption': 383.0, 'delta_t': 2.2600000000000016, 'thermal_power_kw': 2.2074173333333347, 'cop_realtime': 5.763491731940822, 'temp_trend_forecast': 0.8010937500000003, 'heating_demand_forecast': 1.7480000000000002, 'combined_forecast_thermal_load': -1.7938, 'pv_power_history': [0.0, 0.0, 0.0, 0.0, 0.0, 0.0, 0.0, 0.0, 0.0, 0.0, 0.0, 0.0, 0.0, 0.0, 0.0, 0.0, 0.0, 3.3333333333333335], 'pv_power_history_electrical': [0.0, 0.0, 0.0, 0.0, 0.0, 0.0, 0.0, 0.0, 0.0, 0.0, 0.0, 0.0, 0.0, 0.0, 0.0, 0.0, 0.0, 3.3333333333333335], 'wind_speed': 8.8, 'is_weekend': 1.0, 'indoor_margin_rate': 0.0, 'last_updated': '2026-05-16T03:12:49.339513+00:00'}}
2026-05-16 05:12:49,368 - DEBUG - Published 93 features to sensor.ml_heating_features
2026-05-16 05:12:49,368 - DEBUG - ✅ CYCLE 31 END: 05:12:49 (duration: 1.8s)
2026-05-16 05:12:49,368 - DEBUG - 💤 POLLING START: Waiting 30min until next cycle...
2026-05-16 05:12:49,392 - DEBUG - Active sampling: buffered 6 readings
127.0.0.1 - - [16/May/2026 05:13:17] "GET /health HTTP/1.1" 200 -
127.0.0.1 - - [16/May/2026 05:13:47] "GET /health HTTP/1.1" 200 -
2026-05-16 05:13:49,423 - DEBUG - Active sampling: buffered 6 readings
127.0.0.1 - - [16/May/2026 05:14:17] "GET /health HTTP/1.1" 200 -
127.0.0.1 - - [16/May/2026 05:14:47] "GET /health HTTP/1.1" 200 -
2026-05-16 05:14:49,451 - DEBUG - Active sampling: buffered 6 readings
127.0.0.1 - - [16/May/2026 05:15:17] "GET /health HTTP/1.1" 200 -
127.0.0.1 - - [16/May/2026 05:15:47] "GET /health HTTP/1.1" 200 -
2026-05-16 05:15:49,480 - DEBUG - Active sampling: buffered 6 readings
127.0.0.1 - - [16/May/2026 05:16:17] "GET /health HTTP/1.1" 200 -
127.0.0.1 - - [16/May/2026 05:16:47] "GET /health HTTP/1.1" 200 -
2026-05-16 05:16:49,514 - DEBUG - Active sampling: buffered 6 readings
127.0.0.1 - - [16/May/2026 05:17:17] "GET /health HTTP/1.1" 200 -
127.0.0.1 - - [16/May/2026 05:17:47] "GET /health HTTP/1.1" 200 -
2026-05-16 05:17:49,544 - DEBUG - Active sampling: buffered 6 readings
127.0.0.1 - - [16/May/2026 05:18:17] "GET /health HTTP/1.1" 200 -
127.0.0.1 - - [16/May/2026 05:18:48] "GET /health HTTP/1.1" 200 -
2026-05-16 05:18:49,573 - DEBUG - Active sampling: buffered 6 readings
127.0.0.1 - - [16/May/2026 05:19:18] "GET /health HTTP/1.1" 200 -
127.0.0.1 - - [16/May/2026 05:19:48] "GET /health HTTP/1.1" 200 -
2026-05-16 05:19:49,602 - DEBUG - Active sampling: buffered 6 readings
127.0.0.1 - - [16/May/2026 05:20:18] "GET /health HTTP/1.1" 200 -
127.0.0.1 - - [16/May/2026 05:20:48] "GET /health HTTP/1.1" 200 -
2026-05-16 05:20:49,633 - DEBUG - Active sampling: buffered 6 readings
127.0.0.1 - - [16/May/2026 05:21:18] "GET /health HTTP/1.1" 200 -
127.0.0.1 - - [16/May/2026 05:21:48] "GET /health HTTP/1.1" 200 -
2026-05-16 05:21:49,661 - DEBUG - Active sampling: buffered 6 readings
127.0.0.1 - - [16/May/2026 05:22:18] "GET /health HTTP/1.1" 200 -
127.0.0.1 - - [16/May/2026 05:22:48] "GET /health HTTP/1.1" 200 -
2026-05-16 05:22:49,663 - DEBUG - ⏰ POLLING END: Waited 10.0min, starting next cycle...
2026-05-16 05:22:49,663 - DEBUG - 🔄 CYCLE 32 START: 05:22:49 (interval: 10.0min since last cycle)
2026-05-16 05:22:49,663 - DEBUG - ♻️ Reusing existing Model Wrapper instance
2026-05-16 05:22:49,663 - INFO - Successfully loaded operational state from /config/ml_heating/unified_thermal_state.json
2026-05-16 05:22:49,691 - DEBUG - Setting HA state for sensor.ml_heating_cop_realtime: {'state': '5.88', 'attributes': {'state_class': 'measurement', 'unique_id': 'ml_heating_cop_realtime', 'friendly_name': 'ML Heating COP (Realtime)', 'unit_of_measurement': 'COP', 'icon': 'mdi:heat-pump', 'device_class': 'power_factor'}}
2026-05-16 05:22:49,704 - DEBUG - Setting HA state for sensor.ml_heating_thermal_power: {'state': '2.246', 'attributes': {'state_class': 'measurement', 'unique_id': 'ml_heating_thermal_power', 'friendly_name': 'ML Heating Thermal Power', 'unit_of_measurement': 'kW', 'icon': 'mdi:flash', 'device_class': 'power'}}
2026-05-16 05:22:49,743 - DEBUG - Wrote thermodynamic metrics to InfluxDB
2026-05-16 05:22:49,743 - DEBUG - Thermodynamic sensors updated: COP=5.88, Power=2.246kW
2026-05-16 05:22:49,744 - DEBUG - ♻️ Reusing existing Model Wrapper instance
2026-05-16 05:22:49,744 - DEBUG - 🎯 ACTIVE MODE LEARNING (trajectory): Verifying ML prediction accuracy for 24.2°C outlet setting
2026-05-16 05:22:49,746 - DEBUG - Defaulting channel learning to heat_pump: pv_power_current=10.000, pv_power=0.185, thermal_power=2.207, delta_t=2.260, heat_pump_active=True
2026-05-16 05:22:49,746 - DEBUG - ♨️ HeatPumpChannel self-learned (heating): avg_error=0.018, tau=4.83h, hlc=0.120, outlet_effectiveness=0.828, slab_tau=4.00h, delta_t_floor=2.49
2026-05-16 05:22:49,746 - INFO - ♨️ heat_pump parameter update: attributed_error=+0.030724 | delta_t_floor: 2.491738→2.49026 (Δ-0.001477) | heat_loss_coefficient: 0.120424→0.120406 (Δ-0.000018) | outlet_effectiveness: 0.827586→0.827764 (Δ+0.000178) | slab_time_constant_hours: 4.000313→4.000348 (Δ+0.000036) | thermal_time_constant: 4.834886→4.834797 (Δ-0.000089)
2026-05-16 05:22:49,746 - INFO - Channel routing → [♨️ heat_pump*] | error=+0.0307 | pv_current=10W pv_smoothed=0W | params_changed=heat_pump
2026-05-16 05:22:49,938 - DEBUG - 💾 Saved unified thermal state to /config/ml_heating/unified_thermal_state.json
2026-05-16 05:22:49,940 - DEBUG - Skipping legacy global adaptation: channel mode owns recent-window learning
2026-05-16 05:22:50,222 - DEBUG - 💾 Saved unified thermal state to /config/ml_heating/unified_thermal_state.json
2026-05-16 05:22:50,224 - DEBUG - Prediction feedback: error=0.031°C, confidence=5.000
2026-05-16 05:22:50,411 - DEBUG - 💾 Saved unified thermal state to /config/ml_heating/unified_thermal_state.json
2026-05-16 05:22:50,413 - DEBUG - 💾 Saved 200 predictions to unified thermal state
2026-05-16 05:22:50,413 - DEBUG - Added prediction: pred=22.66, actual=22.69, error=0.031
2026-05-16 05:22:50,599 - DEBUG - 💾 Saved unified thermal state to /config/ml_heating/unified_thermal_state.json
2026-05-16 05:22:50,625 - DEBUG - Wrote prediction metrics to InfluxDB bucket 'ml_heating_features' with MAE(1h)=0.021
2026-05-16 05:22:50,625 - DEBUG - ✅ Exported prediction metrics to InfluxDB
2026-05-16 05:22:50,640 - DEBUG - Wrote thermal learning metrics to InfluxDB: effectiveness=0.828, confidence=5.00
2026-05-16 05:22:50,640 - DEBUG - ✅ Exported thermal learning metrics to InfluxDB
2026-05-16 05:22:50,654 - DEBUG - Wrote feature importances to Influx bucket 'ml_heating_features' (measurement=feature_importance) with timestamp 2026-05-16T03:22:50.640786+00:00
2026-05-16 05:22:50,654 - DEBUG - ✅ Exported feature importance to InfluxDB
2026-05-16 05:22:50,666 - DEBUG - Wrote learning phase metrics to InfluxDB: phase=high_confidence, stability=1.00
2026-05-16 05:22:50,666 - DEBUG - ✅ Exported learning phase metrics to InfluxDB
2026-05-16 05:22:50,679 - DEBUG - Wrote trajectory prediction metrics to InfluxDB: horizon=4h, mae_1h=0.021
2026-05-16 05:22:50,679 - DEBUG - ✅ Exported trajectory prediction metrics to InfluxDB
2026-05-16 05:22:50,679 - INFO - 📊 Exported all adaptive learning metrics to InfluxDB (cycle 5370)
2026-05-16 05:22:50,682 - DEBUG - Setting HA state for sensor.ml_model_mae: {'state': '0.0287', 'attributes': {'state_class': 'measurement', 'unique_id': 'ml_heating_model_mae', 'friendly_name': 'ML Model MAE', 'unit_of_measurement': '°C', 'icon': 'mdi:chart-line', 'last_updated': '2026-05-16T03:22:50.682742+00:00'}}
2026-05-16 05:22:50,697 - DEBUG - Setting HA state for sensor.ml_model_rmse: {'state': '0.0400', 'attributes': {'state_class': 'measurement', 'unique_id': 'ml_heating_model_rmse', 'friendly_name': 'ML Model RMSE', 'unit_of_measurement': '°C', 'icon': 'mdi:chart-line', 'last_updated': '2026-05-16T03:22:50.682742+00:00'}}
2026-05-16 05:22:50,711 - DEBUG - Setting HA state for sensor.ml_heating_learning: {'state': '5.000', 'attributes': {'state_class': 'measurement', 'unique_id': 'ml_heating_learning', 'friendly_name': 'ML Adaptive Learning Metrics', 'unit_of_measurement': 'metrics', 'icon': 'mdi:brain', 'thermal_time_constant': 4.834796662566661, 'heat_loss_coefficient': 0.1204057888745318, 'outlet_effectiveness': 0.8277635767820114, 'pv_heat_weight': 0.0011388529526730347, 'fireplace_heat_weight': 0.17156709601311348, 'tv_heat_weight': 0.44733899208522154, 'solar_lag_minutes': 39.66837846635902, 'slab_time_constant_hours': 4.000348422250937, 'heat_source_channels_enabled': True, 'total_conductance': 0.3, 'equilibrium_ratio': 0.5, 'cycle_count': 5370, 'parameter_updates': 532, 'model_health': 'excellent', 'learning_progress': 1.0, 'is_improving': True, 'improvement_percentage': 10.620977925557009, 'total_predictions': 200, 'learning_confidence': 5.0, 'last_updated': '2026-05-16T03:22:50.711391+00:00', 'delta_t_floor': 2.4902603418713998, 'cloud_factor_exponent': 1.0, 'solar_decay_tau_hours': 1.05759890202272, 'fp_heat_output_kw': 0.17156709601311348, 'fp_decay_time_constant': 3.9144707244638868, 'room_spread_delay_minutes': 18.0, 'ch_heat_pump_history_count': 200, 'ch_heat_pump_last_error': 0.03072433652766904, 'ch_pv_history_count': 200, 'ch_pv_last_error': 0.061215926435696844, 'ch_fireplace_history_count': 0, 'ch_fireplace_last_error': 0.0, 'ch_tv_history_count': 0, 'ch_tv_last_error': 0.0}}
2026-05-16 05:22:50,725 - DEBUG - Setting HA state for sensor.ml_model_mae: {'state': '0.0287', 'attributes': {'state_class': 'measurement', 'unique_id': 'ml_heating_model_mae', 'friendly_name': 'ML Model MAE', 'unit_of_measurement': '°C', 'icon': 'mdi:chart-line', 'mae_1h': 0.02130681971001162, 'mae_6h': 0.028297611237234496, 'mae_24h': 0.02868668171527238, 'trend_direction': 'improving', 'prediction_count': 200, 'last_updated': '2026-05-16T03:22:50.711391+00:00'}}
2026-05-16 05:22:50,743 - DEBUG - Setting HA state for sensor.ml_model_rmse: {'state': '0.0400', 'attributes': {'state_class': 'measurement', 'unique_id': 'ml_heating_model_rmse', 'friendly_name': 'ML Model RMSE', 'unit_of_measurement': '°C', 'icon': 'mdi:chart-line', 'recent_max_error': 0.03352079090140592, 'std_error': 0.0278, 'mean_bias': 0.0, 'prediction_count': 200, 'last_updated': '2026-05-16T03:22:50.711391+00:00'}}
2026-05-16 05:22:50,757 - DEBUG - Setting HA state for sensor.ml_prediction_accuracy: {'state': '99.4', 'attributes': {'state_class': 'measurement', 'unique_id': 'ml_prediction_accuracy', 'friendly_name': 'ML Prediction Accuracy', 'unit_of_measurement': '%', 'icon': 'mdi:target', 'perfect_accuracy_pct': 0.0, 'tolerable_accuracy_pct': 99.38271604938271, 'poor_accuracy_pct': 0.6172839506172839, 'prediction_count_24h': 0, 'excellent_all_time_pct': 98.0, 'good_all_time_pct': 100.0, 'last_updated': '2026-05-16T03:22:50.711391+00:00'}}
2026-05-16 05:22:50,772 - DEBUG - Logged refactored sensor metrics to HA
2026-05-16 05:22:50,772 - DEBUG - Logging feature importance
2026-05-16 05:22:50,772 - DEBUG - Setting HA state for sensor.ml_feature_importance: {'state': '5', 'attributes': {'state_class': 'measurement', 'unique_id': 'ml_heating_feature_importance', 'friendly_name': 'ML Feature Importance', 'unit_of_measurement': '%', 'icon': 'mdi:format-list-numbered', 'top_features': {'target_temp': 52.78, 'tv_power': 28.53, 'fireplace': 10.94, 'outdoor_temp': 7.68, 'pv_power': 0.07}, 'last_updated': '2026-05-16T03:22:50.772499+00:00'}}
2026-05-16 05:22:50,787 - INFO - ✅ Exported metrics to Home Assistant sensors successfully
2026-05-16 05:22:50,787 - INFO - ✅ Learning cycle 5370: error=0.031°C, confidence=5.000, total_predictions=200
2026-05-16 05:22:50,787 - DEBUG - ✅ Online learning: applied_temp=24.2°C, actual_change=0.000°C, cycle=5370
2026-05-16 05:22:50,787 - DEBUG - 🔥 Heating mode active (state: heat)
2026-05-16 05:22:50,787 - DEBUG - ♻️ Reusing existing Model Wrapper instance
2026-05-16 05:22:50,814 - DEBUG - Fireplace is OFF. Using main indoor temp for prediction.
2026-05-16 05:22:50,992 - DEBUG - PV forecast parsed successfully: [579.0, 1272.0, 2438.5, 3911.0, 3700.2, 3982.2, 5307.8, 4458.5, 3734.2, 2880.8, 2641.8, 2573.2]W
2026-05-16 05:22:50,992 - DEBUG - Solar correction: enabled=True, percent=100.0%, factor=1.000
2026-05-16 05:22:51,011 - DEBUG - Delta calibration applied: offset=-1.90°C
2026-05-16 05:22:51,011 - DEBUG - Raw forecasts: [3.8, 4.2, 5.5, 7.0, 8.2, 8.5, 8.7, 10.0, 8.8, 9.9, 10.2, 8.2]
2026-05-16 05:22:51,011 - DEBUG - Calibrated forecasts: [1.9, 2.3, 3.6, 5.1, 6.3, 6.6, 6.8, 8.1, 6.9, 8.0, 8.3, 6.3]
2026-05-16 05:22:51,015 - INFO - ☀️ Forecast trajectory: PV=10W < zero_w=50W → night mode, 4 steps
2026-05-16 05:22:51,015 - DEBUG - Heating obs buffer: resolved 1 new label(s) this cycle
2026-05-16 05:22:51,034 - DEBUG - ♻️ Reusing existing Model Wrapper instance
2026-05-16 05:22:51,039 - INFO - DEBUG: Wrapper params: U=0.1204057888745318, eff=0.8277635767820114, tau=4.834796662566661
2026-05-16 05:22:51,039 - INFO - ☀️ PV surplus 10W (threshold 1500W): target 22.6 → 22.6°C (CHEAP ramp offset +0.00)
2026-05-16 05:22:51,039 - DEBUG - 🔧 Using natural bounds: outlet_min=21.0°C, outlet_max=35.0°C
2026-05-16 05:22:51,040 - INFO - 🌡️ Using cycle-aligned forecast (10min): outdoor=1.9°C (vs current 1.9°C), PV=49W (vs current 1W)
2026-05-16 05:22:51,040 - DEBUG - DEBUG: Using PV history (len=18) instead of scalar 49.166666666666664
2026-05-16 05:22:51,040 - DEBUG - 🎯 Binary search start: target=22.6°C, current=22.7°C, range=21.0-35.0°C
2026-05-16 05:22:51,040 - DEBUG - 🔍 Binary search features: inlet_temp=24.6, delta_t_floor=2.30, indoor_temp_delta_60m=-0.0468, horizon=4.0h, outlet_mid=28.0°C
2026-05-16 05:22:51,041 - DEBUG - ✅ Binary search trajectory OK (iter 1): outlet=28.0°C → predicted=23.85°C (steps=24, start=22.71→end=23.85)
2026-05-16 05:22:51,041 - DEBUG -    Iteration 1: outlet=28.0°C → predicted=23.85°C, error=1.244°C (range: 21.0-35.0°C)
2026-05-16 05:22:51,041 - DEBUG -      → Cooling: Predicted above target, lowering maximum to 28.0°C
2026-05-16 05:22:51,042 - DEBUG -    Iteration 2: outlet=24.5°C → predicted=22.77°C, error=0.165°C (range: 21.0-28.0°C)
2026-05-16 05:22:51,042 - DEBUG -      → Cooling: Predicted above target, lowering maximum to 24.5°C
2026-05-16 05:22:51,043 - DEBUG -    Iteration 3: outlet=22.8°C → predicted=22.67°C, error=0.070°C (range: 21.0-24.5°C)
2026-05-16 05:22:51,043 - DEBUG -      → Cooling: Predicted above target, lowering maximum to 22.8°C
2026-05-16 05:22:51,044 - DEBUG -    Iteration 4: outlet=21.9°C → predicted=22.67°C, error=0.070°C (range: 21.0-22.8°C)
2026-05-16 05:22:51,044 - DEBUG -      → Cooling: Predicted above target, lowering maximum to 21.9°C
2026-05-16 05:22:51,045 - DEBUG -    Iteration 5: outlet=21.4°C → predicted=22.67°C, error=0.070°C (range: 21.0-21.9°C)
2026-05-16 05:22:51,045 - DEBUG -      → Cooling: Predicted above target, lowering maximum to 21.4°C
2026-05-16 05:22:51,045 - DEBUG -    Iteration 6: outlet=21.2°C → predicted=22.67°C, error=0.070°C (range: 21.0-21.4°C)
2026-05-16 05:22:51,046 - DEBUG -      → Cooling: Predicted above target, lowering maximum to 21.2°C
2026-05-16 05:22:51,046 - DEBUG -    Iteration 7: outlet=21.1°C → predicted=22.67°C, error=0.070°C (range: 21.0-21.2°C)
2026-05-16 05:22:51,046 - DEBUG -      → Cooling: Predicted above target, lowering maximum to 21.1°C
2026-05-16 05:22:51,047 - DEBUG -    Iteration 8: outlet=21.1°C → predicted=22.67°C, error=0.070°C (range: 21.0-21.1°C)
2026-05-16 05:22:51,047 - DEBUG -      → Cooling: Predicted above target, lowering maximum to 21.1°C
2026-05-16 05:22:51,048 - DEBUG -    Iteration 9: outlet=21.0°C → predicted=22.67°C, error=0.070°C (range: 21.0-21.1°C)
2026-05-16 05:22:51,048 - DEBUG -      → Cooling: Predicted above target, lowering maximum to 21.0°C
2026-05-16 05:22:51,048 - INFO - 🔄 Binary search early exit after 10 iterations: range collapsed to 0.027°C, using 21.0°C
2026-05-16 05:22:51,049 - DEBUG - Slab: inlet=24.6°C, outlet=21.0°C, Δ=-3.6°C, τ=4.00h
2026-05-16 05:22:51,049 - DEBUG - 🔍 Trajectory prediction using forecast arrays: outdoor=[1.899999999999999, 1.9, 2.3, 3.6, 5.1], PV=[1.0, 579.0, 1272.0, 2438.5, 3911.0]
2026-05-16 05:22:51,049 - DEBUG - 🔍 Trajectory DEBUG: outlet=21.0°C → 0.2h_prediction=22.66°C (vs target 22.6°C, error: +0.059°C), reaches_target_at=0.16666666666666666h, cycle_time=0.2h
2026-05-16 05:22:51,049 - DEBUG - 🔍 Trajectory predictions for target 22.6°C:
2026-05-16 05:22:51,049 - DEBUG -     0.2h: 22.66°C → target 22.60°C (error: +0.06°C)
2026-05-16 05:22:51,050 - DEBUG -     0.3h: 22.63°C → target 22.60°C (error: +0.03°C)
2026-05-16 05:22:51,050 - DEBUG -     0.5h: 22.60°C → target 22.60°C (error: -0.01°C)
2026-05-16 05:22:51,050 - DEBUG -     0.7h: 22.57°C → target 22.60°C (error: -0.03°C)
2026-05-16 05:22:51,050 - DEBUG -     0.8h: 22.54°C → target 22.60°C (error: -0.06°C)
2026-05-16 05:22:51,050 - DEBUG -     1.0h: 22.52°C → target 22.60°C (error: -0.08°C)
2026-05-16 05:22:51,050 - DEBUG -     1.2h: 22.50°C → target 22.60°C (error: -0.10°C)
2026-05-16 05:22:51,050 - DEBUG -     1.3h: 22.48°C → target 22.60°C (error: -0.12°C)
2026-05-16 05:22:51,050 - DEBUG -     1.5h: 22.47°C → target 22.60°C (error: -0.14°C)
2026-05-16 05:22:51,050 - DEBUG -     1.7h: 22.46°C → target 22.60°C (error: -0.15°C)
2026-05-16 05:22:51,050 - DEBUG -     1.8h: 22.45°C → target 22.60°C (error: -0.16°C)
2026-05-16 05:22:51,050 - DEBUG -     2.0h: 22.44°C → target 22.60°C (error: -0.16°C)
2026-05-16 05:22:51,050 - DEBUG -     2.2h: 22.44°C → target 22.60°C (error: -0.16°C)
2026-05-16 05:22:51,050 - DEBUG -     2.3h: 22.44°C → target 22.60°C (error: -0.16°C)
2026-05-16 05:22:51,050 - DEBUG -     2.5h: 22.45°C → target 22.60°C (error: -0.15°C)
2026-05-16 05:22:51,050 - DEBUG -     2.7h: 22.46°C → target 22.60°C (error: -0.14°C)
2026-05-16 05:22:51,050 - DEBUG -     2.8h: 22.48°C → target 22.60°C (error: -0.13°C)
2026-05-16 05:22:51,050 - DEBUG -     3.0h: 22.50°C → target 22.60°C (error: -0.11°C)
2026-05-16 05:22:51,050 - DEBUG -     3.2h: 22.52°C → target 22.60°C (error: -0.08°C)
2026-05-16 05:22:51,050 - DEBUG -     3.3h: 22.54°C → target 22.60°C (error: -0.06°C)
2026-05-16 05:22:51,050 - DEBUG -     3.5h: 22.57°C → target 22.60°C (error: -0.03°C)
2026-05-16 05:22:51,050 - DEBUG -     3.7h: 22.60°C → target 22.60°C (error: +0.00°C)
2026-05-16 05:22:51,050 - DEBUG -     3.8h: 22.64°C → target 22.60°C (error: +0.03°C)
2026-05-16 05:22:51,050 - DEBUG -     4.0h: 22.67°C → target 22.60°C (error: +0.07°C)
2026-05-16 05:22:51,050 - INFO - ⚠️ Temperature boundary violations detected (min: 22.44°C, max: 22.67°C) - applying correction
2026-05-16 05:22:51,050 - INFO - 🔄 [Newton] Skipping undershoot correction: projected indoor 22.64°C > target-0.1 (22.5°C) — house self-correcting
2026-05-16 05:22:51,053 - DEBUG - HeatingCorrectionMLModel: raw ΔT_outlet=-0.145°C (R²=0.8638)
2026-05-16 05:22:51,053 - INFO - 🤖 [ML correction] R²=0.864 w=0.864 Δphysics=+0.000°C Δml=-0.145°C Δblend=-0.125°C → outlet=21.0°C
2026-05-16 05:22:51,053 - DEBUG - 🧠 Smart rounding is using cycle-aligned forecast: PV=49W (caller sent PV=1W)
2026-05-16 05:22:51,053 - INFO - 🎯 Prediction: Current 22.69°C → Target 22.6°C | Calculated outlet: 21.0°C (before smart rounding) (confidence: 5.000)
2026-05-16 05:22:51,054 - DEBUG - Model Wrapper: temp=21.0°C, error=0.090°C, confidence=5.000
2026-05-16 05:22:51,054 - INFO - --- Gradual Temperature Control ---
2026-05-16 05:22:51,054 - INFO - Change from baseline 24.2°C to suggested 21.0°C exceeds max change of 2.0°C. Capping at 22.2°C.
2026-05-16 05:22:51,054 - DEBUG - EMA smoothing: 22.20°C → 23.2°C (last=24.2, α=0.50)
2026-05-16 05:22:51,054 - DEBUG - ♻️ Reusing existing Model Wrapper instance
2026-05-16 05:22:51,054 - INFO - 🌡️ Using cycle-aligned forecast (10min): outdoor=1.9°C (vs current 1.9°C), PV=49W (vs current 1W)
2026-05-16 05:22:51,054 - DEBUG - 🧠 Smart rounding is using cycle-aligned forecast: PV=49W (caller sent PV=49W)
2026-05-16 05:22:51,054 - DEBUG - 🧠 Smart rounding is using cycle-aligned forecast: PV=49W (caller sent PV=49W)
2026-05-16 05:22:51,055 - DEBUG - Smart rounding: 23.20°C → 23°C (chose floor: floor→22.61°C [err=0.011], ceiling→22.64°C [err=0.040], target=22.6°C)
2026-05-16 05:22:51,055 - DEBUG - Setting target outlet temp
2026-05-16 05:22:51,055 - DEBUG - Setting HA state for sensor.ml_vorlauftemperatur: {'state': '23.2', 'attributes': {'state_class': 'measurement', 'unique_id': 'ml_heating_target_outlet_temp', 'friendly_name': 'ML Target Outlet Temp', 'unit_of_measurement': '°C', 'device_class': 'temperature', 'icon': 'mdi:thermometer-water'}}
2026-05-16 05:22:51,067 - DEBUG - Logging thermal model metrics
2026-05-16 05:22:51,067 - DEBUG - Setting HA state for sensor.ml_heating_state: {'state': '0', 'attributes': {'state_class': 'measurement', 'unique_id': 'ml_heating_state', 'friendly_name': 'ML Heating State', 'unit_of_measurement': 'state', 'icon': 'mdi:information-outline', 'state_description': 'OK - Prediction done', 'confidence': 5.0, 'suggested_temp': 21.0, 'final_temp': 23.2, 'predicted_indoor': 22.57, 'last_prediction_time': '2026-05-16T03:22:51.067288+00:00', 'temperature_error': 0.09, 'pre_cool_active': False, 'pre_cool_peak_temp': None, 'pre_cool_peak_hour': None}}
2026-05-16 05:22:51,082 - DEBUG - ✅ ACTIVE MODE: ML controlling heating via input_boolean.ml_heating
2026-05-16 05:22:51,084 - DEBUG - 🧠 Smart rounding is using cycle-aligned forecast: PV=49W (caller sent PV=1W)
2026-05-16 05:22:51,084 - DEBUG - Target: 22.6°C | Suggested: 21.0°C | Applied: 23.2°C | Actual Indoor: 22.69°C | Predicted Indoor: 22.62°C | Confidence: 5.000
2026-05-16 05:22:51,084 - INFO - Target: 22.6°C | Suggested: 21.0°C | Applied: 23.2°C | Actual Indoor: 22.69°C | Predicted Indoor: 22.62°C | Confidence: 5.000
2026-05-16 05:22:51,278 - DEBUG - 💾 Saved unified thermal state to /config/ml_heating/unified_thermal_state.json
2026-05-16 05:22:51,279 - DEBUG - Operational state saved to /config/ml_heating/unified_thermal_state.json; updated keys: ['last_run_features', 'last_indoor_temp', 'last_avg_other_rooms_temp', 'last_fireplace_on', 'last_final_temp', 'last_climate_mode', 'last_target_indoor_temp', 'last_predicted_indoor', 'last_is_blocking', 'last_blocking_reasons', 'setpoint_hold_cycles_remaining']
2026-05-16 05:22:51,280 - DEBUG - Setting HA state for sensor.ml_heating_features: {'state': '22.54', 'attributes': {'state_class': 'measurement', 'unique_id': 'ml_heating_features', 'friendly_name': 'ML Heating Features', 'unit_of_measurement': '°C', 'device_class': 'temperature', 'icon': 'mdi:feature-search-outline', 'living_room_temp': 22.54, 'outlet_temp': 26.9, 'indoor_temp_lag_30m': 22.703999999999997, 'target_temp': 22.6, 'outdoor_temp': 1.899999999999999, 'dhw_heating': 0.0, 'dhw_disinfection': 0.0, 'dhw_boost_heater': 0.0, 'defrosting': 0.0, 'pv_now': 10.0, 'pv_now_electrical': 10.0, 'solar_correction_percent': 100.0, 'solar_correction_factor': 1.0, 'solar_correction_enabled': 1.0, 'fireplace_on': 0.0, 'tv_on': 0.0, 'temp_forecast_1h': 1.9, 'temp_forecast_2h': 2.3, 'temp_forecast_3h': 3.6, 'temp_forecast_4h': 5.1, 'temp_forecast_5h': 6.3, 'temp_forecast_6h': 6.6, 'temp_forecast_7h': 6.8, 'temp_forecast_8h': 8.1, 'temp_forecast_9h': 6.9, 'temp_forecast_10h': 8.0, 'temp_forecast_11h': 8.3, 'temp_forecast_12h': 6.3, 'pv_forecast_1h': 579.0, 'pv_forecast_2h': 1272.0, 'pv_forecast_3h': 2438.5, 'pv_forecast_4h': 3911.0, 'pv_forecast_5h': 3700.2, 'pv_forecast_6h': 3982.2, 'pv_forecast_7h': 5307.8, 'pv_forecast_8h': 4458.5, 'pv_forecast_9h': 3734.2, 'pv_forecast_10h': 2880.8, 'pv_forecast_11h': 2641.8, 'pv_forecast_12h': 2573.2, 'pv_forecast_electrical_1h': 579.0, 'pv_forecast_electrical_2h': 1272.0, 'pv_forecast_electrical_3h': 2438.5, 'pv_forecast_electrical_4h': 3911.0, 'pv_forecast_electrical_5h': 3700.2, 'pv_forecast_electrical_6h': 3982.2, 'pv_forecast_electrical_7h': 5307.8, 'pv_forecast_electrical_8h': 4458.5, 'pv_forecast_electrical_9h': 3734.2, 'pv_forecast_electrical_10h': 2880.8, 'pv_forecast_electrical_11h': 2641.8, 'pv_forecast_electrical_12h': 2573.2, 'cloud_cover_forecast_1h': 0.0, 'cloud_cover_forecast_2h': 0.0, 'cloud_cover_forecast_3h': 0.0, 'cloud_cover_forecast_4h': 0.0, 'cloud_cover_forecast_5h': 0.0, 'cloud_cover_forecast_6h': 0.0, 'cloud_cover_forecast_7h': 0.0, 'cloud_cover_forecast_8h': 0.0, 'cloud_cover_forecast_9h': 0.0, 'cloud_cover_forecast_10h': 0.0, 'cloud_cover_forecast_11h': 0.0, 'cloud_cover_forecast_12h': 0.0, 'temp_diff_indoor_outdoor': 20.796249999999997, 'indoor_temp_gradient': -1.43250000000004, 'outlet_indoor_diff': 4.203750000000003, 'indoor_temp_lag_10m': 22.69666666666667, 'indoor_temp_lag_60m': 22.743000000000002, 'outlet_temp_lag_30m': 26.800000000000004, 'outlet_temp_change': 3.552713678800501e-15, 'indoor_temp_delta_10m': -0.00041666666667339314, 'indoor_temp_delta_30m': -0.007750000000001478, 'indoor_temp_delta_60m': -0.04675000000000651, 'hour_sin': 0.9659258262890683, 'hour_cos': 0.25881904510252074, 'month_sin': 0.8660254037844387, 'month_cos': -0.4999999999999998, 'outlet_effectiveness_ratio': 0.022896223609870734, 'inlet_temp': 24.6, 'flow_rate': 14.0, 'power_consumption': 382.0, 'delta_t': 2.299999999999997, 'thermal_power_kw': 2.246486666666664, 'cop_realtime': 5.880855148342053, 'temp_trend_forecast': 0.8000000000000002, 'heating_demand_forecast': 1.75, 'combined_forecast_thermal_load': -2.161, 'pv_power_history': [0.0, 0.0, 0.0, 0.0, 0.0, 0.0, 0.0, 0.0, 0.0, 0.0, 0.0, 0.0, 0.0, 0.0, 0.0, 0.0, 8.0, 10.0], 'pv_power_history_electrical': [0.0, 0.0, 0.0, 0.0, 0.0, 0.0, 0.0, 0.0, 0.0, 0.0, 0.0, 0.0, 0.0, 0.0, 0.0, 0.0, 8.0, 10.0], 'wind_speed': 8.8, 'is_weekend': 1.0, 'indoor_margin_rate': 0.0, 'last_updated': '2026-05-16T03:22:51.280155+00:00'}}
2026-05-16 05:22:51,309 - DEBUG - Published 93 features to sensor.ml_heating_features
2026-05-16 05:22:51,309 - DEBUG - ✅ CYCLE 32 END: 05:22:51 (duration: 1.6s)
2026-05-16 05:22:51,309 - DEBUG - 💤 POLLING START: Waiting 30min until next cycle...
2026-05-16 05:22:51,335 - DEBUG - Active sampling: buffered 6 readings
127.0.0.1 - - [16/May/2026 05:23:18] "GET /health HTTP/1.1" 200 -
127.0.0.1 - - [16/May/2026 05:23:48] "GET /health HTTP/1.1" 200 -
2026-05-16 05:23:51,365 - DEBUG - Active sampling: buffered 6 readings
127.0.0.1 - - [16/May/2026 05:24:18] "GET /health HTTP/1.1" 200 -
127.0.0.1 - - [16/May/2026 05:24:48] "GET /health HTTP/1.1" 200 -
2026-05-16 05:24:51,395 - DEBUG - Active sampling: buffered 6 readings
127.0.0.1 - - [16/May/2026 05:25:18] "GET /health HTTP/1.1" 200 -
127.0.0.1 - - [16/May/2026 05:25:48] "GET /health HTTP/1.1" 200 -
2026-05-16 05:25:50,688 - DEBUG - Active sampling: buffered 6 readings
127.0.0.1 - - [16/May/2026 05:26:18] "GET /health HTTP/1.1" 200 -
127.0.0.1 - - [16/May/2026 05:26:48] "GET /health HTTP/1.1" 200 -
2026-05-16 05:26:50,717 - DEBUG - Active sampling: buffered 6 readings
127.0.0.1 - - [16/May/2026 05:27:18] "GET /health HTTP/1.1" 200 -
127.0.0.1 - - [16/May/2026 05:27:48] "GET /health HTTP/1.1" 200 -
2026-05-16 05:27:50,747 - DEBUG - Active sampling: buffered 6 readings
127.0.0.1 - - [16/May/2026 05:28:18] "GET /health HTTP/1.1" 200 -
127.0.0.1 - - [16/May/2026 05:28:48] "GET /health HTTP/1.1" 200 -
2026-05-16 05:28:50,780 - DEBUG - Active sampling: buffered 6 readings
127.0.0.1 - - [16/May/2026 05:29:18] "GET /health HTTP/1.1" 200 -
127.0.0.1 - - [16/May/2026 05:29:48] "GET /health HTTP/1.1" 200 -
2026-05-16 05:29:50,810 - DEBUG - Active sampling: buffered 6 readings
127.0.0.1 - - [16/May/2026 05:30:18] "GET /health HTTP/1.1" 200 -
127.0.0.1 - - [16/May/2026 05:30:48] "GET /health HTTP/1.1" 200 -
2026-05-16 05:30:50,839 - DEBUG - Active sampling: buffered 6 readings
127.0.0.1 - - [16/May/2026 05:31:18] "GET /health HTTP/1.1" 200 -
127.0.0.1 - - [16/May/2026 05:31:48] "GET /health HTTP/1.1" 200 -
2026-05-16 05:31:50,869 - DEBUG - Active sampling: buffered 6 readings
127.0.0.1 - - [16/May/2026 05:32:18] "GET /health HTTP/1.1" 200 -
127.0.0.1 - - [16/May/2026 05:32:48] "GET /health HTTP/1.1" 200 -
2026-05-16 05:32:50,904 - DEBUG - Active sampling: buffered 6 readings
127.0.0.1 - - [16/May/2026 05:33:19] "GET /health HTTP/1.1" 200 -
127.0.0.1 - - [16/May/2026 05:33:49] "GET /health HTTP/1.1" 200 -
2026-05-16 05:33:50,905 - DEBUG - ⏰ POLLING END: Waited 11.0min, starting next cycle...
2026-05-16 05:33:50,906 - DEBUG - 🔄 CYCLE 33 START: 05:33:50 (interval: 11.0min since last cycle)
2026-05-16 05:33:50,906 - DEBUG - ♻️ Reusing existing Model Wrapper instance
2026-05-16 05:33:50,906 - INFO - Successfully loaded operational state from /config/ml_heating/unified_thermal_state.json
2026-05-16 05:33:50,933 - DEBUG - Setting HA state for sensor.ml_heating_cop_realtime: {'state': '19.53', 'attributes': {'state_class': 'measurement', 'unique_id': 'ml_heating_cop_realtime', 'friendly_name': 'ML Heating COP (Realtime)', 'unit_of_measurement': 'COP', 'icon': 'mdi:heat-pump', 'device_class': 'power_factor'}}
2026-05-16 05:33:50,946 - DEBUG - Setting HA state for sensor.ml_heating_thermal_power: {'state': '2.149', 'attributes': {'state_class': 'measurement', 'unique_id': 'ml_heating_thermal_power', 'friendly_name': 'ML Heating Thermal Power', 'unit_of_measurement': 'kW', 'icon': 'mdi:flash', 'device_class': 'power'}}
2026-05-16 05:33:50,983 - DEBUG - Wrote thermodynamic metrics to InfluxDB
2026-05-16 05:33:50,983 - DEBUG - Thermodynamic sensors updated: COP=19.53, Power=2.149kW
2026-05-16 05:33:50,983 - DEBUG - ♻️ Reusing existing Model Wrapper instance
2026-05-16 05:33:50,983 - DEBUG - 🎯 ACTIVE MODE LEARNING (trajectory): Verifying ML prediction accuracy for 23.2°C outlet setting
2026-05-16 05:33:50,986 - DEBUG - Defaulting channel learning to heat_pump: pv_power_current=10.000, pv_power=1.000, thermal_power=2.246, delta_t=2.300, heat_pump_active=True
2026-05-16 05:33:50,986 - DEBUG - ♨️ HeatPumpChannel self-learned (heating): avg_error=0.016, tau=4.83h, hlc=0.120, outlet_effectiveness=0.828, slab_tau=4.00h, delta_t_floor=2.49
2026-05-16 05:33:50,986 - INFO - ♨️ heat_pump parameter update: attributed_error=-0.001093 | delta_t_floor: 2.49026→2.488798 (Δ-0.001463) | heat_loss_coefficient: 0.120406→0.12039 (Δ-0.000016) | outlet_effectiveness: 0.827764→0.82792 (Δ+0.000156) | slab_time_constant_hours: 4.000348→4.00038 (Δ+0.000031) | thermal_time_constant: 4.834797→4.834719 (Δ-0.000078)
2026-05-16 05:33:50,986 - INFO - Channel routing → [♨️ heat_pump*] | error=-0.0011 | pv_current=10W pv_smoothed=1W | params_changed=heat_pump
2026-05-16 05:33:51,178 - DEBUG - 💾 Saved unified thermal state to /config/ml_heating/unified_thermal_state.json
2026-05-16 05:33:51,180 - DEBUG - Skipping legacy global adaptation: channel mode owns recent-window learning
2026-05-16 05:33:51,368 - DEBUG - 💾 Saved unified thermal state to /config/ml_heating/unified_thermal_state.json
2026-05-16 05:33:51,370 - DEBUG - Prediction feedback: error=-0.001°C, confidence=5.000
2026-05-16 05:33:51,557 - DEBUG - 💾 Saved unified thermal state to /config/ml_heating/unified_thermal_state.json
2026-05-16 05:33:51,559 - DEBUG - 💾 Saved 200 predictions to unified thermal state
2026-05-16 05:33:51,559 - DEBUG - Added prediction: pred=22.66, actual=22.66, error=-0.001
2026-05-16 05:33:51,745 - DEBUG - 💾 Saved unified thermal state to /config/ml_heating/unified_thermal_state.json
2026-05-16 05:33:51,748 - DEBUG - Setting HA state for sensor.ml_model_mae: {'state': '0.0287', 'attributes': {'state_class': 'measurement', 'unique_id': 'ml_heating_model_mae', 'friendly_name': 'ML Model MAE', 'unit_of_measurement': '°C', 'icon': 'mdi:chart-line', 'last_updated': '2026-05-16T03:33:51.748487+00:00'}}
2026-05-16 05:33:51,761 - DEBUG - Setting HA state for sensor.ml_model_rmse: {'state': '0.0400', 'attributes': {'state_class': 'measurement', 'unique_id': 'ml_heating_model_rmse', 'friendly_name': 'ML Model RMSE', 'unit_of_measurement': '°C', 'icon': 'mdi:chart-line', 'last_updated': '2026-05-16T03:33:51.748487+00:00'}}
2026-05-16 05:33:51,775 - DEBUG - Setting HA state for sensor.ml_heating_learning: {'state': '5.000', 'attributes': {'state_class': 'measurement', 'unique_id': 'ml_heating_learning', 'friendly_name': 'ML Adaptive Learning Metrics', 'unit_of_measurement': 'metrics', 'icon': 'mdi:brain', 'thermal_time_constant': 4.834718593518984, 'heat_loss_coefficient': 0.12039017506499629, 'outlet_effectiveness': 0.8279197148773665, 'pv_heat_weight': 0.0011388529526730347, 'fireplace_heat_weight': 0.17156709601311348, 'tv_heat_weight': 0.44733899208522154, 'solar_lag_minutes': 39.66837846635902, 'slab_time_constant_hours': 4.000379649870008, 'heat_source_channels_enabled': True, 'total_conductance': 0.3, 'equilibrium_ratio': 0.5, 'cycle_count': 5371, 'parameter_updates': 533, 'model_health': 'excellent', 'learning_progress': 1.0, 'is_improving': True, 'improvement_percentage': 14.517972467580655, 'total_predictions': 200, 'learning_confidence': 5.0, 'last_updated': '2026-05-16T03:33:51.774852+00:00', 'delta_t_floor': 2.4887977384526856, 'cloud_factor_exponent': 1.0, 'solar_decay_tau_hours': 1.05759890202272, 'fp_heat_output_kw': 0.17156709601311348, 'fp_decay_time_constant': 3.9144707244638868, 'room_spread_delay_minutes': 18.0, 'ch_heat_pump_history_count': 200, 'ch_heat_pump_last_error': -0.001093083581295673, 'ch_pv_history_count': 200, 'ch_pv_last_error': 0.061215926435696844, 'ch_fireplace_history_count': 0, 'ch_fireplace_last_error': 0.0, 'ch_tv_history_count': 0, 'ch_tv_last_error': 0.0}}
2026-05-16 05:33:51,789 - DEBUG - Setting HA state for sensor.ml_model_mae: {'state': '0.0287', 'attributes': {'state_class': 'measurement', 'unique_id': 'ml_heating_model_mae', 'friendly_name': 'ML Model MAE', 'unit_of_measurement': '°C', 'icon': 'mdi:chart-line', 'mae_1h': 0.020490110464712014, 'mae_6h': 0.028020585439262953, 'mae_24h': 0.028681682466656006, 'trend_direction': 'improving', 'prediction_count': 200, 'last_updated': '2026-05-16T03:33:51.774852+00:00'}}
2026-05-16 05:33:51,810 - DEBUG - Setting HA state for sensor.ml_model_rmse: {'state': '0.0400', 'attributes': {'state_class': 'measurement', 'unique_id': 'ml_heating_model_rmse', 'friendly_name': 'ML Model RMSE', 'unit_of_measurement': '°C', 'icon': 'mdi:chart-line', 'recent_max_error': 0.03352079090140592, 'std_error': 0.0278, 'mean_bias': 0.0, 'prediction_count': 200, 'last_updated': '2026-05-16T03:33:51.774852+00:00'}}
2026-05-16 05:33:51,825 - DEBUG - Setting HA state for sensor.ml_prediction_accuracy: {'state': '99.4', 'attributes': {'state_class': 'measurement', 'unique_id': 'ml_prediction_accuracy', 'friendly_name': 'ML Prediction Accuracy', 'unit_of_measurement': '%', 'icon': 'mdi:target', 'perfect_accuracy_pct': 0.0, 'tolerable_accuracy_pct': 99.38271604938271, 'poor_accuracy_pct': 0.6172839506172839, 'prediction_count_24h': 0, 'excellent_all_time_pct': 98.0, 'good_all_time_pct': 100.0, 'last_updated': '2026-05-16T03:33:51.774852+00:00'}}
2026-05-16 05:33:51,840 - DEBUG - Logged refactored sensor metrics to HA
2026-05-16 05:33:51,840 - DEBUG - Logging feature importance
2026-05-16 05:33:51,840 - DEBUG - Setting HA state for sensor.ml_feature_importance: {'state': '5', 'attributes': {'state_class': 'measurement', 'unique_id': 'ml_heating_feature_importance', 'friendly_name': 'ML Feature Importance', 'unit_of_measurement': '%', 'icon': 'mdi:format-list-numbered', 'top_features': {'target_temp': 52.79, 'tv_power': 28.52, 'fireplace': 10.94, 'outdoor_temp': 7.68, 'pv_power': 0.07}, 'last_updated': '2026-05-16T03:33:51.840310+00:00'}}
2026-05-16 05:33:51,854 - INFO - ✅ Exported metrics to Home Assistant sensors successfully
2026-05-16 05:33:51,854 - INFO - ✅ Learning cycle 5371: error=0.001°C, confidence=5.000, total_predictions=200
2026-05-16 05:33:51,854 - DEBUG - ✅ Online learning: applied_temp=23.2°C, actual_change=-0.030°C, cycle=5371
2026-05-16 05:33:51,854 - DEBUG - 🔥 Heating mode active (state: heat)
2026-05-16 05:33:51,854 - DEBUG - ♻️ Reusing existing Model Wrapper instance
2026-05-16 05:33:51,881 - DEBUG - Fireplace is OFF. Using main indoor temp for prediction.
2026-05-16 05:33:52,011 - DEBUG - PV forecast parsed successfully: [685.5, 1458.5, 2737.2, 3908.5, 4299.8, 3305.0, 6079.5, 4304.8, 2843.8, 3063.8, 2873.5, 2203.2]W
2026-05-16 05:33:52,011 - DEBUG - Solar correction: enabled=True, percent=100.0%, factor=1.000
2026-05-16 05:33:52,029 - DEBUG - Delta calibration applied: offset=-1.93°C
2026-05-16 05:33:52,029 - DEBUG - Raw forecasts: [3.8, 4.2, 5.5, 7.0, 8.2, 8.5, 8.7, 10.0, 8.8, 9.9, 10.2, 8.2]
2026-05-16 05:33:52,029 - DEBUG - Calibrated forecasts: [1.87, 2.27, 3.57, 5.07, 6.27, 6.57, 6.77, 8.07, 6.87, 7.97, 8.27, 6.27]
2026-05-16 05:33:52,033 - INFO - ☀️ Forecast trajectory: PV=30W < zero_w=50W → night mode, 4 steps
2026-05-16 05:33:52,034 - DEBUG - Heating obs buffer: resolved 1 new label(s) this cycle
2026-05-16 05:33:52,052 - DEBUG - ♻️ Reusing existing Model Wrapper instance
2026-05-16 05:33:52,058 - INFO - DEBUG: Wrapper params: U=0.12039017506499629, eff=0.8279197148773665, tau=4.834718593518984
2026-05-16 05:33:52,058 - INFO - ☀️ PV surplus 30W (threshold 1500W): target 22.6 → 22.6°C (CHEAP ramp offset +0.01)
2026-05-16 05:33:52,058 - DEBUG - 🔧 Using natural bounds: outlet_min=21.0°C, outlet_max=35.0°C
2026-05-16 05:33:52,058 - INFO - 🌡️ Using cycle-aligned forecast (10min): outdoor=1.9°C (vs current 1.9°C), PV=59W (vs current 2W)
2026-05-16 05:33:52,058 - DEBUG - DEBUG: Using PV history (len=18) instead of scalar 59.34027777777778
2026-05-16 05:33:52,058 - DEBUG - 🎯 Binary search start: target=22.6°C, current=22.7°C, range=21.0-35.0°C
2026-05-16 05:33:52,058 - DEBUG - 🔍 Binary search features: inlet_temp=24.64, delta_t_floor=2.28, indoor_temp_delta_60m=-0.0400, horizon=4.0h, outlet_mid=28.0°C
2026-05-16 05:33:52,059 - DEBUG - ✅ Binary search trajectory OK (iter 1): outlet=28.0°C → predicted=23.91°C (steps=24, start=22.71→end=23.91)
2026-05-16 05:33:52,059 - DEBUG -    Iteration 1: outlet=28.0°C → predicted=23.91°C, error=1.298°C (range: 21.0-35.0°C)
2026-05-16 05:33:52,059 - DEBUG -      → Maintenance: Predicted too high, lowering maximum to 28.0°C
2026-05-16 05:33:52,060 - DEBUG -    Iteration 2: outlet=24.5°C → predicted=22.83°C, error=0.223°C (range: 21.0-28.0°C)
2026-05-16 05:33:52,060 - DEBUG -      → Maintenance: Predicted too high, lowering maximum to 24.5°C
2026-05-16 05:33:52,061 - DEBUG -    Iteration 3: outlet=22.8°C → predicted=22.74°C, error=0.132°C (range: 21.0-24.5°C)
2026-05-16 05:33:52,061 - DEBUG -      → Maintenance: Predicted too high, lowering maximum to 22.8°C
2026-05-16 05:33:52,062 - DEBUG -    Iteration 4: outlet=21.9°C → predicted=22.74°C, error=0.132°C (range: 21.0-22.8°C)
2026-05-16 05:33:52,062 - DEBUG -      → Maintenance: Predicted too high, lowering maximum to 21.9°C
2026-05-16 05:33:52,063 - DEBUG -    Iteration 5: outlet=21.4°C → predicted=22.74°C, error=0.132°C (range: 21.0-21.9°C)
2026-05-16 05:33:52,063 - DEBUG -      → Maintenance: Predicted too high, lowering maximum to 21.4°C
2026-05-16 05:33:52,064 - DEBUG -    Iteration 6: outlet=21.2°C → predicted=22.74°C, error=0.132°C (range: 21.0-21.4°C)
2026-05-16 05:33:52,064 - DEBUG -      → Maintenance: Predicted too high, lowering maximum to 21.2°C
2026-05-16 05:33:52,065 - DEBUG -    Iteration 7: outlet=21.1°C → predicted=22.74°C, error=0.132°C (range: 21.0-21.2°C)
2026-05-16 05:33:52,065 - DEBUG -      → Maintenance: Predicted too high, lowering maximum to 21.1°C
2026-05-16 05:33:52,066 - DEBUG -    Iteration 8: outlet=21.1°C → predicted=22.74°C, error=0.132°C (range: 21.0-21.1°C)
2026-05-16 05:33:52,066 - DEBUG -      → Maintenance: Predicted too high, lowering maximum to 21.1°C
2026-05-16 05:33:52,067 - DEBUG -    Iteration 9: outlet=21.0°C → predicted=22.74°C, error=0.132°C (range: 21.0-21.1°C)
2026-05-16 05:33:52,067 - DEBUG -      → Maintenance: Predicted too high, lowering maximum to 21.0°C
2026-05-16 05:33:52,067 - INFO - 🔄 Binary search early exit after 10 iterations: range collapsed to 0.027°C, using 21.0°C
2026-05-16 05:33:52,068 - DEBUG - Slab: inlet=24.6°C, outlet=21.0°C, Δ=-3.6°C, τ=4.00h
2026-05-16 05:33:52,068 - DEBUG - 🔍 Trajectory prediction using forecast arrays: outdoor=[1.8656249999999985, 1.87, 2.27, 3.57, 5.07], PV=[2.4166666666666665, 685.5, 1458.5, 2737.2, 3908.5]
2026-05-16 05:33:52,068 - DEBUG - 🔍 Trajectory DEBUG: outlet=21.0°C → 0.2h_prediction=22.66°C (vs target 22.6°C, error: +0.047°C), reaches_target_at=0.16666666666666666h, cycle_time=0.2h
2026-05-16 05:33:52,068 - DEBUG - 🔍 Trajectory predictions for target 22.6°C:
2026-05-16 05:33:52,068 - DEBUG -     0.2h: 22.66°C → target 22.61°C (error: +0.05°C)
2026-05-16 05:33:52,068 - DEBUG -     0.3h: 22.63°C → target 22.61°C (error: +0.02°C)
2026-05-16 05:33:52,068 - DEBUG -     0.5h: 22.60°C → target 22.61°C (error: -0.01°C)
2026-05-16 05:33:52,068 - DEBUG -     0.7h: 22.57°C → target 22.61°C (error: -0.04°C)
2026-05-16 05:33:52,068 - DEBUG -     0.8h: 22.55°C → target 22.61°C (error: -0.06°C)
2026-05-16 05:33:52,068 - DEBUG -     1.0h: 22.53°C → target 22.61°C (error: -0.08°C)
2026-05-16 05:33:52,068 - DEBUG -     1.2h: 22.51°C → target 22.61°C (error: -0.10°C)
2026-05-16 05:33:52,068 - DEBUG -     1.3h: 22.50°C → target 22.61°C (error: -0.11°C)
2026-05-16 05:33:52,068 - DEBUG -     1.5h: 22.49°C → target 22.61°C (error: -0.12°C)
2026-05-16 05:33:52,068 - DEBUG -     1.7h: 22.48°C → target 22.61°C (error: -0.13°C)
2026-05-16 05:33:52,068 - DEBUG -     1.8h: 22.48°C → target 22.61°C (error: -0.13°C)
2026-05-16 05:33:52,068 - DEBUG -     2.0h: 22.48°C → target 22.61°C (error: -0.13°C)
2026-05-16 05:33:52,069 - DEBUG -     2.2h: 22.48°C → target 22.61°C (error: -0.13°C)
2026-05-16 05:33:52,069 - DEBUG -     2.3h: 22.49°C → target 22.61°C (error: -0.12°C)
2026-05-16 05:33:52,069 - DEBUG -     2.5h: 22.50°C → target 22.61°C (error: -0.11°C)
2026-05-16 05:33:52,069 - DEBUG -     2.7h: 22.51°C → target 22.61°C (error: -0.10°C)
2026-05-16 05:33:52,069 - DEBUG -     2.8h: 22.53°C → target 22.61°C (error: -0.08°C)
2026-05-16 05:33:52,069 - DEBUG -     3.0h: 22.56°C → target 22.61°C (error: -0.05°C)
2026-05-16 05:33:52,069 - DEBUG -     3.2h: 22.58°C → target 22.61°C (error: -0.03°C)
2026-05-16 05:33:52,069 - DEBUG -     3.3h: 22.61°C → target 22.61°C (error: +0.00°C)
2026-05-16 05:33:52,069 - DEBUG -     3.5h: 22.64°C → target 22.61°C (error: +0.03°C)
2026-05-16 05:33:52,069 - DEBUG -     3.7h: 22.67°C → target 22.61°C (error: +0.06°C)
2026-05-16 05:33:52,069 - DEBUG -     3.8h: 22.71°C → target 22.61°C (error: +0.10°C)
2026-05-16 05:33:52,069 - DEBUG -     4.0h: 22.74°C → target 22.61°C (error: +0.13°C)
2026-05-16 05:33:52,069 - DEBUG - Ignoring minor future overshoot (max=22.74°C) because immediate cycle is safe (22.66°C)
2026-05-16 05:33:52,069 - INFO - ⚠️ Temperature boundary violations detected (min: 22.48°C, max: 22.74°C) - applying correction
2026-05-16 05:33:52,069 - INFO - 🔄 [Newton] Skipping undershoot correction (both violated, min wins): projected indoor 22.64°C > target-0.1 (22.5°C) — house self-correcting
2026-05-16 05:33:52,072 - DEBUG - HeatingCorrectionMLModel: raw ΔT_outlet=-0.186°C (R²=0.8638)
2026-05-16 05:33:52,072 - INFO - 🤖 [ML correction] R²=0.864 w=0.864 Δphysics=+0.000°C Δml=-0.186°C Δblend=-0.160°C → outlet=21.0°C
2026-05-16 05:33:52,072 - DEBUG - 🧠 Smart rounding is using cycle-aligned forecast: PV=59W (caller sent PV=2W)
2026-05-16 05:33:52,072 - INFO - 🎯 Prediction: Current 22.66°C → Target 22.6°C | Calculated outlet: 21.0°C (before smart rounding) (confidence: 5.000)
2026-05-16 05:33:52,072 - DEBUG - Model Wrapper: temp=21.0°C, error=0.060°C, confidence=5.000
2026-05-16 05:33:52,072 - INFO - --- Gradual Temperature Control ---
2026-05-16 05:33:52,072 - INFO - Change from baseline 23.2°C to suggested 21.0°C exceeds max change of 2.0°C. Capping at 21.2°C.
2026-05-16 05:33:52,072 - DEBUG - EMA smoothing: 21.20°C → 22.2°C (last=23.2, α=0.50)
2026-05-16 05:33:52,072 - DEBUG - ♻️ Reusing existing Model Wrapper instance
2026-05-16 05:33:52,073 - INFO - 🌡️ Using cycle-aligned forecast (10min): outdoor=1.8°C (vs current 1.8°C), PV=59W (vs current 2W)
2026-05-16 05:33:52,073 - DEBUG - 🧠 Smart rounding is using cycle-aligned forecast: PV=59W (caller sent PV=59W)
2026-05-16 05:33:52,073 - DEBUG - 🧠 Smart rounding is using cycle-aligned forecast: PV=59W (caller sent PV=59W)
2026-05-16 05:33:52,073 - DEBUG - Smart rounding: 22.20°C → 23°C (chose ceiling: floor→22.55°C [err=0.046], ceiling→22.58°C [err=0.017], target=22.6°C)
2026-05-16 05:33:52,073 - DEBUG - Setting target outlet temp
2026-05-16 05:33:52,073 - DEBUG - Setting HA state for sensor.ml_vorlauftemperatur: {'state': '22.2', 'attributes': {'state_class': 'measurement', 'unique_id': 'ml_heating_target_outlet_temp', 'friendly_name': 'ML Target Outlet Temp', 'unit_of_measurement': '°C', 'device_class': 'temperature', 'icon': 'mdi:thermometer-water'}}
2026-05-16 05:33:52,087 - DEBUG - Logging thermal model metrics
2026-05-16 05:33:52,088 - DEBUG - Setting HA state for sensor.ml_heating_state: {'state': '0', 'attributes': {'state_class': 'measurement', 'unique_id': 'ml_heating_state', 'friendly_name': 'ML Heating State', 'unit_of_measurement': 'state', 'icon': 'mdi:information-outline', 'state_description': 'OK - Prediction done', 'confidence': 5.0, 'suggested_temp': 21.0, 'final_temp': 22.2, 'predicted_indoor': 22.56, 'last_prediction_time': '2026-05-16T03:33:52.088216+00:00', 'temperature_error': 0.06, 'pre_cool_active': False, 'pre_cool_peak_temp': None, 'pre_cool_peak_hour': None}}
2026-05-16 05:33:52,105 - DEBUG - ✅ ACTIVE MODE: ML controlling heating via input_boolean.ml_heating
2026-05-16 05:33:52,107 - DEBUG - 🧠 Smart rounding is using cycle-aligned forecast: PV=59W (caller sent PV=2W)
2026-05-16 05:33:52,107 - DEBUG - Target: 22.6°C | Suggested: 21.0°C | Applied: 22.2°C | Actual Indoor: 22.66°C | Predicted Indoor: 22.56°C | Confidence: 5.000
2026-05-16 05:33:52,108 - INFO - Target: 22.6°C | Suggested: 21.0°C | Applied: 22.2°C | Actual Indoor: 22.66°C | Predicted Indoor: 22.56°C | Confidence: 5.000
2026-05-16 05:33:52,294 - DEBUG - 💾 Saved unified thermal state to /config/ml_heating/unified_thermal_state.json
2026-05-16 05:33:52,296 - DEBUG - Operational state saved to /config/ml_heating/unified_thermal_state.json; updated keys: ['last_run_features', 'last_indoor_temp', 'last_avg_other_rooms_temp', 'last_fireplace_on', 'last_final_temp', 'last_climate_mode', 'last_target_indoor_temp', 'last_predicted_indoor', 'last_is_blocking', 'last_blocking_reasons', 'setpoint_hold_cycles_remaining']
2026-05-16 05:33:52,296 - DEBUG - Setting HA state for sensor.ml_heating_features: {'state': '22.52', 'attributes': {'state_class': 'measurement', 'unique_id': 'ml_heating_features', 'friendly_name': 'ML Heating Features', 'unit_of_measurement': '°C', 'device_class': 'temperature', 'icon': 'mdi:feature-search-outline', 'living_room_temp': 22.52, 'outlet_temp': 26.919999999999998, 'indoor_temp_lag_30m': 22.697, 'target_temp': 22.6, 'outdoor_temp': 1.8656249999999985, 'dhw_heating': 0.0, 'dhw_disinfection': 0.0, 'dhw_boost_heater': 0.0, 'defrosting': 0.0, 'pv_now': 30.0, 'pv_now_electrical': 30.0, 'solar_correction_percent': 100.0, 'solar_correction_factor': 1.0, 'solar_correction_enabled': 1.0, 'fireplace_on': 0.0, 'tv_on': 0.0, 'temp_forecast_1h': 1.87, 'temp_forecast_2h': 2.27, 'temp_forecast_3h': 3.57, 'temp_forecast_4h': 5.07, 'temp_forecast_5h': 6.27, 'temp_forecast_6h': 6.57, 'temp_forecast_7h': 6.77, 'temp_forecast_8h': 8.07, 'temp_forecast_9h': 6.87, 'temp_forecast_10h': 7.97, 'temp_forecast_11h': 8.27, 'temp_forecast_12h': 6.27, 'pv_forecast_1h': 685.5, 'pv_forecast_2h': 1458.5, 'pv_forecast_3h': 2737.2, 'pv_forecast_4h': 3908.5, 'pv_forecast_5h': 4299.8, 'pv_forecast_6h': 3305.0, 'pv_forecast_7h': 6079.5, 'pv_forecast_8h': 4304.8, 'pv_forecast_9h': 2843.8, 'pv_forecast_10h': 3063.8, 'pv_forecast_11h': 2873.5, 'pv_forecast_12h': 2203.2, 'pv_forecast_electrical_1h': 685.5, 'pv_forecast_electrical_2h': 1458.5, 'pv_forecast_electrical_3h': 2737.2, 'pv_forecast_electrical_4h': 3908.5, 'pv_forecast_electrical_5h': 4299.8, 'pv_forecast_electrical_6h': 3305.0, 'pv_forecast_electrical_7h': 6079.5, 'pv_forecast_electrical_8h': 4304.8, 'pv_forecast_electrical_9h': 2843.8, 'pv_forecast_electrical_10h': 3063.8, 'pv_forecast_electrical_11h': 2873.5, 'pv_forecast_electrical_12h': 2203.2, 'cloud_cover_forecast_1h': 0.0, 'cloud_cover_forecast_2h': 0.0, 'cloud_cover_forecast_3h': 0.0, 'cloud_cover_forecast_4h': 0.0, 'cloud_cover_forecast_5h': 0.0, 'cloud_cover_forecast_6h': 0.0, 'cloud_cover_forecast_7h': 0.0, 'cloud_cover_forecast_8h': 0.0, 'cloud_cover_forecast_9h': 0.0, 'cloud_cover_forecast_10h': 0.0, 'cloud_cover_forecast_11h': 0.0, 'cloud_cover_forecast_12h': 0.0, 'temp_diff_indoor_outdoor': 20.824375000000003, 'indoor_temp_gradient': -1.391999999999996, 'outlet_indoor_diff': 4.229999999999997, 'indoor_temp_lag_10m': 22.685000000000002, 'indoor_temp_lag_60m': 22.729999999999997, 'outlet_temp_lag_30m': 26.860000000000003, 'outlet_temp_change': -0.004999999999999005, 'indoor_temp_delta_10m': 0.004999999999999005, 'indoor_temp_delta_30m': -0.006999999999997897, 'indoor_temp_delta_60m': -0.039999999999995595, 'hour_sin': 0.9659258262890683, 'hour_cos': 0.25881904510252074, 'month_sin': 0.8660254037844387, 'month_cos': -0.4999999999999998, 'outlet_effectiveness_ratio': 0.021276595744680833, 'inlet_temp': 24.64, 'flow_rate': 14.0, 'power_consumption': 110.0, 'delta_t': 2.2799999999999976, 'thermal_power_kw': 2.2269519999999976, 'cop_realtime': 20.24501818181816, 'temp_trend_forecast': 0.8010937500000004, 'heating_demand_forecast': 1.7530000000000001, 'combined_forecast_thermal_load': -2.1555, 'pv_power_history': [0.0, 0.0, 0.0, 0.0, 0.0, 0.0, 0.0, 0.0, 0.0, 0.0, 0.0, 0.0, 0.0, 0.0, 0.0, 8.0, 13.0, 22.5], 'pv_power_history_electrical': [0.0, 0.0, 0.0, 0.0, 0.0, 0.0, 0.0, 0.0, 0.0, 0.0, 0.0, 0.0, 0.0, 0.0, 0.0, 8.0, 13.0, 22.5], 'wind_speed': 8.7, 'is_weekend': 1.0, 'indoor_margin_rate': 0.0, 'last_updated': '2026-05-16T03:33:52.296241+00:00'}}
2026-05-16 05:33:52,309 - DEBUG - Published 93 features to sensor.ml_heating_features
2026-05-16 05:33:52,309 - DEBUG - ✅ CYCLE 33 END: 05:33:52 (duration: 1.4s)
2026-05-16 05:33:52,310 - DEBUG - 💤 POLLING START: Waiting 30min until next cycle...
2026-05-16 05:33:52,335 - DEBUG - Active sampling: buffered 6 readings
127.0.0.1 - - [16/May/2026 05:34:19] "GET /health HTTP/1.1" 200 -
127.0.0.1 - - [16/May/2026 05:34:49] "GET /health HTTP/1.1" 200 -
2026-05-16 05:34:52,366 - DEBUG - Active sampling: buffered 6 readings
127.0.0.1 - - [16/May/2026 05:35:19] "GET /health HTTP/1.1" 200 -
127.0.0.1 - - [16/May/2026 05:35:49] "GET /health HTTP/1.1" 200 -
2026-05-16 05:35:52,396 - DEBUG - Active sampling: buffered 6 readings
127.0.0.1 - - [16/May/2026 05:36:19] "GET /health HTTP/1.1" 200 -
127.0.0.1 - - [16/May/2026 05:36:49] "GET /health HTTP/1.1" 200 -
2026-05-16 05:36:52,425 - DEBUG - Active sampling: buffered 6 readings
127.0.0.1 - - [16/May/2026 05:37:19] "GET /health HTTP/1.1" 200 -
127.0.0.1 - - [16/May/2026 05:37:49] "GET /health HTTP/1.1" 200 -
2026-05-16 05:37:52,455 - DEBUG - Active sampling: buffered 6 readings
127.0.0.1 - - [16/May/2026 05:38:19] "GET /health HTTP/1.1" 200 -
127.0.0.1 - - [16/May/2026 05:38:49] "GET /health HTTP/1.1" 200 -
2026-05-16 05:38:52,484 - DEBUG - Active sampling: buffered 6 readings
127.0.0.1 - - [16/May/2026 05:39:19] "GET /health HTTP/1.1" 200 -
127.0.0.1 - - [16/May/2026 05:39:49] "GET /health HTTP/1.1" 200 -
2026-05-16 05:39:52,515 - DEBUG - Active sampling: buffered 6 readings
127.0.0.1 - - [16/May/2026 05:40:19] "GET /health HTTP/1.1" 200 -
127.0.0.1 - - [16/May/2026 05:40:49] "GET /health HTTP/1.1" 200 -
2026-05-16 05:40:52,545 - DEBUG - Active sampling: buffered 6 readings
127.0.0.1 - - [16/May/2026 05:41:19] "GET /health HTTP/1.1" 200 -
127.0.0.1 - - [16/May/2026 05:41:50] "GET /health HTTP/1.1" 200 -
2026-05-16 05:41:52,578 - DEBUG - Active sampling: buffered 6 readings
127.0.0.1 - - [16/May/2026 05:42:20] "GET /health HTTP/1.1" 200 -
127.0.0.1 - - [16/May/2026 05:42:50] "GET /health HTTP/1.1" 200 -
2026-05-16 05:42:52,607 - DEBUG - Active sampling: buffered 6 readings
127.0.0.1 - - [16/May/2026 05:43:20] "GET /health HTTP/1.1" 200 -
127.0.0.1 - - [16/May/2026 05:43:50] "GET /health HTTP/1.1" 200 -
2026-05-16 05:43:52,609 - DEBUG - ⏰ POLLING END: Waited 10.0min, starting next cycle...
2026-05-16 05:43:52,609 - DEBUG - 🔄 CYCLE 34 START: 05:43:52 (interval: 10.0min since last cycle)
2026-05-16 05:43:52,609 - DEBUG - ♻️ Reusing existing Model Wrapper instance
2026-05-16 05:43:52,609 - INFO - Successfully loaded operational state from /config/ml_heating/unified_thermal_state.json
2026-05-16 05:43:52,637 - DEBUG - Setting HA state for sensor.ml_heating_cop_realtime: {'state': '0.00', 'attributes': {'state_class': 'measurement', 'unique_id': 'ml_heating_cop_realtime', 'friendly_name': 'ML Heating COP (Realtime)', 'unit_of_measurement': 'COP', 'icon': 'mdi:heat-pump', 'device_class': 'power_factor'}}
2026-05-16 05:43:52,649 - DEBUG - Setting HA state for sensor.ml_heating_thermal_power: {'state': '0.195', 'attributes': {'state_class': 'measurement', 'unique_id': 'ml_heating_thermal_power', 'friendly_name': 'ML Heating Thermal Power', 'unit_of_measurement': 'kW', 'icon': 'mdi:flash', 'device_class': 'power'}}
2026-05-16 05:43:52,689 - DEBUG - Wrote thermodynamic metrics to InfluxDB
2026-05-16 05:43:52,689 - DEBUG - Thermodynamic sensors updated: COP=0.00, Power=0.195kW
2026-05-16 05:43:52,689 - DEBUG - ♻️ Reusing existing Model Wrapper instance
2026-05-16 05:43:52,689 - DEBUG - 🎯 ACTIVE MODE LEARNING (trajectory): Verifying ML prediction accuracy for 22.2°C outlet setting
2026-05-16 05:43:52,692 - DEBUG - Defaulting channel learning to heat_pump: pv_power_current=30.000, pv_power=2.417, thermal_power=2.227, delta_t=2.280, heat_pump_active=True
2026-05-16 05:43:52,692 - DEBUG - ♨️ HeatPumpChannel self-learned (heating): avg_error=0.020, tau=4.83h, hlc=0.120, outlet_effectiveness=0.828, slab_tau=4.00h, delta_t_floor=2.49
2026-05-16 05:43:52,692 - INFO - ♨️ heat_pump parameter update: attributed_error=+0.025768 | delta_t_floor: 2.488798→2.48725 (Δ-0.001548) | heat_loss_coefficient: 0.12039→0.12037 (Δ-0.000020) | outlet_effectiveness: 0.82792→0.828119 (Δ+0.000200) | slab_time_constant_hours: 4.00038→4.00042 (Δ+0.000040) | thermal_time_constant: 4.834719→4.834619 (Δ-0.000100)
2026-05-16 05:43:52,692 - INFO - Channel routing → [♨️ heat_pump*] | error=+0.0258 | pv_current=30W pv_smoothed=2W | params_changed=heat_pump
2026-05-16 05:43:52,883 - DEBUG - 💾 Saved unified thermal state to /config/ml_heating/unified_thermal_state.json
2026-05-16 05:43:52,885 - DEBUG - Skipping legacy global adaptation: channel mode owns recent-window learning
2026-05-16 05:43:53,073 - DEBUG - 💾 Saved unified thermal state to /config/ml_heating/unified_thermal_state.json
2026-05-16 05:43:53,075 - DEBUG - Prediction feedback: error=0.026°C, confidence=5.000
2026-05-16 05:43:53,264 - DEBUG - 💾 Saved unified thermal state to /config/ml_heating/unified_thermal_state.json
2026-05-16 05:43:53,266 - DEBUG - 💾 Saved 200 predictions to unified thermal state
2026-05-16 05:43:53,266 - DEBUG - Added prediction: pred=22.63, actual=22.66, error=0.026
2026-05-16 05:43:53,452 - DEBUG - 💾 Saved unified thermal state to /config/ml_heating/unified_thermal_state.json
2026-05-16 05:43:53,456 - DEBUG - Setting HA state for sensor.ml_model_mae: {'state': '0.0287', 'attributes': {'state_class': 'measurement', 'unique_id': 'ml_heating_model_mae', 'friendly_name': 'ML Model MAE', 'unit_of_measurement': '°C', 'icon': 'mdi:chart-line', 'last_updated': '2026-05-16T03:43:53.456167+00:00'}}
2026-05-16 05:43:53,468 - DEBUG - Setting HA state for sensor.ml_model_rmse: {'state': '0.0400', 'attributes': {'state_class': 'measurement', 'unique_id': 'ml_heating_model_rmse', 'friendly_name': 'ML Model RMSE', 'unit_of_measurement': '°C', 'icon': 'mdi:chart-line', 'last_updated': '2026-05-16T03:43:53.456167+00:00'}}
2026-05-16 05:43:53,483 - DEBUG - Setting HA state for sensor.ml_heating_learning: {'state': '5.000', 'attributes': {'state_class': 'measurement', 'unique_id': 'ml_heating_learning', 'friendly_name': 'ML Adaptive Learning Metrics', 'unit_of_measurement': 'metrics', 'icon': 'mdi:brain', 'thermal_time_constant': 4.83461877690171, 'heat_loss_coefficient': 0.1203702117415416, 'outlet_effectiveness': 0.8281193481119133, 'pv_heat_weight': 0.0011388529526730347, 'fireplace_heat_weight': 0.17156709601311348, 'tv_heat_weight': 0.44733899208522154, 'solar_lag_minutes': 39.66837846635902, 'slab_time_constant_hours': 4.000419576516918, 'heat_source_channels_enabled': True, 'total_conductance': 0.3, 'equilibrium_ratio': 0.5, 'cycle_count': 5372, 'parameter_updates': 534, 'model_health': 'excellent', 'learning_progress': 1.0, 'is_improving': True, 'improvement_percentage': 16.422237770961384, 'total_predictions': 200, 'learning_confidence': 5.0, 'last_updated': '2026-05-16T03:43:53.483119+00:00', 'delta_t_floor': 2.4872497610681585, 'cloud_factor_exponent': 1.0, 'solar_decay_tau_hours': 1.05759890202272, 'fp_heat_output_kw': 0.17156709601311348, 'fp_decay_time_constant': 3.9144707244638868, 'room_spread_delay_minutes': 18.0, 'ch_heat_pump_history_count': 200, 'ch_heat_pump_last_error': 0.025767937744987535, 'ch_pv_history_count': 200, 'ch_pv_last_error': 0.061215926435696844, 'ch_fireplace_history_count': 0, 'ch_fireplace_last_error': 0.0, 'ch_tv_history_count': 0, 'ch_tv_last_error': 0.0}}
2026-05-16 05:43:53,498 - DEBUG - Setting HA state for sensor.ml_model_mae: {'state': '0.0287', 'attributes': {'state_class': 'measurement', 'unique_id': 'ml_heating_model_mae', 'friendly_name': 'ML Model MAE', 'unit_of_measurement': '°C', 'icon': 'mdi:chart-line', 'mae_1h': 0.02001412988489104, 'mae_6h': 0.02817665633145842, 'mae_24h': 0.028736281007404153, 'trend_direction': 'improving', 'prediction_count': 200, 'last_updated': '2026-05-16T03:43:53.483119+00:00'}}
2026-05-16 05:43:53,515 - DEBUG - Setting HA state for sensor.ml_model_rmse: {'state': '0.0400', 'attributes': {'state_class': 'measurement', 'unique_id': 'ml_heating_model_rmse', 'friendly_name': 'ML Model RMSE', 'unit_of_measurement': '°C', 'icon': 'mdi:chart-line', 'recent_max_error': 0.03352079090140592, 'std_error': 0.0278, 'mean_bias': 0.0, 'prediction_count': 200, 'last_updated': '2026-05-16T03:43:53.483119+00:00'}}
2026-05-16 05:43:53,529 - DEBUG - Setting HA state for sensor.ml_prediction_accuracy: {'state': '99.4', 'attributes': {'state_class': 'measurement', 'unique_id': 'ml_prediction_accuracy', 'friendly_name': 'ML Prediction Accuracy', 'unit_of_measurement': '%', 'icon': 'mdi:target', 'perfect_accuracy_pct': 0.0, 'tolerable_accuracy_pct': 99.38271604938271, 'poor_accuracy_pct': 0.6172839506172839, 'prediction_count_24h': 0, 'excellent_all_time_pct': 98.0, 'good_all_time_pct': 100.0, 'last_updated': '2026-05-16T03:43:53.483119+00:00'}}
2026-05-16 05:43:53,544 - DEBUG - Logged refactored sensor metrics to HA
2026-05-16 05:43:53,544 - DEBUG - Logging feature importance
2026-05-16 05:43:53,544 - DEBUG - Setting HA state for sensor.ml_feature_importance: {'state': '5', 'attributes': {'state_class': 'measurement', 'unique_id': 'ml_heating_feature_importance', 'friendly_name': 'ML Feature Importance', 'unit_of_measurement': '%', 'icon': 'mdi:format-list-numbered', 'top_features': {'target_temp': 52.8, 'tv_power': 28.52, 'fireplace': 10.94, 'outdoor_temp': 7.67, 'pv_power': 0.07}, 'last_updated': '2026-05-16T03:43:53.544363+00:00'}}
2026-05-16 05:43:53,557 - INFO - ✅ Exported metrics to Home Assistant sensors successfully
2026-05-16 05:43:53,557 - INFO - ✅ Learning cycle 5372: error=0.026°C, confidence=5.000, total_predictions=200
2026-05-16 05:43:53,558 - DEBUG - ✅ Online learning: applied_temp=22.2°C, actual_change=0.000°C, cycle=5372
2026-05-16 05:43:53,558 - DEBUG - 🔥 Heating mode active (state: heat)
2026-05-16 05:43:53,558 - DEBUG - ♻️ Reusing existing Model Wrapper instance
2026-05-16 05:43:53,585 - DEBUG - Fireplace is OFF. Using main indoor temp for prediction.
2026-05-16 05:43:53,789 - DEBUG - PV forecast parsed successfully: [651.8, 1412.8, 2692.0, 3872.8, 4282.0, 3301.0, 6079.5, 4304.8, 2843.8, 3063.8, 2873.5, 2203.2]W
2026-05-16 05:43:53,790 - DEBUG - Solar correction: enabled=True, percent=100.0%, factor=1.000
2026-05-16 05:43:53,809 - DEBUG - Delta calibration applied: offset=-2.01°C
2026-05-16 05:43:53,809 - DEBUG - Raw forecasts: [3.8, 4.2, 5.5, 7.0, 8.2, 8.5, 8.7, 10.0, 8.8, 9.9, 10.2, 8.2]
2026-05-16 05:43:53,809 - DEBUG - Calibrated forecasts: [1.79, 2.19, 3.49, 4.99, 6.19, 6.49, 6.69, 7.99, 6.79, 7.89, 8.19, 6.19]
2026-05-16 05:43:53,814 - INFO - ☀️ Forecast trajectory: PV=50W < threshold=1500W but 10 forecast hours above threshold → rescued, continuing
2026-05-16 05:43:53,814 - INFO - ☀️ Forecast trajectory: no sunset within 12-step horizon → inactive, 4 steps
2026-05-16 05:43:53,815 - DEBUG - Heating obs buffer: resolved 1 new label(s) this cycle
2026-05-16 05:43:53,835 - DEBUG - ♻️ Reusing existing Model Wrapper instance
2026-05-16 05:43:53,843 - INFO - DEBUG: Wrapper params: U=0.1203702117415416, eff=0.8281193481119133, tau=4.83461877690171
2026-05-16 05:43:53,843 - INFO - ☀️ PV surplus 50W (threshold 1500W): target 22.6 → 22.6°C (CHEAP ramp offset +0.02)
2026-05-16 05:43:53,843 - DEBUG - 🔧 Using natural bounds: outlet_min=21.0°C, outlet_max=35.0°C
2026-05-16 05:43:53,843 - INFO - 🌡️ Using cycle-aligned forecast (10min): outdoor=1.8°C (vs current 1.8°C), PV=59W (vs current 6W)
2026-05-16 05:43:53,843 - DEBUG - DEBUG: Using PV history (len=18) instead of scalar 59.40925925925926
2026-05-16 05:43:53,843 - INFO - 🔄 HP off (delta_t=0.42, mode=heating): simulating HP-on delta_t=2.49 for binary search
2026-05-16 05:43:53,843 - DEBUG - 🎯 Binary search start: target=22.6°C, current=22.7°C, range=21.0-35.0°C
2026-05-16 05:43:53,843 - DEBUG - 🔍 Binary search features: inlet_temp=24.68, delta_t_floor=2.49, indoor_temp_delta_60m=-0.0447, horizon=4.0h, outlet_mid=28.0°C
2026-05-16 05:43:53,845 - DEBUG - ✅ Binary search trajectory OK (iter 1): outlet=28.0°C → predicted=23.87°C (steps=24, start=22.71→end=23.87)
2026-05-16 05:43:53,845 - DEBUG -    Iteration 1: outlet=28.0°C → predicted=23.87°C, error=1.257°C (range: 21.0-35.0°C)
2026-05-16 05:43:53,845 - DEBUG -      → Maintenance: Predicted too high, lowering maximum to 28.0°C
2026-05-16 05:43:53,846 - DEBUG -    Iteration 2: outlet=24.5°C → predicted=22.80°C, error=0.186°C (range: 21.0-28.0°C)
2026-05-16 05:43:53,846 - DEBUG -      → Maintenance: Predicted too high, lowering maximum to 24.5°C
2026-05-16 05:43:53,847 - DEBUG -    Iteration 3: outlet=22.8°C → predicted=22.73°C, error=0.115°C (range: 21.0-24.5°C)
2026-05-16 05:43:53,847 - DEBUG -      → Maintenance: Predicted too high, lowering maximum to 22.8°C
2026-05-16 05:43:53,848 - DEBUG -    Iteration 4: outlet=21.9°C → predicted=22.73°C, error=0.115°C (range: 21.0-22.8°C)
2026-05-16 05:43:53,849 - DEBUG -      → Maintenance: Predicted too high, lowering maximum to 21.9°C
2026-05-16 05:43:53,850 - DEBUG -    Iteration 5: outlet=21.4°C → predicted=22.73°C, error=0.115°C (range: 21.0-21.9°C)
2026-05-16 05:43:53,851 - DEBUG -      → Maintenance: Predicted too high, lowering maximum to 21.4°C
2026-05-16 05:43:53,852 - DEBUG -    Iteration 6: outlet=21.2°C → predicted=22.73°C, error=0.115°C (range: 21.0-21.4°C)
2026-05-16 05:43:53,852 - DEBUG -      → Maintenance: Predicted too high, lowering maximum to 21.2°C
2026-05-16 05:43:53,853 - DEBUG -    Iteration 7: outlet=21.1°C → predicted=22.73°C, error=0.115°C (range: 21.0-21.2°C)
2026-05-16 05:43:53,854 - DEBUG -      → Maintenance: Predicted too high, lowering maximum to 21.1°C
2026-05-16 05:43:53,855 - DEBUG -    Iteration 8: outlet=21.1°C → predicted=22.73°C, error=0.115°C (range: 21.0-21.1°C)
2026-05-16 05:43:53,855 - DEBUG -      → Maintenance: Predicted too high, lowering maximum to 21.1°C
2026-05-16 05:43:53,856 - DEBUG -    Iteration 9: outlet=21.0°C → predicted=22.73°C, error=0.115°C (range: 21.0-21.1°C)
2026-05-16 05:43:53,856 - DEBUG -      → Maintenance: Predicted too high, lowering maximum to 21.0°C
2026-05-16 05:43:53,856 - INFO - 🔄 Binary search early exit after 10 iterations: range collapsed to 0.027°C, using 21.0°C
2026-05-16 05:43:53,858 - DEBUG - Slab: inlet=24.7°C, outlet=21.0°C, Δ=-3.7°C, τ=4.00h
2026-05-16 05:43:53,858 - DEBUG - 🔍 Trajectory prediction using forecast arrays: outdoor=[1.7874999999999999, 1.79, 2.19, 3.49, 4.99], PV=[5.555555555555555, 651.8, 1412.8, 2692.0, 3872.8]
2026-05-16 05:43:53,858 - DEBUG - 🔍 Trajectory DEBUG: outlet=21.0°C → 0.2h_prediction=22.66°C (vs target 22.6°C, error: +0.039°C), reaches_target_at=0.16666666666666666h, cycle_time=0.2h
2026-05-16 05:43:53,858 - DEBUG - 🔍 Trajectory predictions for target 22.6°C:
2026-05-16 05:43:53,858 - DEBUG -     0.2h: 22.66°C → target 22.62°C (error: +0.04°C)
2026-05-16 05:43:53,858 - DEBUG -     0.3h: 22.63°C → target 22.62°C (error: +0.01°C)
2026-05-16 05:43:53,859 - DEBUG -     0.5h: 22.60°C → target 22.62°C (error: -0.02°C)
2026-05-16 05:43:53,859 - DEBUG -     0.7h: 22.57°C → target 22.62°C (error: -0.05°C)
2026-05-16 05:43:53,859 - DEBUG -     0.8h: 22.55°C → target 22.62°C (error: -0.07°C)
2026-05-16 05:43:53,859 - DEBUG -     1.0h: 22.53°C → target 22.62°C (error: -0.09°C)
2026-05-16 05:43:53,859 - DEBUG -     1.2h: 22.51°C → target 22.62°C (error: -0.11°C)
2026-05-16 05:43:53,859 - DEBUG -     1.3h: 22.49°C → target 22.62°C (error: -0.12°C)
2026-05-16 05:43:53,859 - DEBUG -     1.5h: 22.48°C → target 22.62°C (error: -0.13°C)
2026-05-16 05:43:53,859 - DEBUG -     1.7h: 22.48°C → target 22.62°C (error: -0.14°C)
2026-05-16 05:43:53,859 - DEBUG -     1.8h: 22.47°C → target 22.62°C (error: -0.15°C)
2026-05-16 05:43:53,859 - DEBUG -     2.0h: 22.47°C → target 22.62°C (error: -0.15°C)
2026-05-16 05:43:53,859 - DEBUG -     2.2h: 22.47°C → target 22.62°C (error: -0.14°C)
2026-05-16 05:43:53,860 - DEBUG -     2.3h: 22.48°C → target 22.62°C (error: -0.14°C)
2026-05-16 05:43:53,860 - DEBUG -     2.5h: 22.49°C → target 22.62°C (error: -0.13°C)
2026-05-16 05:43:53,860 - DEBUG -     2.7h: 22.50°C → target 22.62°C (error: -0.11°C)
2026-05-16 05:43:53,860 - DEBUG -     2.8h: 22.52°C → target 22.62°C (error: -0.09°C)
2026-05-16 05:43:53,860 - DEBUG -     3.0h: 22.55°C → target 22.62°C (error: -0.07°C)
2026-05-16 05:43:53,860 - DEBUG -     3.2h: 22.57°C → target 22.62°C (error: -0.04°C)
2026-05-16 05:43:53,860 - DEBUG -     3.3h: 22.60°C → target 22.62°C (error: -0.02°C)
2026-05-16 05:43:53,860 - DEBUG -     3.5h: 22.63°C → target 22.62°C (error: +0.01°C)
2026-05-16 05:43:53,860 - DEBUG -     3.7h: 22.66°C → target 22.62°C (error: +0.05°C)
2026-05-16 05:43:53,860 - DEBUG -     3.8h: 22.70°C → target 22.62°C (error: +0.08°C)
2026-05-16 05:43:53,860 - DEBUG -     4.0h: 22.73°C → target 22.62°C (error: +0.12°C)
2026-05-16 05:43:53,860 - DEBUG - Ignoring minor future overshoot (max=22.73°C) because immediate cycle is safe (22.66°C)
2026-05-16 05:43:53,860 - INFO - ⚠️ Temperature boundary violations detected (min: 22.47°C, max: 22.73°C) - applying correction
2026-05-16 05:43:53,860 - INFO - 🔄 [Newton] Skipping undershoot correction (both violated, min wins): projected indoor 22.63°C > target-0.1 (22.5°C) — house self-correcting
2026-05-16 05:43:53,863 - DEBUG - HeatingCorrectionMLModel: raw ΔT_outlet=-0.059°C (R²=0.8638)
2026-05-16 05:43:53,863 - INFO - 🤖 [ML correction] R²=0.864 w=0.864 Δphysics=+0.000°C Δml=-0.059°C Δblend=-0.051°C → outlet=21.0°C
2026-05-16 05:43:53,863 - DEBUG - 🧠 Smart rounding is using cycle-aligned forecast: PV=59W (caller sent PV=6W)
2026-05-16 05:43:53,864 - INFO - 🎯 Prediction: Current 22.66°C → Target 22.6°C | Calculated outlet: 21.0°C (before smart rounding) (confidence: 5.000)
2026-05-16 05:43:53,864 - DEBUG - Model Wrapper: temp=21.0°C, error=0.060°C, confidence=5.000
2026-05-16 05:43:53,864 - DEBUG - EMA smoothing: 21.00°C → 21.6°C (last=22.2, α=0.50)
2026-05-16 05:43:53,864 - DEBUG - ♻️ Reusing existing Model Wrapper instance
2026-05-16 05:43:53,864 - INFO - 🌡️ Using cycle-aligned forecast (10min): outdoor=1.6°C (vs current 1.6°C), PV=59W (vs current 6W)
2026-05-16 05:43:53,864 - DEBUG - 🧠 Smart rounding is using cycle-aligned forecast: PV=59W (caller sent PV=59W)
2026-05-16 05:43:53,864 - DEBUG - 🧠 Smart rounding is using cycle-aligned forecast: PV=59W (caller sent PV=59W)
2026-05-16 05:43:53,865 - DEBUG - Smart rounding: 21.60°C → 22°C (chose ceiling: floor→22.53°C [err=0.075], ceiling→22.55°C [err=0.046], target=22.6°C)
2026-05-16 05:43:53,865 - DEBUG - Setting target outlet temp
2026-05-16 05:43:53,865 - DEBUG - Setting HA state for sensor.ml_vorlauftemperatur: {'state': '21.6', 'attributes': {'state_class': 'measurement', 'unique_id': 'ml_heating_target_outlet_temp', 'friendly_name': 'ML Target Outlet Temp', 'unit_of_measurement': '°C', 'device_class': 'temperature', 'icon': 'mdi:thermometer-water'}}
2026-05-16 05:43:53,878 - DEBUG - Logging thermal model metrics
2026-05-16 05:43:53,878 - DEBUG - Setting HA state for sensor.ml_heating_state: {'state': '0', 'attributes': {'state_class': 'measurement', 'unique_id': 'ml_heating_state', 'friendly_name': 'ML Heating State', 'unit_of_measurement': 'state', 'icon': 'mdi:information-outline', 'state_description': 'OK - Prediction done', 'confidence': 5.0, 'suggested_temp': 21.0, 'final_temp': 21.6, 'predicted_indoor': 22.56, 'last_prediction_time': '2026-05-16T03:43:53.878399+00:00', 'temperature_error': 0.06, 'pre_cool_active': False, 'pre_cool_peak_temp': None, 'pre_cool_peak_hour': None}}
2026-05-16 05:43:53,895 - DEBUG - ✅ ACTIVE MODE: ML controlling heating via input_boolean.ml_heating
2026-05-16 05:43:53,897 - DEBUG - 🧠 Smart rounding is using cycle-aligned forecast: PV=59W (caller sent PV=6W)
2026-05-16 05:43:53,898 - DEBUG - Target: 22.6°C | Suggested: 21.0°C | Applied: 21.6°C | Actual Indoor: 22.66°C | Predicted Indoor: 22.54°C | Confidence: 5.000
2026-05-16 05:43:53,898 - INFO - Target: 22.6°C | Suggested: 21.0°C | Applied: 21.6°C | Actual Indoor: 22.66°C | Predicted Indoor: 22.54°C | Confidence: 5.000
2026-05-16 05:43:54,088 - DEBUG - 💾 Saved unified thermal state to /config/ml_heating/unified_thermal_state.json
2026-05-16 05:43:54,090 - DEBUG - Operational state saved to /config/ml_heating/unified_thermal_state.json; updated keys: ['last_run_features', 'last_indoor_temp', 'last_avg_other_rooms_temp', 'last_fireplace_on', 'last_final_temp', 'last_climate_mode', 'last_target_indoor_temp', 'last_predicted_indoor', 'last_is_blocking', 'last_blocking_reasons', 'setpoint_hold_cycles_remaining']
2026-05-16 05:43:54,091 - DEBUG - Setting HA state for sensor.ml_heating_features: {'state': '22.52', 'attributes': {'state_class': 'measurement', 'unique_id': 'ml_heating_features', 'friendly_name': 'ML Heating Features', 'unit_of_measurement': '°C', 'device_class': 'temperature', 'icon': 'mdi:feature-search-outline', 'living_room_temp': 22.52, 'outlet_temp': 25.1, 'indoor_temp_lag_30m': 22.695, 'target_temp': 22.6, 'outdoor_temp': 1.7874999999999999, 'dhw_heating': 0.0, 'dhw_disinfection': 0.0, 'dhw_boost_heater': 0.0, 'defrosting': 0.0, 'pv_now': 50.0, 'pv_now_electrical': 50.0, 'solar_correction_percent': 100.0, 'solar_correction_factor': 1.0, 'solar_correction_enabled': 1.0, 'fireplace_on': 0.0, 'tv_on': 0.0, 'temp_forecast_1h': 1.79, 'temp_forecast_2h': 2.19, 'temp_forecast_3h': 3.49, 'temp_forecast_4h': 4.99, 'temp_forecast_5h': 6.19, 'temp_forecast_6h': 6.49, 'temp_forecast_7h': 6.69, 'temp_forecast_8h': 7.99, 'temp_forecast_9h': 6.79, 'temp_forecast_10h': 7.89, 'temp_forecast_11h': 8.19, 'temp_forecast_12h': 6.19, 'pv_forecast_1h': 651.8, 'pv_forecast_2h': 1412.8, 'pv_forecast_3h': 2692.0, 'pv_forecast_4h': 3872.8, 'pv_forecast_5h': 4282.0, 'pv_forecast_6h': 3301.0, 'pv_forecast_7h': 6079.5, 'pv_forecast_8h': 4304.8, 'pv_forecast_9h': 2843.8, 'pv_forecast_10h': 3063.8, 'pv_forecast_11h': 2873.5, 'pv_forecast_12h': 2203.2, 'pv_forecast_electrical_1h': 651.8, 'pv_forecast_electrical_2h': 1412.8, 'pv_forecast_electrical_3h': 2692.0, 'pv_forecast_electrical_4h': 3872.8, 'pv_forecast_electrical_5h': 4282.0, 'pv_forecast_electrical_6h': 3301.0, 'pv_forecast_electrical_7h': 6079.5, 'pv_forecast_electrical_8h': 4304.8, 'pv_forecast_electrical_9h': 2843.8, 'pv_forecast_electrical_10h': 3063.8, 'pv_forecast_electrical_11h': 2873.5, 'pv_forecast_electrical_12h': 2203.2, 'cloud_cover_forecast_1h': 0.0, 'cloud_cover_forecast_2h': 0.0, 'cloud_cover_forecast_3h': 0.0, 'cloud_cover_forecast_4h': 0.0, 'cloud_cover_forecast_5h': 0.0, 'cloud_cover_forecast_6h': 0.0, 'cloud_cover_forecast_7h': 0.0, 'cloud_cover_forecast_8h': 0.0, 'cloud_cover_forecast_9h': 0.0, 'cloud_cover_forecast_10h': 0.0, 'cloud_cover_forecast_11h': 0.0, 'cloud_cover_forecast_12h': 0.0, 'temp_diff_indoor_outdoor': 20.883750000000006, 'indoor_temp_gradient': -1.3904999999999674, 'outlet_indoor_diff': 2.4287499999999937, 'indoor_temp_lag_10m': 22.6625, 'indoor_temp_lag_60m': 22.715999999999998, 'outlet_temp_lag_30m': 26.9, 'outlet_temp_change': -0.04999999999999716, 'indoor_temp_delta_10m': 0.008750000000006253, 'indoor_temp_delta_30m': -0.02374999999999261, 'indoor_temp_delta_60m': -0.04474999999998985, 'hour_sin': 0.9659258262890683, 'hour_cos': 0.25881904510252074, 'month_sin': 0.8660254037844387, 'month_cos': -0.4999999999999998, 'outlet_effectiveness_ratio': 0.029336078229544597, 'inlet_temp': 24.68, 'flow_rate': 14.0, 'power_consumption': 53.0, 'delta_t': 0.4200000000000017, 'thermal_power_kw': 0.41022800000000165, 'cop_realtime': 0.0, 'temp_trend_forecast': 0.8006250000000001, 'heating_demand_forecast': 1.7610000000000001, 'combined_forecast_thermal_load': -2.1118, 'pv_power_history': [0.0, 0.0, 0.0, 0.0, 0.0, 0.0, 0.0, 0.0, 0.0, 0.0, 0.0, 0.0, 0.0, 0.0, 8.0, 13.0, 29.0, 50.0], 'pv_power_history_electrical': [0.0, 0.0, 0.0, 0.0, 0.0, 0.0, 0.0, 0.0, 0.0, 0.0, 0.0, 0.0, 0.0, 0.0, 8.0, 13.0, 29.0, 50.0], 'wind_speed': 8.7, 'is_weekend': 1.0, 'indoor_margin_rate': 0.0, 'last_updated': '2026-05-16T03:43:54.090873+00:00'}}
2026-05-16 05:43:54,120 - DEBUG - Published 93 features to sensor.ml_heating_features
2026-05-16 05:43:54,121 - DEBUG - ✅ CYCLE 34 END: 05:43:54 (duration: 1.5s)
2026-05-16 05:43:54,121 - DEBUG - 💤 POLLING START: Waiting 30min until next cycle...
2026-05-16 05:43:54,147 - DEBUG - Active sampling: buffered 6 readings
127.0.0.1 - - [16/May/2026 05:44:20] "GET /health HTTP/1.1" 200 -
127.0.0.1 - - [16/May/2026 05:44:50] "GET /health HTTP/1.1" 200 -
2026-05-16 05:44:54,508 - DEBUG - Active sampling: buffered 6 readings
127.0.0.1 - - [16/May/2026 05:45:20] "GET /health HTTP/1.1" 200 -
127.0.0.1 - - [16/May/2026 05:45:50] "GET /health HTTP/1.1" 200 -
2026-05-16 05:45:54,537 - DEBUG - Active sampling: buffered 6 readings
127.0.0.1 - - [16/May/2026 05:46:20] "GET /health HTTP/1.1" 200 -
127.0.0.1 - - [16/May/2026 05:46:50] "GET /health HTTP/1.1" 200 -
2026-05-16 05:46:54,567 - DEBUG - Active sampling: buffered 6 readings
127.0.0.1 - - [16/May/2026 05:47:20] "GET /health HTTP/1.1" 200 -
127.0.0.1 - - [16/May/2026 05:47:50] "GET /health HTTP/1.1" 200 -
2026-05-16 05:47:54,597 - DEBUG - Active sampling: buffered 6 readings
127.0.0.1 - - [16/May/2026 05:48:20] "GET /health HTTP/1.1" 200 -
127.0.0.1 - - [16/May/2026 05:48:50] "GET /health HTTP/1.1" 200 -
2026-05-16 05:48:54,627 - DEBUG - Active sampling: buffered 6 readings
127.0.0.1 - - [16/May/2026 05:49:20] "GET /health HTTP/1.1" 200 -
127.0.0.1 - - [16/May/2026 05:49:50] "GET /health HTTP/1.1" 200 -
2026-05-16 05:49:54,658 - DEBUG - Active sampling: buffered 6 readings
127.0.0.1 - - [16/May/2026 05:50:21] "GET /health HTTP/1.1" 200 -
127.0.0.1 - - [16/May/2026 05:50:51] "GET /health HTTP/1.1" 200 -
2026-05-16 05:50:54,686 - DEBUG - Active sampling: buffered 6 readings
127.0.0.1 - - [16/May/2026 05:51:21] "GET /health HTTP/1.1" 200 -
127.0.0.1 - - [16/May/2026 05:51:51] "GET /health HTTP/1.1" 200 -
2026-05-16 05:51:54,715 - DEBUG - Active sampling: buffered 6 readings
127.0.0.1 - - [16/May/2026 05:52:21] "GET /health HTTP/1.1" 200 -
127.0.0.1 - - [16/May/2026 05:52:51] "GET /health HTTP/1.1" 200 -
2026-05-16 05:52:54,745 - DEBUG - Active sampling: buffered 6 readings
127.0.0.1 - - [16/May/2026 05:53:21] "GET /health HTTP/1.1" 200 -
127.0.0.1 - - [16/May/2026 05:53:51] "GET /health HTTP/1.1" 200 -
2026-05-16 05:53:54,747 - DEBUG - ⏰ POLLING END: Waited 10.0min, starting next cycle...
2026-05-16 05:53:54,747 - DEBUG - 🔄 CYCLE 35 START: 05:53:54 (interval: 10.0min since last cycle)
2026-05-16 05:53:54,747 - DEBUG - ♻️ Reusing existing Model Wrapper instance
2026-05-16 05:53:54,747 - INFO - Successfully loaded operational state from /config/ml_heating/unified_thermal_state.json
2026-05-16 05:53:54,774 - DEBUG - Setting HA state for sensor.ml_heating_cop_realtime: {'state': '0.00', 'attributes': {'state_class': 'measurement', 'unique_id': 'ml_heating_cop_realtime', 'friendly_name': 'ML Heating COP (Realtime)', 'unit_of_measurement': 'COP', 'icon': 'mdi:heat-pump', 'device_class': 'power_factor'}}
2026-05-16 05:53:54,787 - DEBUG - Setting HA state for sensor.ml_heating_thermal_power: {'state': '0.000', 'attributes': {'state_class': 'measurement', 'unique_id': 'ml_heating_thermal_power', 'friendly_name': 'ML Heating Thermal Power', 'unit_of_measurement': 'kW', 'icon': 'mdi:flash', 'device_class': 'power'}}
2026-05-16 05:53:54,823 - DEBUG - Wrote thermodynamic metrics to InfluxDB
2026-05-16 05:53:54,823 - DEBUG - Thermodynamic sensors updated: COP=0.00, Power=0.000kW
2026-05-16 05:53:54,823 - DEBUG - ♻️ Reusing existing Model Wrapper instance
2026-05-16 05:53:54,824 - DEBUG - 🎯 ACTIVE MODE LEARNING (trajectory): Verifying ML prediction accuracy for 21.6°C outlet setting
2026-05-16 05:53:54,826 - DEBUG - Defaulting channel learning to heat_pump: pv_power_current=50.000, pv_power=5.556, thermal_power=0.410, delta_t=0.420, heat_pump_active=False
2026-05-16 05:53:54,826 - DEBUG - ♨️ HeatPumpChannel self-learned (heating): avg_error=0.018, tau=4.83h, hlc=0.120, outlet_effectiveness=0.828, slab_tau=4.00h, delta_t_floor=2.49
2026-05-16 05:53:54,826 - INFO - ♨️ heat_pump parameter update: attributed_error=+0.015177 | delta_t_floor: 2.48725→2.485733 (Δ-0.001517) | heat_loss_coefficient: 0.12037→0.120352 (Δ-0.000018) | outlet_effectiveness: 0.828119→0.828302 (Δ+0.000182) | slab_time_constant_hours: 4.00042→4.000456 (Δ+0.000036) | thermal_time_constant: 4.834619→4.834528 (Δ-0.000091)
2026-05-16 05:53:54,826 - INFO - Channel routing → [♨️ heat_pump*] | error=+0.0152 | pv_current=50W pv_smoothed=6W | params_changed=heat_pump
2026-05-16 05:53:55,016 - DEBUG - 💾 Saved unified thermal state to /config/ml_heating/unified_thermal_state.json
2026-05-16 05:53:55,018 - DEBUG - Skipping legacy global adaptation: channel mode owns recent-window learning
2026-05-16 05:53:55,212 - DEBUG - 💾 Saved unified thermal state to /config/ml_heating/unified_thermal_state.json
2026-05-16 05:53:55,214 - DEBUG - Prediction feedback: error=0.015°C, confidence=5.000
2026-05-16 05:53:55,401 - DEBUG - 💾 Saved unified thermal state to /config/ml_heating/unified_thermal_state.json
2026-05-16 05:53:55,403 - DEBUG - 💾 Saved 200 predictions to unified thermal state
2026-05-16 05:53:55,403 - DEBUG - Added prediction: pred=22.63, actual=22.65, error=0.015
2026-05-16 05:53:55,590 - DEBUG - 💾 Saved unified thermal state to /config/ml_heating/unified_thermal_state.json
2026-05-16 05:53:55,594 - DEBUG - Setting HA state for sensor.ml_model_mae: {'state': '0.0287', 'attributes': {'state_class': 'measurement', 'unique_id': 'ml_heating_model_mae', 'friendly_name': 'ML Model MAE', 'unit_of_measurement': '°C', 'icon': 'mdi:chart-line', 'last_updated': '2026-05-16T03:53:55.594030+00:00'}}
2026-05-16 05:53:55,607 - DEBUG - Setting HA state for sensor.ml_model_rmse: {'state': '0.0400', 'attributes': {'state_class': 'measurement', 'unique_id': 'ml_heating_model_rmse', 'friendly_name': 'ML Model RMSE', 'unit_of_measurement': '°C', 'icon': 'mdi:chart-line', 'last_updated': '2026-05-16T03:53:55.594030+00:00'}}
2026-05-16 05:53:55,621 - DEBUG - Setting HA state for sensor.ml_heating_learning: {'state': '5.000', 'attributes': {'state_class': 'measurement', 'unique_id': 'ml_heating_learning', 'friendly_name': 'ML Adaptive Learning Metrics', 'unit_of_measurement': 'metrics', 'icon': 'mdi:brain', 'thermal_time_constant': 4.8345275867350885, 'heat_loss_coefficient': 0.12035197370821737, 'outlet_effectiveness': 0.8283017284451556, 'pv_heat_weight': 0.0011388529526730347, 'fireplace_heat_weight': 0.17156709601311348, 'tv_heat_weight': 0.44733899208522154, 'solar_lag_minutes': 39.66837846635902, 'slab_time_constant_hours': 4.000456052583566, 'heat_source_channels_enabled': True, 'total_conductance': 0.3, 'equilibrium_ratio': 0.5, 'cycle_count': 5373, 'parameter_updates': 535, 'model_health': 'excellent', 'learning_progress': 1.0, 'is_improving': True, 'improvement_percentage': 18.657429847048064, 'total_predictions': 200, 'learning_confidence': 5.0, 'last_updated': '2026-05-16T03:53:55.621677+00:00', 'delta_t_floor': 2.4857328190130326, 'cloud_factor_exponent': 1.0, 'solar_decay_tau_hours': 1.05759890202272, 'fp_heat_output_kw': 0.17156709601311348, 'fp_decay_time_constant': 3.9144707244638868, 'room_spread_delay_minutes': 18.0, 'ch_heat_pump_history_count': 200, 'ch_heat_pump_last_error': 0.015176865717659638, 'ch_pv_history_count': 200, 'ch_pv_last_error': 0.061215926435696844, 'ch_fireplace_history_count': 0, 'ch_fireplace_last_error': 0.0, 'ch_tv_history_count': 0, 'ch_tv_last_error': 0.0}}
2026-05-16 05:53:55,635 - DEBUG - Setting HA state for sensor.ml_model_mae: {'state': '0.0287', 'attributes': {'state_class': 'measurement', 'unique_id': 'ml_heating_model_mae', 'friendly_name': 'ML Model MAE', 'unit_of_measurement': '°C', 'icon': 'mdi:chart-line', 'mae_1h': 0.01956028907282903, 'mae_6h': 0.02818562900105211, 'mae_24h': 0.028746181926353243, 'trend_direction': 'improving', 'prediction_count': 200, 'last_updated': '2026-05-16T03:53:55.621677+00:00'}}
2026-05-16 05:53:55,650 - DEBUG - Setting HA state for sensor.ml_model_rmse: {'state': '0.0400', 'attributes': {'state_class': 'measurement', 'unique_id': 'ml_heating_model_rmse', 'friendly_name': 'ML Model RMSE', 'unit_of_measurement': '°C', 'icon': 'mdi:chart-line', 'recent_max_error': 0.03352079090140592, 'std_error': 0.0278, 'mean_bias': 0.0, 'prediction_count': 200, 'last_updated': '2026-05-16T03:53:55.621677+00:00'}}
2026-05-16 05:53:55,670 - DEBUG - Setting HA state for sensor.ml_prediction_accuracy: {'state': '99.4', 'attributes': {'state_class': 'measurement', 'unique_id': 'ml_prediction_accuracy', 'friendly_name': 'ML Prediction Accuracy', 'unit_of_measurement': '%', 'icon': 'mdi:target', 'perfect_accuracy_pct': 0.0, 'tolerable_accuracy_pct': 99.38271604938271, 'poor_accuracy_pct': 0.6172839506172839, 'prediction_count_24h': 0, 'excellent_all_time_pct': 98.0, 'good_all_time_pct': 100.0, 'last_updated': '2026-05-16T03:53:55.621677+00:00'}}
2026-05-16 05:53:55,683 - DEBUG - Logged refactored sensor metrics to HA
2026-05-16 05:53:55,683 - DEBUG - Logging feature importance
2026-05-16 05:53:55,683 - DEBUG - Setting HA state for sensor.ml_feature_importance: {'state': '5', 'attributes': {'state_class': 'measurement', 'unique_id': 'ml_heating_feature_importance', 'friendly_name': 'ML Feature Importance', 'unit_of_measurement': '%', 'icon': 'mdi:format-list-numbered', 'top_features': {'target_temp': 52.8, 'tv_power': 28.52, 'fireplace': 10.94, 'outdoor_temp': 7.67, 'pv_power': 0.07}, 'last_updated': '2026-05-16T03:53:55.683769+00:00'}}
2026-05-16 05:53:55,697 - INFO - ✅ Exported metrics to Home Assistant sensors successfully
2026-05-16 05:53:55,697 - INFO - ✅ Learning cycle 5373: error=0.015°C, confidence=5.000, total_predictions=200
2026-05-16 05:53:55,697 - DEBUG - ✅ Online learning: applied_temp=21.6°C, actual_change=-0.010°C, cycle=5373
2026-05-16 05:53:55,697 - DEBUG - 🔥 Heating mode active (state: heat)
2026-05-16 05:53:55,697 - DEBUG - ♻️ Reusing existing Model Wrapper instance
2026-05-16 05:53:55,724 - DEBUG - Fireplace is OFF. Using main indoor temp for prediction.
2026-05-16 05:53:55,913 - DEBUG - PV forecast parsed successfully: [823.5, 1467.5, 3146.8, 3463.2, 4817.2, 3573.2, 5936.0, 3960.2, 2870.0, 3015.0, 2804.8, 1921.8]W
2026-05-16 05:53:55,913 - DEBUG - Solar correction: enabled=True, percent=100.0%, factor=1.000
2026-05-16 05:53:55,930 - DEBUG - Delta calibration applied: offset=-2.12°C
2026-05-16 05:53:55,930 - DEBUG - Raw forecasts: [3.8, 4.2, 5.5, 7.0, 8.2, 8.5, 8.7, 10.0, 8.8, 9.9, 10.2, 8.2]
2026-05-16 05:53:55,930 - DEBUG - Calibrated forecasts: [1.68, 2.08, 3.38, 4.88, 6.08, 6.38, 6.58, 7.88, 6.68, 7.78, 8.08, 6.08]
2026-05-16 05:53:55,934 - INFO - ☀️ Forecast trajectory: PV=130W < threshold=1500W but 10 forecast hours above threshold → rescued, continuing
2026-05-16 05:53:55,935 - INFO - ☀️ Forecast trajectory: no sunset within 12-step horizon → inactive, 4 steps
2026-05-16 05:53:55,935 - DEBUG - Heating obs buffer: resolved 1 new label(s) this cycle
2026-05-16 05:53:55,954 - DEBUG - ♻️ Reusing existing Model Wrapper instance
2026-05-16 05:53:55,959 - INFO - DEBUG: Wrapper params: U=0.12035197370821737, eff=0.8283017284451556, tau=4.8345275867350885
2026-05-16 05:53:55,959 - INFO - ☀️ PV surplus 130W (threshold 1500W): target 22.6 → 22.6°C (CHEAP ramp offset +0.04)
2026-05-16 05:53:55,960 - DEBUG - 🔧 Using natural bounds: outlet_min=21.0°C, outlet_max=35.0°C
2026-05-16 05:53:55,960 - INFO - 🌡️ Using cycle-aligned forecast (10min): outdoor=1.7°C (vs current 1.7°C), PV=77W (vs current 9W)
2026-05-16 05:53:55,960 - DEBUG - DEBUG: Using PV history (len=18) instead of scalar 76.875
2026-05-16 05:53:55,960 - INFO - 🔄 HP off (delta_t=0.02, mode=heating): simulating HP-on delta_t=2.49 for binary search
2026-05-16 05:53:55,960 - DEBUG - 🎯 Binary search start: target=22.6°C, current=22.7°C, range=21.0-35.0°C
2026-05-16 05:53:55,960 - DEBUG - 🔍 Binary search features: inlet_temp=24.7, delta_t_floor=2.49, indoor_temp_delta_60m=-0.0440, horizon=4.0h, outlet_mid=28.0°C
2026-05-16 05:53:55,961 - DEBUG - ✅ Binary search trajectory OK (iter 1): outlet=28.0°C → predicted=23.91°C (steps=24, start=22.69→end=23.91)
2026-05-16 05:53:55,961 - DEBUG -    Iteration 1: outlet=28.0°C → predicted=23.91°C, error=1.266°C (range: 21.0-35.0°C)
2026-05-16 05:53:55,961 - DEBUG -      → Maintenance: Predicted too high, lowering maximum to 28.0°C
2026-05-16 05:53:55,962 - DEBUG -    Iteration 2: outlet=24.5°C → predicted=22.84°C, error=0.195°C (range: 21.0-28.0°C)
2026-05-16 05:53:55,962 - DEBUG -      → Maintenance: Predicted too high, lowering maximum to 24.5°C
2026-05-16 05:53:55,963 - DEBUG -    Iteration 3: outlet=22.8°C → predicted=22.77°C, error=0.128°C (range: 21.0-24.5°C)
2026-05-16 05:53:55,963 - DEBUG -      → Maintenance: Predicted too high, lowering maximum to 22.8°C
2026-05-16 05:53:55,964 - DEBUG -    Iteration 4: outlet=21.9°C → predicted=22.77°C, error=0.128°C (range: 21.0-22.8°C)
2026-05-16 05:53:55,964 - DEBUG -      → Maintenance: Predicted too high, lowering maximum to 21.9°C
2026-05-16 05:53:55,964 - DEBUG -    Iteration 5: outlet=21.4°C → predicted=22.77°C, error=0.128°C (range: 21.0-21.9°C)
2026-05-16 05:53:55,964 - DEBUG -      → Maintenance: Predicted too high, lowering maximum to 21.4°C
2026-05-16 05:53:55,965 - DEBUG -    Iteration 6: outlet=21.2°C → predicted=22.77°C, error=0.128°C (range: 21.0-21.4°C)
2026-05-16 05:53:55,965 - DEBUG -      → Maintenance: Predicted too high, lowering maximum to 21.2°C
2026-05-16 05:53:55,966 - DEBUG -    Iteration 7: outlet=21.1°C → predicted=22.77°C, error=0.128°C (range: 21.0-21.2°C)
2026-05-16 05:53:55,966 - DEBUG -      → Maintenance: Predicted too high, lowering maximum to 21.1°C
2026-05-16 05:53:55,967 - DEBUG -    Iteration 8: outlet=21.1°C → predicted=22.77°C, error=0.128°C (range: 21.0-21.1°C)
2026-05-16 05:53:55,967 - DEBUG -      → Maintenance: Predicted too high, lowering maximum to 21.1°C
2026-05-16 05:53:55,968 - DEBUG -    Iteration 9: outlet=21.0°C → predicted=22.77°C, error=0.128°C (range: 21.0-21.1°C)
2026-05-16 05:53:55,968 - DEBUG -      → Maintenance: Predicted too high, lowering maximum to 21.0°C
2026-05-16 05:53:55,968 - INFO - 🔄 Binary search early exit after 10 iterations: range collapsed to 0.027°C, using 21.0°C
2026-05-16 05:53:55,969 - DEBUG - Slab: inlet=24.7°C, outlet=21.0°C, Δ=-3.7°C, τ=4.00h
2026-05-16 05:53:55,969 - DEBUG - 🔍 Trajectory prediction using forecast arrays: outdoor=[1.6812500000000006, 1.68, 2.08, 3.38, 4.88], PV=[9.0, 823.5, 1467.5, 3146.8, 3463.2]
2026-05-16 05:53:55,969 - DEBUG - 🔍 Trajectory DEBUG: outlet=21.0°C → 0.2h_prediction=22.64°C (vs target 22.6°C, error: -0.004°C), reaches_target_at=0.16666666666666666h, cycle_time=0.2h
2026-05-16 05:53:55,969 - DEBUG - 🔍 Trajectory predictions for target 22.6°C:
2026-05-16 05:53:55,969 - DEBUG -     0.2h: 22.64°C → target 22.64°C (error: -0.00°C)
2026-05-16 05:53:55,969 - DEBUG -     0.3h: 22.61°C → target 22.64°C (error: -0.03°C)
2026-05-16 05:53:55,969 - DEBUG -     0.5h: 22.58°C → target 22.64°C (error: -0.06°C)
2026-05-16 05:53:55,969 - DEBUG -     0.7h: 22.56°C → target 22.64°C (error: -0.09°C)
2026-05-16 05:53:55,969 - DEBUG -     0.8h: 22.54°C → target 22.64°C (error: -0.11°C)
2026-05-16 05:53:55,969 - DEBUG -     1.0h: 22.52°C → target 22.64°C (error: -0.12°C)
2026-05-16 05:53:55,969 - DEBUG -     1.2h: 22.51°C → target 22.64°C (error: -0.14°C)
2026-05-16 05:53:55,969 - DEBUG -     1.3h: 22.50°C → target 22.64°C (error: -0.15°C)
2026-05-16 05:53:55,969 - DEBUG -     1.5h: 22.49°C → target 22.64°C (error: -0.15°C)
2026-05-16 05:53:55,969 - DEBUG -     1.7h: 22.49°C → target 22.64°C (error: -0.16°C)
2026-05-16 05:53:55,969 - DEBUG -     1.8h: 22.49°C → target 22.64°C (error: -0.16°C)
2026-05-16 05:53:55,969 - DEBUG -     2.0h: 22.49°C → target 22.64°C (error: -0.16°C)
2026-05-16 05:53:55,969 - DEBUG -     2.2h: 22.49°C → target 22.64°C (error: -0.15°C)
2026-05-16 05:53:55,969 - DEBUG -     2.3h: 22.50°C → target 22.64°C (error: -0.14°C)
2026-05-16 05:53:55,969 - DEBUG -     2.5h: 22.51°C → target 22.64°C (error: -0.13°C)
2026-05-16 05:53:55,969 - DEBUG -     2.7h: 22.53°C → target 22.64°C (error: -0.11°C)
2026-05-16 05:53:55,969 - DEBUG -     2.8h: 22.55°C → target 22.64°C (error: -0.09°C)
2026-05-16 05:53:55,969 - DEBUG -     3.0h: 22.58°C → target 22.64°C (error: -0.06°C)
2026-05-16 05:53:55,969 - DEBUG -     3.2h: 22.61°C → target 22.64°C (error: -0.03°C)
2026-05-16 05:53:55,969 - DEBUG -     3.3h: 22.64°C → target 22.64°C (error: -0.00°C)
2026-05-16 05:53:55,969 - DEBUG -     3.5h: 22.67°C → target 22.64°C (error: +0.03°C)
2026-05-16 05:53:55,969 - DEBUG -     3.7h: 22.71°C → target 22.64°C (error: +0.06°C)
2026-05-16 05:53:55,969 - DEBUG -     3.8h: 22.74°C → target 22.64°C (error: +0.10°C)
2026-05-16 05:53:55,969 - DEBUG -     4.0h: 22.77°C → target 22.64°C (error: +0.13°C)
2026-05-16 05:53:55,969 - DEBUG - Ignoring minor future overshoot (max=22.77°C) because immediate cycle is safe (22.64°C)
2026-05-16 05:53:55,969 - INFO - ⚠️ Temperature boundary violations detected (min: 22.49°C, max: 22.77°C) - applying correction
2026-05-16 05:53:55,970 - INFO - 🔄 [Newton] Skipping undershoot correction (both violated, min wins): projected indoor 22.62°C > target-0.1 (22.5°C) — house self-correcting
2026-05-16 05:53:55,972 - DEBUG - HeatingCorrectionMLModel: raw ΔT_outlet=-0.052°C (R²=0.8638)
2026-05-16 05:53:55,972 - INFO - 🤖 [ML correction] R²=0.864 w=0.864 Δphysics=+0.000°C Δml=-0.052°C Δblend=-0.045°C → outlet=21.0°C
2026-05-16 05:53:55,972 - DEBUG - 🧠 Smart rounding is using cycle-aligned forecast: PV=77W (caller sent PV=9W)
2026-05-16 05:53:55,973 - INFO - 🎯 Prediction: Current 22.65°C → Target 22.6°C | Calculated outlet: 21.0°C (before smart rounding) (confidence: 5.000)
2026-05-16 05:53:55,973 - DEBUG - Model Wrapper: temp=21.0°C, error=0.050°C, confidence=5.000
2026-05-16 05:53:55,973 - DEBUG - EMA smoothing: 21.00°C → 21.3°C (last=21.6, α=0.50)
2026-05-16 05:53:55,973 - DEBUG - ♻️ Reusing existing Model Wrapper instance
2026-05-16 05:53:55,973 - INFO - 🌡️ Using cycle-aligned forecast (10min): outdoor=1.6°C (vs current 1.6°C), PV=77W (vs current 9W)
2026-05-16 05:53:55,973 - DEBUG - 🧠 Smart rounding is using cycle-aligned forecast: PV=77W (caller sent PV=77W)
2026-05-16 05:53:55,973 - DEBUG - 🧠 Smart rounding is using cycle-aligned forecast: PV=77W (caller sent PV=77W)
2026-05-16 05:53:55,973 - DEBUG - Smart rounding: 21.30°C → 22°C (chose ceiling: floor→22.52°C [err=0.084], ceiling→22.54°C [err=0.056], target=22.6°C)
2026-05-16 05:53:55,973 - DEBUG - Setting target outlet temp
2026-05-16 05:53:55,973 - DEBUG - Setting HA state for sensor.ml_vorlauftemperatur: {'state': '21.3', 'attributes': {'state_class': 'measurement', 'unique_id': 'ml_heating_target_outlet_temp', 'friendly_name': 'ML Target Outlet Temp', 'unit_of_measurement': '°C', 'device_class': 'temperature', 'icon': 'mdi:thermometer-water'}}
2026-05-16 05:53:55,986 - DEBUG - Logging thermal model metrics
2026-05-16 05:53:55,986 - DEBUG - Setting HA state for sensor.ml_heating_state: {'state': '0', 'attributes': {'state_class': 'measurement', 'unique_id': 'ml_heating_state', 'friendly_name': 'ML Heating State', 'unit_of_measurement': 'state', 'icon': 'mdi:information-outline', 'state_description': 'OK - Prediction done', 'confidence': 5.0, 'suggested_temp': 21.0, 'final_temp': 21.3, 'predicted_indoor': 22.54, 'last_prediction_time': '2026-05-16T03:53:55.986377+00:00', 'temperature_error': 0.05, 'pre_cool_active': False, 'pre_cool_peak_temp': None, 'pre_cool_peak_hour': None}}
2026-05-16 05:53:56,005 - DEBUG - ✅ ACTIVE MODE: ML controlling heating via input_boolean.ml_heating
2026-05-16 05:53:56,007 - DEBUG - 🧠 Smart rounding is using cycle-aligned forecast: PV=77W (caller sent PV=9W)
2026-05-16 05:53:56,007 - DEBUG - Target: 22.6°C | Suggested: 21.0°C | Applied: 21.3°C | Actual Indoor: 22.65°C | Predicted Indoor: 22.52°C | Confidence: 5.000
2026-05-16 05:53:56,007 - INFO - Target: 22.6°C | Suggested: 21.0°C | Applied: 21.3°C | Actual Indoor: 22.65°C | Predicted Indoor: 22.52°C | Confidence: 5.000
2026-05-16 05:53:56,194 - DEBUG - 💾 Saved unified thermal state to /config/ml_heating/unified_thermal_state.json
2026-05-16 05:53:56,196 - DEBUG - Operational state saved to /config/ml_heating/unified_thermal_state.json; updated keys: ['last_run_features', 'last_indoor_temp', 'last_avg_other_rooms_temp', 'last_fireplace_on', 'last_final_temp', 'last_climate_mode', 'last_target_indoor_temp', 'last_predicted_indoor', 'last_is_blocking', 'last_blocking_reasons', 'setpoint_hold_cycles_remaining']
2026-05-16 05:53:56,196 - DEBUG - Setting HA state for sensor.ml_heating_features: {'state': '22.50', 'attributes': {'state_class': 'measurement', 'unique_id': 'ml_heating_features', 'friendly_name': 'ML Heating Features', 'unit_of_measurement': '°C', 'device_class': 'temperature', 'icon': 'mdi:feature-search-outline', 'living_room_temp': 22.5, 'outlet_temp': 24.720000000000002, 'indoor_temp_lag_30m': 22.677, 'target_temp': 22.6, 'outdoor_temp': 1.6812500000000006, 'dhw_heating': 0.0, 'dhw_disinfection': 0.0, 'dhw_boost_heater': 0.0, 'defrosting': 0.0, 'pv_now': 130.0, 'pv_now_electrical': 130.0, 'solar_correction_percent': 100.0, 'solar_correction_factor': 1.0, 'solar_correction_enabled': 1.0, 'fireplace_on': 0.0, 'tv_on': 0.0, 'temp_forecast_1h': 1.68, 'temp_forecast_2h': 2.08, 'temp_forecast_3h': 3.38, 'temp_forecast_4h': 4.88, 'temp_forecast_5h': 6.08, 'temp_forecast_6h': 6.38, 'temp_forecast_7h': 6.58, 'temp_forecast_8h': 7.88, 'temp_forecast_9h': 6.68, 'temp_forecast_10h': 7.78, 'temp_forecast_11h': 8.08, 'temp_forecast_12h': 6.08, 'pv_forecast_1h': 823.5, 'pv_forecast_2h': 1467.5, 'pv_forecast_3h': 3146.8, 'pv_forecast_4h': 3463.2, 'pv_forecast_5h': 4817.2, 'pv_forecast_6h': 3573.2, 'pv_forecast_7h': 5936.0, 'pv_forecast_8h': 3960.2, 'pv_forecast_9h': 2870.0, 'pv_forecast_10h': 3015.0, 'pv_forecast_11h': 2804.8, 'pv_forecast_12h': 1921.8, 'pv_forecast_electrical_1h': 823.5, 'pv_forecast_electrical_2h': 1467.5, 'pv_forecast_electrical_3h': 3146.8, 'pv_forecast_electrical_4h': 3463.2, 'pv_forecast_electrical_5h': 4817.2, 'pv_forecast_electrical_6h': 3573.2, 'pv_forecast_electrical_7h': 5936.0, 'pv_forecast_electrical_8h': 3960.2, 'pv_forecast_electrical_9h': 2870.0, 'pv_forecast_electrical_10h': 3015.0, 'pv_forecast_electrical_11h': 2804.8, 'pv_forecast_electrical_12h': 1921.8, 'cloud_cover_forecast_1h': 0.0, 'cloud_cover_forecast_2h': 0.0, 'cloud_cover_forecast_3h': 0.0, 'cloud_cover_forecast_4h': 0.0, 'cloud_cover_forecast_5h': 0.0, 'cloud_cover_forecast_6h': 0.0, 'cloud_cover_forecast_7h': 0.0, 'cloud_cover_forecast_8h': 0.0, 'cloud_cover_forecast_9h': 0.0, 'cloud_cover_forecast_10h': 0.0, 'cloud_cover_forecast_11h': 0.0, 'cloud_cover_forecast_12h': 0.0, 'temp_diff_indoor_outdoor': 20.978749999999998, 'indoor_temp_gradient': -1.3979999999999606, 'outlet_indoor_diff': 2.0600000000000023, 'indoor_temp_lag_10m': 22.66, 'indoor_temp_lag_60m': 22.703999999999997, 'outlet_temp_lag_30m': 26.53, 'outlet_temp_change': -0.004999999999999005, 'indoor_temp_delta_10m': 0.0, 'indoor_temp_delta_30m': -0.01699999999999946, 'indoor_temp_delta_60m': -0.04399999999999693, 'hour_sin': 0.9659258262890683, 'hour_cos': 0.25881904510252074, 'month_sin': 0.8660254037844387, 'month_cos': -0.4999999999999998, 'outlet_effectiveness_ratio': 0.02912621359223236, 'inlet_temp': 24.7, 'flow_rate': 14.0, 'power_consumption': 53.0, 'delta_t': 0.020000000000003126, 'thermal_power_kw': 0.019534666666669722, 'cop_realtime': 0.0, 'temp_trend_forecast': 0.7996874999999999, 'heating_demand_forecast': 1.7720000000000002, 'combined_forecast_thermal_load': -1.6911999999999998, 'pv_power_history': [0.0, 0.0, 0.0, 0.0, 0.0, 0.0, 0.0, 0.0, 0.0, 0.0, 0.0, 0.0, 0.0, 8.0, 13.0, 29.0, 52.0, 60.0], 'pv_power_history_electrical': [0.0, 0.0, 0.0, 0.0, 0.0, 0.0, 0.0, 0.0, 0.0, 0.0, 0.0, 0.0, 0.0, 8.0, 13.0, 29.0, 52.0, 60.0], 'wind_speed': 8.7, 'is_weekend': 1.0, 'indoor_margin_rate': 0.0, 'last_updated': '2026-05-16T03:53:56.196607+00:00'}}
2026-05-16 05:53:56,222 - DEBUG - Published 93 features to sensor.ml_heating_features
2026-05-16 05:53:56,222 - DEBUG - ✅ CYCLE 35 END: 05:53:56 (duration: 1.5s)
2026-05-16 05:53:56,222 - DEBUG - 💤 POLLING START: Waiting 30min until next cycle...
2026-05-16 05:53:56,247 - DEBUG - Active sampling: buffered 6 readings
127.0.0.1 - - [16/May/2026 05:54:21] "GET /health HTTP/1.1" 200 -
127.0.0.1 - - [16/May/2026 05:54:51] "GET /health HTTP/1.1" 200 -
2026-05-16 05:54:56,278 - DEBUG - Active sampling: buffered 6 readings
127.0.0.1 - - [16/May/2026 05:55:21] "GET /health HTTP/1.1" 200 -
127.0.0.1 - - [16/May/2026 05:55:51] "GET /health HTTP/1.1" 200 -
2026-05-16 05:55:56,308 - DEBUG - Active sampling: buffered 6 readings
127.0.0.1 - - [16/May/2026 05:56:21] "GET /health HTTP/1.1" 200 -
127.0.0.1 - - [16/May/2026 05:56:51] "GET /health HTTP/1.1" 200 -
2026-05-16 05:56:56,337 - DEBUG - Active sampling: buffered 6 readings
127.0.0.1 - - [16/May/2026 05:57:21] "GET /health HTTP/1.1" 200 -
127.0.0.1 - - [16/May/2026 05:57:51] "GET /health HTTP/1.1" 200 -
2026-05-16 05:57:56,367 - DEBUG - Active sampling: buffered 6 readings
127.0.0.1 - - [16/May/2026 05:58:21] "GET /health HTTP/1.1" 200 -
127.0.0.1 - - [16/May/2026 05:58:52] "GET /health HTTP/1.1" 200 -
2026-05-16 05:58:56,397 - DEBUG - Active sampling: buffered 6 readings
127.0.0.1 - - [16/May/2026 05:59:22] "GET /health HTTP/1.1" 200 -
127.0.0.1 - - [16/May/2026 05:59:52] "GET /health HTTP/1.1" 200 -
2026-05-16 05:59:56,427 - DEBUG - Active sampling: buffered 6 readings
127.0.0.1 - - [16/May/2026 06:00:22] "GET /health HTTP/1.1" 200 -
127.0.0.1 - - [16/May/2026 06:00:52] "GET /health HTTP/1.1" 200 -
2026-05-16 06:00:56,456 - DEBUG - Active sampling: buffered 6 readings
127.0.0.1 - - [16/May/2026 06:01:22] "GET /health HTTP/1.1" 200 -
127.0.0.1 - - [16/May/2026 06:01:52] "GET /health HTTP/1.1" 200 -
2026-05-16 06:01:56,485 - DEBUG - Active sampling: buffered 6 readings
127.0.0.1 - - [16/May/2026 06:02:22] "GET /health HTTP/1.1" 200 -
127.0.0.1 - - [16/May/2026 06:02:52] "GET /health HTTP/1.1" 200 -
2026-05-16 06:02:56,515 - DEBUG - Active sampling: buffered 6 readings
127.0.0.1 - - [16/May/2026 06:03:22] "GET /health HTTP/1.1" 200 -
127.0.0.1 - - [16/May/2026 06:03:52] "GET /health HTTP/1.1" 200 -
2026-05-16 06:03:56,518 - DEBUG - ⏰ POLLING END: Waited 10.0min, starting next cycle...
2026-05-16 06:03:56,519 - DEBUG - 🔄 CYCLE 36 START: 06:03:56 (interval: 10.0min since last cycle)
2026-05-16 06:03:56,519 - DEBUG - ♻️ Reusing existing Model Wrapper instance
2026-05-16 06:03:56,519 - INFO - Successfully loaded operational state from /config/ml_heating/unified_thermal_state.json
2026-05-16 06:03:56,545 - DEBUG - Setting HA state for sensor.ml_heating_cop_realtime: {'state': '0.00', 'attributes': {'state_class': 'measurement', 'unique_id': 'ml_heating_cop_realtime', 'friendly_name': 'ML Heating COP (Realtime)', 'unit_of_measurement': 'COP', 'icon': 'mdi:heat-pump', 'device_class': 'power_factor'}}
2026-05-16 06:03:56,558 - DEBUG - Setting HA state for sensor.ml_heating_thermal_power: {'state': '0.098', 'attributes': {'state_class': 'measurement', 'unique_id': 'ml_heating_thermal_power', 'friendly_name': 'ML Heating Thermal Power', 'unit_of_measurement': 'kW', 'icon': 'mdi:flash', 'device_class': 'power'}}
2026-05-16 06:03:56,598 - DEBUG - Wrote thermodynamic metrics to InfluxDB
2026-05-16 06:03:56,598 - DEBUG - Thermodynamic sensors updated: COP=0.00, Power=0.098kW
2026-05-16 06:03:56,598 - DEBUG - ♻️ Reusing existing Model Wrapper instance
2026-05-16 06:03:56,599 - DEBUG - 🎯 ACTIVE MODE LEARNING (trajectory): Verifying ML prediction accuracy for 21.3°C outlet setting
2026-05-16 06:03:56,601 - DEBUG - ☀️ SolarChannel self-learned: avg_error=0.034, pv_heat_weight=0.00117, solar_lag=39.7min, cloud_exp=1.00, solar_decay_tau=1.06h
2026-05-16 06:03:56,601 - INFO - ☀️ pv parameter update: attributed_error=+0.032847 | pv_heat_weight: 0.001139→0.001173 (Δ+0.000034) | solar_decay_tau_hours: 1.057599→1.057616 (Δ+0.000017) | solar_lag_minutes: 39.668378→39.668296 (Δ-0.000082)
2026-05-16 06:03:56,601 - INFO - Channel routing → [☀️ pv*] | error=+0.0328 | pv_current=130W pv_smoothed=9W | params_changed=pv
2026-05-16 06:03:56,885 - DEBUG - 💾 Saved unified thermal state to /config/ml_heating/unified_thermal_state.json
2026-05-16 06:03:56,887 - DEBUG - Skipping legacy global adaptation: channel mode owns recent-window learning
2026-05-16 06:03:57,077 - DEBUG - 💾 Saved unified thermal state to /config/ml_heating/unified_thermal_state.json
2026-05-16 06:03:57,078 - DEBUG - Prediction feedback: error=0.033°C, confidence=5.000
2026-05-16 06:03:57,266 - DEBUG - 💾 Saved unified thermal state to /config/ml_heating/unified_thermal_state.json
2026-05-16 06:03:57,268 - DEBUG - 💾 Saved 200 predictions to unified thermal state
2026-05-16 06:03:57,268 - DEBUG - Added prediction: pred=22.63, actual=22.66, error=0.033
2026-05-16 06:03:57,454 - DEBUG - 💾 Saved unified thermal state to /config/ml_heating/unified_thermal_state.json
2026-05-16 06:03:57,458 - DEBUG - Setting HA state for sensor.ml_model_mae: {'state': '0.0288', 'attributes': {'state_class': 'measurement', 'unique_id': 'ml_heating_model_mae', 'friendly_name': 'ML Model MAE', 'unit_of_measurement': '°C', 'icon': 'mdi:chart-line', 'last_updated': '2026-05-16T04:03:57.458253+00:00'}}
2026-05-16 06:03:57,472 - DEBUG - Setting HA state for sensor.ml_model_rmse: {'state': '0.0400', 'attributes': {'state_class': 'measurement', 'unique_id': 'ml_heating_model_rmse', 'friendly_name': 'ML Model RMSE', 'unit_of_measurement': '°C', 'icon': 'mdi:chart-line', 'last_updated': '2026-05-16T04:03:57.458253+00:00'}}
2026-05-16 06:03:57,485 - DEBUG - Setting HA state for sensor.ml_heating_learning: {'state': '5.000', 'attributes': {'state_class': 'measurement', 'unique_id': 'ml_heating_learning', 'friendly_name': 'ML Adaptive Learning Metrics', 'unit_of_measurement': 'metrics', 'icon': 'mdi:brain', 'thermal_time_constant': 4.8345275867350885, 'heat_loss_coefficient': 0.12035197370821737, 'outlet_effectiveness': 0.8283017284451556, 'pv_heat_weight': 0.0011727997372412658, 'fireplace_heat_weight': 0.17156709601311348, 'tv_heat_weight': 0.44733899208522154, 'solar_lag_minutes': 39.66829631514037, 'slab_time_constant_hours': 4.000456052583566, 'heat_source_channels_enabled': True, 'total_conductance': 0.3, 'equilibrium_ratio': 0.5, 'cycle_count': 5374, 'parameter_updates': 536, 'model_health': 'excellent', 'learning_progress': 1.0, 'is_improving': True, 'improvement_percentage': 19.824567978238004, 'total_predictions': 200, 'learning_confidence': 5.0, 'last_updated': '2026-05-16T04:03:57.485749+00:00', 'delta_t_floor': 2.4857328190130326, 'cloud_factor_exponent': 1.0, 'solar_decay_tau_hours': 1.0576158754150042, 'fp_heat_output_kw': 0.17156709601311348, 'fp_decay_time_constant': 3.9144707244638868, 'room_spread_delay_minutes': 18.0, 'ch_heat_pump_history_count': 200, 'ch_heat_pump_last_error': 0.015176865717659638, 'ch_pv_history_count': 200, 'ch_pv_last_error': 0.032847173383594, 'ch_fireplace_history_count': 0, 'ch_fireplace_last_error': 0.0, 'ch_tv_history_count': 0, 'ch_tv_last_error': 0.0}}
2026-05-16 06:03:57,501 - DEBUG - Setting HA state for sensor.ml_model_mae: {'state': '0.0288', 'attributes': {'state_class': 'measurement', 'unique_id': 'ml_heating_model_mae', 'friendly_name': 'ML Model MAE', 'unit_of_measurement': '°C', 'icon': 'mdi:chart-line', 'mae_1h': 0.020820286734227977, 'mae_6h': 0.028424700106176023, 'mae_24h': 0.02875383954653099, 'trend_direction': 'improving', 'prediction_count': 200, 'last_updated': '2026-05-16T04:03:57.485749+00:00'}}
2026-05-16 06:03:57,516 - DEBUG - Setting HA state for sensor.ml_model_rmse: {'state': '0.0400', 'attributes': {'state_class': 'measurement', 'unique_id': 'ml_heating_model_rmse', 'friendly_name': 'ML Model RMSE', 'unit_of_measurement': '°C', 'icon': 'mdi:chart-line', 'recent_max_error': 0.03352079090140592, 'std_error': 0.0278, 'mean_bias': 0.0, 'prediction_count': 200, 'last_updated': '2026-05-16T04:03:57.485749+00:00'}}
2026-05-16 06:03:57,532 - DEBUG - Setting HA state for sensor.ml_prediction_accuracy: {'state': '99.4', 'attributes': {'state_class': 'measurement', 'unique_id': 'ml_prediction_accuracy', 'friendly_name': 'ML Prediction Accuracy', 'unit_of_measurement': '%', 'icon': 'mdi:target', 'perfect_accuracy_pct': 0.0, 'tolerable_accuracy_pct': 99.38271604938271, 'poor_accuracy_pct': 0.6172839506172839, 'prediction_count_24h': 0, 'excellent_all_time_pct': 98.0, 'good_all_time_pct': 100.0, 'last_updated': '2026-05-16T04:03:57.485749+00:00'}}
2026-05-16 06:03:57,546 - DEBUG - Logged refactored sensor metrics to HA
2026-05-16 06:03:57,546 - DEBUG - Logging feature importance
2026-05-16 06:03:57,546 - DEBUG - Setting HA state for sensor.ml_feature_importance: {'state': '5', 'attributes': {'state_class': 'measurement', 'unique_id': 'ml_heating_feature_importance', 'friendly_name': 'ML Feature Importance', 'unit_of_measurement': '%', 'icon': 'mdi:format-list-numbered', 'top_features': {'target_temp': 52.8, 'tv_power': 28.52, 'fireplace': 10.94, 'outdoor_temp': 7.67, 'pv_power': 0.07}, 'last_updated': '2026-05-16T04:03:57.546593+00:00'}}
2026-05-16 06:03:57,560 - INFO - ✅ Exported metrics to Home Assistant sensors successfully
2026-05-16 06:03:57,560 - INFO - ✅ Learning cycle 5374: error=0.033°C, confidence=5.000, total_predictions=200
2026-05-16 06:03:57,561 - DEBUG - ✅ Online learning: applied_temp=21.3°C, actual_change=0.010°C, cycle=5374
2026-05-16 06:03:57,561 - DEBUG - 🔥 Heating mode active (state: heat)
2026-05-16 06:03:57,561 - DEBUG - ♻️ Reusing existing Model Wrapper instance
2026-05-16 06:03:57,588 - DEBUG - Fireplace is OFF. Using main indoor temp for prediction.
2026-05-16 06:03:57,723 - DEBUG - PV forecast parsed successfully: [1007.5, 1886.8, 3388.8, 3543.0, 4606.0, 4225.5, 5151.5, 4008.8, 2794.0, 2657.2, 2917.2, 1892.2]W
2026-05-16 06:03:57,723 - DEBUG - Solar correction: enabled=True, percent=100.0%, factor=1.000
2026-05-16 06:03:57,741 - DEBUG - Delta calibration applied: offset=-2.53°C
2026-05-16 06:03:57,741 - DEBUG - Raw forecasts: [4.2, 5.5, 7.0, 8.2, 8.5, 8.7, 10.0, 8.8, 9.9, 10.2, 8.2, 9.7]
2026-05-16 06:03:57,741 - DEBUG - Calibrated forecasts: [1.67, 2.97, 4.47, 5.67, 5.97, 6.17, 7.47, 6.27, 7.37, 7.67, 5.67, 7.17]
2026-05-16 06:03:57,745 - INFO - ☀️ Forecast trajectory: PV=190W < threshold=1500W but 11 forecast hours above threshold → rescued, continuing
2026-05-16 06:03:57,745 - INFO - ☀️ Forecast trajectory: no sunset within 12-step horizon → inactive, 4 steps
2026-05-16 06:03:57,746 - DEBUG - Heating obs buffer: resolved 1 new label(s) this cycle
2026-05-16 06:03:57,766 - DEBUG - ♻️ Reusing existing Model Wrapper instance
2026-05-16 06:03:57,771 - INFO - DEBUG: Wrapper params: U=0.12035197370821737, eff=0.8283017284451556, tau=4.8345275867350885
2026-05-16 06:03:57,771 - INFO - ☀️ PV surplus 190W (threshold 1500W): target 22.6 → 22.7°C (CHEAP ramp offset +0.06)
2026-05-16 06:03:57,772 - DEBUG - 🔧 Using natural bounds: outlet_min=21.0°C, outlet_max=35.0°C
2026-05-16 06:03:57,772 - INFO - 🌡️ Using cycle-aligned forecast (10min): outdoor=1.7°C (vs current 1.7°C), PV=104W (vs current 22W)
2026-05-16 06:03:57,772 - DEBUG - DEBUG: Using PV history (len=18) instead of scalar 103.71759259259258
2026-05-16 06:03:57,772 - INFO - 🔄 HP off (delta_t=0.08, mode=heating): simulating HP-on delta_t=2.49 for binary search
2026-05-16 06:03:57,772 - DEBUG - 🎯 Binary search start: target=22.7°C, current=22.7°C, range=21.0-35.0°C
2026-05-16 06:03:57,772 - DEBUG - 🔍 Binary search features: inlet_temp=24.619999999999997, delta_t_floor=2.49, indoor_temp_delta_60m=-0.0389, horizon=4.0h, outlet_mid=28.0°C
2026-05-16 06:03:57,773 - DEBUG - ✅ Binary search trajectory OK (iter 1): outlet=28.0°C → predicted=24.03°C (steps=24, start=22.68→end=24.03)
2026-05-16 06:03:57,773 - DEBUG -    Iteration 1: outlet=28.0°C → predicted=24.03°C, error=1.365°C (range: 21.0-35.0°C)
2026-05-16 06:03:57,773 - DEBUG -      → Maintenance: Predicted too high, lowering maximum to 28.0°C
2026-05-16 06:03:57,774 - DEBUG -    Iteration 2: outlet=24.5°C → predicted=22.95°C, error=0.287°C (range: 21.0-28.0°C)
2026-05-16 06:03:57,774 - DEBUG -      → Maintenance: Predicted too high, lowering maximum to 24.5°C
2026-05-16 06:03:57,775 - DEBUG -    Iteration 3: outlet=22.8°C → predicted=22.88°C, error=0.218°C (range: 21.0-24.5°C)
2026-05-16 06:03:57,775 - DEBUG -      → Maintenance: Predicted too high, lowering maximum to 22.8°C
2026-05-16 06:03:57,776 - DEBUG -    Iteration 4: outlet=21.9°C → predicted=22.88°C, error=0.218°C (range: 21.0-22.8°C)
2026-05-16 06:03:57,776 - DEBUG -      → Maintenance: Predicted too high, lowering maximum to 21.9°C
2026-05-16 06:03:57,777 - DEBUG -    Iteration 5: outlet=21.4°C → predicted=22.88°C, error=0.218°C (range: 21.0-21.9°C)
2026-05-16 06:03:57,777 - DEBUG -      → Maintenance: Predicted too high, lowering maximum to 21.4°C
2026-05-16 06:03:57,778 - DEBUG -    Iteration 6: outlet=21.2°C → predicted=22.88°C, error=0.218°C (range: 21.0-21.4°C)
2026-05-16 06:03:57,778 - DEBUG -      → Maintenance: Predicted too high, lowering maximum to 21.2°C
2026-05-16 06:03:57,779 - DEBUG -    Iteration 7: outlet=21.1°C → predicted=22.88°C, error=0.218°C (range: 21.0-21.2°C)
2026-05-16 06:03:57,779 - DEBUG -      → Maintenance: Predicted too high, lowering maximum to 21.1°C
2026-05-16 06:03:57,780 - DEBUG -    Iteration 8: outlet=21.1°C → predicted=22.88°C, error=0.218°C (range: 21.0-21.1°C)
2026-05-16 06:03:57,780 - DEBUG -      → Maintenance: Predicted too high, lowering maximum to 21.1°C
2026-05-16 06:03:57,781 - DEBUG -    Iteration 9: outlet=21.0°C → predicted=22.88°C, error=0.218°C (range: 21.0-21.1°C)
2026-05-16 06:03:57,781 - DEBUG -      → Maintenance: Predicted too high, lowering maximum to 21.0°C
2026-05-16 06:03:57,781 - INFO - 🔄 Binary search early exit after 10 iterations: range collapsed to 0.027°C, using 21.0°C
2026-05-16 06:03:57,782 - DEBUG - Slab: inlet=24.6°C, outlet=21.0°C, Δ=-3.6°C, τ=4.00h
2026-05-16 06:03:57,782 - DEBUG - 🔍 Trajectory prediction using forecast arrays: outdoor=[1.66875, 1.67, 2.97, 4.47, 5.67], PV=[21.555555555555557, 1007.5, 1886.8, 3388.8, 3543.0]
2026-05-16 06:03:57,782 - DEBUG - 🔍 Trajectory DEBUG: outlet=21.0°C → 0.2h_prediction=22.62°C (vs target 22.7°C, error: -0.039°C), reaches_target_at=0.16666666666666666h, cycle_time=0.2h
2026-05-16 06:03:57,783 - DEBUG - 🔍 Trajectory predictions for target 22.7°C:
2026-05-16 06:03:57,783 - DEBUG -     0.2h: 22.62°C → target 22.66°C (error: -0.04°C)
2026-05-16 06:03:57,783 - DEBUG -     0.3h: 22.60°C → target 22.66°C (error: -0.07°C)
2026-05-16 06:03:57,783 - DEBUG -     0.5h: 22.57°C → target 22.66°C (error: -0.09°C)
2026-05-16 06:03:57,783 - DEBUG -     0.7h: 22.55°C → target 22.66°C (error: -0.12°C)
2026-05-16 06:03:57,783 - DEBUG -     0.8h: 22.53°C → target 22.66°C (error: -0.14°C)
2026-05-16 06:03:57,783 - DEBUG -     1.0h: 22.51°C → target 22.66°C (error: -0.15°C)
2026-05-16 06:03:57,783 - DEBUG -     1.2h: 22.51°C → target 22.66°C (error: -0.16°C)
2026-05-16 06:03:57,783 - DEBUG -     1.3h: 22.50°C → target 22.66°C (error: -0.16°C)
2026-05-16 06:03:57,783 - DEBUG -     1.5h: 22.50°C → target 22.66°C (error: -0.16°C)
2026-05-16 06:03:57,783 - DEBUG -     1.7h: 22.51°C → target 22.66°C (error: -0.16°C)
2026-05-16 06:03:57,783 - DEBUG -     1.8h: 22.52°C → target 22.66°C (error: -0.15°C)
2026-05-16 06:03:57,783 - DEBUG -     2.0h: 22.53°C → target 22.66°C (error: -0.14°C)
2026-05-16 06:03:57,783 - DEBUG -     2.2h: 22.54°C → target 22.66°C (error: -0.12°C)
2026-05-16 06:03:57,783 - DEBUG -     2.3h: 22.56°C → target 22.66°C (error: -0.10°C)
2026-05-16 06:03:57,783 - DEBUG -     2.5h: 22.58°C → target 22.66°C (error: -0.08°C)
2026-05-16 06:03:57,783 - DEBUG -     2.7h: 22.61°C → target 22.66°C (error: -0.05°C)
2026-05-16 06:03:57,783 - DEBUG -     2.8h: 22.64°C → target 22.66°C (error: -0.02°C)
2026-05-16 06:03:57,783 - DEBUG -     3.0h: 22.67°C → target 22.66°C (error: +0.01°C)
2026-05-16 06:03:57,783 - DEBUG -     3.2h: 22.71°C → target 22.66°C (error: +0.05°C)
2026-05-16 06:03:57,783 - DEBUG -     3.3h: 22.74°C → target 22.66°C (error: +0.08°C)
2026-05-16 06:03:57,783 - DEBUG -     3.5h: 22.78°C → target 22.66°C (error: +0.12°C)
2026-05-16 06:03:57,783 - DEBUG -     3.7h: 22.81°C → target 22.66°C (error: +0.15°C)
2026-05-16 06:03:57,783 - DEBUG -     3.8h: 22.85°C → target 22.66°C (error: +0.18°C)
2026-05-16 06:03:57,783 - DEBUG -     4.0h: 22.88°C → target 22.66°C (error: +0.22°C)
2026-05-16 06:03:57,783 - DEBUG - Ignoring minor future overshoot (max=22.88°C) because immediate cycle is safe (22.62°C)
2026-05-16 06:03:57,783 - INFO - ⚠️ Temperature boundary violations detected (min: 22.50°C, max: 22.88°C) - applying correction
2026-05-16 06:03:57,784 - INFO - 🔄 [Newton] Skipping overshoot correction (both violated, max wins): projected indoor 22.61°C < target+0.1 (22.8°C) — house self-correcting
2026-05-16 06:03:57,786 - DEBUG - HeatingCorrectionMLModel: raw ΔT_outlet=-0.154°C (R²=0.8638)
2026-05-16 06:03:57,786 - INFO - 🤖 [ML correction] R²=0.864 w=0.864 Δphysics=+0.000°C Δml=-0.154°C Δblend=-0.133°C → outlet=21.0°C
2026-05-16 06:03:57,786 - DEBUG - 🧠 Smart rounding is using cycle-aligned forecast: PV=104W (caller sent PV=22W)
2026-05-16 06:03:57,787 - INFO - 🎯 Prediction: Current 22.66°C → Target 22.6°C | Calculated outlet: 21.0°C (before smart rounding) (confidence: 5.000)
2026-05-16 06:03:57,787 - DEBUG - Model Wrapper: temp=21.0°C, error=0.060°C, confidence=5.000
2026-05-16 06:03:57,787 - DEBUG - EMA smoothing: 21.00°C → 21.2°C (last=21.3, α=0.50)
2026-05-16 06:03:57,787 - DEBUG - ♻️ Reusing existing Model Wrapper instance
2026-05-16 06:03:57,787 - INFO - 🌡️ Using cycle-aligned forecast (10min): outdoor=1.9°C (vs current 1.9°C), PV=104W (vs current 22W)
2026-05-16 06:03:57,787 - DEBUG - 🧠 Smart rounding is using cycle-aligned forecast: PV=104W (caller sent PV=104W)
2026-05-16 06:03:57,787 - DEBUG - 🧠 Smart rounding is using cycle-aligned forecast: PV=104W (caller sent PV=104W)
2026-05-16 06:03:57,788 - DEBUG - Smart rounding: 21.20°C → 22°C (chose ceiling: floor→22.53°C [err=0.073], ceiling→22.56°C [err=0.045], target=22.6°C)
2026-05-16 06:03:57,788 - DEBUG - Setting target outlet temp
2026-05-16 06:03:57,788 - DEBUG - Setting HA state for sensor.ml_vorlauftemperatur: {'state': '21.2', 'attributes': {'state_class': 'measurement', 'unique_id': 'ml_heating_target_outlet_temp', 'friendly_name': 'ML Target Outlet Temp', 'unit_of_measurement': '°C', 'device_class': 'temperature', 'icon': 'mdi:thermometer-water'}}
2026-05-16 06:03:57,800 - DEBUG - Logging thermal model metrics
2026-05-16 06:03:57,800 - DEBUG - Setting HA state for sensor.ml_heating_state: {'state': '0', 'attributes': {'state_class': 'measurement', 'unique_id': 'ml_heating_state', 'friendly_name': 'ML Heating State', 'unit_of_measurement': 'state', 'icon': 'mdi:information-outline', 'state_description': 'OK - Prediction done', 'confidence': 5.0, 'suggested_temp': 21.0, 'final_temp': 21.2, 'predicted_indoor': 22.53, 'last_prediction_time': '2026-05-16T04:03:57.800635+00:00', 'temperature_error': 0.06, 'pre_cool_active': False, 'pre_cool_peak_temp': None, 'pre_cool_peak_hour': None}}
2026-05-16 06:03:57,817 - DEBUG - ✅ ACTIVE MODE: ML controlling heating via input_boolean.ml_heating
2026-05-16 06:03:57,819 - DEBUG - 🧠 Smart rounding is using cycle-aligned forecast: PV=104W (caller sent PV=22W)
2026-05-16 06:03:57,819 - DEBUG - Target: 22.6°C | Suggested: 21.0°C | Applied: 21.2°C | Actual Indoor: 22.66°C | Predicted Indoor: 22.53°C | Confidence: 5.000
2026-05-16 06:03:57,819 - INFO - Target: 22.6°C | Suggested: 21.0°C | Applied: 21.2°C | Actual Indoor: 22.66°C | Predicted Indoor: 22.53°C | Confidence: 5.000
2026-05-16 06:03:58,007 - DEBUG - 💾 Saved unified thermal state to /config/ml_heating/unified_thermal_state.json
2026-05-16 06:03:58,009 - DEBUG - Operational state saved to /config/ml_heating/unified_thermal_state.json; updated keys: ['last_run_features', 'last_indoor_temp', 'last_avg_other_rooms_temp', 'last_fireplace_on', 'last_final_temp', 'last_climate_mode', 'last_target_indoor_temp', 'last_predicted_indoor', 'last_is_blocking', 'last_blocking_reasons', 'setpoint_hold_cycles_remaining']
2026-05-16 06:03:58,009 - DEBUG - Setting HA state for sensor.ml_heating_features: {'state': '22.52', 'attributes': {'state_class': 'measurement', 'unique_id': 'ml_heating_features', 'friendly_name': 'ML Heating Features', 'unit_of_measurement': '°C', 'device_class': 'temperature', 'icon': 'mdi:feature-search-outline', 'living_room_temp': 22.52, 'outlet_temp': 24.7, 'indoor_temp_lag_30m': 22.660999999999998, 'target_temp': 22.6, 'outdoor_temp': 1.66875, 'dhw_heating': 0.0, 'dhw_disinfection': 0.0, 'dhw_boost_heater': 0.0, 'defrosting': 0.0, 'pv_now': 190.0, 'pv_now_electrical': 190.0, 'solar_correction_percent': 100.0, 'solar_correction_factor': 1.0, 'solar_correction_enabled': 1.0, 'fireplace_on': 0.0, 'tv_on': 0.0, 'temp_forecast_1h': 1.67, 'temp_forecast_2h': 2.97, 'temp_forecast_3h': 4.47, 'temp_forecast_4h': 5.67, 'temp_forecast_5h': 5.97, 'temp_forecast_6h': 6.17, 'temp_forecast_7h': 7.47, 'temp_forecast_8h': 6.27, 'temp_forecast_9h': 7.37, 'temp_forecast_10h': 7.67, 'temp_forecast_11h': 5.67, 'temp_forecast_12h': 7.17, 'pv_forecast_1h': 1007.5, 'pv_forecast_2h': 1886.8, 'pv_forecast_3h': 3388.8, 'pv_forecast_4h': 3543.0, 'pv_forecast_5h': 4606.0, 'pv_forecast_6h': 4225.5, 'pv_forecast_7h': 5151.5, 'pv_forecast_8h': 4008.8, 'pv_forecast_9h': 2794.0, 'pv_forecast_10h': 2657.2, 'pv_forecast_11h': 2917.2, 'pv_forecast_12h': 1892.2, 'pv_forecast_electrical_1h': 1007.5, 'pv_forecast_electrical_2h': 1886.8, 'pv_forecast_electrical_3h': 3388.8, 'pv_forecast_electrical_4h': 3543.0, 'pv_forecast_electrical_5h': 4606.0, 'pv_forecast_electrical_6h': 4225.5, 'pv_forecast_electrical_7h': 5151.5, 'pv_forecast_electrical_8h': 4008.8, 'pv_forecast_electrical_9h': 2794.0, 'pv_forecast_electrical_10h': 2657.2, 'pv_forecast_electrical_11h': 2917.2, 'pv_forecast_electrical_12h': 1892.2, 'cloud_cover_forecast_1h': 0.0, 'cloud_cover_forecast_2h': 0.0, 'cloud_cover_forecast_3h': 0.0, 'cloud_cover_forecast_4h': 0.0, 'cloud_cover_forecast_5h': 0.0, 'cloud_cover_forecast_6h': 0.0, 'cloud_cover_forecast_7h': 0.0, 'cloud_cover_forecast_8h': 0.0, 'cloud_cover_forecast_9h': 0.0, 'cloud_cover_forecast_10h': 0.0, 'cloud_cover_forecast_11h': 0.0, 'cloud_cover_forecast_12h': 0.0, 'temp_diff_indoor_outdoor': 20.989375000000003, 'indoor_temp_gradient': -1.3252499999999756, 'outlet_indoor_diff': 2.0418749999999974, 'indoor_temp_lag_10m': 22.655, 'indoor_temp_lag_60m': 22.697, 'outlet_temp_lag_30m': 24.970000000000006, 'outlet_temp_change': 0.0, 'indoor_temp_delta_10m': 0.0031250000000007105, 'indoor_temp_delta_30m': -0.002874999999995964, 'indoor_temp_delta_60m': -0.03887499999999733, 'hour_sin': 1.0, 'hour_cos': 6.123233995736766e-17, 'month_sin': 0.8660254037844387, 'month_cos': -0.4999999999999998, 'outlet_effectiveness_ratio': 0.028466483011937802, 'inlet_temp': 24.619999999999997, 'flow_rate': 14.0, 'power_consumption': 20.0, 'delta_t': 0.08000000000000185, 'thermal_power_kw': 0.07813866666666847, 'cop_realtime': 0.0, 'temp_trend_forecast': 1.0003125, 'heating_demand_forecast': 1.693, 'combined_forecast_thermal_load': -1.85, 'pv_power_history': [0.0, 0.0, 0.0, 0.0, 0.0, 0.0, 0.0, 0.0, 0.0, 0.0, 0.0, 0.0, 8.0, 13.0, 29.0, 52.0, 111.0, 175.0], 'pv_power_history_electrical': [0.0, 0.0, 0.0, 0.0, 0.0, 0.0, 0.0, 0.0, 0.0, 0.0, 0.0, 0.0, 8.0, 13.0, 29.0, 52.0, 111.0, 175.0], 'wind_speed': 8.0, 'is_weekend': 1.0, 'indoor_margin_rate': 0.0, 'last_updated': '2026-05-16T04:03:58.009318+00:00'}}
2026-05-16 06:03:58,023 - DEBUG - Published 93 features to sensor.ml_heating_features
2026-05-16 06:03:58,024 - DEBUG - ✅ CYCLE 36 END: 06:03:58 (duration: 1.5s)
2026-05-16 06:03:58,024 - DEBUG - 💤 POLLING START: Waiting 30min until next cycle...
2026-05-16 06:03:58,071 - DEBUG - Active sampling: buffered 6 readings
127.0.0.1 - - [16/May/2026 06:04:22] "GET /health HTTP/1.1" 200 -
127.0.0.1 - - [16/May/2026 06:04:52] "GET /health HTTP/1.1" 200 -
2026-05-16 06:04:58,100 - DEBUG - Active sampling: buffered 6 readings
127.0.0.1 - - [16/May/2026 06:05:22] "GET /health HTTP/1.1" 200 -
127.0.0.1 - - [16/May/2026 06:05:52] "GET /health HTTP/1.1" 200 -
2026-05-16 06:05:58,130 - DEBUG - Active sampling: buffered 6 readings
127.0.0.1 - - [16/May/2026 06:06:22] "GET /health HTTP/1.1" 200 -
127.0.0.1 - - [16/May/2026 06:06:52] "GET /health HTTP/1.1" 200 -
2026-05-16 06:06:58,158 - DEBUG - Active sampling: buffered 6 readings
127.0.0.1 - - [16/May/2026 06:07:23] "GET /health HTTP/1.1" 200 -
127.0.0.1 - - [16/May/2026 06:07:53] "GET /health HTTP/1.1" 200 -
2026-05-16 06:07:58,187 - DEBUG - Active sampling: buffered 6 readings
127.0.0.1 - - [16/May/2026 06:08:23] "GET /health HTTP/1.1" 200 -
127.0.0.1 - - [16/May/2026 06:08:53] "GET /health HTTP/1.1" 200 -
2026-05-16 06:08:58,215 - DEBUG - Active sampling: buffered 6 readings
127.0.0.1 - - [16/May/2026 06:09:23] "GET /health HTTP/1.1" 200 -
127.0.0.1 - - [16/May/2026 06:09:53] "GET /health HTTP/1.1" 200 -
2026-05-16 06:09:58,245 - DEBUG - Active sampling: buffered 6 readings
127.0.0.1 - - [16/May/2026 06:10:23] "GET /health HTTP/1.1" 200 -
127.0.0.1 - - [16/May/2026 06:10:53] "GET /health HTTP/1.1" 200 -
2026-05-16 06:10:58,276 - DEBUG - Active sampling: buffered 6 readings
127.0.0.1 - - [16/May/2026 06:11:23] "GET /health HTTP/1.1" 200 -
127.0.0.1 - - [16/May/2026 06:11:53] "GET /health HTTP/1.1" 200 -
2026-05-16 06:11:58,304 - DEBUG - Active sampling: buffered 6 readings
127.0.0.1 - - [16/May/2026 06:12:23] "GET /health HTTP/1.1" 200 -
127.0.0.1 - - [16/May/2026 06:12:53] "GET /health HTTP/1.1" 200 -
2026-05-16 06:12:58,334 - DEBUG - Active sampling: buffered 6 readings
127.0.0.1 - - [16/May/2026 06:13:23] "GET /health HTTP/1.1" 200 -
127.0.0.1 - - [16/May/2026 06:13:53] "GET /health HTTP/1.1" 200 -
2026-05-16 06:13:58,336 - DEBUG - ⏰ POLLING END: Waited 10.0min, starting next cycle...
2026-05-16 06:13:58,336 - DEBUG - 🔄 CYCLE 37 START: 06:13:58 (interval: 10.0min since last cycle)
2026-05-16 06:13:58,336 - DEBUG - ♻️ Reusing existing Model Wrapper instance
2026-05-16 06:13:58,336 - INFO - Successfully loaded operational state from /config/ml_heating/unified_thermal_state.json
2026-05-16 06:13:58,364 - DEBUG - Setting HA state for sensor.ml_heating_cop_realtime: {'state': '0.00', 'attributes': {'state_class': 'measurement', 'unique_id': 'ml_heating_cop_realtime', 'friendly_name': 'ML Heating COP (Realtime)', 'unit_of_measurement': 'COP', 'icon': 'mdi:heat-pump', 'device_class': 'power_factor'}}
2026-05-16 06:13:58,375 - DEBUG - Setting HA state for sensor.ml_heating_thermal_power: {'state': '0.098', 'attributes': {'state_class': 'measurement', 'unique_id': 'ml_heating_thermal_power', 'friendly_name': 'ML Heating Thermal Power', 'unit_of_measurement': 'kW', 'icon': 'mdi:flash', 'device_class': 'power'}}
2026-05-16 06:13:58,414 - DEBUG - Wrote thermodynamic metrics to InfluxDB
2026-05-16 06:13:58,414 - DEBUG - Thermodynamic sensors updated: COP=0.00, Power=0.098kW
2026-05-16 06:13:58,414 - DEBUG - ♻️ Reusing existing Model Wrapper instance
2026-05-16 06:13:58,414 - DEBUG - 🎯 ACTIVE MODE LEARNING (trajectory): Verifying ML prediction accuracy for 21.2°C outlet setting
2026-05-16 06:13:58,417 - DEBUG - ☀️ SolarChannel self-learned: avg_error=0.033, pv_heat_weight=0.00121, solar_lag=39.7min, cloud_exp=1.00, solar_decay_tau=1.06h
2026-05-16 06:13:58,417 - INFO - ☀️ pv parameter update: attributed_error=+0.022943 | pv_heat_weight: 0.001173→0.001206 (Δ+0.000033) | solar_decay_tau_hours: 1.057616→1.057633 (Δ+0.000017) | solar_lag_minutes: 39.668296→39.668103 (Δ-0.000193)
2026-05-16 06:13:58,417 - INFO - Channel routing → [☀️ pv*] | error=+0.0229 | pv_current=190W pv_smoothed=22W | params_changed=pv
2026-05-16 06:13:58,608 - DEBUG - 💾 Saved unified thermal state to /config/ml_heating/unified_thermal_state.json
2026-05-16 06:13:58,611 - DEBUG - Skipping legacy global adaptation: channel mode owns recent-window learning
2026-05-16 06:13:58,799 - DEBUG - 💾 Saved unified thermal state to /config/ml_heating/unified_thermal_state.json
2026-05-16 06:13:58,801 - DEBUG - Prediction feedback: error=0.023°C, confidence=5.000
2026-05-16 06:13:58,991 - DEBUG - 💾 Saved unified thermal state to /config/ml_heating/unified_thermal_state.json
2026-05-16 06:13:58,992 - DEBUG - 💾 Saved 200 predictions to unified thermal state
2026-05-16 06:13:58,992 - DEBUG - Added prediction: pred=22.64, actual=22.66, error=0.023
2026-05-16 06:13:59,179 - DEBUG - 💾 Saved unified thermal state to /config/ml_heating/unified_thermal_state.json
2026-05-16 06:13:59,206 - DEBUG - Wrote prediction metrics to InfluxDB bucket 'ml_heating_features' with MAE(1h)=0.020
2026-05-16 06:13:59,206 - DEBUG - ✅ Exported prediction metrics to InfluxDB
2026-05-16 06:13:59,215 - DEBUG - Wrote thermal learning metrics to InfluxDB: effectiveness=0.828, confidence=5.00
2026-05-16 06:13:59,216 - DEBUG - ✅ Exported thermal learning metrics to InfluxDB
2026-05-16 06:13:59,227 - DEBUG - Wrote feature importances to Influx bucket 'ml_heating_features' (measurement=feature_importance) with timestamp 2026-05-16T04:13:59.216132+00:00
2026-05-16 06:13:59,227 - DEBUG - ✅ Exported feature importance to InfluxDB
2026-05-16 06:13:59,240 - DEBUG - Wrote learning phase metrics to InfluxDB: phase=high_confidence, stability=1.00
2026-05-16 06:13:59,240 - DEBUG - ✅ Exported learning phase metrics to InfluxDB
2026-05-16 06:13:59,251 - DEBUG - Wrote trajectory prediction metrics to InfluxDB: horizon=4h, mae_1h=0.020
2026-05-16 06:13:59,251 - DEBUG - ✅ Exported trajectory prediction metrics to InfluxDB
2026-05-16 06:13:59,251 - INFO - 📊 Exported all adaptive learning metrics to InfluxDB (cycle 5375)
2026-05-16 06:13:59,255 - DEBUG - Setting HA state for sensor.ml_model_mae: {'state': '0.0288', 'attributes': {'state_class': 'measurement', 'unique_id': 'ml_heating_model_mae', 'friendly_name': 'ML Model MAE', 'unit_of_measurement': '°C', 'icon': 'mdi:chart-line', 'last_updated': '2026-05-16T04:13:59.255115+00:00'}}
2026-05-16 06:13:59,269 - DEBUG - Setting HA state for sensor.ml_model_rmse: {'state': '0.0400', 'attributes': {'state_class': 'measurement', 'unique_id': 'ml_heating_model_rmse', 'friendly_name': 'ML Model RMSE', 'unit_of_measurement': '°C', 'icon': 'mdi:chart-line', 'last_updated': '2026-05-16T04:13:59.255115+00:00'}}
2026-05-16 06:13:59,284 - DEBUG - Setting HA state for sensor.ml_heating_learning: {'state': '5.000', 'attributes': {'state_class': 'measurement', 'unique_id': 'ml_heating_learning', 'friendly_name': 'ML Adaptive Learning Metrics', 'unit_of_measurement': 'metrics', 'icon': 'mdi:brain', 'thermal_time_constant': 4.8345275867350885, 'heat_loss_coefficient': 0.12035197370821737, 'outlet_effectiveness': 0.8283017284451556, 'pv_heat_weight': 0.0012061323699599593, 'fireplace_heat_weight': 0.17156709601311348, 'tv_heat_weight': 0.44733899208522154, 'solar_lag_minutes': 39.66810335623318, 'slab_time_constant_hours': 4.000456052583566, 'heat_source_channels_enabled': True, 'total_conductance': 0.3, 'equilibrium_ratio': 0.5, 'cycle_count': 5375, 'parameter_updates': 537, 'model_health': 'excellent', 'learning_progress': 1.0, 'is_improving': True, 'improvement_percentage': 18.75784172527726, 'total_predictions': 200, 'learning_confidence': 5.0, 'last_updated': '2026-05-16T04:13:59.284259+00:00', 'delta_t_floor': 2.4857328190130326, 'cloud_factor_exponent': 1.0, 'solar_decay_tau_hours': 1.0576325417313637, 'fp_heat_output_kw': 0.17156709601311348, 'fp_decay_time_constant': 3.9144707244638868, 'room_spread_delay_minutes': 18.0, 'ch_heat_pump_history_count': 200, 'ch_heat_pump_last_error': 0.015176865717659638, 'ch_pv_history_count': 200, 'ch_pv_last_error': 0.022942713108392354, 'ch_fireplace_history_count': 0, 'ch_fireplace_last_error': 0.0, 'ch_tv_history_count': 0, 'ch_tv_last_error': 0.0}}
2026-05-16 06:13:59,298 - DEBUG - Setting HA state for sensor.ml_model_mae: {'state': '0.0288', 'attributes': {'state_class': 'measurement', 'unique_id': 'ml_heating_model_mae', 'friendly_name': 'ML Model MAE', 'unit_of_measurement': '°C', 'icon': 'mdi:chart-line', 'mae_1h': 0.0200296989080669, 'mae_6h': 0.02838073926718105, 'mae_24h': 0.028774143803033923, 'trend_direction': 'improving', 'prediction_count': 200, 'last_updated': '2026-05-16T04:13:59.284259+00:00'}}
2026-05-16 06:13:59,313 - DEBUG - Setting HA state for sensor.ml_model_rmse: {'state': '0.0400', 'attributes': {'state_class': 'measurement', 'unique_id': 'ml_heating_model_rmse', 'friendly_name': 'ML Model RMSE', 'unit_of_measurement': '°C', 'icon': 'mdi:chart-line', 'recent_max_error': 0.03352079090140592, 'std_error': 0.0278, 'mean_bias': 0.0, 'prediction_count': 200, 'last_updated': '2026-05-16T04:13:59.284259+00:00'}}
2026-05-16 06:13:59,327 - DEBUG - Setting HA state for sensor.ml_prediction_accuracy: {'state': '99.4', 'attributes': {'state_class': 'measurement', 'unique_id': 'ml_prediction_accuracy', 'friendly_name': 'ML Prediction Accuracy', 'unit_of_measurement': '%', 'icon': 'mdi:target', 'perfect_accuracy_pct': 0.0, 'tolerable_accuracy_pct': 99.38271604938271, 'poor_accuracy_pct': 0.6172839506172839, 'prediction_count_24h': 0, 'excellent_all_time_pct': 98.0, 'good_all_time_pct': 100.0, 'last_updated': '2026-05-16T04:13:59.284259+00:00'}}
2026-05-16 06:13:59,341 - DEBUG - Logged refactored sensor metrics to HA
2026-05-16 06:13:59,341 - DEBUG - Logging feature importance
2026-05-16 06:13:59,341 - DEBUG - Setting HA state for sensor.ml_feature_importance: {'state': '5', 'attributes': {'state_class': 'measurement', 'unique_id': 'ml_heating_feature_importance', 'friendly_name': 'ML Feature Importance', 'unit_of_measurement': '%', 'icon': 'mdi:format-list-numbered', 'top_features': {'target_temp': 52.8, 'tv_power': 28.52, 'fireplace': 10.94, 'outdoor_temp': 7.67, 'pv_power': 0.08}, 'last_updated': '2026-05-16T04:13:59.341354+00:00'}}
2026-05-16 06:13:59,355 - INFO - ✅ Exported metrics to Home Assistant sensors successfully
2026-05-16 06:13:59,356 - INFO - ✅ Learning cycle 5375: error=0.023°C, confidence=5.000, total_predictions=200
2026-05-16 06:13:59,356 - DEBUG - ✅ Online learning: applied_temp=21.2°C, actual_change=0.000°C, cycle=5375
2026-05-16 06:13:59,356 - DEBUG - 🔥 Heating mode active (state: heat)
2026-05-16 06:13:59,356 - DEBUG - ♻️ Reusing existing Model Wrapper instance
2026-05-16 06:13:59,383 - DEBUG - Fireplace is OFF. Using main indoor temp for prediction.
2026-05-16 06:13:59,513 - DEBUG - PV forecast parsed successfully: [988.2, 1865.0, 3364.5, 3530.0, 4596.8, 4222.2, 5151.5, 4008.8, 2794.0, 2657.2, 2917.2, 1892.2]W
2026-05-16 06:13:59,513 - DEBUG - Solar correction: enabled=True, percent=100.0%, factor=1.000
2026-05-16 06:13:59,532 - DEBUG - Delta calibration applied: offset=-2.39°C
2026-05-16 06:13:59,533 - DEBUG - Raw forecasts: [4.2, 5.5, 7.0, 8.2, 8.5, 8.7, 10.0, 8.8, 9.9, 10.2, 8.2, 9.7]
2026-05-16 06:13:59,533 - DEBUG - Calibrated forecasts: [1.81, 3.11, 4.61, 5.81, 6.11, 6.31, 7.61, 6.41, 7.51, 7.81, 5.81, 7.31]
2026-05-16 06:13:59,537 - INFO - ☀️ Forecast trajectory: PV=320W < threshold=1500W but 11 forecast hours above threshold → rescued, continuing
2026-05-16 06:13:59,537 - INFO - ☀️ Forecast trajectory: no sunset within 12-step horizon → inactive, 4 steps
2026-05-16 06:13:59,537 - DEBUG - Heating obs buffer: resolved 1 new label(s) this cycle
2026-05-16 06:13:59,558 - DEBUG - ♻️ Reusing existing Model Wrapper instance
2026-05-16 06:13:59,563 - INFO - DEBUG: Wrapper params: U=0.12035197370821737, eff=0.8283017284451556, tau=4.8345275867350885
2026-05-16 06:13:59,563 - INFO - ☀️ PV surplus 320W (threshold 1500W): target 22.6 → 22.7°C (CHEAP ramp offset +0.11)
2026-05-16 06:13:59,563 - DEBUG - 🔧 Using natural bounds: outlet_min=21.0°C, outlet_max=35.0°C
2026-05-16 06:13:59,563 - INFO - 🌡️ Using cycle-aligned forecast (10min): outdoor=1.8°C (vs current 1.8°C), PV=118W (vs current 39W)
2026-05-16 06:13:59,563 - DEBUG - DEBUG: Using PV history (len=18) instead of scalar 118.45648148148146
2026-05-16 06:13:59,563 - INFO - 🔄 HP off (delta_t=0.04, mode=heating): simulating HP-on delta_t=2.49 for binary search
2026-05-16 06:13:59,563 - DEBUG - 🎯 Binary search start: target=22.7°C, current=22.7°C, range=21.0-35.0°C
2026-05-16 06:13:59,563 - DEBUG - 🔍 Binary search features: inlet_temp=24.560000000000002, delta_t_floor=2.49, indoor_temp_delta_60m=-0.0369, horizon=4.0h, outlet_mid=28.0°C
2026-05-16 06:13:59,564 - DEBUG - ✅ Binary search trajectory OK (iter 1): outlet=28.0°C → predicted=24.04°C (steps=24, start=22.68→end=24.04)
2026-05-16 06:13:59,564 - DEBUG -    Iteration 1: outlet=28.0°C → predicted=24.04°C, error=1.337°C (range: 21.0-35.0°C)
2026-05-16 06:13:59,564 - DEBUG -      → Maintenance: Predicted too high, lowering maximum to 28.0°C
2026-05-16 06:13:59,565 - DEBUG -    Iteration 2: outlet=24.5°C → predicted=22.96°C, error=0.254°C (range: 21.0-28.0°C)
2026-05-16 06:13:59,565 - DEBUG -      → Maintenance: Predicted too high, lowering maximum to 24.5°C
2026-05-16 06:13:59,566 - DEBUG -    Iteration 3: outlet=22.8°C → predicted=22.89°C, error=0.181°C (range: 21.0-24.5°C)
2026-05-16 06:13:59,566 - DEBUG -      → Maintenance: Predicted too high, lowering maximum to 22.8°C
2026-05-16 06:13:59,567 - DEBUG -    Iteration 4: outlet=21.9°C → predicted=22.89°C, error=0.181°C (range: 21.0-22.8°C)
2026-05-16 06:13:59,567 - DEBUG -      → Maintenance: Predicted too high, lowering maximum to 21.9°C
2026-05-16 06:13:59,568 - DEBUG -    Iteration 5: outlet=21.4°C → predicted=22.89°C, error=0.181°C (range: 21.0-21.9°C)
2026-05-16 06:13:59,568 - DEBUG -      → Maintenance: Predicted too high, lowering maximum to 21.4°C
2026-05-16 06:13:59,569 - DEBUG -    Iteration 6: outlet=21.2°C → predicted=22.89°C, error=0.181°C (range: 21.0-21.4°C)
2026-05-16 06:13:59,569 - DEBUG -      → Maintenance: Predicted too high, lowering maximum to 21.2°C
2026-05-16 06:13:59,570 - DEBUG -    Iteration 7: outlet=21.1°C → predicted=22.89°C, error=0.181°C (range: 21.0-21.2°C)
2026-05-16 06:13:59,570 - DEBUG -      → Maintenance: Predicted too high, lowering maximum to 21.1°C
2026-05-16 06:13:59,570 - DEBUG -    Iteration 8: outlet=21.1°C → predicted=22.89°C, error=0.181°C (range: 21.0-21.1°C)
2026-05-16 06:13:59,571 - DEBUG -      → Maintenance: Predicted too high, lowering maximum to 21.1°C
2026-05-16 06:13:59,571 - DEBUG -    Iteration 9: outlet=21.0°C → predicted=22.89°C, error=0.181°C (range: 21.0-21.1°C)
2026-05-16 06:13:59,571 - DEBUG -      → Maintenance: Predicted too high, lowering maximum to 21.0°C
2026-05-16 06:13:59,571 - INFO - 🔄 Binary search early exit after 10 iterations: range collapsed to 0.027°C, using 21.0°C
2026-05-16 06:13:59,572 - DEBUG - Slab: inlet=24.6°C, outlet=21.0°C, Δ=-3.5°C, τ=4.00h
2026-05-16 06:13:59,572 - DEBUG - 🔍 Trajectory prediction using forecast arrays: outdoor=[1.8125000000000002, 1.81, 3.11, 4.61, 5.81], PV=[39.388888888888886, 988.2, 1865.0, 3364.5, 3530.0]
2026-05-16 06:13:59,572 - DEBUG - 🔍 Trajectory DEBUG: outlet=21.0°C → 0.2h_prediction=22.63°C (vs target 22.7°C, error: -0.081°C), reaches_target_at=0.16666666666666666h, cycle_time=0.2h
2026-05-16 06:13:59,572 - DEBUG - 🔍 Trajectory predictions for target 22.7°C:
2026-05-16 06:13:59,572 - DEBUG -     0.2h: 22.63°C → target 22.71°C (error: -0.08°C)
2026-05-16 06:13:59,572 - DEBUG -     0.3h: 22.60°C → target 22.71°C (error: -0.11°C)
2026-05-16 06:13:59,572 - DEBUG -     0.5h: 22.57°C → target 22.71°C (error: -0.13°C)
2026-05-16 06:13:59,573 - DEBUG -     0.7h: 22.55°C → target 22.71°C (error: -0.16°C)
2026-05-16 06:13:59,573 - DEBUG -     0.8h: 22.53°C → target 22.71°C (error: -0.18°C)
2026-05-16 06:13:59,573 - DEBUG -     1.0h: 22.52°C → target 22.71°C (error: -0.19°C)
2026-05-16 06:13:59,573 - DEBUG -     1.2h: 22.51°C → target 22.71°C (error: -0.20°C)
2026-05-16 06:13:59,573 - DEBUG -     1.3h: 22.50°C → target 22.71°C (error: -0.20°C)
2026-05-16 06:13:59,573 - DEBUG -     1.5h: 22.50°C → target 22.71°C (error: -0.20°C)
2026-05-16 06:13:59,573 - DEBUG -     1.7h: 22.51°C → target 22.71°C (error: -0.20°C)
2026-05-16 06:13:59,573 - DEBUG -     1.8h: 22.52°C → target 22.71°C (error: -0.19°C)
2026-05-16 06:13:59,573 - DEBUG -     2.0h: 22.53°C → target 22.71°C (error: -0.18°C)
2026-05-16 06:13:59,573 - DEBUG -     2.2h: 22.55°C → target 22.71°C (error: -0.16°C)
2026-05-16 06:13:59,573 - DEBUG -     2.3h: 22.56°C → target 22.71°C (error: -0.14°C)
2026-05-16 06:13:59,573 - DEBUG -     2.5h: 22.59°C → target 22.71°C (error: -0.12°C)
2026-05-16 06:13:59,573 - DEBUG -     2.7h: 22.62°C → target 22.71°C (error: -0.09°C)
2026-05-16 06:13:59,573 - DEBUG -     2.8h: 22.65°C → target 22.71°C (error: -0.06°C)
2026-05-16 06:13:59,573 - DEBUG -     3.0h: 22.68°C → target 22.71°C (error: -0.03°C)
2026-05-16 06:13:59,573 - DEBUG -     3.2h: 22.71°C → target 22.71°C (error: +0.01°C)
2026-05-16 06:13:59,573 - DEBUG -     3.3h: 22.75°C → target 22.71°C (error: +0.04°C)
2026-05-16 06:13:59,573 - DEBUG -     3.5h: 22.78°C → target 22.71°C (error: +0.08°C)
2026-05-16 06:13:59,573 - DEBUG -     3.7h: 22.82°C → target 22.71°C (error: +0.11°C)
2026-05-16 06:13:59,573 - DEBUG -     3.8h: 22.85°C → target 22.71°C (error: +0.15°C)
2026-05-16 06:13:59,573 - DEBUG -     4.0h: 22.89°C → target 22.71°C (error: +0.18°C)
2026-05-16 06:13:59,573 - DEBUG - Ignoring minor future overshoot (max=22.89°C) because immediate cycle is safe (22.63°C)
2026-05-16 06:13:59,573 - INFO - ⚠️ Temperature boundary violations detected (min: 22.50°C, max: 22.89°C) - applying correction
2026-05-16 06:13:59,573 - INFO - 🔄 [Newton] Skipping undershoot correction (both violated, min wins): projected indoor 22.61°C > target-0.1 (22.6°C) — house self-correcting
2026-05-16 06:13:59,576 - DEBUG - HeatingCorrectionMLModel: raw ΔT_outlet=-0.169°C (R²=0.8638)
2026-05-16 06:13:59,576 - INFO - 🤖 [ML correction] R²=0.864 w=0.864 Δphysics=+0.000°C Δml=-0.169°C Δblend=-0.146°C → outlet=21.0°C
2026-05-16 06:13:59,576 - DEBUG - 🧠 Smart rounding is using cycle-aligned forecast: PV=118W (caller sent PV=39W)
2026-05-16 06:13:59,576 - INFO - 🎯 Prediction: Current 22.66°C → Target 22.6°C | Calculated outlet: 21.0°C (before smart rounding) (confidence: 5.000)
2026-05-16 06:13:59,576 - DEBUG - Model Wrapper: temp=21.0°C, error=0.060°C, confidence=5.000
2026-05-16 06:13:59,576 - DEBUG - EMA smoothing: 21.00°C → 21.1°C (last=21.2, α=0.50)
2026-05-16 06:13:59,576 - DEBUG - ♻️ Reusing existing Model Wrapper instance
2026-05-16 06:13:59,577 - INFO - 🌡️ Using cycle-aligned forecast (10min): outdoor=2.2°C (vs current 2.2°C), PV=118W (vs current 39W)
2026-05-16 06:13:59,577 - DEBUG - 🧠 Smart rounding is using cycle-aligned forecast: PV=118W (caller sent PV=118W)
2026-05-16 06:13:59,577 - DEBUG - 🧠 Smart rounding is using cycle-aligned forecast: PV=118W (caller sent PV=118W)
2026-05-16 06:13:59,577 - DEBUG - Smart rounding: 21.10°C → 22°C (chose ceiling: floor→22.53°C [err=0.072], ceiling→22.56°C [err=0.043], target=22.6°C)
2026-05-16 06:13:59,577 - DEBUG - Setting target outlet temp
2026-05-16 06:13:59,577 - DEBUG - Setting HA state for sensor.ml_vorlauftemperatur: {'state': '21.1', 'attributes': {'state_class': 'measurement', 'unique_id': 'ml_heating_target_outlet_temp', 'friendly_name': 'ML Target Outlet Temp', 'unit_of_measurement': '°C', 'device_class': 'temperature', 'icon': 'mdi:thermometer-water'}}
2026-05-16 06:13:59,589 - DEBUG - Logging thermal model metrics
2026-05-16 06:13:59,590 - DEBUG - Setting HA state for sensor.ml_heating_state: {'state': '0', 'attributes': {'state_class': 'measurement', 'unique_id': 'ml_heating_state', 'friendly_name': 'ML Heating State', 'unit_of_measurement': 'state', 'icon': 'mdi:information-outline', 'state_description': 'OK - Prediction done', 'confidence': 5.0, 'suggested_temp': 21.0, 'final_temp': 21.1, 'predicted_indoor': 22.53, 'last_prediction_time': '2026-05-16T04:13:59.590178+00:00', 'temperature_error': 0.06, 'pre_cool_active': False, 'pre_cool_peak_temp': None, 'pre_cool_peak_hour': None}}
2026-05-16 06:13:59,604 - DEBUG - ✅ ACTIVE MODE: ML controlling heating via input_boolean.ml_heating
2026-05-16 06:13:59,606 - DEBUG - 🧠 Smart rounding is using cycle-aligned forecast: PV=118W (caller sent PV=39W)
2026-05-16 06:13:59,606 - DEBUG - Target: 22.6°C | Suggested: 21.0°C | Applied: 21.1°C | Actual Indoor: 22.66°C | Predicted Indoor: 22.53°C | Confidence: 5.000
2026-05-16 06:13:59,607 - INFO - Target: 22.6°C | Suggested: 21.0°C | Applied: 21.1°C | Actual Indoor: 22.66°C | Predicted Indoor: 22.53°C | Confidence: 5.000
2026-05-16 06:13:59,794 - DEBUG - 💾 Saved unified thermal state to /config/ml_heating/unified_thermal_state.json
2026-05-16 06:13:59,796 - DEBUG - Operational state saved to /config/ml_heating/unified_thermal_state.json; updated keys: ['last_run_features', 'last_indoor_temp', 'last_avg_other_rooms_temp', 'last_fireplace_on', 'last_final_temp', 'last_climate_mode', 'last_target_indoor_temp', 'last_predicted_indoor', 'last_is_blocking', 'last_blocking_reasons', 'setpoint_hold_cycles_remaining']
2026-05-16 06:13:59,796 - DEBUG - Setting HA state for sensor.ml_heating_features: {'state': '22.48', 'attributes': {'state_class': 'measurement', 'unique_id': 'ml_heating_features', 'friendly_name': 'ML Heating Features', 'unit_of_measurement': '°C', 'device_class': 'temperature', 'icon': 'mdi:feature-search-outline', 'living_room_temp': 22.48, 'outlet_temp': 24.6, 'indoor_temp_lag_30m': 22.660000000000004, 'target_temp': 22.6, 'outdoor_temp': 1.8125000000000002, 'dhw_heating': 0.0, 'dhw_disinfection': 0.0, 'dhw_boost_heater': 0.0, 'defrosting': 0.0, 'pv_now': 320.0, 'pv_now_electrical': 320.0, 'solar_correction_percent': 100.0, 'solar_correction_factor': 1.0, 'solar_correction_enabled': 1.0, 'fireplace_on': 0.0, 'tv_on': 0.0, 'temp_forecast_1h': 1.81, 'temp_forecast_2h': 3.11, 'temp_forecast_3h': 4.61, 'temp_forecast_4h': 5.81, 'temp_forecast_5h': 6.11, 'temp_forecast_6h': 6.31, 'temp_forecast_7h': 7.61, 'temp_forecast_8h': 6.41, 'temp_forecast_9h': 7.51, 'temp_forecast_10h': 7.81, 'temp_forecast_11h': 5.81, 'temp_forecast_12h': 7.31, 'pv_forecast_1h': 988.2, 'pv_forecast_2h': 1865.0, 'pv_forecast_3h': 3364.5, 'pv_forecast_4h': 3530.0, 'pv_forecast_5h': 4596.8, 'pv_forecast_6h': 4222.2, 'pv_forecast_7h': 5151.5, 'pv_forecast_8h': 4008.8, 'pv_forecast_9h': 2794.0, 'pv_forecast_10h': 2657.2, 'pv_forecast_11h': 2917.2, 'pv_forecast_12h': 1892.2, 'pv_forecast_electrical_1h': 988.2, 'pv_forecast_electrical_2h': 1865.0, 'pv_forecast_electrical_3h': 3364.5, 'pv_forecast_electrical_4h': 3530.0, 'pv_forecast_electrical_5h': 4596.8, 'pv_forecast_electrical_6h': 4222.2, 'pv_forecast_electrical_7h': 5151.5, 'pv_forecast_electrical_8h': 4008.8, 'pv_forecast_electrical_9h': 2794.0, 'pv_forecast_electrical_10h': 2657.2, 'pv_forecast_electrical_11h': 2917.2, 'pv_forecast_electrical_12h': 1892.2, 'cloud_cover_forecast_1h': 0.0, 'cloud_cover_forecast_2h': 0.0, 'cloud_cover_forecast_3h': 0.0, 'cloud_cover_forecast_4h': 0.0, 'cloud_cover_forecast_5h': 0.0, 'cloud_cover_forecast_6h': 0.0, 'cloud_cover_forecast_7h': 0.0, 'cloud_cover_forecast_8h': 0.0, 'cloud_cover_forecast_9h': 0.0, 'cloud_cover_forecast_10h': 0.0, 'cloud_cover_forecast_11h': 0.0, 'cloud_cover_forecast_12h': 0.0, 'temp_diff_indoor_outdoor': 20.845625000000005, 'indoor_temp_gradient': -1.1932499999999635, 'outlet_indoor_diff': 1.941874999999996, 'indoor_temp_lag_10m': 22.66, 'indoor_temp_lag_60m': 22.695, 'outlet_temp_lag_30m': 24.709999999999997, 'outlet_temp_change': 0.0, 'indoor_temp_delta_10m': -0.001874999999994742, 'indoor_temp_delta_30m': -0.0018749999999982947, 'indoor_temp_delta_60m': -0.036874999999994884, 'hour_sin': 1.0, 'hour_cos': 6.123233995736766e-17, 'month_sin': 0.8660254037844387, 'month_cos': -0.4999999999999998, 'outlet_effectiveness_ratio': 0.029932410685550873, 'inlet_temp': 24.560000000000002, 'flow_rate': 14.0, 'power_consumption': 19.0, 'delta_t': 0.03999999999999915, 'thermal_power_kw': 0.0390693333333325, 'cop_realtime': 0.0, 'temp_trend_forecast': 0.9993749999999999, 'heating_demand_forecast': 1.6790000000000003, 'combined_forecast_thermal_load': -1.851, 'pv_power_history': [0.0, 0.0, 0.0, 0.0, 0.0, 0.0, 0.0, 0.0, 0.0, 0.0, 0.0, 8.0, 13.0, 29.0, 52.0, 111.0, 201.0, 295.0], 'pv_power_history_electrical': [0.0, 0.0, 0.0, 0.0, 0.0, 0.0, 0.0, 0.0, 0.0, 0.0, 0.0, 8.0, 13.0, 29.0, 52.0, 111.0, 201.0, 295.0], 'wind_speed': 8.0, 'is_weekend': 1.0, 'indoor_margin_rate': 0.0, 'last_updated': '2026-05-16T04:13:59.796454+00:00'}}
2026-05-16 06:13:59,828 - DEBUG - Published 93 features to sensor.ml_heating_features
2026-05-16 06:13:59,828 - DEBUG - ✅ CYCLE 37 END: 06:13:59 (duration: 1.5s)
2026-05-16 06:13:59,828 - DEBUG - 💤 POLLING START: Waiting 30min until next cycle...
2026-05-16 06:13:59,853 - DEBUG - Active sampling: buffered 6 readings
127.0.0.1 - - [16/May/2026 06:14:23] "GET /health HTTP/1.1" 200 -
127.0.0.1 - - [16/May/2026 06:14:53] "GET /health HTTP/1.1" 200 -
2026-05-16 06:14:59,883 - DEBUG - Active sampling: buffered 6 readings
127.0.0.1 - - [16/May/2026 06:15:24] "GET /health HTTP/1.1" 200 -
127.0.0.1 - - [16/May/2026 06:15:54] "GET /health HTTP/1.1" 200 -
2026-05-16 06:15:59,913 - DEBUG - Active sampling: buffered 6 readings
127.0.0.1 - - [16/May/2026 06:16:24] "GET /health HTTP/1.1" 200 -
127.0.0.1 - - [16/May/2026 06:16:54] "GET /health HTTP/1.1" 200 -
2026-05-16 06:16:59,943 - DEBUG - Active sampling: buffered 6 readings
127.0.0.1 - - [16/May/2026 06:17:24] "GET /health HTTP/1.1" 200 -
127.0.0.1 - - [16/May/2026 06:17:54] "GET /health HTTP/1.1" 200 -
2026-05-16 06:17:59,973 - DEBUG - Active sampling: buffered 6 readings
127.0.0.1 - - [16/May/2026 06:18:24] "GET /health HTTP/1.1" 200 -
127.0.0.1 - - [16/May/2026 06:18:54] "GET /health HTTP/1.1" 200 -
2026-05-16 06:19:00,004 - DEBUG - Active sampling: buffered 6 readings
127.0.0.1 - - [16/May/2026 06:19:24] "GET /health HTTP/1.1" 200 -
127.0.0.1 - - [16/May/2026 06:19:54] "GET /health HTTP/1.1" 200 -
2026-05-16 06:20:00,033 - DEBUG - Active sampling: buffered 6 readings
127.0.0.1 - - [16/May/2026 06:20:24] "GET /health HTTP/1.1" 200 -
127.0.0.1 - - [16/May/2026 06:20:54] "GET /health HTTP/1.1" 200 -
2026-05-16 06:21:00,062 - DEBUG - Active sampling: buffered 6 readings
127.0.0.1 - - [16/May/2026 06:21:24] "GET /health HTTP/1.1" 200 -
127.0.0.1 - - [16/May/2026 06:21:54] "GET /health HTTP/1.1" 200 -
2026-05-16 06:22:00,092 - DEBUG - Active sampling: buffered 6 readings
127.0.0.1 - - [16/May/2026 06:22:24] "GET /health HTTP/1.1" 200 -
127.0.0.1 - - [16/May/2026 06:22:54] "GET /health HTTP/1.1" 200 -
2026-05-16 06:23:00,122 - DEBUG - Active sampling: buffered 6 readings
127.0.0.1 - - [16/May/2026 06:23:24] "GET /health HTTP/1.1" 200 -
127.0.0.1 - - [16/May/2026 06:23:55] "GET /health HTTP/1.1" 200 -
2026-05-16 06:24:00,123 - DEBUG - ⏰ POLLING END: Waited 10.0min, starting next cycle...
2026-05-16 06:24:00,124 - DEBUG - 🔄 CYCLE 38 START: 06:24:00 (interval: 10.0min since last cycle)
2026-05-16 06:24:00,124 - DEBUG - ♻️ Reusing existing Model Wrapper instance
2026-05-16 06:24:00,124 - INFO - Successfully loaded operational state from /config/ml_heating/unified_thermal_state.json
2026-05-16 06:24:00,150 - DEBUG - Setting HA state for sensor.ml_heating_cop_realtime: {'state': '0.00', 'attributes': {'state_class': 'measurement', 'unique_id': 'ml_heating_cop_realtime', 'friendly_name': 'ML Heating COP (Realtime)', 'unit_of_measurement': 'COP', 'icon': 'mdi:heat-pump', 'device_class': 'power_factor'}}
2026-05-16 06:24:00,162 - DEBUG - Setting HA state for sensor.ml_heating_thermal_power: {'state': '0.000', 'attributes': {'state_class': 'measurement', 'unique_id': 'ml_heating_thermal_power', 'friendly_name': 'ML Heating Thermal Power', 'unit_of_measurement': 'kW', 'icon': 'mdi:flash', 'device_class': 'power'}}
2026-05-16 06:24:00,210 - DEBUG - Wrote thermodynamic metrics to InfluxDB
2026-05-16 06:24:00,211 - DEBUG - Thermodynamic sensors updated: COP=0.00, Power=0.000kW
2026-05-16 06:24:00,211 - DEBUG - ♻️ Reusing existing Model Wrapper instance
2026-05-16 06:24:00,211 - DEBUG - 🎯 ACTIVE MODE LEARNING (trajectory): Verifying ML prediction accuracy for 21.1°C outlet setting
2026-05-16 06:24:00,214 - DEBUG - ☀️ SolarChannel self-learned: avg_error=0.032, pv_heat_weight=0.00124, solar_lag=39.7min, cloud_exp=1.00, solar_decay_tau=1.06h
2026-05-16 06:24:00,214 - INFO - ☀️ pv parameter update: attributed_error=+0.013361 | pv_heat_weight: 0.001206→0.001238 (Δ+0.000032) | solar_decay_tau_hours: 1.057633→1.057648 (Δ+0.000016) | solar_lag_minutes: 39.668103→39.667742 (Δ-0.000361)
2026-05-16 06:24:00,214 - INFO - Channel routing → [☀️ pv*] | error=+0.0134 | pv_current=320W pv_smoothed=39W | params_changed=pv
2026-05-16 06:24:00,408 - DEBUG - 💾 Saved unified thermal state to /config/ml_heating/unified_thermal_state.json
2026-05-16 06:24:00,410 - DEBUG - Skipping legacy global adaptation: channel mode owns recent-window learning
2026-05-16 06:24:00,598 - DEBUG - 💾 Saved unified thermal state to /config/ml_heating/unified_thermal_state.json
2026-05-16 06:24:00,600 - DEBUG - Prediction feedback: error=0.013°C, confidence=5.000
2026-05-16 06:24:00,788 - DEBUG - 💾 Saved unified thermal state to /config/ml_heating/unified_thermal_state.json
2026-05-16 06:24:00,789 - DEBUG - 💾 Saved 200 predictions to unified thermal state
2026-05-16 06:24:00,789 - DEBUG - Added prediction: pred=22.64, actual=22.65, error=0.013
2026-05-16 06:24:00,975 - DEBUG - 💾 Saved unified thermal state to /config/ml_heating/unified_thermal_state.json
2026-05-16 06:24:00,979 - DEBUG - Setting HA state for sensor.ml_model_mae: {'state': '0.0287', 'attributes': {'state_class': 'measurement', 'unique_id': 'ml_heating_model_mae', 'friendly_name': 'ML Model MAE', 'unit_of_measurement': '°C', 'icon': 'mdi:chart-line', 'last_updated': '2026-05-16T04:24:00.979266+00:00'}}
2026-05-16 06:24:00,992 - DEBUG - Setting HA state for sensor.ml_model_rmse: {'state': '0.0400', 'attributes': {'state_class': 'measurement', 'unique_id': 'ml_heating_model_rmse', 'friendly_name': 'ML Model RMSE', 'unit_of_measurement': '°C', 'icon': 'mdi:chart-line', 'last_updated': '2026-05-16T04:24:00.979266+00:00'}}
2026-05-16 06:24:01,006 - DEBUG - Setting HA state for sensor.ml_heating_learning: {'state': '5.000', 'attributes': {'state_class': 'measurement', 'unique_id': 'ml_heating_learning', 'friendly_name': 'ML Adaptive Learning Metrics', 'unit_of_measurement': 'metrics', 'icon': 'mdi:brain', 'thermal_time_constant': 4.8345275867350885, 'heat_loss_coefficient': 0.12035197370821737, 'outlet_effectiveness': 0.8283017284451556, 'pv_heat_weight': 0.0012378053203366678, 'fireplace_heat_weight': 0.17156709601311348, 'tv_heat_weight': 0.44733899208522154, 'solar_lag_minutes': 39.66774224940672, 'slab_time_constant_hours': 4.000456052583566, 'heat_source_channels_enabled': True, 'total_conductance': 0.3, 'equilibrium_ratio': 0.5, 'cycle_count': 5376, 'parameter_updates': 538, 'model_health': 'excellent', 'learning_progress': 1.0, 'is_improving': True, 'improvement_percentage': 21.40510243788001, 'total_predictions': 200, 'learning_confidence': 5.0, 'last_updated': '2026-05-16T04:24:01.006805+00:00', 'delta_t_floor': 2.4857328190130326, 'cloud_factor_exponent': 1.0, 'solar_decay_tau_hours': 1.057648378206552, 'fp_heat_output_kw': 0.17156709601311348, 'fp_decay_time_constant': 3.9144707244638868, 'room_spread_delay_minutes': 18.0, 'ch_heat_pump_history_count': 200, 'ch_heat_pump_last_error': 0.015176865717659638, 'ch_pv_history_count': 200, 'ch_pv_last_error': 0.013361211247236326, 'ch_fireplace_history_count': 0, 'ch_fireplace_last_error': 0.0, 'ch_tv_history_count': 0, 'ch_tv_last_error': 0.0}}
2026-05-16 06:24:01,026 - DEBUG - Setting HA state for sensor.ml_model_mae: {'state': '0.0287', 'attributes': {'state_class': 'measurement', 'unique_id': 'ml_heating_model_mae', 'friendly_name': 'ML Model MAE', 'unit_of_measurement': '°C', 'icon': 'mdi:chart-line', 'mae_1h': 0.019257415270462392, 'mae_6h': 0.028203702013447796, 'mae_24h': 0.02874241565396508, 'trend_direction': 'improving', 'prediction_count': 200, 'last_updated': '2026-05-16T04:24:01.006805+00:00'}}
2026-05-16 06:24:01,040 - DEBUG - Setting HA state for sensor.ml_model_rmse: {'state': '0.0400', 'attributes': {'state_class': 'measurement', 'unique_id': 'ml_heating_model_rmse', 'friendly_name': 'ML Model RMSE', 'unit_of_measurement': '°C', 'icon': 'mdi:chart-line', 'recent_max_error': 0.03352079090140592, 'std_error': 0.0278, 'mean_bias': 0.0, 'prediction_count': 200, 'last_updated': '2026-05-16T04:24:01.006805+00:00'}}
2026-05-16 06:24:01,054 - DEBUG - Setting HA state for sensor.ml_prediction_accuracy: {'state': '99.4', 'attributes': {'state_class': 'measurement', 'unique_id': 'ml_prediction_accuracy', 'friendly_name': 'ML Prediction Accuracy', 'unit_of_measurement': '%', 'icon': 'mdi:target', 'perfect_accuracy_pct': 0.0, 'tolerable_accuracy_pct': 99.38271604938271, 'poor_accuracy_pct': 0.6172839506172839, 'prediction_count_24h': 0, 'excellent_all_time_pct': 98.0, 'good_all_time_pct': 100.0, 'last_updated': '2026-05-16T04:24:01.006805+00:00'}}
2026-05-16 06:24:01,069 - DEBUG - Logged refactored sensor metrics to HA
2026-05-16 06:24:01,069 - DEBUG - Logging feature importance
2026-05-16 06:24:01,069 - DEBUG - Setting HA state for sensor.ml_feature_importance: {'state': '5', 'attributes': {'state_class': 'measurement', 'unique_id': 'ml_heating_feature_importance', 'friendly_name': 'ML Feature Importance', 'unit_of_measurement': '%', 'icon': 'mdi:format-list-numbered', 'top_features': {'target_temp': 52.8, 'tv_power': 28.51, 'fireplace': 10.94, 'outdoor_temp': 7.67, 'pv_power': 0.08}, 'last_updated': '2026-05-16T04:24:01.069447+00:00'}}
2026-05-16 06:24:01,083 - INFO - ✅ Exported metrics to Home Assistant sensors successfully
2026-05-16 06:24:01,083 - INFO - ✅ Learning cycle 5376: error=0.013°C, confidence=5.000, total_predictions=200
2026-05-16 06:24:01,084 - DEBUG - ✅ Online learning: applied_temp=21.1°C, actual_change=-0.010°C, cycle=5376
2026-05-16 06:24:01,084 - DEBUG - 🔥 Heating mode active (state: heat)
2026-05-16 06:24:01,084 - DEBUG - ♻️ Reusing existing Model Wrapper instance
2026-05-16 06:24:01,111 - DEBUG - Fireplace is OFF. Using main indoor temp for prediction.
2026-05-16 06:24:01,246 - DEBUG - PV forecast parsed successfully: [1106.0, 2254.8, 3741.5, 3622.0, 3939.2, 5302.2, 4458.5, 3734.2, 2880.8, 2641.8, 2573.2, 1773.2]W
2026-05-16 06:24:01,246 - DEBUG - Solar correction: enabled=True, percent=100.0%, factor=1.000
2026-05-16 06:24:01,264 - DEBUG - Delta calibration applied: offset=-2.08°C
2026-05-16 06:24:01,264 - DEBUG - Raw forecasts: [4.2, 5.5, 7.0, 8.2, 8.5, 8.7, 10.0, 8.8, 9.9, 10.2, 8.2, 9.7]
2026-05-16 06:24:01,264 - DEBUG - Calibrated forecasts: [2.12, 3.42, 4.92, 6.12, 6.42, 6.62, 7.92, 6.72, 7.82, 8.12, 6.12, 7.62]
2026-05-16 06:24:01,268 - INFO - ☀️ Forecast trajectory: PV=980W < threshold=1500W but 11 forecast hours above threshold → rescued, continuing
2026-05-16 06:24:01,268 - INFO - ☀️ Forecast trajectory: no sunset within 12-step horizon → inactive, 4 steps
2026-05-16 06:24:01,268 - DEBUG - Heating obs buffer: resolved 1 new label(s) this cycle
2026-05-16 06:24:01,289 - DEBUG - ♻️ Reusing existing Model Wrapper instance
2026-05-16 06:24:01,294 - INFO - DEBUG: Wrapper params: U=0.12035197370821737, eff=0.8283017284451556, tau=4.8345275867350885
2026-05-16 06:24:01,294 - INFO - ☀️ PV surplus 980W (threshold 1500W): target 22.6 → 22.9°C (CHEAP ramp offset +0.33)
2026-05-16 06:24:01,294 - DEBUG - 🔧 Using natural bounds: outlet_min=21.0°C, outlet_max=35.0°C
2026-05-16 06:24:01,294 - INFO - 🌡️ Using cycle-aligned forecast (10min): outdoor=2.1°C (vs current 2.1°C), PV=184W (vs current 100W)
2026-05-16 06:24:01,294 - DEBUG - DEBUG: Using PV history (len=18) instead of scalar 183.80787037037038
2026-05-16 06:24:01,294 - INFO - 🔄 HP off (delta_t=0.02, mode=heating): simulating HP-on delta_t=2.49 for binary search
2026-05-16 06:24:01,294 - DEBUG - 🎯 Binary search start: target=22.9°C, current=22.7°C, range=21.0-35.0°C
2026-05-16 06:24:01,294 - DEBUG - 🔍 Binary search features: inlet_temp=24.4, delta_t_floor=2.49, indoor_temp_delta_60m=-0.0233, horizon=4.0h, outlet_mid=28.0°C
2026-05-16 06:24:01,296 - DEBUG - ✅ Binary search trajectory OK (iter 1): outlet=28.0°C → predicted=24.14°C (steps=24, start=22.69→end=24.14)
2026-05-16 06:24:01,296 - DEBUG -    Iteration 1: outlet=28.0°C → predicted=24.14°C, error=1.216°C (range: 21.0-35.0°C)
2026-05-16 06:24:01,296 - DEBUG -      → Heating: Predicted too high, lowering maximum to 28.0°C
2026-05-16 06:24:01,297 - DEBUG -    Iteration 2: outlet=24.5°C → predicted=23.05°C, error=0.127°C (range: 21.0-28.0°C)
2026-05-16 06:24:01,297 - DEBUG -      → Heating: Predicted too high, lowering maximum to 24.5°C
2026-05-16 06:24:01,298 - DEBUG -    Iteration 3: outlet=22.8°C → predicted=22.97°C, error=0.042°C (range: 21.0-24.5°C)
2026-05-16 06:24:01,298 - DEBUG -      → Heating: Predicted too high, lowering maximum to 22.8°C
2026-05-16 06:24:01,299 - DEBUG -    Iteration 4: outlet=21.9°C → predicted=22.97°C, error=0.042°C (range: 21.0-22.8°C)
2026-05-16 06:24:01,299 - DEBUG -      → Heating: Predicted too high, lowering maximum to 21.9°C
2026-05-16 06:24:01,300 - DEBUG -    Iteration 5: outlet=21.4°C → predicted=22.97°C, error=0.042°C (range: 21.0-21.9°C)
2026-05-16 06:24:01,300 - DEBUG -      → Heating: Predicted too high, lowering maximum to 21.4°C
2026-05-16 06:24:01,301 - DEBUG -    Iteration 6: outlet=21.2°C → predicted=22.97°C, error=0.042°C (range: 21.0-21.4°C)
2026-05-16 06:24:01,301 - DEBUG -      → Heating: Predicted too high, lowering maximum to 21.2°C
2026-05-16 06:24:01,301 - DEBUG -    Iteration 7: outlet=21.1°C → predicted=22.97°C, error=0.042°C (range: 21.0-21.2°C)
2026-05-16 06:24:01,302 - DEBUG -      → Heating: Predicted too high, lowering maximum to 21.1°C
2026-05-16 06:24:01,302 - DEBUG -    Iteration 8: outlet=21.1°C → predicted=22.97°C, error=0.042°C (range: 21.0-21.1°C)
2026-05-16 06:24:01,302 - DEBUG -      → Heating: Predicted too high, lowering maximum to 21.1°C
2026-05-16 06:24:01,303 - DEBUG -    Iteration 9: outlet=21.0°C → predicted=22.97°C, error=0.042°C (range: 21.0-21.1°C)
2026-05-16 06:24:01,303 - DEBUG -      → Heating: Predicted too high, lowering maximum to 21.0°C
2026-05-16 06:24:01,303 - INFO - 🔄 Binary search early exit after 10 iterations: range collapsed to 0.027°C, using 21.0°C
2026-05-16 06:24:01,304 - DEBUG - Slab: inlet=24.4°C, outlet=21.0°C, Δ=-3.4°C, τ=4.00h
2026-05-16 06:24:01,304 - DEBUG - 🔍 Trajectory prediction using forecast arrays: outdoor=[2.1218750000000006, 2.12, 3.42, 4.92, 6.12], PV=[99.97222222222223, 1106.0, 2254.8, 3741.5, 3622.0]
2026-05-16 06:24:01,304 - DEBUG - 🔍 Trajectory DEBUG: outlet=21.0°C → 0.2h_prediction=22.63°C (vs target 22.9°C, error: -0.293°C), reaches_target_at=3.333333333333333h, cycle_time=0.2h
2026-05-16 06:24:01,304 - DEBUG - 🔍 Trajectory predictions for target 22.9°C:
2026-05-16 06:24:01,304 - DEBUG -     0.2h: 22.63°C → target 22.93°C (error: -0.29°C)
2026-05-16 06:24:01,304 - DEBUG -     0.3h: 22.61°C → target 22.93°C (error: -0.31°C)
2026-05-16 06:24:01,304 - DEBUG -     0.5h: 22.60°C → target 22.93°C (error: -0.33°C)
2026-05-16 06:24:01,304 - DEBUG -     0.7h: 22.57°C → target 22.93°C (error: -0.35°C)
2026-05-16 06:24:01,304 - DEBUG -     0.8h: 22.56°C → target 22.93°C (error: -0.37°C)
2026-05-16 06:24:01,304 - DEBUG -     1.0h: 22.54°C → target 22.93°C (error: -0.38°C)
2026-05-16 06:24:01,305 - DEBUG -     1.2h: 22.54°C → target 22.93°C (error: -0.39°C)
2026-05-16 06:24:01,305 - DEBUG -     1.3h: 22.54°C → target 22.93°C (error: -0.39°C)
2026-05-16 06:24:01,305 - DEBUG -     1.5h: 22.54°C → target 22.93°C (error: -0.39°C)
2026-05-16 06:24:01,305 - DEBUG -     1.7h: 22.55°C → target 22.93°C (error: -0.38°C)
2026-05-16 06:24:01,305 - DEBUG -     1.8h: 22.56°C → target 22.93°C (error: -0.36°C)
2026-05-16 06:24:01,305 - DEBUG -     2.0h: 22.58°C → target 22.93°C (error: -0.35°C)
2026-05-16 06:24:01,305 - DEBUG -     2.2h: 22.60°C → target 22.93°C (error: -0.32°C)
2026-05-16 06:24:01,305 - DEBUG -     2.3h: 22.63°C → target 22.93°C (error: -0.30°C)
2026-05-16 06:24:01,305 - DEBUG -     2.5h: 22.66°C → target 22.93°C (error: -0.27°C)
2026-05-16 06:24:01,305 - DEBUG -     2.7h: 22.69°C → target 22.93°C (error: -0.24°C)
2026-05-16 06:24:01,305 - DEBUG -     2.8h: 22.72°C → target 22.93°C (error: -0.21°C)
2026-05-16 06:24:01,305 - DEBUG -     3.0h: 22.76°C → target 22.93°C (error: -0.17°C)
2026-05-16 06:24:01,305 - DEBUG -     3.2h: 22.79°C → target 22.93°C (error: -0.13°C)
2026-05-16 06:24:01,305 - DEBUG -     3.3h: 22.83°C → target 22.93°C (error: -0.10°C)
2026-05-16 06:24:01,305 - DEBUG -     3.5h: 22.86°C → target 22.93°C (error: -0.06°C)
2026-05-16 06:24:01,305 - DEBUG -     3.7h: 22.90°C → target 22.93°C (error: -0.03°C)
2026-05-16 06:24:01,305 - DEBUG -     3.8h: 22.93°C → target 22.93°C (error: +0.01°C)
2026-05-16 06:24:01,305 - DEBUG -     4.0h: 22.97°C → target 22.93°C (error: +0.04°C)
2026-05-16 06:24:01,305 - INFO - ⚠️ Target will NOT be reached within 0.2h cycle (+tolerance) - applying physics-based correction
2026-05-16 06:24:01,305 - DEBUG - [Newton] t_eval floored: 1.33h → 2.42h (τ/2=2.42h); ε: +0.391°C → +0.271°C
2026-05-16 06:24:01,305 - INFO - 🎯 [Newton] S(t=2.42h)=0.3436 (η=0.828, U=0.120, τ=4.83h, H=4.0h) ε=+0.271°C → ΔT=+0.789°C → outlet 21.8°C
2026-05-16 06:24:01,308 - DEBUG - HeatingCorrectionMLModel: raw ΔT_outlet=-0.168°C (R²=0.8638)
2026-05-16 06:24:01,308 - INFO - 🤖 [ML correction] R²=0.864 w=0.864 Δphysics=+0.789°C Δml=-0.168°C Δblend=-0.038°C → outlet=21.0°C
2026-05-16 06:24:01,308 - DEBUG - 🧠 Smart rounding is using cycle-aligned forecast: PV=184W (caller sent PV=100W)
2026-05-16 06:24:01,308 - INFO - 🎯 Prediction: Current 22.65°C → Target 22.6°C | Calculated outlet: 21.0°C (before smart rounding) (confidence: 5.000)
2026-05-16 06:24:01,308 - DEBUG - Model Wrapper: temp=21.0°C, error=0.050°C, confidence=5.000
2026-05-16 06:24:01,308 - DEBUG - EMA smoothing: 21.00°C → 21.0°C (last=21.1, α=0.50)
2026-05-16 06:24:01,308 - DEBUG - Smart rounding: 21.00°C is already integer
2026-05-16 06:24:01,309 - DEBUG - Setting target outlet temp
2026-05-16 06:24:01,309 - DEBUG - Setting HA state for sensor.ml_vorlauftemperatur: {'state': '21.0', 'attributes': {'state_class': 'measurement', 'unique_id': 'ml_heating_target_outlet_temp', 'friendly_name': 'ML Target Outlet Temp', 'unit_of_measurement': '°C', 'device_class': 'temperature', 'icon': 'mdi:thermometer-water'}}
2026-05-16 06:24:01,321 - DEBUG - Logging thermal model metrics
2026-05-16 06:24:01,321 - DEBUG - Setting HA state for sensor.ml_heating_state: {'state': '0', 'attributes': {'state_class': 'measurement', 'unique_id': 'ml_heating_state', 'friendly_name': 'ML Heating State', 'unit_of_measurement': 'state', 'icon': 'mdi:information-outline', 'state_description': 'OK - Prediction done', 'confidence': 5.0, 'suggested_temp': 21.0, 'final_temp': 21.0, 'predicted_indoor': 22.53, 'last_prediction_time': '2026-05-16T04:24:01.321517+00:00', 'temperature_error': 0.05, 'pre_cool_active': False, 'pre_cool_peak_temp': None, 'pre_cool_peak_hour': None}}
2026-05-16 06:24:01,338 - DEBUG - ✅ ACTIVE MODE: ML controlling heating via input_boolean.ml_heating
2026-05-16 06:24:01,340 - DEBUG - 🧠 Smart rounding is using cycle-aligned forecast: PV=184W (caller sent PV=100W)
2026-05-16 06:24:01,340 - DEBUG - Target: 22.6°C | Suggested: 21.0°C | Applied: 21.0°C | Actual Indoor: 22.65°C | Predicted Indoor: 22.52°C | Confidence: 5.000
2026-05-16 06:24:01,341 - INFO - Target: 22.6°C | Suggested: 21.0°C | Applied: 21.0°C | Actual Indoor: 22.65°C | Predicted Indoor: 22.52°C | Confidence: 5.000
2026-05-16 06:24:01,528 - DEBUG - 💾 Saved unified thermal state to /config/ml_heating/unified_thermal_state.json
2026-05-16 06:24:01,530 - DEBUG - Operational state saved to /config/ml_heating/unified_thermal_state.json; updated keys: ['last_run_features', 'last_indoor_temp', 'last_avg_other_rooms_temp', 'last_fireplace_on', 'last_final_temp', 'last_climate_mode', 'last_target_indoor_temp', 'last_predicted_indoor', 'last_is_blocking', 'last_blocking_reasons', 'setpoint_hold_cycles_remaining']
2026-05-16 06:24:01,530 - DEBUG - Setting HA state for sensor.ml_heating_features: {'state': '22.52', 'attributes': {'state_class': 'measurement', 'unique_id': 'ml_heating_features', 'friendly_name': 'ML Heating Features', 'unit_of_measurement': '°C', 'device_class': 'temperature', 'icon': 'mdi:feature-search-outline', 'living_room_temp': 22.52, 'outlet_temp': 24.419999999999998, 'indoor_temp_lag_30m': 22.657000000000004, 'target_temp': 22.6, 'outdoor_temp': 2.1218750000000006, 'dhw_heating': 0.0, 'dhw_disinfection': 0.0, 'dhw_boost_heater': 0.0, 'defrosting': 0.0, 'pv_now': 980.0, 'pv_now_electrical': 980.0, 'solar_correction_percent': 100.0, 'solar_correction_factor': 1.0, 'solar_correction_enabled': 1.0, 'fireplace_on': 0.0, 'tv_on': 0.0, 'temp_forecast_1h': 2.12, 'temp_forecast_2h': 3.42, 'temp_forecast_3h': 4.92, 'temp_forecast_4h': 6.12, 'temp_forecast_5h': 6.42, 'temp_forecast_6h': 6.62, 'temp_forecast_7h': 7.92, 'temp_forecast_8h': 6.72, 'temp_forecast_9h': 7.82, 'temp_forecast_10h': 8.12, 'temp_forecast_11h': 6.12, 'temp_forecast_12h': 7.62, 'pv_forecast_1h': 1106.0, 'pv_forecast_2h': 2254.8, 'pv_forecast_3h': 3741.5, 'pv_forecast_4h': 3622.0, 'pv_forecast_5h': 3939.2, 'pv_forecast_6h': 5302.2, 'pv_forecast_7h': 4458.5, 'pv_forecast_8h': 3734.2, 'pv_forecast_9h': 2880.8, 'pv_forecast_10h': 2641.8, 'pv_forecast_11h': 2573.2, 'pv_forecast_12h': 1773.2, 'pv_forecast_electrical_1h': 1106.0, 'pv_forecast_electrical_2h': 2254.8, 'pv_forecast_electrical_3h': 3741.5, 'pv_forecast_electrical_4h': 3622.0, 'pv_forecast_electrical_5h': 3939.2, 'pv_forecast_electrical_6h': 5302.2, 'pv_forecast_electrical_7h': 4458.5, 'pv_forecast_electrical_8h': 3734.2, 'pv_forecast_electrical_9h': 2880.8, 'pv_forecast_electrical_10h': 2641.8, 'pv_forecast_electrical_11h': 2573.2, 'pv_forecast_electrical_12h': 1773.2, 'cloud_cover_forecast_1h': 0.0, 'cloud_cover_forecast_2h': 0.0, 'cloud_cover_forecast_3h': 0.0, 'cloud_cover_forecast_4h': 0.0, 'cloud_cover_forecast_5h': 0.0, 'cloud_cover_forecast_6h': 0.0, 'cloud_cover_forecast_7h': 0.0, 'cloud_cover_forecast_8h': 0.0, 'cloud_cover_forecast_9h': 0.0, 'cloud_cover_forecast_10h': 0.0, 'cloud_cover_forecast_11h': 0.0, 'cloud_cover_forecast_12h': 0.0, 'temp_diff_indoor_outdoor': 20.531874999999996, 'indoor_temp_gradient': -1.1475000000000222, 'outlet_indoor_diff': 1.766250000000003, 'indoor_temp_lag_10m': 22.642500000000002, 'indoor_temp_lag_60m': 22.677, 'outlet_temp_lag_30m': 24.65, 'outlet_temp_change': -0.004999999999999005, 'indoor_temp_delta_10m': 0.011249999999993321, 'indoor_temp_delta_30m': -0.003250000000008413, 'indoor_temp_delta_60m': -0.023250000000004434, 'hour_sin': 1.0, 'hour_cos': 6.123233995736766e-17, 'month_sin': 0.8660254037844387, 'month_cos': -0.4999999999999998, 'outlet_effectiveness_ratio': 0.030431705590937667, 'inlet_temp': 24.4, 'flow_rate': 14.0, 'power_consumption': 47.0, 'delta_t': 0.019999999999999574, 'thermal_power_kw': 0.01953466666666625, 'cop_realtime': 0.0, 'temp_trend_forecast': 0.9995312499999999, 'heating_demand_forecast': 1.6480000000000001, 'combined_forecast_thermal_load': -1.9739999999999998, 'pv_power_history': [0.0, 0.0, 0.0, 0.0, 0.0, 0.0, 0.0, 0.0, 0.0, 0.0, 8.0, 13.0, 29.0, 52.0, 111.0, 201.0, 488.0, 897.5], 'pv_power_history_electrical': [0.0, 0.0, 0.0, 0.0, 0.0, 0.0, 0.0, 0.0, 0.0, 0.0, 8.0, 13.0, 29.0, 52.0, 111.0, 201.0, 488.0, 897.5], 'wind_speed': 8.0, 'is_weekend': 1.0, 'indoor_margin_rate': 0.0, 'last_updated': '2026-05-16T04:24:01.530637+00:00'}}
2026-05-16 06:24:01,544 - DEBUG - Published 93 features to sensor.ml_heating_features
2026-05-16 06:24:01,545 - DEBUG - ✅ CYCLE 38 END: 06:24:01 (duration: 1.4s)
2026-05-16 06:24:01,545 - DEBUG - 💤 POLLING START: Waiting 30min until next cycle...
2026-05-16 06:24:01,585 - DEBUG - Active sampling: buffered 6 readings
127.0.0.1 - - [16/May/2026 06:24:25] "GET /health HTTP/1.1" 200 -
127.0.0.1 - - [16/May/2026 06:24:55] "GET /health HTTP/1.1" 200 -
2026-05-16 06:25:01,615 - DEBUG - Active sampling: buffered 6 readings
127.0.0.1 - - [16/May/2026 06:25:25] "GET /health HTTP/1.1" 200 -
127.0.0.1 - - [16/May/2026 06:25:55] "GET /health HTTP/1.1" 200 -
2026-05-16 06:26:01,643 - DEBUG - Active sampling: buffered 6 readings
127.0.0.1 - - [16/May/2026 06:26:25] "GET /health HTTP/1.1" 200 -
127.0.0.1 - - [16/May/2026 06:26:55] "GET /health HTTP/1.1" 200 -
2026-05-16 06:27:01,678 - DEBUG - Active sampling: buffered 6 readings
127.0.0.1 - - [16/May/2026 06:27:25] "GET /health HTTP/1.1" 200 -
127.0.0.1 - - [16/May/2026 06:27:55] "GET /health HTTP/1.1" 200 -
2026-05-16 06:28:01,708 - DEBUG - Active sampling: buffered 6 readings
127.0.0.1 - - [16/May/2026 06:28:25] "GET /health HTTP/1.1" 200 -
127.0.0.1 - - [16/May/2026 06:28:55] "GET /health HTTP/1.1" 200 -
2026-05-16 06:29:01,738 - DEBUG - Active sampling: buffered 6 readings
127.0.0.1 - - [16/May/2026 06:29:25] "GET /health HTTP/1.1" 200 -
127.0.0.1 - - [16/May/2026 06:29:55] "GET /health HTTP/1.1" 200 -
2026-05-16 06:30:01,768 - DEBUG - Active sampling: buffered 6 readings
127.0.0.1 - - [16/May/2026 06:30:25] "GET /health HTTP/1.1" 200 -
127.0.0.1 - - [16/May/2026 06:30:55] "GET /health HTTP/1.1" 200 -
2026-05-16 06:31:01,796 - DEBUG - Active sampling: buffered 6 readings
127.0.0.1 - - [16/May/2026 06:31:25] "GET /health HTTP/1.1" 200 -
127.0.0.1 - - [16/May/2026 06:31:55] "GET /health HTTP/1.1" 200 -
2026-05-16 06:32:01,831 - DEBUG - Active sampling: buffered 6 readings
127.0.0.1 - - [16/May/2026 06:32:26] "GET /health HTTP/1.1" 200 -
127.0.0.1 - - [16/May/2026 06:32:56] "GET /health HTTP/1.1" 200 -
2026-05-16 06:33:01,861 - DEBUG - Active sampling: buffered 6 readings
127.0.0.1 - - [16/May/2026 06:33:26] "GET /health HTTP/1.1" 200 -
127.0.0.1 - - [16/May/2026 06:33:56] "GET /health HTTP/1.1" 200 -
2026-05-16 06:34:01,862 - DEBUG - ⏰ POLLING END: Waited 10.0min, starting next cycle...
2026-05-16 06:34:01,862 - DEBUG - 🔄 CYCLE 39 START: 06:34:01 (interval: 10.0min since last cycle)
2026-05-16 06:34:01,863 - DEBUG - ♻️ Reusing existing Model Wrapper instance
2026-05-16 06:34:01,863 - INFO - Successfully loaded operational state from /config/ml_heating/unified_thermal_state.json
2026-05-16 06:34:01,891 - DEBUG - Setting HA state for sensor.ml_heating_cop_realtime: {'state': '0.00', 'attributes': {'state_class': 'measurement', 'unique_id': 'ml_heating_cop_realtime', 'friendly_name': 'ML Heating COP (Realtime)', 'unit_of_measurement': 'COP', 'icon': 'mdi:heat-pump', 'device_class': 'power_factor'}}
2026-05-16 06:34:01,903 - DEBUG - Setting HA state for sensor.ml_heating_thermal_power: {'state': '0.098', 'attributes': {'state_class': 'measurement', 'unique_id': 'ml_heating_thermal_power', 'friendly_name': 'ML Heating Thermal Power', 'unit_of_measurement': 'kW', 'icon': 'mdi:flash', 'device_class': 'power'}}
2026-05-16 06:34:01,944 - DEBUG - Wrote thermodynamic metrics to InfluxDB
2026-05-16 06:34:01,944 - DEBUG - Thermodynamic sensors updated: COP=0.00, Power=0.098kW
2026-05-16 06:34:01,944 - DEBUG - ♻️ Reusing existing Model Wrapper instance
2026-05-16 06:34:01,945 - DEBUG - 🎯 ACTIVE MODE LEARNING (trajectory): Verifying ML prediction accuracy for 21.0°C outlet setting
2026-05-16 06:34:01,947 - DEBUG - ☀️ SolarChannel self-learned: avg_error=0.028, pv_heat_weight=0.00127, solar_lag=39.7min, cloud_exp=1.00, solar_decay_tau=1.06h
2026-05-16 06:34:01,947 - INFO - ☀️ pv parameter update: attributed_error=-0.007296 | pv_heat_weight: 0.001238→0.001266 (Δ+0.000028) | solar_decay_tau_hours: 1.057648→1.057662 (Δ+0.000014) | solar_lag_minutes: 39.667742→39.666933 (Δ-0.000810)
2026-05-16 06:34:01,947 - INFO - Channel routing → [☀️ pv*] | error=-0.0073 | pv_current=980W pv_smoothed=100W | params_changed=pv
2026-05-16 06:34:02,139 - DEBUG - 💾 Saved unified thermal state to /config/ml_heating/unified_thermal_state.json
2026-05-16 06:34:02,141 - DEBUG - Skipping legacy global adaptation: channel mode owns recent-window learning
2026-05-16 06:34:02,330 - DEBUG - 💾 Saved unified thermal state to /config/ml_heating/unified_thermal_state.json
2026-05-16 06:34:02,332 - DEBUG - Prediction feedback: error=-0.007°C, confidence=5.000
2026-05-16 06:34:02,615 - DEBUG - 💾 Saved unified thermal state to /config/ml_heating/unified_thermal_state.json
2026-05-16 06:34:02,616 - DEBUG - 💾 Saved 200 predictions to unified thermal state
2026-05-16 06:34:02,617 - DEBUG - Added prediction: pred=22.63, actual=22.62, error=-0.007
2026-05-16 06:34:02,803 - DEBUG - 💾 Saved unified thermal state to /config/ml_heating/unified_thermal_state.json
2026-05-16 06:34:02,807 - DEBUG - Setting HA state for sensor.ml_model_mae: {'state': '0.0286', 'attributes': {'state_class': 'measurement', 'unique_id': 'ml_heating_model_mae', 'friendly_name': 'ML Model MAE', 'unit_of_measurement': '°C', 'icon': 'mdi:chart-line', 'last_updated': '2026-05-16T04:34:02.807057+00:00'}}
2026-05-16 06:34:02,820 - DEBUG - Setting HA state for sensor.ml_model_rmse: {'state': '0.0399', 'attributes': {'state_class': 'measurement', 'unique_id': 'ml_heating_model_rmse', 'friendly_name': 'ML Model RMSE', 'unit_of_measurement': '°C', 'icon': 'mdi:chart-line', 'last_updated': '2026-05-16T04:34:02.807057+00:00'}}
2026-05-16 06:34:02,835 - DEBUG - Setting HA state for sensor.ml_heating_learning: {'state': '5.000', 'attributes': {'state_class': 'measurement', 'unique_id': 'ml_heating_learning', 'friendly_name': 'ML Adaptive Learning Metrics', 'unit_of_measurement': 'metrics', 'icon': 'mdi:brain', 'thermal_time_constant': 4.8345275867350885, 'heat_loss_coefficient': 0.12035197370821737, 'outlet_effectiveness': 0.8283017284451556, 'pv_heat_weight': 0.0012657185398341005, 'fireplace_heat_weight': 0.17156709601311348, 'tv_heat_weight': 0.44733899208522154, 'solar_lag_minutes': 39.66693271951927, 'slab_time_constant_hours': 4.000456052583566, 'heat_source_channels_enabled': True, 'total_conductance': 0.3, 'equilibrium_ratio': 0.5, 'cycle_count': 5377, 'parameter_updates': 539, 'model_health': 'excellent', 'learning_progress': 1.0, 'is_improving': True, 'improvement_percentage': 23.762555699269704, 'total_predictions': 200, 'learning_confidence': 5.0, 'last_updated': '2026-05-16T04:34:02.834893+00:00', 'delta_t_floor': 2.4857328190130326, 'cloud_factor_exponent': 1.0, 'solar_decay_tau_hours': 1.0576623348163008, 'fp_heat_output_kw': 0.17156709601311348, 'fp_decay_time_constant': 3.9144707244638868, 'room_spread_delay_minutes': 18.0, 'ch_heat_pump_history_count': 200, 'ch_heat_pump_last_error': 0.015176865717659638, 'ch_pv_history_count': 200, 'ch_pv_last_error': -0.007295764510011793, 'ch_fireplace_history_count': 0, 'ch_fireplace_last_error': 0.0, 'ch_tv_history_count': 0, 'ch_tv_last_error': 0.0}}
2026-05-16 06:34:02,849 - DEBUG - Setting HA state for sensor.ml_model_mae: {'state': '0.0286', 'attributes': {'state_class': 'measurement', 'unique_id': 'ml_heating_model_mae', 'friendly_name': 'ML Model MAE', 'unit_of_measurement': '°C', 'icon': 'mdi:chart-line', 'mae_1h': 0.01880421681446916, 'mae_6h': 0.028287883592813853, 'mae_24h': 0.02863196037712509, 'trend_direction': 'improving', 'prediction_count': 200, 'last_updated': '2026-05-16T04:34:02.834893+00:00'}}
2026-05-16 06:34:02,864 - DEBUG - Setting HA state for sensor.ml_model_rmse: {'state': '0.0399', 'attributes': {'state_class': 'measurement', 'unique_id': 'ml_heating_model_rmse', 'friendly_name': 'ML Model RMSE', 'unit_of_measurement': '°C', 'icon': 'mdi:chart-line', 'recent_max_error': 0.032847173383594, 'std_error': 0.0279, 'mean_bias': 0.0, 'prediction_count': 200, 'last_updated': '2026-05-16T04:34:02.834893+00:00'}}
2026-05-16 06:34:02,878 - DEBUG - Setting HA state for sensor.ml_prediction_accuracy: {'state': '99.4', 'attributes': {'state_class': 'measurement', 'unique_id': 'ml_prediction_accuracy', 'friendly_name': 'ML Prediction Accuracy', 'unit_of_measurement': '%', 'icon': 'mdi:target', 'perfect_accuracy_pct': 0.0, 'tolerable_accuracy_pct': 99.38271604938271, 'poor_accuracy_pct': 0.6172839506172839, 'prediction_count_24h': 0, 'excellent_all_time_pct': 98.0, 'good_all_time_pct': 100.0, 'last_updated': '2026-05-16T04:34:02.834893+00:00'}}
2026-05-16 06:34:02,892 - DEBUG - Logged refactored sensor metrics to HA
2026-05-16 06:34:02,892 - DEBUG - Logging feature importance
2026-05-16 06:34:02,892 - DEBUG - Setting HA state for sensor.ml_feature_importance: {'state': '5', 'attributes': {'state_class': 'measurement', 'unique_id': 'ml_heating_feature_importance', 'friendly_name': 'ML Feature Importance', 'unit_of_measurement': '%', 'icon': 'mdi:format-list-numbered', 'top_features': {'target_temp': 52.8, 'tv_power': 28.51, 'fireplace': 10.94, 'outdoor_temp': 7.67, 'pv_power': 0.08}, 'last_updated': '2026-05-16T04:34:02.892502+00:00'}}
2026-05-16 06:34:02,906 - INFO - ✅ Exported metrics to Home Assistant sensors successfully
2026-05-16 06:34:02,907 - INFO - ✅ Learning cycle 5377: error=0.007°C, confidence=5.000, total_predictions=200
2026-05-16 06:34:02,907 - DEBUG - ✅ Online learning: applied_temp=21.0°C, actual_change=-0.030°C, cycle=5377
2026-05-16 06:34:02,907 - DEBUG - 🔥 Heating mode active (state: heat)
2026-05-16 06:34:02,907 - DEBUG - ♻️ Reusing existing Model Wrapper instance
2026-05-16 06:34:02,933 - DEBUG - Fireplace is OFF. Using main indoor temp for prediction.
2026-05-16 06:34:03,098 - DEBUG - PV forecast parsed successfully: [1317.2, 2582.8, 3780.5, 4233.8, 3282.8, 6075.2, 4304.8, 2843.8, 3063.8, 2873.5, 2203.2, 1520.0]W
2026-05-16 06:34:03,098 - DEBUG - Solar correction: enabled=True, percent=100.0%, factor=1.000
2026-05-16 06:34:03,116 - DEBUG - Delta calibration applied: offset=-1.68°C
2026-05-16 06:34:03,116 - DEBUG - Raw forecasts: [4.2, 5.5, 7.0, 8.2, 8.5, 8.7, 10.0, 8.8, 9.9, 10.2, 8.2, 9.7]
2026-05-16 06:34:03,116 - DEBUG - Calibrated forecasts: [2.52, 3.82, 5.32, 6.52, 6.82, 7.02, 8.32, 7.12, 8.22, 8.52, 6.52, 8.02]
2026-05-16 06:34:03,120 - INFO - ☀️ Forecast trajectory: PV=1080W < threshold=1500W but 11 forecast hours above threshold → rescued, continuing
2026-05-16 06:34:03,120 - INFO - ☀️ Forecast trajectory: no sunset within 12-step horizon → inactive, 4 steps
2026-05-16 06:34:03,120 - DEBUG - Heating obs buffer: resolved 1 new label(s) this cycle
2026-05-16 06:34:03,141 - DEBUG - ♻️ Reusing existing Model Wrapper instance
2026-05-16 06:34:03,146 - INFO - DEBUG: Wrapper params: U=0.12035197370821737, eff=0.8283017284451556, tau=4.8345275867350885
2026-05-16 06:34:03,146 - INFO - ☀️ PV surplus 1080W (threshold 1500W): target 22.6 → 23.0°C (CHEAP ramp offset +0.36)
2026-05-16 06:34:03,146 - DEBUG - 🔧 Using natural bounds: outlet_min=21.0°C, outlet_max=35.0°C
2026-05-16 06:34:03,146 - INFO - 🌡️ Using cycle-aligned forecast (10min): outdoor=2.5°C (vs current 2.5°C), PV=261W (vs current 165W)
2026-05-16 06:34:03,147 - DEBUG - DEBUG: Using PV history (len=18) instead of scalar 260.60925925925926
2026-05-16 06:34:03,147 - INFO - 🔄 HP off (delta_t=0.06, mode=heating): simulating HP-on delta_t=2.49 for binary search
2026-05-16 06:34:03,147 - DEBUG - 🎯 Binary search start: target=23.0°C, current=22.7°C, range=21.0-35.0°C
2026-05-16 06:34:03,147 - DEBUG - 🔍 Binary search features: inlet_temp=24.339999999999996, delta_t_floor=2.49, indoor_temp_delta_60m=-0.0160, horizon=4.0h, outlet_mid=28.0°C
2026-05-16 06:34:03,148 - DEBUG - ✅ Binary search trajectory OK (iter 1): outlet=28.0°C → predicted=24.24°C (steps=24, start=22.70→end=24.24)
2026-05-16 06:34:03,148 - DEBUG -    Iteration 1: outlet=28.0°C → predicted=24.24°C, error=1.282°C (range: 21.0-35.0°C)
2026-05-16 06:34:03,148 - DEBUG -      → Heating: Predicted too high, lowering maximum to 28.0°C
2026-05-16 06:34:03,149 - DEBUG -    Iteration 2: outlet=24.5°C → predicted=23.15°C, error=0.193°C (range: 21.0-28.0°C)
2026-05-16 06:34:03,149 - DEBUG -      → Heating: Predicted too high, lowering maximum to 24.5°C
2026-05-16 06:34:03,149 - DEBUG -    Iteration 3: outlet=22.8°C → predicted=23.07°C, error=0.108°C (range: 21.0-24.5°C)
2026-05-16 06:34:03,150 - DEBUG -      → Heating: Predicted too high, lowering maximum to 22.8°C
2026-05-16 06:34:03,150 - DEBUG -    Iteration 4: outlet=21.9°C → predicted=23.07°C, error=0.108°C (range: 21.0-22.8°C)
2026-05-16 06:34:03,150 - DEBUG -      → Heating: Predicted too high, lowering maximum to 21.9°C
2026-05-16 06:34:03,151 - DEBUG -    Iteration 5: outlet=21.4°C → predicted=23.07°C, error=0.108°C (range: 21.0-21.9°C)
2026-05-16 06:34:03,151 - DEBUG -      → Heating: Predicted too high, lowering maximum to 21.4°C
2026-05-16 06:34:03,152 - DEBUG -    Iteration 6: outlet=21.2°C → predicted=23.07°C, error=0.108°C (range: 21.0-21.4°C)
2026-05-16 06:34:03,152 - DEBUG -      → Heating: Predicted too high, lowering maximum to 21.2°C
2026-05-16 06:34:03,153 - DEBUG -    Iteration 7: outlet=21.1°C → predicted=23.07°C, error=0.108°C (range: 21.0-21.2°C)
2026-05-16 06:34:03,153 - DEBUG -      → Heating: Predicted too high, lowering maximum to 21.1°C
2026-05-16 06:34:03,154 - DEBUG -    Iteration 8: outlet=21.1°C → predicted=23.07°C, error=0.108°C (range: 21.0-21.1°C)
2026-05-16 06:34:03,154 - DEBUG -      → Heating: Predicted too high, lowering maximum to 21.1°C
2026-05-16 06:34:03,155 - DEBUG -    Iteration 9: outlet=21.0°C → predicted=23.07°C, error=0.108°C (range: 21.0-21.1°C)
2026-05-16 06:34:03,155 - DEBUG -      → Heating: Predicted too high, lowering maximum to 21.0°C
2026-05-16 06:34:03,155 - INFO - 🔄 Binary search early exit after 10 iterations: range collapsed to 0.027°C, using 21.0°C
2026-05-16 06:34:03,156 - DEBUG - Slab: inlet=24.3°C, outlet=21.0°C, Δ=-3.3°C, τ=4.00h
2026-05-16 06:34:03,156 - DEBUG - 🔍 Trajectory prediction using forecast arrays: outdoor=[2.521875, 2.52, 3.82, 5.32, 6.52], PV=[164.55555555555554, 1317.2, 2582.8, 3780.5, 4233.8]
2026-05-16 06:34:03,156 - DEBUG - 🔍 Trajectory DEBUG: outlet=21.0°C → 0.2h_prediction=22.65°C (vs target 23.0°C, error: -0.313°C), reaches_target_at=3.1666666666666665h, cycle_time=0.2h
2026-05-16 06:34:03,156 - DEBUG - 🔍 Trajectory predictions for target 23.0°C:
2026-05-16 06:34:03,156 - DEBUG -     0.2h: 22.65°C → target 22.96°C (error: -0.31°C)
2026-05-16 06:34:03,156 - DEBUG -     0.3h: 22.64°C → target 22.96°C (error: -0.32°C)
2026-05-16 06:34:03,156 - DEBUG -     0.5h: 22.62°C → target 22.96°C (error: -0.34°C)
2026-05-16 06:34:03,156 - DEBUG -     0.7h: 22.60°C → target 22.96°C (error: -0.36°C)
2026-05-16 06:34:03,156 - DEBUG -     0.8h: 22.59°C → target 22.96°C (error: -0.37°C)
2026-05-16 06:34:03,156 - DEBUG -     1.0h: 22.58°C → target 22.96°C (error: -0.38°C)
2026-05-16 06:34:03,156 - DEBUG -     1.2h: 22.58°C → target 22.96°C (error: -0.38°C)
2026-05-16 06:34:03,156 - DEBUG -     1.3h: 22.59°C → target 22.96°C (error: -0.37°C)
2026-05-16 06:34:03,156 - DEBUG -     1.5h: 22.60°C → target 22.96°C (error: -0.36°C)
2026-05-16 06:34:03,156 - DEBUG -     1.7h: 22.61°C → target 22.96°C (error: -0.35°C)
2026-05-16 06:34:03,156 - DEBUG -     1.8h: 22.63°C → target 22.96°C (error: -0.33°C)
2026-05-16 06:34:03,156 - DEBUG -     2.0h: 22.66°C → target 22.96°C (error: -0.30°C)
2026-05-16 06:34:03,156 - DEBUG -     2.2h: 22.68°C → target 22.96°C (error: -0.28°C)
2026-05-16 06:34:03,156 - DEBUG -     2.3h: 22.71°C → target 22.96°C (error: -0.25°C)
2026-05-16 06:34:03,156 - DEBUG -     2.5h: 22.74°C → target 22.96°C (error: -0.22°C)
2026-05-16 06:34:03,156 - DEBUG -     2.7h: 22.78°C → target 22.96°C (error: -0.18°C)
2026-05-16 06:34:03,156 - DEBUG -     2.8h: 22.81°C → target 22.96°C (error: -0.15°C)
2026-05-16 06:34:03,156 - DEBUG -     3.0h: 22.85°C → target 22.96°C (error: -0.11°C)
2026-05-16 06:34:03,156 - DEBUG -     3.2h: 22.89°C → target 22.96°C (error: -0.07°C)
2026-05-16 06:34:03,156 - DEBUG -     3.3h: 22.92°C → target 22.96°C (error: -0.04°C)
2026-05-16 06:34:03,156 - DEBUG -     3.5h: 22.96°C → target 22.96°C (error: -0.00°C)
2026-05-16 06:34:03,156 - DEBUG -     3.7h: 23.00°C → target 22.96°C (error: +0.04°C)
2026-05-16 06:34:03,156 - DEBUG -     3.8h: 23.03°C → target 22.96°C (error: +0.07°C)
2026-05-16 06:34:03,156 - DEBUG -     4.0h: 23.07°C → target 22.96°C (error: +0.11°C)
2026-05-16 06:34:03,156 - DEBUG - Ignoring minor future overshoot (max=23.07°C) because immediate cycle is safe (22.65°C)
2026-05-16 06:34:03,156 - INFO - ⚠️ Target will NOT be reached within 0.2h cycle (+tolerance) - applying physics-based correction
2026-05-16 06:34:03,157 - DEBUG - [Newton] t_eval floored: 1.17h → 2.42h (τ/2=2.42h); ε: +0.377°C → +0.215°C
2026-05-16 06:34:03,157 - INFO - 🎯 [Newton] S(t=2.42h)=0.3436 (η=0.828, U=0.120, τ=4.83h, H=4.0h) ε=+0.215°C → ΔT=+0.626°C → outlet 21.6°C
2026-05-16 06:34:03,159 - DEBUG - HeatingCorrectionMLModel: raw ΔT_outlet=-0.179°C (R²=0.8638)
2026-05-16 06:34:03,159 - INFO - 🤖 [ML correction] R²=0.864 w=0.864 Δphysics=+0.626°C Δml=-0.179°C Δblend=-0.070°C → outlet=21.0°C
2026-05-16 06:34:03,159 - DEBUG - 🧠 Smart rounding is using cycle-aligned forecast: PV=261W (caller sent PV=165W)
2026-05-16 06:34:03,160 - INFO - 🎯 Prediction: Current 22.62°C → Target 22.6°C | Calculated outlet: 21.0°C (before smart rounding) (confidence: 5.000)
2026-05-16 06:34:03,160 - DEBUG - Model Wrapper: temp=21.0°C, error=0.020°C, confidence=5.000
2026-05-16 06:34:03,160 - DEBUG - EMA smoothing: 21.00°C → 21.0°C (last=21.0, α=0.50)
2026-05-16 06:34:03,160 - DEBUG - Smart rounding: 21.00°C is already integer
2026-05-16 06:34:03,160 - DEBUG - Setting target outlet temp
2026-05-16 06:34:03,160 - DEBUG - Setting HA state for sensor.ml_vorlauftemperatur: {'state': '21.0', 'attributes': {'state_class': 'measurement', 'unique_id': 'ml_heating_target_outlet_temp', 'friendly_name': 'ML Target Outlet Temp', 'unit_of_measurement': '°C', 'device_class': 'temperature', 'icon': 'mdi:thermometer-water'}}
2026-05-16 06:34:03,172 - DEBUG - Logging thermal model metrics
2026-05-16 06:34:03,172 - DEBUG - Setting HA state for sensor.ml_heating_state: {'state': '0', 'attributes': {'state_class': 'measurement', 'unique_id': 'ml_heating_state', 'friendly_name': 'ML Heating State', 'unit_of_measurement': 'state', 'icon': 'mdi:information-outline', 'state_description': 'OK - Prediction done', 'confidence': 5.0, 'suggested_temp': 21.0, 'final_temp': 21.0, 'predicted_indoor': 22.54, 'last_prediction_time': '2026-05-16T04:34:03.172278+00:00', 'temperature_error': 0.02, 'pre_cool_active': False, 'pre_cool_peak_temp': None, 'pre_cool_peak_hour': None}}
2026-05-16 06:34:03,186 - DEBUG - ✅ ACTIVE MODE: ML controlling heating via input_boolean.ml_heating
2026-05-16 06:34:03,188 - DEBUG - 🧠 Smart rounding is using cycle-aligned forecast: PV=261W (caller sent PV=165W)
2026-05-16 06:34:03,188 - DEBUG - Target: 22.6°C | Suggested: 21.0°C | Applied: 21.0°C | Actual Indoor: 22.62°C | Predicted Indoor: 22.50°C | Confidence: 5.000
2026-05-16 06:34:03,188 - INFO - Target: 22.6°C | Suggested: 21.0°C | Applied: 21.0°C | Actual Indoor: 22.62°C | Predicted Indoor: 22.50°C | Confidence: 5.000
2026-05-16 06:34:03,376 - DEBUG - 💾 Saved unified thermal state to /config/ml_heating/unified_thermal_state.json
2026-05-16 06:34:03,378 - DEBUG - Operational state saved to /config/ml_heating/unified_thermal_state.json; updated keys: ['last_run_features', 'last_indoor_temp', 'last_avg_other_rooms_temp', 'last_fireplace_on', 'last_final_temp', 'last_climate_mode', 'last_target_indoor_temp', 'last_predicted_indoor', 'last_is_blocking', 'last_blocking_reasons', 'setpoint_hold_cycles_remaining']
2026-05-16 06:34:03,378 - DEBUG - Setting HA state for sensor.ml_heating_features: {'state': '22.46', 'attributes': {'state_class': 'measurement', 'unique_id': 'ml_heating_features', 'friendly_name': 'ML Heating Features', 'unit_of_measurement': '°C', 'device_class': 'temperature', 'icon': 'mdi:feature-search-outline', 'living_room_temp': 22.46, 'outlet_temp': 24.4, 'indoor_temp_lag_30m': 22.658, 'target_temp': 22.6, 'outdoor_temp': 2.521875, 'dhw_heating': 0.0, 'dhw_disinfection': 0.0, 'dhw_boost_heater': 0.0, 'defrosting': 0.0, 'pv_now': 1080.0, 'pv_now_electrical': 1080.0, 'solar_correction_percent': 100.0, 'solar_correction_factor': 1.0, 'solar_correction_enabled': 1.0, 'fireplace_on': 0.0, 'tv_on': 0.0, 'temp_forecast_1h': 2.52, 'temp_forecast_2h': 3.82, 'temp_forecast_3h': 5.32, 'temp_forecast_4h': 6.52, 'temp_forecast_5h': 6.82, 'temp_forecast_6h': 7.02, 'temp_forecast_7h': 8.32, 'temp_forecast_8h': 7.12, 'temp_forecast_9h': 8.22, 'temp_forecast_10h': 8.52, 'temp_forecast_11h': 6.52, 'temp_forecast_12h': 8.02, 'pv_forecast_1h': 1317.2, 'pv_forecast_2h': 2582.8, 'pv_forecast_3h': 3780.5, 'pv_forecast_4h': 4233.8, 'pv_forecast_5h': 3282.8, 'pv_forecast_6h': 6075.2, 'pv_forecast_7h': 4304.8, 'pv_forecast_8h': 2843.8, 'pv_forecast_9h': 3063.8, 'pv_forecast_10h': 2873.5, 'pv_forecast_11h': 2203.2, 'pv_forecast_12h': 1520.0, 'pv_forecast_electrical_1h': 1317.2, 'pv_forecast_electrical_2h': 2582.8, 'pv_forecast_electrical_3h': 3780.5, 'pv_forecast_electrical_4h': 4233.8, 'pv_forecast_electrical_5h': 3282.8, 'pv_forecast_electrical_6h': 6075.2, 'pv_forecast_electrical_7h': 4304.8, 'pv_forecast_electrical_8h': 2843.8, 'pv_forecast_electrical_9h': 3063.8, 'pv_forecast_electrical_10h': 2873.5, 'pv_forecast_electrical_11h': 2203.2, 'pv_forecast_electrical_12h': 1520.0, 'cloud_cover_forecast_1h': 0.0, 'cloud_cover_forecast_2h': 0.0, 'cloud_cover_forecast_3h': 0.0, 'cloud_cover_forecast_4h': 0.0, 'cloud_cover_forecast_5h': 0.0, 'cloud_cover_forecast_6h': 0.0, 'cloud_cover_forecast_7h': 0.0, 'cloud_cover_forecast_8h': 0.0, 'cloud_cover_forecast_9h': 0.0, 'cloud_cover_forecast_10h': 0.0, 'cloud_cover_forecast_11h': 0.0, 'cloud_cover_forecast_12h': 0.0, 'temp_diff_indoor_outdoor': 20.123124999999998, 'indoor_temp_gradient': -1.127999999999993, 'outlet_indoor_diff': 1.754999999999999, 'indoor_temp_lag_10m': 22.642, 'indoor_temp_lag_60m': 22.660999999999998, 'outlet_temp_lag_30m': 24.57, 'outlet_temp_change': 0.0, 'indoor_temp_delta_10m': 0.0030000000000001137, 'indoor_temp_delta_30m': -0.013000000000001677, 'indoor_temp_delta_60m': -0.015999999999998238, 'hour_sin': 1.0, 'hour_cos': 6.123233995736766e-17, 'month_sin': 0.8660254037844387, 'month_cos': -0.4999999999999998, 'outlet_effectiveness_ratio': 0.025641025641024603, 'inlet_temp': 24.339999999999996, 'flow_rate': 14.0, 'power_consumption': 69.0, 'delta_t': 0.060000000000002274, 'thermal_power_kw': 0.058604000000002224, 'cop_realtime': 0.0, 'temp_trend_forecast': 0.9995312499999999, 'heating_demand_forecast': 1.6080000000000003, 'combined_forecast_thermal_load': -2.6258, 'pv_power_history': [0.0, 0.0, 0.0, 0.0, 0.0, 0.0, 0.0, 0.0, 0.0, 8.0, 13.0, 29.0, 52.0, 111.0, 201.0, 488.0, 980.0, 1080.0], 'pv_power_history_electrical': [0.0, 0.0, 0.0, 0.0, 0.0, 0.0, 0.0, 0.0, 0.0, 8.0, 13.0, 29.0, 52.0, 111.0, 201.0, 488.0, 980.0, 1080.0], 'wind_speed': 8.0, 'is_weekend': 1.0, 'indoor_margin_rate': 0.0, 'last_updated': '2026-05-16T04:34:03.378542+00:00'}}
2026-05-16 06:34:03,405 - DEBUG - Published 93 features to sensor.ml_heating_features
2026-05-16 06:34:03,405 - DEBUG - ✅ CYCLE 39 END: 06:34:03 (duration: 1.5s)
2026-05-16 06:34:03,405 - DEBUG - 💤 POLLING START: Waiting 30min until next cycle...
2026-05-16 06:34:03,434 - DEBUG - Active sampling: buffered 6 readings
127.0.0.1 - - [16/May/2026 06:34:26] "GET /health HTTP/1.1" 200 -
127.0.0.1 - - [16/May/2026 06:34:56] "GET /health HTTP/1.1" 200 -
2026-05-16 06:35:03,462 - DEBUG - Active sampling: buffered 6 readings
127.0.0.1 - - [16/May/2026 06:35:26] "GET /health HTTP/1.1" 200 -
127.0.0.1 - - [16/May/2026 06:35:56] "GET /health HTTP/1.1" 200 -
2026-05-16 06:36:03,494 - DEBUG - Active sampling: buffered 6 readings
127.0.0.1 - - [16/May/2026 06:36:26] "GET /health HTTP/1.1" 200 -
127.0.0.1 - - [16/May/2026 06:36:56] "GET /health HTTP/1.1" 200 -
2026-05-16 06:37:03,523 - DEBUG - Active sampling: buffered 6 readings
127.0.0.1 - - [16/May/2026 06:37:26] "GET /health HTTP/1.1" 200 -
127.0.0.1 - - [16/May/2026 06:37:56] "GET /health HTTP/1.1" 200 -
2026-05-16 06:38:03,551 - DEBUG - Active sampling: buffered 6 readings
127.0.0.1 - - [16/May/2026 06:38:26] "GET /health HTTP/1.1" 200 -
127.0.0.1 - - [16/May/2026 06:38:56] "GET /health HTTP/1.1" 200 -
2026-05-16 06:39:03,581 - DEBUG - Active sampling: buffered 6 readings
127.0.0.1 - - [16/May/2026 06:39:26] "GET /health HTTP/1.1" 200 -
127.0.0.1 - - [16/May/2026 06:39:56] "GET /health HTTP/1.1" 200 -
2026-05-16 06:40:03,611 - DEBUG - Active sampling: buffered 6 readings
127.0.0.1 - - [16/May/2026 06:40:27] "GET /health HTTP/1.1" 200 -
127.0.0.1 - - [16/May/2026 06:40:57] "GET /health HTTP/1.1" 200 -
2026-05-16 06:41:03,641 - DEBUG - Active sampling: buffered 6 readings
127.0.0.1 - - [16/May/2026 06:41:27] "GET /health HTTP/1.1" 200 -
127.0.0.1 - - [16/May/2026 06:41:57] "GET /health HTTP/1.1" 200 -
2026-05-16 06:42:03,678 - DEBUG - Active sampling: buffered 6 readings
127.0.0.1 - - [16/May/2026 06:42:27] "GET /health HTTP/1.1" 200 -
127.0.0.1 - - [16/May/2026 06:42:57] "GET /health HTTP/1.1" 200 -
2026-05-16 06:43:03,715 - DEBUG - Active sampling: buffered 6 readings
127.0.0.1 - - [16/May/2026 06:43:27] "GET /health HTTP/1.1" 200 -
127.0.0.1 - - [16/May/2026 06:43:57] "GET /health HTTP/1.1" 200 -
2026-05-16 06:44:03,717 - DEBUG - ⏰ POLLING END: Waited 10.0min, starting next cycle...
2026-05-16 06:44:03,717 - DEBUG - 🔄 CYCLE 40 START: 06:44:03 (interval: 10.0min since last cycle)
2026-05-16 06:44:03,717 - DEBUG - ♻️ Reusing existing Model Wrapper instance
2026-05-16 06:44:03,717 - INFO - Successfully loaded operational state from /config/ml_heating/unified_thermal_state.json
2026-05-16 06:44:03,746 - DEBUG - Setting HA state for sensor.ml_heating_cop_realtime: {'state': '0.00', 'attributes': {'state_class': 'measurement', 'unique_id': 'ml_heating_cop_realtime', 'friendly_name': 'ML Heating COP (Realtime)', 'unit_of_measurement': 'COP', 'icon': 'mdi:heat-pump', 'device_class': 'power_factor'}}
2026-05-16 06:44:03,758 - DEBUG - Setting HA state for sensor.ml_heating_thermal_power: {'state': '0.000', 'attributes': {'state_class': 'measurement', 'unique_id': 'ml_heating_thermal_power', 'friendly_name': 'ML Heating Thermal Power', 'unit_of_measurement': 'kW', 'icon': 'mdi:flash', 'device_class': 'power'}}
2026-05-16 06:44:03,790 - DEBUG - Wrote thermodynamic metrics to InfluxDB
2026-05-16 06:44:03,790 - DEBUG - Thermodynamic sensors updated: COP=0.00, Power=0.000kW
2026-05-16 06:44:03,791 - DEBUG - ♻️ Reusing existing Model Wrapper instance
2026-05-16 06:44:03,791 - DEBUG - 🎯 ACTIVE MODE LEARNING (trajectory): Verifying ML prediction accuracy for 21.0°C outlet setting
2026-05-16 06:44:03,793 - DEBUG - ☀️ SolarChannel self-learned: avg_error=0.028, pv_heat_weight=0.00129, solar_lag=39.7min, cloud_exp=1.00, solar_decay_tau=1.06h
2026-05-16 06:44:03,793 - INFO - ☀️ pv parameter update: attributed_error=+0.046909 | pv_heat_weight: 0.001266→0.001293 (Δ+0.000028) | solar_decay_tau_hours: 1.057662→1.057676 (Δ+0.000014) | solar_lag_minutes: 39.666933→39.665628 (Δ-0.001305)
2026-05-16 06:44:03,793 - INFO - Channel routing → [☀️ pv*] | error=+0.0469 | pv_current=1080W pv_smoothed=165W | params_changed=pv
2026-05-16 06:44:03,989 - DEBUG - 💾 Saved unified thermal state to /config/ml_heating/unified_thermal_state.json
2026-05-16 06:44:03,991 - DEBUG - Skipping legacy global adaptation: channel mode owns recent-window learning
2026-05-16 06:44:04,183 - DEBUG - 💾 Saved unified thermal state to /config/ml_heating/unified_thermal_state.json
2026-05-16 06:44:04,185 - DEBUG - Prediction feedback: error=0.047°C, confidence=5.000
2026-05-16 06:44:04,373 - DEBUG - 💾 Saved unified thermal state to /config/ml_heating/unified_thermal_state.json
2026-05-16 06:44:04,375 - DEBUG - 💾 Saved 200 predictions to unified thermal state
2026-05-16 06:44:04,375 - DEBUG - Added prediction: pred=22.60, actual=22.65, error=0.047
2026-05-16 06:44:04,563 - DEBUG - 💾 Saved unified thermal state to /config/ml_heating/unified_thermal_state.json
2026-05-16 06:44:04,567 - DEBUG - Setting HA state for sensor.ml_model_mae: {'state': '0.0288', 'attributes': {'state_class': 'measurement', 'unique_id': 'ml_heating_model_mae', 'friendly_name': 'ML Model MAE', 'unit_of_measurement': '°C', 'icon': 'mdi:chart-line', 'last_updated': '2026-05-16T04:44:04.567038+00:00'}}
2026-05-16 06:44:04,580 - DEBUG - Setting HA state for sensor.ml_model_rmse: {'state': '0.0401', 'attributes': {'state_class': 'measurement', 'unique_id': 'ml_heating_model_rmse', 'friendly_name': 'ML Model RMSE', 'unit_of_measurement': '°C', 'icon': 'mdi:chart-line', 'last_updated': '2026-05-16T04:44:04.567038+00:00'}}
2026-05-16 06:44:04,593 - DEBUG - Setting HA state for sensor.ml_heating_learning: {'state': '5.000', 'attributes': {'state_class': 'measurement', 'unique_id': 'ml_heating_learning', 'friendly_name': 'ML Adaptive Learning Metrics', 'unit_of_measurement': 'metrics', 'icon': 'mdi:brain', 'thermal_time_constant': 4.8345275867350885, 'heat_loss_coefficient': 0.12035197370821737, 'outlet_effectiveness': 0.8283017284451556, 'pv_heat_weight': 0.0012932959812286134, 'fireplace_heat_weight': 0.17156709601311348, 'tv_heat_weight': 0.44733899208522154, 'solar_lag_minutes': 39.66562801544609, 'slab_time_constant_hours': 4.000456052583566, 'heat_source_channels_enabled': True, 'total_conductance': 0.3, 'equilibrium_ratio': 0.5, 'cycle_count': 5378, 'parameter_updates': 540, 'model_health': 'excellent', 'learning_progress': 1.0, 'is_improving': True, 'improvement_percentage': 23.02977829788185, 'total_predictions': 200, 'learning_confidence': 5.0, 'last_updated': '2026-05-16T04:44:04.593668+00:00', 'delta_t_floor': 2.4857328190130326, 'cloud_factor_exponent': 1.0, 'solar_decay_tau_hours': 1.057676123536998, 'fp_heat_output_kw': 0.17156709601311348, 'fp_decay_time_constant': 3.9144707244638868, 'room_spread_delay_minutes': 18.0, 'ch_heat_pump_history_count': 200, 'ch_heat_pump_last_error': 0.015176865717659638, 'ch_pv_history_count': 200, 'ch_pv_last_error': 0.04690853469935519, 'ch_fireplace_history_count': 0, 'ch_fireplace_last_error': 0.0, 'ch_tv_history_count': 0, 'ch_tv_last_error': 0.0}}
2026-05-16 06:44:04,607 - DEBUG - Setting HA state for sensor.ml_model_mae: {'state': '0.0288', 'attributes': {'state_class': 'measurement', 'unique_id': 'ml_heating_model_mae', 'friendly_name': 'ML Model MAE', 'unit_of_measurement': '°C', 'icon': 'mdi:chart-line', 'mae_1h': 0.021595889166097375, 'mae_6h': 0.028686251764360855, 'mae_24h': 0.028820806119090853, 'trend_direction': 'improving', 'prediction_count': 200, 'last_updated': '2026-05-16T04:44:04.593668+00:00'}}
2026-05-16 06:44:04,623 - DEBUG - Setting HA state for sensor.ml_model_rmse: {'state': '0.0401', 'attributes': {'state_class': 'measurement', 'unique_id': 'ml_heating_model_rmse', 'friendly_name': 'ML Model RMSE', 'unit_of_measurement': '°C', 'icon': 'mdi:chart-line', 'recent_max_error': 0.04690853469935519, 'std_error': 0.0278, 'mean_bias': 0.0, 'prediction_count': 200, 'last_updated': '2026-05-16T04:44:04.593668+00:00'}}
2026-05-16 06:44:04,638 - DEBUG - Setting HA state for sensor.ml_prediction_accuracy: {'state': '99.4', 'attributes': {'state_class': 'measurement', 'unique_id': 'ml_prediction_accuracy', 'friendly_name': 'ML Prediction Accuracy', 'unit_of_measurement': '%', 'icon': 'mdi:target', 'perfect_accuracy_pct': 0.0, 'tolerable_accuracy_pct': 99.38271604938271, 'poor_accuracy_pct': 0.6172839506172839, 'prediction_count_24h': 0, 'excellent_all_time_pct': 98.0, 'good_all_time_pct': 100.0, 'last_updated': '2026-05-16T04:44:04.593668+00:00'}}
2026-05-16 06:44:04,651 - DEBUG - Logged refactored sensor metrics to HA
2026-05-16 06:44:04,651 - DEBUG - Logging feature importance
2026-05-16 06:44:04,651 - DEBUG - Setting HA state for sensor.ml_feature_importance: {'state': '5', 'attributes': {'state_class': 'measurement', 'unique_id': 'ml_heating_feature_importance', 'friendly_name': 'ML Feature Importance', 'unit_of_measurement': '%', 'icon': 'mdi:format-list-numbered', 'top_features': {'target_temp': 52.8, 'tv_power': 28.51, 'fireplace': 10.94, 'outdoor_temp': 7.67, 'pv_power': 0.08}, 'last_updated': '2026-05-16T04:44:04.651388+00:00'}}
2026-05-16 06:44:04,665 - INFO - ✅ Exported metrics to Home Assistant sensors successfully
2026-05-16 06:44:04,665 - INFO - ✅ Learning cycle 5378: error=0.047°C, confidence=5.000, total_predictions=200
2026-05-16 06:44:04,665 - DEBUG - ✅ Online learning: applied_temp=21.0°C, actual_change=0.030°C, cycle=5378
2026-05-16 06:44:04,665 - DEBUG - 🔥 Heating mode active (state: heat)
2026-05-16 06:44:04,665 - DEBUG - ♻️ Reusing existing Model Wrapper instance
2026-05-16 06:44:04,692 - DEBUG - Fireplace is OFF. Using main indoor temp for prediction.
2026-05-16 06:44:04,831 - DEBUG - PV forecast parsed successfully: [1358.8, 2620.2, 3808.5, 4246.8, 3288.8, 6076.8, 4304.8, 2843.8, 3063.8, 2873.5, 2203.2, 1520.0]W
2026-05-16 06:44:04,831 - DEBUG - Solar correction: enabled=True, percent=100.0%, factor=1.000
2026-05-16 06:44:04,849 - DEBUG - Delta calibration applied: offset=-1.25°C
2026-05-16 06:44:04,849 - DEBUG - Raw forecasts: [4.2, 5.5, 7.0, 8.2, 8.5, 8.7, 10.0, 8.8, 9.9, 10.2, 8.2, 9.7]
2026-05-16 06:44:04,849 - DEBUG - Calibrated forecasts: [2.95, 4.25, 5.75, 6.95, 7.25, 7.45, 8.75, 7.55, 8.65, 8.95, 6.95, 8.45]
2026-05-16 06:44:04,854 - INFO - ☀️ Forecast trajectory: PV=1420W < threshold=1500W but 11 forecast hours above threshold → rescued, continuing
2026-05-16 06:44:04,854 - INFO - ☀️ Forecast trajectory: no sunset within 12-step horizon → inactive, 4 steps
2026-05-16 06:44:04,854 - DEBUG - Heating obs buffer: resolved 1 new label(s) this cycle
2026-05-16 06:44:04,875 - DEBUG - ♻️ Reusing existing Model Wrapper instance
2026-05-16 06:44:04,881 - INFO - DEBUG: Wrapper params: U=0.12035197370821737, eff=0.8283017284451556, tau=4.8345275867350885
2026-05-16 06:44:04,881 - INFO - ☀️ PV surplus 1420W (threshold 1500W): target 22.6 → 23.1°C (CHEAP ramp offset +0.47)
2026-05-16 06:44:04,881 - DEBUG - 🔧 Using natural bounds: outlet_min=21.0°C, outlet_max=35.0°C
2026-05-16 06:44:04,881 - INFO - 🌡️ Using cycle-aligned forecast (10min): outdoor=2.9°C (vs current 2.9°C), PV=337W (vs current 244W)
2026-05-16 06:44:04,881 - DEBUG - DEBUG: Using PV history (len=18) instead of scalar 336.7472222222222
2026-05-16 06:44:04,881 - INFO - 🔄 HP off (delta_t=0.00, mode=heating): simulating HP-on delta_t=2.49 for binary search
2026-05-16 06:44:04,881 - DEBUG - 🎯 Binary search start: target=23.1°C, current=22.6°C, range=21.0-35.0°C
2026-05-16 06:44:04,881 - DEBUG - 🔍 Binary search features: inlet_temp=24.3, delta_t_floor=2.49, indoor_temp_delta_60m=-0.0200, horizon=4.0h, outlet_mid=28.0°C
2026-05-16 06:44:04,882 - DEBUG - ✅ Binary search trajectory OK (iter 1): outlet=28.0°C → predicted=24.29°C (steps=24, start=22.70→end=24.29)
2026-05-16 06:44:04,882 - DEBUG -    Iteration 1: outlet=28.0°C → predicted=24.29°C, error=1.213°C (range: 21.0-35.0°C)
2026-05-16 06:44:04,882 - DEBUG -      → Heating: Predicted too high, lowering maximum to 28.0°C
2026-05-16 06:44:04,883 - DEBUG -    Iteration 2: outlet=24.5°C → predicted=23.20°C, error=0.124°C (range: 21.0-28.0°C)
2026-05-16 06:44:04,883 - DEBUG -      → Heating: Predicted too high, lowering maximum to 24.5°C
2026-05-16 06:44:04,884 - DEBUG -    Iteration 3: outlet=22.8°C → predicted=23.11°C, error=0.036°C (range: 21.0-24.5°C)
2026-05-16 06:44:04,884 - DEBUG -      → Heating: Predicted too high, lowering maximum to 22.8°C
2026-05-16 06:44:04,885 - DEBUG -    Iteration 4: outlet=21.9°C → predicted=23.11°C, error=0.036°C (range: 21.0-22.8°C)
2026-05-16 06:44:04,885 - DEBUG -      → Heating: Predicted too high, lowering maximum to 21.9°C
2026-05-16 06:44:04,886 - DEBUG -    Iteration 5: outlet=21.4°C → predicted=23.11°C, error=0.036°C (range: 21.0-21.9°C)
2026-05-16 06:44:04,886 - DEBUG -      → Heating: Predicted too high, lowering maximum to 21.4°C
2026-05-16 06:44:04,887 - DEBUG -    Iteration 6: outlet=21.2°C → predicted=23.11°C, error=0.036°C (range: 21.0-21.4°C)
2026-05-16 06:44:04,887 - DEBUG -      → Heating: Predicted too high, lowering maximum to 21.2°C
2026-05-16 06:44:04,888 - DEBUG -    Iteration 7: outlet=21.1°C → predicted=23.11°C, error=0.036°C (range: 21.0-21.2°C)
2026-05-16 06:44:04,888 - DEBUG -      → Heating: Predicted too high, lowering maximum to 21.1°C
2026-05-16 06:44:04,889 - DEBUG -    Iteration 8: outlet=21.1°C → predicted=23.11°C, error=0.036°C (range: 21.0-21.1°C)
2026-05-16 06:44:04,889 - DEBUG -      → Heating: Predicted too high, lowering maximum to 21.1°C
2026-05-16 06:44:04,890 - DEBUG -    Iteration 9: outlet=21.0°C → predicted=23.11°C, error=0.036°C (range: 21.0-21.1°C)
2026-05-16 06:44:04,890 - DEBUG -      → Heating: Predicted too high, lowering maximum to 21.0°C
2026-05-16 06:44:04,890 - INFO - 🔄 Binary search early exit after 10 iterations: range collapsed to 0.027°C, using 21.0°C
2026-05-16 06:44:04,891 - DEBUG - Slab: inlet=24.3°C, outlet=21.0°C, Δ=-3.3°C, τ=4.00h
2026-05-16 06:44:04,891 - DEBUG - 🔍 Trajectory prediction using forecast arrays: outdoor=[2.946875000000001, 2.95, 4.25, 5.75, 6.95], PV=[243.83333333333334, 1358.8, 2620.2, 3808.5, 4246.8]
2026-05-16 06:44:04,891 - DEBUG - 🔍 Trajectory DEBUG: outlet=21.0°C → 0.2h_prediction=22.65°C (vs target 23.1°C, error: -0.427°C), reaches_target_at=3.5h, cycle_time=0.2h
2026-05-16 06:44:04,891 - DEBUG - 🔍 Trajectory predictions for target 23.1°C:
2026-05-16 06:44:04,891 - DEBUG -     0.2h: 22.65°C → target 23.07°C (error: -0.43°C)
2026-05-16 06:44:04,891 - DEBUG -     0.3h: 22.64°C → target 23.07°C (error: -0.43°C)
2026-05-16 06:44:04,891 - DEBUG -     0.5h: 22.63°C → target 23.07°C (error: -0.44°C)
2026-05-16 06:44:04,891 - DEBUG -     0.7h: 22.62°C → target 23.07°C (error: -0.46°C)
2026-05-16 06:44:04,891 - DEBUG -     0.8h: 22.61°C → target 23.07°C (error: -0.47°C)
2026-05-16 06:44:04,891 - DEBUG -     1.0h: 22.60°C → target 23.07°C (error: -0.47°C)
2026-05-16 06:44:04,891 - DEBUG -     1.2h: 22.60°C → target 23.07°C (error: -0.47°C)
2026-05-16 06:44:04,892 - DEBUG -     1.3h: 22.61°C → target 23.07°C (error: -0.46°C)
2026-05-16 06:44:04,892 - DEBUG -     1.5h: 22.62°C → target 23.07°C (error: -0.45°C)
2026-05-16 06:44:04,892 - DEBUG -     1.7h: 22.64°C → target 23.07°C (error: -0.43°C)
2026-05-16 06:44:04,892 - DEBUG -     1.8h: 22.66°C → target 23.07°C (error: -0.41°C)
2026-05-16 06:44:04,892 - DEBUG -     2.0h: 22.69°C → target 23.07°C (error: -0.39°C)
2026-05-16 06:44:04,892 - DEBUG -     2.2h: 22.72°C → target 23.07°C (error: -0.36°C)
2026-05-16 06:44:04,892 - DEBUG -     2.3h: 22.75°C → target 23.07°C (error: -0.33°C)
2026-05-16 06:44:04,892 - DEBUG -     2.5h: 22.78°C → target 23.07°C (error: -0.29°C)
2026-05-16 06:44:04,892 - DEBUG -     2.7h: 22.81°C → target 23.07°C (error: -0.26°C)
2026-05-16 06:44:04,892 - DEBUG -     2.8h: 22.85°C → target 23.07°C (error: -0.22°C)
2026-05-16 06:44:04,892 - DEBUG -     3.0h: 22.89°C → target 23.07°C (error: -0.19°C)
2026-05-16 06:44:04,892 - DEBUG -     3.2h: 22.92°C → target 23.07°C (error: -0.15°C)
2026-05-16 06:44:04,892 - DEBUG -     3.3h: 22.96°C → target 23.07°C (error: -0.11°C)
2026-05-16 06:44:04,892 - DEBUG -     3.5h: 23.00°C → target 23.07°C (error: -0.08°C)
2026-05-16 06:44:04,892 - DEBUG -     3.7h: 23.04°C → target 23.07°C (error: -0.04°C)
2026-05-16 06:44:04,892 - DEBUG -     3.8h: 23.07°C → target 23.07°C (error: -0.00°C)
2026-05-16 06:44:04,892 - DEBUG -     4.0h: 23.11°C → target 23.07°C (error: +0.04°C)
2026-05-16 06:44:04,892 - INFO - ⚠️ Target will NOT be reached within 0.2h cycle (+tolerance) - applying physics-based correction
2026-05-16 06:44:04,892 - DEBUG - [Newton] t_eval floored: 1.00h → 2.42h (τ/2=2.42h); ε: +0.471°C → +0.295°C
2026-05-16 06:44:04,892 - INFO - 🎯 [Newton] S(t=2.42h)=0.3436 (η=0.828, U=0.120, τ=4.83h, H=4.0h) ε=+0.295°C → ΔT=+0.858°C → outlet 21.9°C
2026-05-16 06:44:04,895 - DEBUG - HeatingCorrectionMLModel: raw ΔT_outlet=-0.000°C (R²=0.8638)
2026-05-16 06:44:04,895 - INFO - 🤖 [ML correction] R²=0.864 w=0.864 Δphysics=+0.858°C Δml=-0.000°C Δblend=+0.117°C → outlet=21.1°C
2026-05-16 06:44:04,895 - DEBUG - 🧠 Smart rounding is using cycle-aligned forecast: PV=337W (caller sent PV=244W)
2026-05-16 06:44:04,895 - INFO - 🎯 Prediction: Current 22.65°C → Target 22.6°C | Calculated outlet: 21.1°C (before smart rounding) (confidence: 5.000)
2026-05-16 06:44:04,896 - DEBUG - Model Wrapper: temp=21.1°C, error=0.050°C, confidence=5.000
2026-05-16 06:44:04,896 - DEBUG - EMA smoothing: 21.13°C → 21.1°C (last=21.0, α=0.50)
2026-05-16 06:44:04,896 - DEBUG - ♻️ Reusing existing Model Wrapper instance
2026-05-16 06:44:04,896 - INFO - 🌡️ Using cycle-aligned forecast (10min): outdoor=3.5°C (vs current 3.5°C), PV=337W (vs current 244W)
2026-05-16 06:44:04,896 - DEBUG - 🧠 Smart rounding is using cycle-aligned forecast: PV=337W (caller sent PV=337W)
2026-05-16 06:44:04,896 - DEBUG - 🧠 Smart rounding is using cycle-aligned forecast: PV=337W (caller sent PV=337W)
2026-05-16 06:44:04,896 - DEBUG - Smart rounding: 21.10°C → 22°C (chose ceiling: floor→22.53°C [err=0.066], ceiling→22.56°C [err=0.038], target=22.6°C)
2026-05-16 06:44:04,896 - DEBUG - Setting target outlet temp
2026-05-16 06:44:04,896 - DEBUG - Setting HA state for sensor.ml_vorlauftemperatur: {'state': '21.1', 'attributes': {'state_class': 'measurement', 'unique_id': 'ml_heating_target_outlet_temp', 'friendly_name': 'ML Target Outlet Temp', 'unit_of_measurement': '°C', 'device_class': 'temperature', 'icon': 'mdi:thermometer-water'}}
2026-05-16 06:44:04,909 - DEBUG - Logging thermal model metrics
2026-05-16 06:44:04,909 - DEBUG - Setting HA state for sensor.ml_heating_state: {'state': '0', 'attributes': {'state_class': 'measurement', 'unique_id': 'ml_heating_state', 'friendly_name': 'ML Heating State', 'unit_of_measurement': 'state', 'icon': 'mdi:information-outline', 'state_description': 'OK - Prediction done', 'confidence': 5.0, 'suggested_temp': 21.13, 'final_temp': 21.1, 'predicted_indoor': 22.53, 'last_prediction_time': '2026-05-16T04:44:04.909506+00:00', 'temperature_error': 0.05, 'pre_cool_active': False, 'pre_cool_peak_temp': None, 'pre_cool_peak_hour': None}}
2026-05-16 06:44:04,927 - DEBUG - ✅ ACTIVE MODE: ML controlling heating via input_boolean.ml_heating
2026-05-16 06:44:04,929 - DEBUG - 🧠 Smart rounding is using cycle-aligned forecast: PV=337W (caller sent PV=244W)
2026-05-16 06:44:04,929 - DEBUG - Target: 22.6°C | Suggested: 21.1°C | Applied: 21.1°C | Actual Indoor: 22.65°C | Predicted Indoor: 22.54°C | Confidence: 5.000
2026-05-16 06:44:04,929 - INFO - Target: 22.6°C | Suggested: 21.1°C | Applied: 21.1°C | Actual Indoor: 22.65°C | Predicted Indoor: 22.54°C | Confidence: 5.000
2026-05-16 06:44:05,121 - DEBUG - 💾 Saved unified thermal state to /config/ml_heating/unified_thermal_state.json
2026-05-16 06:44:05,122 - DEBUG - Operational state saved to /config/ml_heating/unified_thermal_state.json; updated keys: ['last_run_features', 'last_indoor_temp', 'last_avg_other_rooms_temp', 'last_fireplace_on', 'last_final_temp', 'last_climate_mode', 'last_target_indoor_temp', 'last_predicted_indoor', 'last_is_blocking', 'last_blocking_reasons', 'setpoint_hold_cycles_remaining']
2026-05-16 06:44:05,123 - DEBUG - Setting HA state for sensor.ml_heating_features: {'state': '22.48', 'attributes': {'state_class': 'measurement', 'unique_id': 'ml_heating_features', 'friendly_name': 'ML Heating Features', 'unit_of_measurement': '°C', 'device_class': 'temperature', 'icon': 'mdi:feature-search-outline', 'living_room_temp': 22.48, 'outlet_temp': 24.3, 'indoor_temp_lag_30m': 22.646, 'target_temp': 22.6, 'outdoor_temp': 2.946875000000001, 'dhw_heating': 0.0, 'dhw_disinfection': 0.0, 'dhw_boost_heater': 0.0, 'defrosting': 0.0, 'pv_now': 1420.0, 'pv_now_electrical': 1420.0, 'solar_correction_percent': 100.0, 'solar_correction_factor': 1.0, 'solar_correction_enabled': 1.0, 'fireplace_on': 0.0, 'tv_on': 0.0, 'temp_forecast_1h': 2.95, 'temp_forecast_2h': 4.25, 'temp_forecast_3h': 5.75, 'temp_forecast_4h': 6.95, 'temp_forecast_5h': 7.25, 'temp_forecast_6h': 7.45, 'temp_forecast_7h': 8.75, 'temp_forecast_8h': 7.55, 'temp_forecast_9h': 8.65, 'temp_forecast_10h': 8.95, 'temp_forecast_11h': 6.95, 'temp_forecast_12h': 8.45, 'pv_forecast_1h': 1358.8, 'pv_forecast_2h': 2620.2, 'pv_forecast_3h': 3808.5, 'pv_forecast_4h': 4246.8, 'pv_forecast_5h': 3288.8, 'pv_forecast_6h': 6076.8, 'pv_forecast_7h': 4304.8, 'pv_forecast_8h': 2843.8, 'pv_forecast_9h': 3063.8, 'pv_forecast_10h': 2873.5, 'pv_forecast_11h': 2203.2, 'pv_forecast_12h': 1520.0, 'pv_forecast_electrical_1h': 1358.8, 'pv_forecast_electrical_2h': 2620.2, 'pv_forecast_electrical_3h': 3808.5, 'pv_forecast_electrical_4h': 4246.8, 'pv_forecast_electrical_5h': 3288.8, 'pv_forecast_electrical_6h': 6076.8, 'pv_forecast_electrical_7h': 4304.8, 'pv_forecast_electrical_8h': 2843.8, 'pv_forecast_electrical_9h': 3063.8, 'pv_forecast_electrical_10h': 2873.5, 'pv_forecast_electrical_11h': 2203.2, 'pv_forecast_electrical_12h': 1520.0, 'cloud_cover_forecast_1h': 0.0, 'cloud_cover_forecast_2h': 0.0, 'cloud_cover_forecast_3h': 0.0, 'cloud_cover_forecast_4h': 0.0, 'cloud_cover_forecast_5h': 0.0, 'cloud_cover_forecast_6h': 0.0, 'cloud_cover_forecast_7h': 0.0, 'cloud_cover_forecast_8h': 0.0, 'cloud_cover_forecast_9h': 0.0, 'cloud_cover_forecast_10h': 0.0, 'cloud_cover_forecast_11h': 0.0, 'cloud_cover_forecast_12h': 0.0, 'temp_diff_indoor_outdoor': 19.693124999999988, 'indoor_temp_gradient': -1.0320000000000675, 'outlet_indoor_diff': 1.6600000000000108, 'indoor_temp_lag_10m': 22.647999999999996, 'indoor_temp_lag_60m': 22.660000000000004, 'outlet_temp_lag_30m': 24.410000000000004, 'outlet_temp_change': 0.0, 'indoor_temp_delta_10m': -0.008000000000006224, 'indoor_temp_delta_30m': -0.0060000000000108855, 'indoor_temp_delta_60m': -0.020000000000013785, 'hour_sin': 1.0, 'hour_cos': 6.123233995736766e-17, 'month_sin': 0.8660254037844387, 'month_cos': -0.4999999999999998, 'outlet_effectiveness_ratio': 0.024096385542161584, 'inlet_temp': 24.3, 'flow_rate': 14.0, 'power_consumption': 47.0, 'delta_t': 0.0, 'thermal_power_kw': 0.0, 'cop_realtime': 0.0, 'temp_trend_forecast': 1.0007812499999997, 'heating_demand_forecast': 1.5650000000000004, 'combined_forecast_thermal_load': -2.6818, 'pv_power_history': [0.0, 0.0, 0.0, 0.0, 0.0, 0.0, 0.0, 0.0, 8.0, 13.0, 29.0, 52.0, 111.0, 201.0, 488.0, 980.0, 1111.0, 1396.0], 'pv_power_history_electrical': [0.0, 0.0, 0.0, 0.0, 0.0, 0.0, 0.0, 0.0, 8.0, 13.0, 29.0, 52.0, 111.0, 201.0, 488.0, 980.0, 1111.0, 1396.0], 'wind_speed': 8.0, 'is_weekend': 1.0, 'indoor_margin_rate': 0.0, 'last_updated': '2026-05-16T04:44:05.123096+00:00'}}
2026-05-16 06:44:05,135 - DEBUG - Published 93 features to sensor.ml_heating_features
2026-05-16 06:44:05,136 - DEBUG - ✅ CYCLE 40 END: 06:44:05 (duration: 1.4s)
2026-05-16 06:44:05,136 - DEBUG - 💤 POLLING START: Waiting 30min until next cycle...
2026-05-16 06:44:05,180 - DEBUG - Active sampling: buffered 6 readings
127.0.0.1 - - [16/May/2026 06:44:27] "GET /health HTTP/1.1" 200 -
127.0.0.1 - - [16/May/2026 06:44:57] "GET /health HTTP/1.1" 200 -
2026-05-16 06:45:05,210 - DEBUG - Active sampling: buffered 6 readings
127.0.0.1 - - [16/May/2026 06:45:27] "GET /health HTTP/1.1" 200 -
127.0.0.1 - - [16/May/2026 06:45:57] "GET /health HTTP/1.1" 200 -
2026-05-16 06:46:05,240 - DEBUG - Active sampling: buffered 6 readings
127.0.0.1 - - [16/May/2026 06:46:27] "GET /health HTTP/1.1" 200 -
127.0.0.1 - - [16/May/2026 06:46:57] "GET /health HTTP/1.1" 200 -
2026-05-16 06:47:05,270 - DEBUG - Active sampling: buffered 6 readings
127.0.0.1 - - [16/May/2026 06:47:27] "GET /health HTTP/1.1" 200 -
127.0.0.1 - - [16/May/2026 06:47:57] "GET /health HTTP/1.1" 200 -
2026-05-16 06:48:05,300 - DEBUG - Active sampling: buffered 6 readings
127.0.0.1 - - [16/May/2026 06:48:27] "GET /health HTTP/1.1" 200 -
127.0.0.1 - - [16/May/2026 06:48:57] "GET /health HTTP/1.1" 200 -
2026-05-16 06:49:05,329 - DEBUG - Active sampling: buffered 6 readings
127.0.0.1 - - [16/May/2026 06:49:28] "GET /health HTTP/1.1" 200 -
127.0.0.1 - - [16/May/2026 06:49:58] "GET /health HTTP/1.1" 200 -
2026-05-16 06:50:05,360 - DEBUG - Active sampling: buffered 6 readings
127.0.0.1 - - [16/May/2026 06:50:28] "GET /health HTTP/1.1" 200 -
127.0.0.1 - - [16/May/2026 06:50:58] "GET /health HTTP/1.1" 200 -
2026-05-16 06:51:05,391 - DEBUG - Active sampling: buffered 6 readings
127.0.0.1 - - [16/May/2026 06:51:28] "GET /health HTTP/1.1" 200 -
127.0.0.1 - - [16/May/2026 06:51:58] "GET /health HTTP/1.1" 200 -
2026-05-16 06:52:05,423 - DEBUG - Active sampling: buffered 6 readings
127.0.0.1 - - [16/May/2026 06:52:28] "GET /health HTTP/1.1" 200 -
127.0.0.1 - - [16/May/2026 06:52:58] "GET /health HTTP/1.1" 200 -
2026-05-16 06:53:05,454 - DEBUG - Active sampling: buffered 6 readings
127.0.0.1 - - [16/May/2026 06:53:28] "GET /health HTTP/1.1" 200 -
127.0.0.1 - - [16/May/2026 06:53:58] "GET /health HTTP/1.1" 200 -
2026-05-16 06:54:05,456 - DEBUG - ⏰ POLLING END: Waited 10.0min, starting next cycle...
2026-05-16 06:54:05,456 - DEBUG - 🔄 CYCLE 41 START: 06:54:05 (interval: 10.0min since last cycle)
2026-05-16 06:54:05,456 - DEBUG - ♻️ Reusing existing Model Wrapper instance
2026-05-16 06:54:05,456 - INFO - Successfully loaded operational state from /config/ml_heating/unified_thermal_state.json
2026-05-16 06:54:05,483 - DEBUG - Setting HA state for sensor.ml_heating_cop_realtime: {'state': '0.00', 'attributes': {'state_class': 'measurement', 'unique_id': 'ml_heating_cop_realtime', 'friendly_name': 'ML Heating COP (Realtime)', 'unit_of_measurement': 'COP', 'icon': 'mdi:heat-pump', 'device_class': 'power_factor'}}
2026-05-16 06:54:05,497 - DEBUG - Setting HA state for sensor.ml_heating_thermal_power: {'state': '0.000', 'attributes': {'state_class': 'measurement', 'unique_id': 'ml_heating_thermal_power', 'friendly_name': 'ML Heating Thermal Power', 'unit_of_measurement': 'kW', 'icon': 'mdi:flash', 'device_class': 'power'}}
2026-05-16 06:54:05,619 - DEBUG - Wrote thermodynamic metrics to InfluxDB
2026-05-16 06:54:05,620 - DEBUG - Thermodynamic sensors updated: COP=0.00, Power=0.000kW
2026-05-16 06:54:05,620 - DEBUG - ♻️ Reusing existing Model Wrapper instance
2026-05-16 06:54:05,620 - DEBUG - 🎯 ACTIVE MODE LEARNING (trajectory): Verifying ML prediction accuracy for 21.1°C outlet setting
2026-05-16 06:54:05,622 - DEBUG - ☀️ SolarChannel self-learned: avg_error=0.024, pv_heat_weight=0.00132, solar_lag=39.7min, cloud_exp=1.00, solar_decay_tau=1.06h
2026-05-16 06:54:05,622 - INFO - ☀️ pv parameter update: attributed_error=-0.016305 | pv_heat_weight: 0.001293→0.001317 (Δ+0.000024) | solar_decay_tau_hours: 1.057676→1.057688 (Δ+0.000012) | solar_lag_minutes: 39.665628→39.663943 (Δ-0.001685)
2026-05-16 06:54:05,622 - INFO - Channel routing → [☀️ pv*] | error=-0.0163 | pv_current=1420W pv_smoothed=244W | params_changed=pv
2026-05-16 06:54:05,813 - DEBUG - 💾 Saved unified thermal state to /config/ml_heating/unified_thermal_state.json
2026-05-16 06:54:05,814 - DEBUG - Skipping legacy global adaptation: channel mode owns recent-window learning
2026-05-16 06:54:06,005 - DEBUG - 💾 Saved unified thermal state to /config/ml_heating/unified_thermal_state.json
2026-05-16 06:54:06,007 - DEBUG - Prediction feedback: error=-0.016°C, confidence=5.000
2026-05-16 06:54:06,195 - DEBUG - 💾 Saved unified thermal state to /config/ml_heating/unified_thermal_state.json
2026-05-16 06:54:06,197 - DEBUG - 💾 Saved 200 predictions to unified thermal state
2026-05-16 06:54:06,197 - DEBUG - Added prediction: pred=22.64, actual=22.62, error=-0.016
2026-05-16 06:54:06,391 - DEBUG - 💾 Saved unified thermal state to /config/ml_heating/unified_thermal_state.json
2026-05-16 06:54:06,394 - DEBUG - Setting HA state for sensor.ml_model_mae: {'state': '0.0289', 'attributes': {'state_class': 'measurement', 'unique_id': 'ml_heating_model_mae', 'friendly_name': 'ML Model MAE', 'unit_of_measurement': '°C', 'icon': 'mdi:chart-line', 'last_updated': '2026-05-16T04:54:06.394748+00:00'}}
2026-05-16 06:54:06,408 - DEBUG - Setting HA state for sensor.ml_model_rmse: {'state': '0.0401', 'attributes': {'state_class': 'measurement', 'unique_id': 'ml_heating_model_rmse', 'friendly_name': 'ML Model RMSE', 'unit_of_measurement': '°C', 'icon': 'mdi:chart-line', 'last_updated': '2026-05-16T04:54:06.394748+00:00'}}
2026-05-16 06:54:06,422 - DEBUG - Setting HA state for sensor.ml_heating_learning: {'state': '5.000', 'attributes': {'state_class': 'measurement', 'unique_id': 'ml_heating_learning', 'friendly_name': 'ML Adaptive Learning Metrics', 'unit_of_measurement': 'metrics', 'icon': 'mdi:brain', 'thermal_time_constant': 4.8345275867350885, 'heat_loss_coefficient': 0.12035197370821737, 'outlet_effectiveness': 0.8283017284451556, 'pv_heat_weight': 0.0013170832116885373, 'fireplace_heat_weight': 0.17156709601311348, 'tv_heat_weight': 0.44733899208522154, 'solar_lag_minutes': 39.66394307340671, 'slab_time_constant_hours': 4.000456052583566, 'heat_source_channels_enabled': True, 'total_conductance': 0.3, 'equilibrium_ratio': 0.5, 'cycle_count': 5379, 'parameter_updates': 541, 'model_health': 'excellent', 'learning_progress': 1.0, 'is_improving': True, 'improvement_percentage': 22.43928972186433, 'total_predictions': 200, 'learning_confidence': 5.0, 'last_updated': '2026-05-16T04:54:06.422314+00:00', 'delta_t_floor': 2.4857328190130326, 'cloud_factor_exponent': 1.0, 'solar_decay_tau_hours': 1.057688017152228, 'fp_heat_output_kw': 0.17156709601311348, 'fp_decay_time_constant': 3.9144707244638868, 'room_spread_delay_minutes': 18.0, 'ch_heat_pump_history_count': 200, 'ch_heat_pump_last_error': 0.015176865717659638, 'ch_pv_history_count': 200, 'ch_pv_last_error': -0.016304679457832094, 'ch_fireplace_history_count': 0, 'ch_fireplace_last_error': 0.0, 'ch_tv_history_count': 0, 'ch_tv_last_error': 0.0}}
2026-05-16 06:54:06,437 - DEBUG - Setting HA state for sensor.ml_model_mae: {'state': '0.0289', 'attributes': {'state_class': 'measurement', 'unique_id': 'ml_heating_model_mae', 'friendly_name': 'ML Model MAE', 'unit_of_measurement': '°C', 'icon': 'mdi:chart-line', 'mae_1h': 0.020161213212466222, 'mae_6h': 0.02877999881444499, 'mae_24h': 0.028857154618747476, 'trend_direction': 'improving', 'prediction_count': 200, 'last_updated': '2026-05-16T04:54:06.422314+00:00'}}
2026-05-16 06:54:06,451 - DEBUG - Setting HA state for sensor.ml_model_rmse: {'state': '0.0401', 'attributes': {'state_class': 'measurement', 'unique_id': 'ml_heating_model_rmse', 'friendly_name': 'ML Model RMSE', 'unit_of_measurement': '°C', 'icon': 'mdi:chart-line', 'recent_max_error': 0.04690853469935519, 'std_error': 0.0278, 'mean_bias': 0.0, 'prediction_count': 200, 'last_updated': '2026-05-16T04:54:06.422314+00:00'}}
2026-05-16 06:54:06,467 - DEBUG - Setting HA state for sensor.ml_prediction_accuracy: {'state': '99.4', 'attributes': {'state_class': 'measurement', 'unique_id': 'ml_prediction_accuracy', 'friendly_name': 'ML Prediction Accuracy', 'unit_of_measurement': '%', 'icon': 'mdi:target', 'perfect_accuracy_pct': 0.0, 'tolerable_accuracy_pct': 99.38271604938271, 'poor_accuracy_pct': 0.6172839506172839, 'prediction_count_24h': 0, 'excellent_all_time_pct': 98.0, 'good_all_time_pct': 100.0, 'last_updated': '2026-05-16T04:54:06.422314+00:00'}}
2026-05-16 06:54:06,485 - DEBUG - Logged refactored sensor metrics to HA
2026-05-16 06:54:06,485 - DEBUG - Logging feature importance
2026-05-16 06:54:06,485 - DEBUG - Setting HA state for sensor.ml_feature_importance: {'state': '5', 'attributes': {'state_class': 'measurement', 'unique_id': 'ml_heating_feature_importance', 'friendly_name': 'ML Feature Importance', 'unit_of_measurement': '%', 'icon': 'mdi:format-list-numbered', 'top_features': {'target_temp': 52.8, 'tv_power': 28.51, 'fireplace': 10.94, 'outdoor_temp': 7.67, 'pv_power': 0.08}, 'last_updated': '2026-05-16T04:54:06.485841+00:00'}}
2026-05-16 06:54:06,509 - INFO - ✅ Exported metrics to Home Assistant sensors successfully
2026-05-16 06:54:06,509 - INFO - ✅ Learning cycle 5379: error=0.016°C, confidence=5.000, total_predictions=200
2026-05-16 06:54:06,510 - DEBUG - ✅ Online learning: applied_temp=21.1°C, actual_change=-0.030°C, cycle=5379
2026-05-16 06:54:06,510 - DEBUG - 🔥 Heating mode active (state: heat)
2026-05-16 06:54:06,510 - DEBUG - ♻️ Reusing existing Model Wrapper instance
2026-05-16 06:54:06,537 - DEBUG - Fireplace is OFF. Using main indoor temp for prediction.
2026-05-16 06:54:06,672 - DEBUG - PV forecast parsed successfully: [1580.0, 3264.8, 3523.0, 4855.5, 3586.2, 5936.0, 3960.2, 2870.0, 3015.0, 2804.8, 1921.8, 1234.5]W
2026-05-16 06:54:06,672 - DEBUG - Solar correction: enabled=True, percent=100.0%, factor=1.000
2026-05-16 06:54:06,689 - DEBUG - Delta calibration applied: offset=-0.81°C
2026-05-16 06:54:06,689 - DEBUG - Raw forecasts: [4.2, 5.5, 7.0, 8.2, 8.5, 8.7, 10.0, 8.8, 9.9, 10.2, 8.2, 9.7]
2026-05-16 06:54:06,690 - DEBUG - Calibrated forecasts: [3.39, 4.69, 6.19, 7.39, 7.69, 7.89, 9.19, 7.99, 9.09, 9.39, 7.39, 8.89]
2026-05-16 06:54:06,694 - INFO - ☀️ Forecast trajectory: no sunset within 12-step horizon → inactive, 4 steps
2026-05-16 06:54:06,694 - DEBUG - Heating obs buffer: resolved 1 new label(s) this cycle
2026-05-16 06:54:06,715 - DEBUG - ♻️ Reusing existing Model Wrapper instance
2026-05-16 06:54:06,721 - INFO - DEBUG: Wrapper params: U=0.12035197370821737, eff=0.8283017284451556, tau=4.8345275867350885
2026-05-16 06:54:06,721 - INFO - ☀️ PV surplus 2230W (threshold 1500W): target 22.6 → 23.1°C (CHEAP ramp offset +0.50)
2026-05-16 06:54:06,721 - DEBUG - 🔧 Using natural bounds: outlet_min=21.0°C, outlet_max=35.0°C
2026-05-16 06:54:06,721 - INFO - 🌡️ Using cycle-aligned forecast (10min): outdoor=3.4°C (vs current 3.4°C), PV=476W (vs current 375W)
2026-05-16 06:54:06,721 - DEBUG - DEBUG: Using PV history (len=18) instead of scalar 475.6712962962963
2026-05-16 06:54:06,721 - INFO - 🔄 HP off (delta_t=-0.06, mode=heating): simulating HP-on delta_t=2.49 for binary search
2026-05-16 06:54:06,721 - DEBUG - 🎯 Binary search start: target=23.1°C, current=22.6°C, range=21.0-35.0°C
2026-05-16 06:54:06,721 - DEBUG - 🔍 Binary search features: inlet_temp=24.26, delta_t_floor=2.49, indoor_temp_delta_60m=-0.0133, horizon=4.0h, outlet_mid=28.0°C
2026-05-16 06:54:06,722 - DEBUG - ✅ Binary search trajectory OK (iter 1): outlet=28.0°C → predicted=24.39°C (steps=24, start=22.71→end=24.39)
2026-05-16 06:54:06,723 - DEBUG -    Iteration 1: outlet=28.0°C → predicted=24.39°C, error=1.292°C (range: 21.0-35.0°C)
2026-05-16 06:54:06,723 - DEBUG -      → Heating: Predicted too high, lowering maximum to 28.0°C
2026-05-16 06:54:06,723 - DEBUG -    Iteration 2: outlet=24.5°C → predicted=23.30°C, error=0.203°C (range: 21.0-28.0°C)
2026-05-16 06:54:06,724 - DEBUG -      → Heating: Predicted too high, lowering maximum to 24.5°C
2026-05-16 06:54:06,724 - DEBUG -    Iteration 3: outlet=22.8°C → predicted=23.22°C, error=0.119°C (range: 21.0-24.5°C)
2026-05-16 06:54:06,724 - DEBUG -      → Heating: Predicted too high, lowering maximum to 22.8°C
2026-05-16 06:54:06,725 - DEBUG -    Iteration 4: outlet=21.9°C → predicted=23.22°C, error=0.119°C (range: 21.0-22.8°C)
2026-05-16 06:54:06,725 - DEBUG -      → Heating: Predicted too high, lowering maximum to 21.9°C
2026-05-16 06:54:06,726 - DEBUG -    Iteration 5: outlet=21.4°C → predicted=23.22°C, error=0.119°C (range: 21.0-21.9°C)
2026-05-16 06:54:06,726 - DEBUG -      → Heating: Predicted too high, lowering maximum to 21.4°C
2026-05-16 06:54:06,727 - DEBUG -    Iteration 6: outlet=21.2°C → predicted=23.22°C, error=0.119°C (range: 21.0-21.4°C)
2026-05-16 06:54:06,727 - DEBUG -      → Heating: Predicted too high, lowering maximum to 21.2°C
2026-05-16 06:54:06,728 - DEBUG -    Iteration 7: outlet=21.1°C → predicted=23.22°C, error=0.119°C (range: 21.0-21.2°C)
2026-05-16 06:54:06,728 - DEBUG -      → Heating: Predicted too high, lowering maximum to 21.1°C
2026-05-16 06:54:06,729 - DEBUG -    Iteration 8: outlet=21.1°C → predicted=23.22°C, error=0.119°C (range: 21.0-21.1°C)
2026-05-16 06:54:06,729 - DEBUG -      → Heating: Predicted too high, lowering maximum to 21.1°C
2026-05-16 06:54:06,730 - DEBUG -    Iteration 9: outlet=21.0°C → predicted=23.22°C, error=0.119°C (range: 21.0-21.1°C)
2026-05-16 06:54:06,730 - DEBUG -      → Heating: Predicted too high, lowering maximum to 21.0°C
2026-05-16 06:54:06,730 - INFO - 🔄 Binary search early exit after 10 iterations: range collapsed to 0.027°C, using 21.0°C
2026-05-16 06:54:06,731 - DEBUG - Slab: inlet=24.3°C, outlet=21.0°C, Δ=-3.2°C, τ=4.00h
2026-05-16 06:54:06,731 - DEBUG - 🔍 Trajectory prediction using forecast arrays: outdoor=[3.3874999999999997, 3.39, 4.69, 6.19, 7.39], PV=[375.27777777777777, 1580.0, 3264.8, 3523.0, 4855.5]
2026-05-16 06:54:06,731 - DEBUG - 🔍 Trajectory DEBUG: outlet=21.0°C → 0.2h_prediction=22.66°C (vs target 23.1°C, error: -0.445°C), reaches_target_at=3.1666666666666665h, cycle_time=0.2h
2026-05-16 06:54:06,731 - DEBUG - 🔍 Trajectory predictions for target 23.1°C:
2026-05-16 06:54:06,731 - DEBUG -     0.2h: 22.66°C → target 23.10°C (error: -0.44°C)
2026-05-16 06:54:06,731 - DEBUG -     0.3h: 22.66°C → target 23.10°C (error: -0.44°C)
2026-05-16 06:54:06,731 - DEBUG -     0.5h: 22.66°C → target 23.10°C (error: -0.44°C)
2026-05-16 06:54:06,731 - DEBUG -     0.7h: 22.66°C → target 23.10°C (error: -0.44°C)
2026-05-16 06:54:06,731 - DEBUG -     0.8h: 22.65°C → target 23.10°C (error: -0.45°C)
2026-05-16 06:54:06,731 - DEBUG -     1.0h: 22.65°C → target 23.10°C (error: -0.45°C)
2026-05-16 06:54:06,731 - DEBUG -     1.2h: 22.66°C → target 23.10°C (error: -0.44°C)
2026-05-16 06:54:06,731 - DEBUG -     1.3h: 22.68°C → target 23.10°C (error: -0.42°C)
2026-05-16 06:54:06,731 - DEBUG -     1.5h: 22.70°C → target 23.10°C (error: -0.40°C)
2026-05-16 06:54:06,731 - DEBUG -     1.7h: 22.72°C → target 23.10°C (error: -0.38°C)
2026-05-16 06:54:06,731 - DEBUG -     1.8h: 22.75°C → target 23.10°C (error: -0.35°C)
2026-05-16 06:54:06,731 - DEBUG -     2.0h: 22.78°C → target 23.10°C (error: -0.32°C)
2026-05-16 06:54:06,731 - DEBUG -     2.2h: 22.82°C → target 23.10°C (error: -0.28°C)
2026-05-16 06:54:06,731 - DEBUG -     2.3h: 22.85°C → target 23.10°C (error: -0.25°C)
2026-05-16 06:54:06,731 - DEBUG -     2.5h: 22.89°C → target 23.10°C (error: -0.21°C)
2026-05-16 06:54:06,731 - DEBUG -     2.7h: 22.93°C → target 23.10°C (error: -0.17°C)
2026-05-16 06:54:06,731 - DEBUG -     2.8h: 22.96°C → target 23.10°C (error: -0.14°C)
2026-05-16 06:54:06,731 - DEBUG -     3.0h: 23.00°C → target 23.10°C (error: -0.10°C)
2026-05-16 06:54:06,731 - DEBUG -     3.2h: 23.03°C → target 23.10°C (error: -0.07°C)
2026-05-16 06:54:06,731 - DEBUG -     3.3h: 23.07°C → target 23.10°C (error: -0.03°C)
2026-05-16 06:54:06,731 - DEBUG -     3.5h: 23.11°C → target 23.10°C (error: +0.01°C)
2026-05-16 06:54:06,731 - DEBUG -     3.7h: 23.14°C → target 23.10°C (error: +0.04°C)
2026-05-16 06:54:06,731 - DEBUG -     3.8h: 23.18°C → target 23.10°C (error: +0.08°C)
2026-05-16 06:54:06,731 - DEBUG -     4.0h: 23.22°C → target 23.10°C (error: +0.12°C)
2026-05-16 06:54:06,731 - DEBUG - Ignoring minor future overshoot (max=23.22°C) because immediate cycle is safe (22.66°C)
2026-05-16 06:54:06,732 - INFO - ⚠️ Target will NOT be reached within 0.2h cycle (+tolerance) - applying physics-based correction
2026-05-16 06:54:06,732 - DEBUG - [Newton] t_eval floored: 0.83h → 2.42h (τ/2=2.42h); ε: +0.448°C → +0.211°C
2026-05-16 06:54:06,732 - INFO - 🎯 [Newton] S(t=2.42h)=0.3436 (η=0.828, U=0.120, τ=4.83h, H=4.0h) ε=+0.211°C → ΔT=+0.614°C → outlet 21.6°C
2026-05-16 06:54:06,734 - DEBUG - HeatingCorrectionMLModel: raw ΔT_outlet=-0.000°C (R²=0.8638)
2026-05-16 06:54:06,734 - INFO - 🤖 [ML correction] R²=0.864 w=0.864 Δphysics=+0.614°C Δml=-0.000°C Δblend=+0.084°C → outlet=21.1°C
2026-05-16 06:54:06,734 - DEBUG - 🧠 Smart rounding is using cycle-aligned forecast: PV=476W (caller sent PV=375W)
2026-05-16 06:54:06,735 - INFO - 🎯 Prediction: Current 22.62°C → Target 22.6°C | Calculated outlet: 21.1°C (before smart rounding) (confidence: 5.000)
2026-05-16 06:54:06,735 - DEBUG - Model Wrapper: temp=21.1°C, error=0.020°C, confidence=5.000
2026-05-16 06:54:06,735 - DEBUG - EMA smoothing: 21.10°C → 21.1°C (last=21.1, α=0.50)
2026-05-16 06:54:06,735 - DEBUG - ♻️ Reusing existing Model Wrapper instance
2026-05-16 06:54:06,735 - INFO - 🌡️ Using cycle-aligned forecast (10min): outdoor=3.9°C (vs current 4.0°C), PV=476W (vs current 375W)
2026-05-16 06:54:06,735 - DEBUG - 🧠 Smart rounding is using cycle-aligned forecast: PV=476W (caller sent PV=476W)
2026-05-16 06:54:06,735 - DEBUG - 🧠 Smart rounding is using cycle-aligned forecast: PV=476W (caller sent PV=476W)
2026-05-16 06:54:06,735 - DEBUG - Smart rounding: 21.10°C → 22°C (chose ceiling: floor→22.51°C [err=0.087], ceiling→22.54°C [err=0.058], target=22.6°C)
2026-05-16 06:54:06,735 - DEBUG - Setting target outlet temp
2026-05-16 06:54:06,736 - DEBUG - Setting HA state for sensor.ml_vorlauftemperatur: {'state': '21.1', 'attributes': {'state_class': 'measurement', 'unique_id': 'ml_heating_target_outlet_temp', 'friendly_name': 'ML Target Outlet Temp', 'unit_of_measurement': '°C', 'device_class': 'temperature', 'icon': 'mdi:thermometer-water'}}
2026-05-16 06:54:06,748 - DEBUG - Logging thermal model metrics
2026-05-16 06:54:06,748 - DEBUG - Setting HA state for sensor.ml_heating_state: {'state': '0', 'attributes': {'state_class': 'measurement', 'unique_id': 'ml_heating_state', 'friendly_name': 'ML Heating State', 'unit_of_measurement': 'state', 'icon': 'mdi:information-outline', 'state_description': 'OK - Prediction done', 'confidence': 5.0, 'suggested_temp': 21.1, 'final_temp': 21.1, 'predicted_indoor': 22.53, 'last_prediction_time': '2026-05-16T04:54:06.748471+00:00', 'temperature_error': 0.02, 'pre_cool_active': False, 'pre_cool_peak_temp': None, 'pre_cool_peak_hour': None}}
2026-05-16 06:54:06,762 - DEBUG - ✅ ACTIVE MODE: ML controlling heating via input_boolean.ml_heating
2026-05-16 06:54:06,764 - DEBUG - 🧠 Smart rounding is using cycle-aligned forecast: PV=476W (caller sent PV=375W)
2026-05-16 06:54:06,765 - DEBUG - Target: 22.6°C | Suggested: 21.1°C | Applied: 21.1°C | Actual Indoor: 22.62°C | Predicted Indoor: 22.52°C | Confidence: 5.000
2026-05-16 06:54:06,765 - INFO - Target: 22.6°C | Suggested: 21.1°C | Applied: 21.1°C | Actual Indoor: 22.62°C | Predicted Indoor: 22.52°C | Confidence: 5.000
2026-05-16 06:54:06,954 - DEBUG - 💾 Saved unified thermal state to /config/ml_heating/unified_thermal_state.json
2026-05-16 06:54:06,955 - DEBUG - Operational state saved to /config/ml_heating/unified_thermal_state.json; updated keys: ['last_run_features', 'last_indoor_temp', 'last_avg_other_rooms_temp', 'last_fireplace_on', 'last_final_temp', 'last_climate_mode', 'last_target_indoor_temp', 'last_predicted_indoor', 'last_is_blocking', 'last_blocking_reasons', 'setpoint_hold_cycles_remaining']
2026-05-16 06:54:06,956 - DEBUG - Setting HA state for sensor.ml_heating_features: {'state': '22.46', 'attributes': {'state_class': 'measurement', 'unique_id': 'ml_heating_features', 'friendly_name': 'ML Heating Features', 'unit_of_measurement': '°C', 'device_class': 'temperature', 'icon': 'mdi:feature-search-outline', 'living_room_temp': 22.46, 'outlet_temp': 24.2, 'indoor_temp_lag_30m': 22.637999999999995, 'target_temp': 22.6, 'outdoor_temp': 3.3874999999999997, 'dhw_heating': 0.0, 'dhw_disinfection': 0.0, 'dhw_boost_heater': 0.0, 'defrosting': 0.0, 'pv_now': 2230.0, 'pv_now_electrical': 2230.0, 'solar_correction_percent': 100.0, 'solar_correction_factor': 1.0, 'solar_correction_enabled': 1.0, 'fireplace_on': 0.0, 'tv_on': 0.0, 'temp_forecast_1h': 3.39, 'temp_forecast_2h': 4.69, 'temp_forecast_3h': 6.19, 'temp_forecast_4h': 7.39, 'temp_forecast_5h': 7.69, 'temp_forecast_6h': 7.89, 'temp_forecast_7h': 9.19, 'temp_forecast_8h': 7.99, 'temp_forecast_9h': 9.09, 'temp_forecast_10h': 9.39, 'temp_forecast_11h': 7.39, 'temp_forecast_12h': 8.89, 'pv_forecast_1h': 1580.0, 'pv_forecast_2h': 3264.8, 'pv_forecast_3h': 3523.0, 'pv_forecast_4h': 4855.5, 'pv_forecast_5h': 3586.2, 'pv_forecast_6h': 5936.0, 'pv_forecast_7h': 3960.2, 'pv_forecast_8h': 2870.0, 'pv_forecast_9h': 3015.0, 'pv_forecast_10h': 2804.8, 'pv_forecast_11h': 1921.8, 'pv_forecast_12h': 1234.5, 'pv_forecast_electrical_1h': 1580.0, 'pv_forecast_electrical_2h': 3264.8, 'pv_forecast_electrical_3h': 3523.0, 'pv_forecast_electrical_4h': 4855.5, 'pv_forecast_electrical_5h': 3586.2, 'pv_forecast_electrical_6h': 5936.0, 'pv_forecast_electrical_7h': 3960.2, 'pv_forecast_electrical_8h': 2870.0, 'pv_forecast_electrical_9h': 3015.0, 'pv_forecast_electrical_10h': 2804.8, 'pv_forecast_electrical_11h': 1921.8, 'pv_forecast_electrical_12h': 1234.5, 'cloud_cover_forecast_1h': 0.0, 'cloud_cover_forecast_2h': 0.0, 'cloud_cover_forecast_3h': 0.0, 'cloud_cover_forecast_4h': 0.0, 'cloud_cover_forecast_5h': 0.0, 'cloud_cover_forecast_6h': 0.0, 'cloud_cover_forecast_7h': 0.0, 'cloud_cover_forecast_8h': 0.0, 'cloud_cover_forecast_9h': 0.0, 'cloud_cover_forecast_10h': 0.0, 'cloud_cover_forecast_11h': 0.0, 'cloud_cover_forecast_12h': 0.0, 'temp_diff_indoor_outdoor': 19.256249999999998, 'indoor_temp_gradient': -0.8775000000000119, 'outlet_indoor_diff': 1.5562500000000021, 'indoor_temp_lag_10m': 22.636, 'indoor_temp_lag_60m': 22.657000000000004, 'outlet_temp_lag_30m': 24.350000000000005, 'outlet_temp_change': 0.0, 'indoor_temp_delta_10m': 0.007749999999997925, 'indoor_temp_delta_30m': 0.005750000000002586, 'indoor_temp_delta_60m': -0.013250000000006423, 'hour_sin': 1.0, 'hour_cos': 6.123233995736766e-17, 'month_sin': 0.8660254037844387, 'month_cos': -0.4999999999999998, 'outlet_effectiveness_ratio': 0.02811244979919401, 'inlet_temp': 24.26, 'flow_rate': 14.0, 'power_consumption': 47.0, 'delta_t': -0.060000000000002274, 'thermal_power_kw': -0.058604000000002224, 'cop_realtime': 0.0, 'temp_trend_forecast': 1.0006249999999999, 'heating_demand_forecast': 1.5210000000000001, 'combined_forecast_thermal_load': -3.3345000000000002, 'pv_power_history': [0.0, 0.0, 0.0, 0.0, 0.0, 0.0, 0.0, 8.0, 13.0, 29.0, 52.0, 111.0, 201.0, 488.0, 980.0, 1111.0, 1638.0, 2124.0], 'pv_power_history_electrical': [0.0, 0.0, 0.0, 0.0, 0.0, 0.0, 0.0, 8.0, 13.0, 29.0, 52.0, 111.0, 201.0, 488.0, 980.0, 1111.0, 1638.0, 2124.0], 'wind_speed': 8.0, 'is_weekend': 1.0, 'indoor_margin_rate': 0.0, 'last_updated': '2026-05-16T04:54:06.956121+00:00'}}
2026-05-16 06:54:06,970 - DEBUG - Published 93 features to sensor.ml_heating_features
2026-05-16 06:54:06,970 - DEBUG - ✅ CYCLE 41 END: 06:54:06 (duration: 1.5s)
2026-05-16 06:54:06,970 - DEBUG - 💤 POLLING START: Waiting 30min until next cycle...
2026-05-16 06:54:07,012 - DEBUG - Active sampling: buffered 6 readings
127.0.0.1 - - [16/May/2026 06:54:28] "GET /health HTTP/1.1" 200 -
127.0.0.1 - - [16/May/2026 06:54:58] "GET /health HTTP/1.1" 200 -
2026-05-16 06:55:07,042 - DEBUG - Active sampling: buffered 6 readings
127.0.0.1 - - [16/May/2026 06:55:28] "GET /health HTTP/1.1" 200 -
127.0.0.1 - - [16/May/2026 06:55:58] "GET /health HTTP/1.1" 200 -
2026-05-16 06:56:07,071 - DEBUG - Active sampling: buffered 6 readings
127.0.0.1 - - [16/May/2026 06:56:28] "GET /health HTTP/1.1" 200 -
127.0.0.1 - - [16/May/2026 06:56:58] "GET /health HTTP/1.1" 200 -
2026-05-16 06:57:07,101 - DEBUG - Active sampling: buffered 6 readings
127.0.0.1 - - [16/May/2026 06:57:28] "GET /health HTTP/1.1" 200 -
127.0.0.1 - - [16/May/2026 06:57:58] "GET /health HTTP/1.1" 200 -
2026-05-16 06:58:07,131 - DEBUG - Active sampling: buffered 6 readings
127.0.0.1 - - [16/May/2026 06:58:29] "GET /health HTTP/1.1" 200 -
127.0.0.1 - - [16/May/2026 06:58:59] "GET /health HTTP/1.1" 200 -
2026-05-16 06:59:07,162 - DEBUG - Active sampling: buffered 6 readings
127.0.0.1 - - [16/May/2026 06:59:29] "GET /health HTTP/1.1" 200 -
127.0.0.1 - - [16/May/2026 06:59:59] "GET /health HTTP/1.1" 200 -
2026-05-16 07:00:07,193 - DEBUG - Active sampling: buffered 6 readings
127.0.0.1 - - [16/May/2026 07:00:29] "GET /health HTTP/1.1" 200 -
127.0.0.1 - - [16/May/2026 07:00:59] "GET /health HTTP/1.1" 200 -
2026-05-16 07:01:07,224 - DEBUG - Active sampling: buffered 6 readings
127.0.0.1 - - [16/May/2026 07:01:29] "GET /health HTTP/1.1" 200 -
127.0.0.1 - - [16/May/2026 07:01:59] "GET /health HTTP/1.1" 200 -
2026-05-16 07:02:07,254 - DEBUG - Active sampling: buffered 6 readings
127.0.0.1 - - [16/May/2026 07:02:29] "GET /health HTTP/1.1" 200 -
127.0.0.1 - - [16/May/2026 07:02:59] "GET /health HTTP/1.1" 200 -
2026-05-16 07:03:07,288 - DEBUG - Active sampling: buffered 6 readings
127.0.0.1 - - [16/May/2026 07:03:29] "GET /health HTTP/1.1" 200 -
127.0.0.1 - - [16/May/2026 07:03:59] "GET /health HTTP/1.1" 200 -
2026-05-16 07:04:07,289 - DEBUG - ⏰ POLLING END: Waited 10.0min, starting next cycle...
2026-05-16 07:04:07,290 - DEBUG - 🔄 CYCLE 42 START: 07:04:07 (interval: 10.0min since last cycle)
2026-05-16 07:04:07,290 - DEBUG - ♻️ Reusing existing Model Wrapper instance
2026-05-16 07:04:07,290 - INFO - Successfully loaded operational state from /config/ml_heating/unified_thermal_state.json
2026-05-16 07:04:07,318 - DEBUG - Setting HA state for sensor.ml_heating_cop_realtime: {'state': '0.00', 'attributes': {'state_class': 'measurement', 'unique_id': 'ml_heating_cop_realtime', 'friendly_name': 'ML Heating COP (Realtime)', 'unit_of_measurement': 'COP', 'icon': 'mdi:heat-pump', 'device_class': 'power_factor'}}
2026-05-16 07:04:07,331 - DEBUG - Setting HA state for sensor.ml_heating_thermal_power: {'state': '0.000', 'attributes': {'state_class': 'measurement', 'unique_id': 'ml_heating_thermal_power', 'friendly_name': 'ML Heating Thermal Power', 'unit_of_measurement': 'kW', 'icon': 'mdi:flash', 'device_class': 'power'}}
2026-05-16 07:04:07,362 - DEBUG - Wrote thermodynamic metrics to InfluxDB
2026-05-16 07:04:07,362 - DEBUG - Thermodynamic sensors updated: COP=0.00, Power=0.000kW
2026-05-16 07:04:07,362 - DEBUG - ♻️ Reusing existing Model Wrapper instance
2026-05-16 07:04:07,362 - DEBUG - 🎯 ACTIVE MODE LEARNING (trajectory): Verifying ML prediction accuracy for 21.1°C outlet setting
2026-05-16 07:04:07,365 - DEBUG - ☀️ SolarChannel self-learned: avg_error=0.022, pv_heat_weight=0.00134, solar_lag=39.7min, cloud_exp=1.00, solar_decay_tau=1.06h
2026-05-16 07:04:07,365 - INFO - ☀️ pv parameter update: attributed_error=+0.014771 | pv_heat_weight: 0.001317→0.001339 (Δ+0.000022) | solar_decay_tau_hours: 1.057688→1.057699 (Δ+0.000011) | solar_lag_minutes: 39.663943→39.661564 (Δ-0.002379)
2026-05-16 07:04:07,365 - INFO - Channel routing → [☀️ pv*] | error=+0.0148 | pv_current=2230W pv_smoothed=375W | params_changed=pv
2026-05-16 07:04:07,555 - DEBUG - 💾 Saved unified thermal state to /config/ml_heating/unified_thermal_state.json
2026-05-16 07:04:07,557 - DEBUG - Skipping legacy global adaptation: channel mode owns recent-window learning
2026-05-16 07:04:07,746 - DEBUG - 💾 Saved unified thermal state to /config/ml_heating/unified_thermal_state.json
2026-05-16 07:04:07,748 - DEBUG - Prediction feedback: error=0.015°C, confidence=5.000
2026-05-16 07:04:07,936 - DEBUG - 💾 Saved unified thermal state to /config/ml_heating/unified_thermal_state.json
2026-05-16 07:04:07,938 - DEBUG - 💾 Saved 200 predictions to unified thermal state
2026-05-16 07:04:07,938 - DEBUG - Added prediction: pred=22.62, actual=22.63, error=0.015
2026-05-16 07:04:08,126 - DEBUG - 💾 Saved unified thermal state to /config/ml_heating/unified_thermal_state.json
2026-05-16 07:04:08,151 - DEBUG - Wrote prediction metrics to InfluxDB bucket 'ml_heating_features' with MAE(1h)=0.021
2026-05-16 07:04:08,151 - DEBUG - ✅ Exported prediction metrics to InfluxDB
2026-05-16 07:04:08,162 - DEBUG - Wrote thermal learning metrics to InfluxDB: effectiveness=0.828, confidence=5.00
2026-05-16 07:04:08,162 - DEBUG - ✅ Exported thermal learning metrics to InfluxDB
2026-05-16 07:04:08,173 - DEBUG - Wrote feature importances to Influx bucket 'ml_heating_features' (measurement=feature_importance) with timestamp 2026-05-16T05:04:08.162484+00:00
2026-05-16 07:04:08,173 - DEBUG - ✅ Exported feature importance to InfluxDB
2026-05-16 07:04:08,184 - DEBUG - Wrote learning phase metrics to InfluxDB: phase=high_confidence, stability=1.00
2026-05-16 07:04:08,184 - DEBUG - ✅ Exported learning phase metrics to InfluxDB
2026-05-16 07:04:08,197 - DEBUG - Wrote trajectory prediction metrics to InfluxDB: horizon=4h, mae_1h=0.021
2026-05-16 07:04:08,197 - DEBUG - ✅ Exported trajectory prediction metrics to InfluxDB
2026-05-16 07:04:08,197 - INFO - 📊 Exported all adaptive learning metrics to InfluxDB (cycle 5380)
2026-05-16 07:04:08,200 - DEBUG - Setting HA state for sensor.ml_model_mae: {'state': '0.0288', 'attributes': {'state_class': 'measurement', 'unique_id': 'ml_heating_model_mae', 'friendly_name': 'ML Model MAE', 'unit_of_measurement': '°C', 'icon': 'mdi:chart-line', 'last_updated': '2026-05-16T05:04:08.200739+00:00'}}
2026-05-16 07:04:08,220 - DEBUG - Setting HA state for sensor.ml_model_rmse: {'state': '0.0401', 'attributes': {'state_class': 'measurement', 'unique_id': 'ml_heating_model_rmse', 'friendly_name': 'ML Model RMSE', 'unit_of_measurement': '°C', 'icon': 'mdi:chart-line', 'last_updated': '2026-05-16T05:04:08.200739+00:00'}}
2026-05-16 07:04:08,234 - DEBUG - Setting HA state for sensor.ml_heating_learning: {'state': '5.000', 'attributes': {'state_class': 'measurement', 'unique_id': 'ml_heating_learning', 'friendly_name': 'ML Adaptive Learning Metrics', 'unit_of_measurement': 'metrics', 'icon': 'mdi:brain', 'thermal_time_constant': 4.8345275867350885, 'heat_loss_coefficient': 0.12035197370821737, 'outlet_effectiveness': 0.8283017284451556, 'pv_heat_weight': 0.0013391300081073544, 'fireplace_heat_weight': 0.17156709601311348, 'tv_heat_weight': 0.44733899208522154, 'solar_lag_minutes': 39.66156359941389, 'slab_time_constant_hours': 4.000456052583566, 'heat_source_channels_enabled': True, 'total_conductance': 0.3, 'equilibrium_ratio': 0.5, 'cycle_count': 5380, 'parameter_updates': 542, 'model_health': 'excellent', 'learning_progress': 1.0, 'is_improving': True, 'improvement_percentage': 22.384746582735463, 'total_predictions': 200, 'learning_confidence': 5.0, 'last_updated': '2026-05-16T05:04:08.234142+00:00', 'delta_t_floor': 2.4857328190130326, 'cloud_factor_exponent': 1.0, 'solar_decay_tau_hours': 1.0576990405504374, 'fp_heat_output_kw': 0.17156709601311348, 'fp_decay_time_constant': 3.9144707244638868, 'room_spread_delay_minutes': 18.0, 'ch_heat_pump_history_count': 200, 'ch_heat_pump_last_error': 0.015176865717659638, 'ch_pv_history_count': 200, 'ch_pv_last_error': 0.01477075520080362, 'ch_fireplace_history_count': 0, 'ch_fireplace_last_error': 0.0, 'ch_tv_history_count': 0, 'ch_tv_last_error': 0.0}}
2026-05-16 07:04:08,249 - DEBUG - Setting HA state for sensor.ml_model_mae: {'state': '0.0288', 'attributes': {'state_class': 'measurement', 'unique_id': 'ml_heating_model_mae', 'friendly_name': 'ML Model MAE', 'unit_of_measurement': '°C', 'icon': 'mdi:chart-line', 'mae_1h': 0.021051459830667103, 'mae_6h': 0.028247199466070388, 'mae_24h': 0.02883273698654472, 'trend_direction': 'improving', 'prediction_count': 200, 'last_updated': '2026-05-16T05:04:08.234142+00:00'}}
2026-05-16 07:04:08,263 - DEBUG - Setting HA state for sensor.ml_model_rmse: {'state': '0.0401', 'attributes': {'state_class': 'measurement', 'unique_id': 'ml_heating_model_rmse', 'friendly_name': 'ML Model RMSE', 'unit_of_measurement': '°C', 'icon': 'mdi:chart-line', 'recent_max_error': 0.04690853469935519, 'std_error': 0.0278, 'mean_bias': 0.0, 'prediction_count': 200, 'last_updated': '2026-05-16T05:04:08.234142+00:00'}}
2026-05-16 07:04:08,277 - DEBUG - Setting HA state for sensor.ml_prediction_accuracy: {'state': '99.4', 'attributes': {'state_class': 'measurement', 'unique_id': 'ml_prediction_accuracy', 'friendly_name': 'ML Prediction Accuracy', 'unit_of_measurement': '%', 'icon': 'mdi:target', 'perfect_accuracy_pct': 0.0, 'tolerable_accuracy_pct': 99.375, 'poor_accuracy_pct': 0.625, 'prediction_count_24h': 0, 'excellent_all_time_pct': 98.0, 'good_all_time_pct': 100.0, 'last_updated': '2026-05-16T05:04:08.234142+00:00'}}
2026-05-16 07:04:08,291 - DEBUG - Logged refactored sensor metrics to HA
2026-05-16 07:04:08,292 - DEBUG - Logging feature importance
2026-05-16 07:04:08,292 - DEBUG - Setting HA state for sensor.ml_feature_importance: {'state': '5', 'attributes': {'state_class': 'measurement', 'unique_id': 'ml_heating_feature_importance', 'friendly_name': 'ML Feature Importance', 'unit_of_measurement': '%', 'icon': 'mdi:format-list-numbered', 'top_features': {'target_temp': 52.8, 'tv_power': 28.51, 'fireplace': 10.94, 'outdoor_temp': 7.67, 'pv_power': 0.09}, 'last_updated': '2026-05-16T05:04:08.292012+00:00'}}
2026-05-16 07:04:08,306 - INFO - ✅ Exported metrics to Home Assistant sensors successfully
2026-05-16 07:04:08,306 - INFO - ✅ Learning cycle 5380: error=0.015°C, confidence=5.000, total_predictions=200
2026-05-16 07:04:08,306 - DEBUG - ✅ Online learning: applied_temp=21.1°C, actual_change=0.010°C, cycle=5380
2026-05-16 07:04:08,306 - DEBUG - 🔥 Heating mode active (state: heat)
2026-05-16 07:04:08,306 - DEBUG - ♻️ Reusing existing Model Wrapper instance
2026-05-16 07:04:08,334 - DEBUG - Fireplace is OFF. Using main indoor temp for prediction.
2026-05-16 07:04:08,473 - DEBUG - PV forecast parsed successfully: [2002.0, 3495.5, 3594.2, 4639.0, 4235.2, 5151.5, 4008.8, 2794.0, 2657.2, 2917.2, 1892.2, 977.8]W
2026-05-16 07:04:08,473 - DEBUG - Solar correction: enabled=True, percent=100.0%, factor=1.000
2026-05-16 07:04:08,496 - DEBUG - Delta calibration applied: offset=-1.64°C
2026-05-16 07:04:08,496 - DEBUG - Raw forecasts: [5.5, 7.0, 8.2, 8.5, 8.7, 10.0, 8.8, 9.9, 10.2, 8.2, 9.7, 9.9]
2026-05-16 07:04:08,496 - DEBUG - Calibrated forecasts: [3.86, 5.36, 6.56, 6.86, 7.06, 8.36, 7.16, 8.26, 8.56, 6.56, 8.06, 8.26]
2026-05-16 07:04:08,500 - INFO - ☀️ Forecast trajectory: no sunset within 12-step horizon → inactive, 4 steps
2026-05-16 07:04:08,501 - DEBUG - Heating obs buffer: resolved 1 new label(s) this cycle
2026-05-16 07:04:08,525 - DEBUG - ♻️ Reusing existing Model Wrapper instance
2026-05-16 07:04:08,531 - INFO - DEBUG: Wrapper params: U=0.12035197370821737, eff=0.8283017284451556, tau=4.8345275867350885
2026-05-16 07:04:08,531 - INFO - ☀️ PV surplus 2780W (threshold 1500W): target 22.6 → 23.1°C (CHEAP ramp offset +0.50)
2026-05-16 07:04:08,531 - DEBUG - 🔧 Using natural bounds: outlet_min=21.0°C, outlet_max=35.0°C
2026-05-16 07:04:08,532 - INFO - 🌡️ Using cycle-aligned forecast (10min): outdoor=3.9°C (vs current 3.9°C), PV=658W (vs current 536W)
2026-05-16 07:04:08,532 - DEBUG - DEBUG: Using PV history (len=18) instead of scalar 658.3194444444443
2026-05-16 07:04:08,532 - INFO - 🔄 HP off (delta_t=0.00, mode=heating): simulating HP-on delta_t=2.49 for binary search
2026-05-16 07:04:08,532 - DEBUG - 🎯 Binary search start: target=23.1°C, current=22.6°C, range=21.0-35.0°C
2026-05-16 07:04:08,532 - DEBUG - 🔍 Binary search features: inlet_temp=24.2, delta_t_floor=2.49, indoor_temp_delta_60m=-0.0299, horizon=4.0h, outlet_mid=28.0°C
2026-05-16 07:04:08,533 - DEBUG - ✅ Binary search trajectory OK (iter 1): outlet=28.0°C → predicted=24.47°C (steps=24, start=22.74→end=24.47)
2026-05-16 07:04:08,533 - DEBUG -    Iteration 1: outlet=28.0°C → predicted=24.47°C, error=1.369°C (range: 21.0-35.0°C)
2026-05-16 07:04:08,533 - DEBUG -      → Heating: Predicted too high, lowering maximum to 28.0°C
2026-05-16 07:04:08,534 - DEBUG -    Iteration 2: outlet=24.5°C → predicted=23.38°C, error=0.280°C (range: 21.0-28.0°C)
2026-05-16 07:04:08,534 - DEBUG -      → Heating: Predicted too high, lowering maximum to 24.5°C
2026-05-16 07:04:08,535 - DEBUG -    Iteration 3: outlet=22.8°C → predicted=23.30°C, error=0.198°C (range: 21.0-24.5°C)
2026-05-16 07:04:08,535 - DEBUG -      → Heating: Predicted too high, lowering maximum to 22.8°C
2026-05-16 07:04:08,536 - DEBUG -    Iteration 4: outlet=21.9°C → predicted=23.30°C, error=0.198°C (range: 21.0-22.8°C)
2026-05-16 07:04:08,536 - DEBUG -      → Heating: Predicted too high, lowering maximum to 21.9°C
2026-05-16 07:04:08,537 - DEBUG -    Iteration 5: outlet=21.4°C → predicted=23.30°C, error=0.198°C (range: 21.0-21.9°C)
2026-05-16 07:04:08,537 - DEBUG -      → Heating: Predicted too high, lowering maximum to 21.4°C
2026-05-16 07:04:08,538 - DEBUG -    Iteration 6: outlet=21.2°C → predicted=23.30°C, error=0.198°C (range: 21.0-21.4°C)
2026-05-16 07:04:08,538 - DEBUG -      → Heating: Predicted too high, lowering maximum to 21.2°C
2026-05-16 07:04:08,539 - DEBUG -    Iteration 7: outlet=21.1°C → predicted=23.30°C, error=0.198°C (range: 21.0-21.2°C)
2026-05-16 07:04:08,539 - DEBUG -      → Heating: Predicted too high, lowering maximum to 21.1°C
2026-05-16 07:04:08,540 - DEBUG -    Iteration 8: outlet=21.1°C → predicted=23.30°C, error=0.198°C (range: 21.0-21.1°C)
2026-05-16 07:04:08,540 - DEBUG -      → Heating: Predicted too high, lowering maximum to 21.1°C
2026-05-16 07:04:08,541 - DEBUG -    Iteration 9: outlet=21.0°C → predicted=23.30°C, error=0.198°C (range: 21.0-21.1°C)
2026-05-16 07:04:08,541 - DEBUG -      → Heating: Predicted too high, lowering maximum to 21.0°C
2026-05-16 07:04:08,541 - INFO - 🔄 Binary search early exit after 10 iterations: range collapsed to 0.027°C, using 21.0°C
2026-05-16 07:04:08,542 - DEBUG - Slab: inlet=24.2°C, outlet=21.0°C, Δ=-3.2°C, τ=4.00h
2026-05-16 07:04:08,542 - DEBUG - 🔍 Trajectory prediction using forecast arrays: outdoor=[3.8625, 3.86, 5.36, 6.56, 6.86], PV=[536.1666666666666, 2002.0, 3495.5, 3594.2, 4639.0]
2026-05-16 07:04:08,542 - DEBUG - 🔍 Trajectory DEBUG: outlet=21.0°C → 0.2h_prediction=22.68°C (vs target 23.1°C, error: -0.422°C), reaches_target_at=2.6666666666666665h, cycle_time=0.2h
2026-05-16 07:04:08,543 - DEBUG - 🔍 Trajectory predictions for target 23.1°C:
2026-05-16 07:04:08,543 - DEBUG -     0.2h: 22.68°C → target 23.10°C (error: -0.42°C)
2026-05-16 07:04:08,543 - DEBUG -     0.3h: 22.70°C → target 23.10°C (error: -0.40°C)
2026-05-16 07:04:08,543 - DEBUG -     0.5h: 22.70°C → target 23.10°C (error: -0.40°C)
2026-05-16 07:04:08,543 - DEBUG -     0.7h: 22.70°C → target 23.10°C (error: -0.40°C)
2026-05-16 07:04:08,543 - DEBUG -     0.8h: 22.70°C → target 23.10°C (error: -0.40°C)
2026-05-16 07:04:08,543 - DEBUG -     1.0h: 22.72°C → target 23.10°C (error: -0.38°C)
2026-05-16 07:04:08,543 - DEBUG -     1.2h: 22.73°C → target 23.10°C (error: -0.37°C)
2026-05-16 07:04:08,543 - DEBUG -     1.3h: 22.75°C → target 23.10°C (error: -0.35°C)
2026-05-16 07:04:08,543 - DEBUG -     1.5h: 22.78°C → target 23.10°C (error: -0.32°C)
2026-05-16 07:04:08,543 - DEBUG -     1.7h: 22.81°C → target 23.10°C (error: -0.29°C)
2026-05-16 07:04:08,543 - DEBUG -     1.8h: 22.84°C → target 23.10°C (error: -0.26°C)
2026-05-16 07:04:08,543 - DEBUG -     2.0h: 22.88°C → target 23.10°C (error: -0.22°C)
2026-05-16 07:04:08,543 - DEBUG -     2.2h: 22.91°C → target 23.10°C (error: -0.19°C)
2026-05-16 07:04:08,543 - DEBUG -     2.3h: 22.95°C → target 23.10°C (error: -0.15°C)
2026-05-16 07:04:08,543 - DEBUG -     2.5h: 22.99°C → target 23.10°C (error: -0.11°C)
2026-05-16 07:04:08,543 - DEBUG -     2.7h: 23.02°C → target 23.10°C (error: -0.08°C)
2026-05-16 07:04:08,543 - DEBUG -     2.8h: 23.06°C → target 23.10°C (error: -0.04°C)
2026-05-16 07:04:08,543 - DEBUG -     3.0h: 23.09°C → target 23.10°C (error: -0.01°C)
2026-05-16 07:04:08,544 - DEBUG -     3.2h: 23.13°C → target 23.10°C (error: +0.03°C)
2026-05-16 07:04:08,544 - DEBUG -     3.3h: 23.16°C → target 23.10°C (error: +0.06°C)
2026-05-16 07:04:08,544 - DEBUG -     3.5h: 23.20°C → target 23.10°C (error: +0.10°C)
2026-05-16 07:04:08,544 - DEBUG -     3.7h: 23.23°C → target 23.10°C (error: +0.13°C)
2026-05-16 07:04:08,544 - DEBUG -     3.8h: 23.26°C → target 23.10°C (error: +0.16°C)
2026-05-16 07:04:08,544 - DEBUG -     4.0h: 23.30°C → target 23.10°C (error: +0.20°C)
2026-05-16 07:04:08,544 - DEBUG - Ignoring minor future overshoot (max=23.30°C) because immediate cycle is safe (22.68°C)
2026-05-16 07:04:08,544 - INFO - ⚠️ Target will NOT be reached within 0.2h cycle (+tolerance) - applying physics-based correction
2026-05-16 07:04:08,544 - DEBUG - [Newton] t_eval floored: 0.17h → 2.42h (τ/2=2.42h); ε: +0.422°C → +0.115°C
2026-05-16 07:04:08,544 - INFO - 🎯 [Newton] S(t=2.42h)=0.3436 (η=0.828, U=0.120, τ=4.83h, H=4.0h) ε=+0.115°C → ΔT=+0.335°C → outlet 21.3°C
2026-05-16 07:04:08,546 - DEBUG - HeatingCorrectionMLModel: raw ΔT_outlet=-0.000°C (R²=0.8638)
2026-05-16 07:04:08,547 - INFO - 🤖 [ML correction] R²=0.864 w=0.864 Δphysics=+0.335°C Δml=-0.000°C Δblend=+0.046°C → outlet=21.1°C
2026-05-16 07:04:08,547 - DEBUG - 🧠 Smart rounding is using cycle-aligned forecast: PV=658W (caller sent PV=536W)
2026-05-16 07:04:08,547 - INFO - 🎯 Prediction: Current 22.63°C → Target 22.6°C | Calculated outlet: 21.1°C (before smart rounding) (confidence: 5.000)
2026-05-16 07:04:08,547 - DEBUG - Model Wrapper: temp=21.1°C, error=0.030°C, confidence=5.000
2026-05-16 07:04:08,547 - DEBUG - EMA smoothing: 21.06°C → 21.1°C (last=21.1, α=0.50)
2026-05-16 07:04:08,547 - DEBUG - ♻️ Reusing existing Model Wrapper instance
2026-05-16 07:04:08,547 - INFO - 🌡️ Using cycle-aligned forecast (10min): outdoor=4.6°C (vs current 4.7°C), PV=658W (vs current 536W)
2026-05-16 07:04:08,547 - DEBUG - 🧠 Smart rounding is using cycle-aligned forecast: PV=658W (caller sent PV=658W)
2026-05-16 07:04:08,547 - DEBUG - 🧠 Smart rounding is using cycle-aligned forecast: PV=658W (caller sent PV=658W)
2026-05-16 07:04:08,547 - DEBUG - Smart rounding: 21.10°C → 22°C (chose ceiling: floor→22.53°C [err=0.067], ceiling→22.56°C [err=0.038], target=22.6°C)
2026-05-16 07:04:08,548 - DEBUG - Setting target outlet temp
2026-05-16 07:04:08,548 - DEBUG - Setting HA state for sensor.ml_vorlauftemperatur: {'state': '21.1', 'attributes': {'state_class': 'measurement', 'unique_id': 'ml_heating_target_outlet_temp', 'friendly_name': 'ML Target Outlet Temp', 'unit_of_measurement': '°C', 'device_class': 'temperature', 'icon': 'mdi:thermometer-water'}}
2026-05-16 07:04:08,563 - DEBUG - Logging thermal model metrics
2026-05-16 07:04:08,564 - DEBUG - Setting HA state for sensor.ml_heating_state: {'state': '0', 'attributes': {'state_class': 'measurement', 'unique_id': 'ml_heating_state', 'friendly_name': 'ML Heating State', 'unit_of_measurement': 'state', 'icon': 'mdi:information-outline', 'state_description': 'OK - Prediction done', 'confidence': 5.0, 'suggested_temp': 21.06, 'final_temp': 21.1, 'predicted_indoor': 22.55, 'last_prediction_time': '2026-05-16T05:04:08.564022+00:00', 'temperature_error': 0.03, 'pre_cool_active': False, 'pre_cool_peak_temp': None, 'pre_cool_peak_hour': None}}
2026-05-16 07:04:08,589 - DEBUG - ✅ ACTIVE MODE: ML controlling heating via input_boolean.ml_heating
2026-05-16 07:04:08,591 - DEBUG - 🧠 Smart rounding is using cycle-aligned forecast: PV=658W (caller sent PV=536W)
2026-05-16 07:04:08,591 - DEBUG - Target: 22.6°C | Suggested: 21.1°C | Applied: 21.1°C | Actual Indoor: 22.63°C | Predicted Indoor: 22.54°C | Confidence: 5.000
2026-05-16 07:04:08,591 - INFO - Target: 22.6°C | Suggested: 21.1°C | Applied: 21.1°C | Actual Indoor: 22.63°C | Predicted Indoor: 22.54°C | Confidence: 5.000
2026-05-16 07:04:08,781 - DEBUG - 💾 Saved unified thermal state to /config/ml_heating/unified_thermal_state.json
2026-05-16 07:04:08,783 - DEBUG - Operational state saved to /config/ml_heating/unified_thermal_state.json; updated keys: ['last_run_features', 'last_indoor_temp', 'last_avg_other_rooms_temp', 'last_fireplace_on', 'last_final_temp', 'last_climate_mode', 'last_target_indoor_temp', 'last_predicted_indoor', 'last_is_blocking', 'last_blocking_reasons', 'setpoint_hold_cycles_remaining']
2026-05-16 07:04:08,783 - DEBUG - Setting HA state for sensor.ml_heating_features: {'state': '22.44', 'attributes': {'state_class': 'measurement', 'unique_id': 'ml_heating_features', 'friendly_name': 'ML Heating Features', 'unit_of_measurement': '°C', 'device_class': 'temperature', 'icon': 'mdi:feature-search-outline', 'living_room_temp': 22.44, 'outlet_temp': 24.2, 'indoor_temp_lag_30m': 22.647000000000002, 'target_temp': 22.6, 'outdoor_temp': 3.8625, 'dhw_heating': 0.0, 'dhw_disinfection': 0.0, 'dhw_boost_heater': 0.0, 'defrosting': 0.0, 'pv_now': 2780.0, 'pv_now_electrical': 2780.0, 'solar_correction_percent': 100.0, 'solar_correction_factor': 1.0, 'solar_correction_enabled': 1.0, 'fireplace_on': 0.0, 'tv_on': 0.0, 'temp_forecast_1h': 3.86, 'temp_forecast_2h': 5.36, 'temp_forecast_3h': 6.56, 'temp_forecast_4h': 6.86, 'temp_forecast_5h': 7.06, 'temp_forecast_6h': 8.36, 'temp_forecast_7h': 7.16, 'temp_forecast_8h': 8.26, 'temp_forecast_9h': 8.56, 'temp_forecast_10h': 6.56, 'temp_forecast_11h': 8.06, 'temp_forecast_12h': 8.26, 'pv_forecast_1h': 2002.0, 'pv_forecast_2h': 3495.5, 'pv_forecast_3h': 3594.2, 'pv_forecast_4h': 4639.0, 'pv_forecast_5h': 4235.2, 'pv_forecast_6h': 5151.5, 'pv_forecast_7h': 4008.8, 'pv_forecast_8h': 2794.0, 'pv_forecast_9h': 2657.2, 'pv_forecast_10h': 2917.2, 'pv_forecast_11h': 1892.2, 'pv_forecast_12h': 977.8, 'pv_forecast_electrical_1h': 2002.0, 'pv_forecast_electrical_2h': 3495.5, 'pv_forecast_electrical_3h': 3594.2, 'pv_forecast_electrical_4h': 4639.0, 'pv_forecast_electrical_5h': 4235.2, 'pv_forecast_electrical_6h': 5151.5, 'pv_forecast_electrical_7h': 4008.8, 'pv_forecast_electrical_8h': 2794.0, 'pv_forecast_electrical_9h': 2657.2, 'pv_forecast_electrical_10h': 2917.2, 'pv_forecast_electrical_11h': 1892.2, 'pv_forecast_electrical_12h': 977.8, 'cloud_cover_forecast_1h': 0.0, 'cloud_cover_forecast_2h': 0.0, 'cloud_cover_forecast_3h': 0.0, 'cloud_cover_forecast_4h': 0.0, 'cloud_cover_forecast_5h': 0.0, 'cloud_cover_forecast_6h': 0.0, 'cloud_cover_forecast_7h': 0.0, 'cloud_cover_forecast_8h': 0.0, 'cloud_cover_forecast_9h': 0.0, 'cloud_cover_forecast_10h': 0.0, 'cloud_cover_forecast_11h': 0.0, 'cloud_cover_forecast_12h': 0.0, 'temp_diff_indoor_outdoor': 18.765624999999996, 'indoor_temp_gradient': -0.8932500000000445, 'outlet_indoor_diff': 1.5718750000000021, 'indoor_temp_lag_10m': 22.631999999999998, 'indoor_temp_lag_60m': 22.658, 'outlet_temp_lag_30m': 24.28, 'outlet_temp_change': 0.0, 'indoor_temp_delta_10m': -0.003875000000000739, 'indoor_temp_delta_30m': -0.01887500000000486, 'indoor_temp_delta_60m': -0.029875000000004093, 'hour_sin': 0.9659258262890683, 'hour_cos': -0.25881904510252063, 'month_sin': 0.8660254037844387, 'month_cos': -0.4999999999999998, 'outlet_effectiveness_ratio': 0.01789264413518613, 'inlet_temp': 24.2, 'flow_rate': 14.0, 'power_consumption': 31.0, 'delta_t': 0.0, 'thermal_power_kw': 0.0, 'cop_realtime': 0.0, 'temp_trend_forecast': 0.7493750000000001, 'heating_demand_forecast': 1.5740000000000003, 'combined_forecast_thermal_load': -3.065, 'pv_power_history': [0.0, 0.0, 0.0, 0.0, 0.0, 0.0, 8.0, 13.0, 29.0, 52.0, 111.0, 201.0, 488.0, 980.0, 1111.0, 1638.0, 2246.0, 2774.0], 'pv_power_history_electrical': [0.0, 0.0, 0.0, 0.0, 0.0, 0.0, 8.0, 13.0, 29.0, 52.0, 111.0, 201.0, 488.0, 980.0, 1111.0, 1638.0, 2246.0, 2774.0], 'wind_speed': 8.7, 'is_weekend': 1.0, 'indoor_margin_rate': 0.0, 'last_updated': '2026-05-16T05:04:08.783405+00:00'}}
2026-05-16 07:04:08,796 - DEBUG - Published 93 features to sensor.ml_heating_features
2026-05-16 07:04:08,797 - DEBUG - ✅ CYCLE 42 END: 07:04:08 (duration: 1.5s)
2026-05-16 07:04:08,797 - DEBUG - 💤 POLLING START: Waiting 30min until next cycle...
2026-05-16 07:04:08,823 - DEBUG - Active sampling: buffered 6 readings
127.0.0.1 - - [16/May/2026 07:04:29] "GET /health HTTP/1.1" 200 -
127.0.0.1 - - [16/May/2026 07:04:59] "GET /health HTTP/1.1" 200 -
2026-05-16 07:05:08,857 - DEBUG - Active sampling: buffered 6 readings
127.0.0.1 - - [16/May/2026 07:05:29] "GET /health HTTP/1.1" 200 -
127.0.0.1 - - [16/May/2026 07:05:59] "GET /health HTTP/1.1" 200 -
2026-05-16 07:06:08,888 - DEBUG - Active sampling: buffered 6 readings
127.0.0.1 - - [16/May/2026 07:06:29] "GET /health HTTP/1.1" 200 -
127.0.0.1 - - [16/May/2026 07:07:00] "GET /health HTTP/1.1" 200 -
2026-05-16 07:07:08,917 - DEBUG - Active sampling: buffered 6 readings
127.0.0.1 - - [16/May/2026 07:07:30] "GET /health HTTP/1.1" 200 -
127.0.0.1 - - [16/May/2026 07:08:00] "GET /health HTTP/1.1" 200 -
2026-05-16 07:08:08,947 - DEBUG - Active sampling: buffered 6 readings
127.0.0.1 - - [16/May/2026 07:08:30] "GET /health HTTP/1.1" 200 -
127.0.0.1 - - [16/May/2026 07:09:00] "GET /health HTTP/1.1" 200 -
2026-05-16 07:09:08,983 - DEBUG - Active sampling: buffered 6 readings
127.0.0.1 - - [16/May/2026 07:09:30] "GET /health HTTP/1.1" 200 -
127.0.0.1 - - [16/May/2026 07:10:00] "GET /health HTTP/1.1" 200 -
2026-05-16 07:10:09,014 - DEBUG - Active sampling: buffered 6 readings
127.0.0.1 - - [16/May/2026 07:10:30] "GET /health HTTP/1.1" 200 -
127.0.0.1 - - [16/May/2026 07:11:00] "GET /health HTTP/1.1" 200 -
2026-05-16 07:11:09,044 - DEBUG - Active sampling: buffered 6 readings
127.0.0.1 - - [16/May/2026 07:11:30] "GET /health HTTP/1.1" 200 -
127.0.0.1 - - [16/May/2026 07:12:00] "GET /health HTTP/1.1" 200 -
2026-05-16 07:12:09,073 - DEBUG - Active sampling: buffered 6 readings
127.0.0.1 - - [16/May/2026 07:12:30] "GET /health HTTP/1.1" 200 -
127.0.0.1 - - [16/May/2026 07:13:00] "GET /health HTTP/1.1" 200 -
2026-05-16 07:13:09,104 - DEBUG - Active sampling: buffered 6 readings
127.0.0.1 - - [16/May/2026 07:13:30] "GET /health HTTP/1.1" 200 -
127.0.0.1 - - [16/May/2026 07:14:00] "GET /health HTTP/1.1" 200 -
2026-05-16 07:14:09,106 - DEBUG - ⏰ POLLING END: Waited 10.0min, starting next cycle...
2026-05-16 07:14:09,106 - DEBUG - 🔄 CYCLE 43 START: 07:14:09 (interval: 10.0min since last cycle)
2026-05-16 07:14:09,106 - DEBUG - ♻️ Reusing existing Model Wrapper instance
2026-05-16 07:14:09,106 - INFO - Successfully loaded operational state from /config/ml_heating/unified_thermal_state.json
2026-05-16 07:14:09,135 - DEBUG - Setting HA state for sensor.ml_heating_cop_realtime: {'state': '0.00', 'attributes': {'state_class': 'measurement', 'unique_id': 'ml_heating_cop_realtime', 'friendly_name': 'ML Heating COP (Realtime)', 'unit_of_measurement': 'COP', 'icon': 'mdi:heat-pump', 'device_class': 'power_factor'}}
2026-05-16 07:14:09,148 - DEBUG - Setting HA state for sensor.ml_heating_thermal_power: {'state': '-0.098', 'attributes': {'state_class': 'measurement', 'unique_id': 'ml_heating_thermal_power', 'friendly_name': 'ML Heating Thermal Power', 'unit_of_measurement': 'kW', 'icon': 'mdi:flash', 'device_class': 'power'}}
2026-05-16 07:14:09,188 - DEBUG - Wrote thermodynamic metrics to InfluxDB
2026-05-16 07:14:09,188 - DEBUG - Thermodynamic sensors updated: COP=0.00, Power=-0.098kW
2026-05-16 07:14:09,188 - DEBUG - ♻️ Reusing existing Model Wrapper instance
2026-05-16 07:14:09,188 - DEBUG - 🎯 ACTIVE MODE LEARNING (trajectory): Verifying ML prediction accuracy for 21.1°C outlet setting
2026-05-16 07:14:09,191 - DEBUG - ☀️ SolarChannel self-learned: avg_error=0.020, pv_heat_weight=0.00136, solar_lag=39.7min, cloud_exp=1.00, solar_decay_tau=1.06h
2026-05-16 07:14:09,191 - INFO - ☀️ pv parameter update: attributed_error=+0.004694 | pv_heat_weight: 0.001339→0.00136 (Δ+0.000020) | solar_decay_tau_hours: 1.057699→1.057709 (Δ+0.000010) | solar_lag_minutes: 39.661564→39.658451 (Δ-0.003113)
2026-05-16 07:14:09,191 - INFO - Channel routing → [☀️ pv*] | error=+0.0047 | pv_current=2780W pv_smoothed=536W | params_changed=pv
2026-05-16 07:14:09,477 - DEBUG - 💾 Saved unified thermal state to /config/ml_heating/unified_thermal_state.json
2026-05-16 07:14:09,479 - DEBUG - Skipping legacy global adaptation: channel mode owns recent-window learning
2026-05-16 07:14:09,668 - DEBUG - 💾 Saved unified thermal state to /config/ml_heating/unified_thermal_state.json
2026-05-16 07:14:09,669 - DEBUG - Prediction feedback: error=0.005°C, confidence=5.000
2026-05-16 07:14:09,861 - DEBUG - 💾 Saved unified thermal state to /config/ml_heating/unified_thermal_state.json
2026-05-16 07:14:09,863 - DEBUG - 💾 Saved 200 predictions to unified thermal state
2026-05-16 07:14:09,863 - DEBUG - Added prediction: pred=22.64, actual=22.64, error=0.005
2026-05-16 07:14:10,050 - DEBUG - 💾 Saved unified thermal state to /config/ml_heating/unified_thermal_state.json
2026-05-16 07:14:10,054 - DEBUG - Setting HA state for sensor.ml_model_mae: {'state': '0.0288', 'attributes': {'state_class': 'measurement', 'unique_id': 'ml_heating_model_mae', 'friendly_name': 'ML Model MAE', 'unit_of_measurement': '°C', 'icon': 'mdi:chart-line', 'last_updated': '2026-05-16T05:14:10.053983+00:00'}}
2026-05-16 07:14:10,068 - DEBUG - Setting HA state for sensor.ml_model_rmse: {'state': '0.0401', 'attributes': {'state_class': 'measurement', 'unique_id': 'ml_heating_model_rmse', 'friendly_name': 'ML Model RMSE', 'unit_of_measurement': '°C', 'icon': 'mdi:chart-line', 'last_updated': '2026-05-16T05:14:10.053983+00:00'}}
2026-05-16 07:14:10,092 - DEBUG - Setting HA state for sensor.ml_heating_learning: {'state': '5.000', 'attributes': {'state_class': 'measurement', 'unique_id': 'ml_heating_learning', 'friendly_name': 'ML Adaptive Learning Metrics', 'unit_of_measurement': 'metrics', 'icon': 'mdi:brain', 'thermal_time_constant': 4.8345275867350885, 'heat_loss_coefficient': 0.12035197370821737, 'outlet_effectiveness': 0.8283017284451556, 'pv_heat_weight': 0.0013595025425081995, 'fireplace_heat_weight': 0.17156709601311348, 'tv_heat_weight': 0.44733899208522154, 'solar_lag_minutes': 39.65845057429477, 'slab_time_constant_hours': 4.000456052583566, 'heat_source_channels_enabled': True, 'total_conductance': 0.3, 'equilibrium_ratio': 0.5, 'cycle_count': 5381, 'parameter_updates': 543, 'model_health': 'excellent', 'learning_progress': 1.0, 'is_improving': True, 'improvement_percentage': 23.42512596169669, 'total_predictions': 200, 'learning_confidence': 5.0, 'last_updated': '2026-05-16T05:14:10.092330+00:00', 'delta_t_floor': 2.4857328190130326, 'cloud_factor_exponent': 1.0, 'solar_decay_tau_hours': 1.0577092268176378, 'fp_heat_output_kw': 0.17156709601311348, 'fp_decay_time_constant': 3.9144707244638868, 'room_spread_delay_minutes': 18.0, 'ch_heat_pump_history_count': 200, 'ch_heat_pump_last_error': 0.015176865717659638, 'ch_pv_history_count': 200, 'ch_pv_last_error': 0.004693875991069518, 'ch_fireplace_history_count': 0, 'ch_fireplace_last_error': 0.0, 'ch_tv_history_count': 0, 'ch_tv_last_error': 0.0}}
2026-05-16 07:14:10,108 - DEBUG - Setting HA state for sensor.ml_model_mae: {'state': '0.0288', 'attributes': {'state_class': 'measurement', 'unique_id': 'ml_heating_model_mae', 'friendly_name': 'ML Model MAE', 'unit_of_measurement': '°C', 'icon': 'mdi:chart-line', 'mae_1h': 0.019323910930825566, 'mae_6h': 0.027967454674307984, 'mae_24h': 0.028801989211191936, 'trend_direction': 'improving', 'prediction_count': 200, 'last_updated': '2026-05-16T05:14:10.092330+00:00'}}
2026-05-16 07:14:10,122 - DEBUG - Setting HA state for sensor.ml_model_rmse: {'state': '0.0401', 'attributes': {'state_class': 'measurement', 'unique_id': 'ml_heating_model_rmse', 'friendly_name': 'ML Model RMSE', 'unit_of_measurement': '°C', 'icon': 'mdi:chart-line', 'recent_max_error': 0.04690853469935519, 'std_error': 0.0279, 'mean_bias': 0.0, 'prediction_count': 200, 'last_updated': '2026-05-16T05:14:10.092330+00:00'}}
2026-05-16 07:14:10,141 - DEBUG - Setting HA state for sensor.ml_prediction_accuracy: {'state': '99.4', 'attributes': {'state_class': 'measurement', 'unique_id': 'ml_prediction_accuracy', 'friendly_name': 'ML Prediction Accuracy', 'unit_of_measurement': '%', 'icon': 'mdi:target', 'perfect_accuracy_pct': 0.0, 'tolerable_accuracy_pct': 99.375, 'poor_accuracy_pct': 0.625, 'prediction_count_24h': 0, 'excellent_all_time_pct': 98.0, 'good_all_time_pct': 100.0, 'last_updated': '2026-05-16T05:14:10.092330+00:00'}}
2026-05-16 07:14:10,155 - DEBUG - Logged refactored sensor metrics to HA
2026-05-16 07:14:10,155 - DEBUG - Logging feature importance
2026-05-16 07:14:10,155 - DEBUG - Setting HA state for sensor.ml_feature_importance: {'state': '5', 'attributes': {'state_class': 'measurement', 'unique_id': 'ml_heating_feature_importance', 'friendly_name': 'ML Feature Importance', 'unit_of_measurement': '%', 'icon': 'mdi:format-list-numbered', 'top_features': {'target_temp': 52.79, 'tv_power': 28.51, 'fireplace': 10.94, 'outdoor_temp': 7.67, 'pv_power': 0.09}, 'last_updated': '2026-05-16T05:14:10.155343+00:00'}}
2026-05-16 07:14:10,169 - INFO - ✅ Exported metrics to Home Assistant sensors successfully
2026-05-16 07:14:10,169 - INFO - ✅ Learning cycle 5381: error=0.005°C, confidence=5.000, total_predictions=200
2026-05-16 07:14:10,169 - DEBUG - ✅ Online learning: applied_temp=21.1°C, actual_change=0.010°C, cycle=5381
2026-05-16 07:14:10,169 - DEBUG - 🔥 Heating mode active (state: heat)
2026-05-16 07:14:10,169 - DEBUG - ♻️ Reusing existing Model Wrapper instance
2026-05-16 07:14:10,200 - DEBUG - Fireplace is OFF. Using main indoor temp for prediction.
2026-05-16 07:14:10,342 - DEBUG - PV forecast parsed successfully: [1980.8, 3471.2, 3579.2, 4628.0, 4230.8, 5149.0, 4008.8, 2794.0, 2657.2, 2917.2, 1892.2, 977.8]W
2026-05-16 07:14:10,342 - DEBUG - Solar correction: enabled=True, percent=100.0%, factor=1.000
2026-05-16 07:14:10,374 - DEBUG - Delta calibration applied: offset=-1.07°C
2026-05-16 07:14:10,374 - DEBUG - Raw forecasts: [5.5, 7.0, 8.2, 8.5, 8.7, 10.0, 8.8, 9.9, 10.2, 8.2, 9.7, 9.9]
2026-05-16 07:14:10,374 - DEBUG - Calibrated forecasts: [4.43, 5.93, 7.13, 7.43, 7.63, 8.93, 7.73, 8.83, 9.13, 7.13, 8.63, 8.83]
2026-05-16 07:14:10,378 - INFO - ☀️ Forecast trajectory: no sunset within 12-step horizon → inactive, 4 steps
2026-05-16 07:14:10,378 - DEBUG - Heating obs buffer: resolved 1 new label(s) this cycle
2026-05-16 07:14:10,400 - DEBUG - ♻️ Reusing existing Model Wrapper instance
2026-05-16 07:14:10,406 - INFO - DEBUG: Wrapper params: U=0.12035197370821737, eff=0.8283017284451556, tau=4.8345275867350885
2026-05-16 07:14:10,406 - INFO - ☀️ PV surplus 2550W (threshold 1500W): target 22.6 → 23.1°C (CHEAP ramp offset +0.50)
2026-05-16 07:14:10,406 - DEBUG - 🔧 Using natural bounds: outlet_min=21.0°C, outlet_max=35.0°C
2026-05-16 07:14:10,406 - INFO - 🌡️ Using cycle-aligned forecast (10min): outdoor=4.4°C (vs current 4.4°C), PV=777W (vs current 668W)
2026-05-16 07:14:10,406 - DEBUG - DEBUG: Using PV history (len=18) instead of scalar 776.9925925925925
2026-05-16 07:14:10,406 - INFO - 🔄 HP off (delta_t=-0.10, mode=heating): simulating HP-on delta_t=2.49 for binary search
2026-05-16 07:14:10,406 - DEBUG - 🎯 Binary search start: target=23.1°C, current=22.6°C, range=21.0-35.0°C
2026-05-16 07:14:10,406 - DEBUG - 🔍 Binary search features: inlet_temp=24.2, delta_t_floor=2.49, indoor_temp_delta_60m=-0.0135, horizon=4.0h, outlet_mid=28.0°C
2026-05-16 07:14:10,408 - DEBUG - ✅ Binary search trajectory OK (iter 1): outlet=28.0°C → predicted=24.52°C (steps=24, start=22.73→end=24.52)
2026-05-16 07:14:10,408 - DEBUG -    Iteration 1: outlet=28.0°C → predicted=24.52°C, error=1.419°C (range: 21.0-35.0°C)
2026-05-16 07:14:10,408 - DEBUG -      → Heating: Predicted too high, lowering maximum to 28.0°C
2026-05-16 07:14:10,409 - DEBUG -    Iteration 2: outlet=24.5°C → predicted=23.43°C, error=0.331°C (range: 21.0-28.0°C)
2026-05-16 07:14:10,409 - DEBUG -      → Heating: Predicted too high, lowering maximum to 24.5°C
2026-05-16 07:14:10,410 - DEBUG -    Iteration 3: outlet=22.8°C → predicted=23.35°C, error=0.251°C (range: 21.0-24.5°C)
2026-05-16 07:14:10,410 - DEBUG -      → Heating: Predicted too high, lowering maximum to 22.8°C
2026-05-16 07:14:10,411 - DEBUG -    Iteration 4: outlet=21.9°C → predicted=23.35°C, error=0.251°C (range: 21.0-22.8°C)
2026-05-16 07:14:10,411 - DEBUG -      → Heating: Predicted too high, lowering maximum to 21.9°C
2026-05-16 07:14:10,412 - DEBUG -    Iteration 5: outlet=21.4°C → predicted=23.35°C, error=0.251°C (range: 21.0-21.9°C)
2026-05-16 07:14:10,412 - DEBUG -      → Heating: Predicted too high, lowering maximum to 21.4°C
2026-05-16 07:14:10,413 - DEBUG -    Iteration 6: outlet=21.2°C → predicted=23.35°C, error=0.251°C (range: 21.0-21.4°C)
2026-05-16 07:14:10,413 - DEBUG -      → Heating: Predicted too high, lowering maximum to 21.2°C
2026-05-16 07:14:10,414 - DEBUG -    Iteration 7: outlet=21.1°C → predicted=23.35°C, error=0.251°C (range: 21.0-21.2°C)
2026-05-16 07:14:10,414 - DEBUG -      → Heating: Predicted too high, lowering maximum to 21.1°C
2026-05-16 07:14:10,415 - DEBUG -    Iteration 8: outlet=21.1°C → predicted=23.35°C, error=0.251°C (range: 21.0-21.1°C)
2026-05-16 07:14:10,415 - DEBUG -      → Heating: Predicted too high, lowering maximum to 21.1°C
2026-05-16 07:14:10,416 - DEBUG -    Iteration 9: outlet=21.0°C → predicted=23.35°C, error=0.251°C (range: 21.0-21.1°C)
2026-05-16 07:14:10,416 - DEBUG -      → Heating: Predicted too high, lowering maximum to 21.0°C
2026-05-16 07:14:10,416 - INFO - 🔄 Binary search early exit after 10 iterations: range collapsed to 0.027°C, using 21.0°C
2026-05-16 07:14:10,417 - DEBUG - Slab: inlet=24.2°C, outlet=21.0°C, Δ=-3.2°C, τ=4.00h
2026-05-16 07:14:10,417 - DEBUG - 🔍 Trajectory prediction using forecast arrays: outdoor=[4.434375, 4.43, 5.93, 7.13, 7.43], PV=[667.5555555555555, 1980.8, 3471.2, 3579.2, 4628.0]
2026-05-16 07:14:10,417 - DEBUG - 🔍 Trajectory DEBUG: outlet=21.0°C → 0.2h_prediction=22.67°C (vs target 23.1°C, error: -0.431°C), reaches_target_at=2.5h, cycle_time=0.2h
2026-05-16 07:14:10,417 - DEBUG - 🔍 Trajectory predictions for target 23.1°C:
2026-05-16 07:14:10,417 - DEBUG -     0.2h: 22.67°C → target 23.10°C (error: -0.43°C)
2026-05-16 07:14:10,417 - DEBUG -     0.3h: 22.69°C → target 23.10°C (error: -0.41°C)
2026-05-16 07:14:10,417 - DEBUG -     0.5h: 22.71°C → target 23.10°C (error: -0.39°C)
2026-05-16 07:14:10,417 - DEBUG -     0.7h: 22.71°C → target 23.10°C (error: -0.39°C)
2026-05-16 07:14:10,417 - DEBUG -     0.8h: 22.72°C → target 23.10°C (error: -0.38°C)
2026-05-16 07:14:10,417 - DEBUG -     1.0h: 22.73°C → target 23.10°C (error: -0.37°C)
2026-05-16 07:14:10,417 - DEBUG -     1.2h: 22.75°C → target 23.10°C (error: -0.35°C)
2026-05-16 07:14:10,417 - DEBUG -     1.3h: 22.78°C → target 23.10°C (error: -0.32°C)
2026-05-16 07:14:10,417 - DEBUG -     1.5h: 22.81°C → target 23.10°C (error: -0.29°C)
2026-05-16 07:14:10,417 - DEBUG -     1.7h: 22.84°C → target 23.10°C (error: -0.26°C)
2026-05-16 07:14:10,418 - DEBUG -     1.8h: 22.87°C → target 23.10°C (error: -0.23°C)
2026-05-16 07:14:10,418 - DEBUG -     2.0h: 22.91°C → target 23.10°C (error: -0.19°C)
2026-05-16 07:14:10,418 - DEBUG -     2.2h: 22.95°C → target 23.10°C (error: -0.15°C)
2026-05-16 07:14:10,418 - DEBUG -     2.3h: 22.99°C → target 23.10°C (error: -0.11°C)
2026-05-16 07:14:10,418 - DEBUG -     2.5h: 23.02°C → target 23.10°C (error: -0.08°C)
2026-05-16 07:14:10,418 - DEBUG -     2.7h: 23.06°C → target 23.10°C (error: -0.04°C)
2026-05-16 07:14:10,418 - DEBUG -     2.8h: 23.10°C → target 23.10°C (error: +0.00°C)
2026-05-16 07:14:10,418 - DEBUG -     3.0h: 23.14°C → target 23.10°C (error: +0.04°C)
2026-05-16 07:14:10,418 - DEBUG -     3.2h: 23.17°C → target 23.10°C (error: +0.07°C)
2026-05-16 07:14:10,418 - DEBUG -     3.3h: 23.21°C → target 23.10°C (error: +0.11°C)
2026-05-16 07:14:10,418 - DEBUG -     3.5h: 23.25°C → target 23.10°C (error: +0.15°C)
2026-05-16 07:14:10,418 - DEBUG -     3.7h: 23.28°C → target 23.10°C (error: +0.18°C)
2026-05-16 07:14:10,418 - DEBUG -     3.8h: 23.32°C → target 23.10°C (error: +0.22°C)
2026-05-16 07:14:10,418 - DEBUG -     4.0h: 23.35°C → target 23.10°C (error: +0.25°C)
2026-05-16 07:14:10,418 - DEBUG - Ignoring minor future overshoot (max=23.35°C) because immediate cycle is safe (22.67°C)
2026-05-16 07:14:10,418 - INFO - ⚠️ Target will NOT be reached within 0.2h cycle (+tolerance) - applying physics-based correction
2026-05-16 07:14:10,418 - DEBUG - [Newton] t_eval floored: 0.17h → 2.42h (τ/2=2.42h); ε: +0.431°C → +0.076°C
2026-05-16 07:14:10,418 - INFO - 🎯 [Newton] S(t=2.42h)=0.3436 (η=0.828, U=0.120, τ=4.83h, H=4.0h) ε=+0.076°C → ΔT=+0.220°C → outlet 21.2°C
2026-05-16 07:14:10,421 - DEBUG - HeatingCorrectionMLModel: raw ΔT_outlet=-0.000°C (R²=0.8638)
2026-05-16 07:14:10,421 - INFO - 🤖 [ML correction] R²=0.864 w=0.864 Δphysics=+0.220°C Δml=-0.000°C Δblend=+0.030°C → outlet=21.0°C
2026-05-16 07:14:10,421 - DEBUG - 🧠 Smart rounding is using cycle-aligned forecast: PV=777W (caller sent PV=668W)
2026-05-16 07:14:10,421 - INFO - 🎯 Prediction: Current 22.64°C → Target 22.6°C | Calculated outlet: 21.0°C (before smart rounding) (confidence: 5.000)
2026-05-16 07:14:10,422 - DEBUG - Model Wrapper: temp=21.0°C, error=0.040°C, confidence=5.000
2026-05-16 07:14:10,422 - DEBUG - EMA smoothing: 21.04°C → 21.1°C (last=21.1, α=0.50)
2026-05-16 07:14:10,422 - DEBUG - ♻️ Reusing existing Model Wrapper instance
2026-05-16 07:14:10,422 - INFO - 🌡️ Using cycle-aligned forecast (10min): outdoor=5.1°C (vs current 5.2°C), PV=777W (vs current 668W)
2026-05-16 07:14:10,422 - DEBUG - 🧠 Smart rounding is using cycle-aligned forecast: PV=777W (caller sent PV=777W)
2026-05-16 07:14:10,422 - DEBUG - 🧠 Smart rounding is using cycle-aligned forecast: PV=777W (caller sent PV=777W)
2026-05-16 07:14:10,422 - DEBUG - Smart rounding: 21.10°C → 22°C (chose ceiling: floor→22.55°C [err=0.049], ceiling→22.58°C [err=0.020], target=22.6°C)
2026-05-16 07:14:10,422 - DEBUG - Setting target outlet temp
2026-05-16 07:14:10,422 - DEBUG - Setting HA state for sensor.ml_vorlauftemperatur: {'state': '21.1', 'attributes': {'state_class': 'measurement', 'unique_id': 'ml_heating_target_outlet_temp', 'friendly_name': 'ML Target Outlet Temp', 'unit_of_measurement': '°C', 'device_class': 'temperature', 'icon': 'mdi:thermometer-water'}}
2026-05-16 07:14:10,435 - DEBUG - Logging thermal model metrics
2026-05-16 07:14:10,435 - DEBUG - Setting HA state for sensor.ml_heating_state: {'state': '0', 'attributes': {'state_class': 'measurement', 'unique_id': 'ml_heating_state', 'friendly_name': 'ML Heating State', 'unit_of_measurement': 'state', 'icon': 'mdi:information-outline', 'state_description': 'OK - Prediction done', 'confidence': 5.0, 'suggested_temp': 21.04, 'final_temp': 21.1, 'predicted_indoor': 22.54, 'last_prediction_time': '2026-05-16T05:14:10.435303+00:00', 'temperature_error': 0.04, 'pre_cool_active': False, 'pre_cool_peak_temp': None, 'pre_cool_peak_hour': None}}
2026-05-16 07:14:10,449 - DEBUG - ✅ ACTIVE MODE: ML controlling heating via input_boolean.ml_heating
2026-05-16 07:14:10,451 - DEBUG - 🧠 Smart rounding is using cycle-aligned forecast: PV=777W (caller sent PV=668W)
2026-05-16 07:14:10,451 - DEBUG - Target: 22.6°C | Suggested: 21.0°C | Applied: 21.1°C | Actual Indoor: 22.64°C | Predicted Indoor: 22.55°C | Confidence: 5.000
2026-05-16 07:14:10,451 - INFO - Target: 22.6°C | Suggested: 21.0°C | Applied: 21.1°C | Actual Indoor: 22.64°C | Predicted Indoor: 22.55°C | Confidence: 5.000
2026-05-16 07:14:10,638 - DEBUG - 💾 Saved unified thermal state to /config/ml_heating/unified_thermal_state.json
2026-05-16 07:14:10,640 - DEBUG - Operational state saved to /config/ml_heating/unified_thermal_state.json; updated keys: ['last_run_features', 'last_indoor_temp', 'last_avg_other_rooms_temp', 'last_fireplace_on', 'last_final_temp', 'last_climate_mode', 'last_target_indoor_temp', 'last_predicted_indoor', 'last_is_blocking', 'last_blocking_reasons', 'setpoint_hold_cycles_remaining']
2026-05-16 07:14:10,641 - DEBUG - Setting HA state for sensor.ml_heating_features: {'state': '22.42', 'attributes': {'state_class': 'measurement', 'unique_id': 'ml_heating_features', 'friendly_name': 'ML Heating Features', 'unit_of_measurement': '°C', 'device_class': 'temperature', 'icon': 'mdi:feature-search-outline', 'living_room_temp': 22.42, 'outlet_temp': 24.1, 'indoor_temp_lag_30m': 22.627, 'target_temp': 22.6, 'outdoor_temp': 4.434375, 'dhw_heating': 0.0, 'dhw_disinfection': 0.0, 'dhw_boost_heater': 0.0, 'defrosting': 0.0, 'pv_now': 2550.0, 'pv_now_electrical': 2550.0, 'solar_correction_percent': 100.0, 'solar_correction_factor': 1.0, 'solar_correction_enabled': 1.0, 'fireplace_on': 0.0, 'tv_on': 0.0, 'temp_forecast_1h': 4.43, 'temp_forecast_2h': 5.93, 'temp_forecast_3h': 7.13, 'temp_forecast_4h': 7.43, 'temp_forecast_5h': 7.63, 'temp_forecast_6h': 8.93, 'temp_forecast_7h': 7.73, 'temp_forecast_8h': 8.83, 'temp_forecast_9h': 9.13, 'temp_forecast_10h': 7.13, 'temp_forecast_11h': 8.63, 'temp_forecast_12h': 8.83, 'pv_forecast_1h': 1980.8, 'pv_forecast_2h': 3471.2, 'pv_forecast_3h': 3579.2, 'pv_forecast_4h': 4628.0, 'pv_forecast_5h': 4230.8, 'pv_forecast_6h': 5149.0, 'pv_forecast_7h': 4008.8, 'pv_forecast_8h': 2794.0, 'pv_forecast_9h': 2657.2, 'pv_forecast_10h': 2917.2, 'pv_forecast_11h': 1892.2, 'pv_forecast_12h': 977.8, 'pv_forecast_electrical_1h': 1980.8, 'pv_forecast_electrical_2h': 3471.2, 'pv_forecast_electrical_3h': 3579.2, 'pv_forecast_electrical_4h': 4628.0, 'pv_forecast_electrical_5h': 4230.8, 'pv_forecast_electrical_6h': 5149.0, 'pv_forecast_electrical_7h': 4008.8, 'pv_forecast_electrical_8h': 2794.0, 'pv_forecast_electrical_9h': 2657.2, 'pv_forecast_electrical_10h': 2917.2, 'pv_forecast_electrical_11h': 1892.2, 'pv_forecast_electrical_12h': 977.8, 'cloud_cover_forecast_1h': 0.0, 'cloud_cover_forecast_2h': 0.0, 'cloud_cover_forecast_3h': 0.0, 'cloud_cover_forecast_4h': 0.0, 'cloud_cover_forecast_5h': 0.0, 'cloud_cover_forecast_6h': 0.0, 'cloud_cover_forecast_7h': 0.0, 'cloud_cover_forecast_8h': 0.0, 'cloud_cover_forecast_9h': 0.0, 'cloud_cover_forecast_10h': 0.0, 'cloud_cover_forecast_11h': 0.0, 'cloud_cover_forecast_12h': 0.0, 'temp_diff_indoor_outdoor': 18.198124999999997, 'indoor_temp_gradient': -0.8070000000000164, 'outlet_indoor_diff': 1.4675000000000047, 'indoor_temp_lag_10m': 22.636, 'indoor_temp_lag_60m': 22.646, 'outlet_temp_lag_30m': 24.199999999999996, 'outlet_temp_change': 0.0, 'indoor_temp_delta_10m': -0.003500000000002501, 'indoor_temp_delta_30m': 0.00549999999999784, 'indoor_temp_delta_60m': -0.013500000000004064, 'hour_sin': 0.9659258262890683, 'hour_cos': -0.25881904510252063, 'month_sin': 0.8660254037844387, 'month_cos': -0.4999999999999998, 'outlet_effectiveness_ratio': 0.022146507666095543, 'inlet_temp': 24.2, 'flow_rate': 14.0, 'power_consumption': 19.0, 'delta_t': -0.09999999999999787, 'thermal_power_kw': -0.09767333333333125, 'cop_realtime': 0.0, 'temp_trend_forecast': 0.7489062499999999, 'heating_demand_forecast': 1.5170000000000003, 'combined_forecast_thermal_load': -3.1109999999999998, 'pv_power_history': [0.0, 0.0, 0.0, 0.0, 0.0, 8.0, 13.0, 29.0, 52.0, 111.0, 201.0, 488.0, 980.0, 1111.0, 1638.0, 2246.0, 2745.0, 2394.0], 'pv_power_history_electrical': [0.0, 0.0, 0.0, 0.0, 0.0, 8.0, 13.0, 29.0, 52.0, 111.0, 201.0, 488.0, 980.0, 1111.0, 1638.0, 2246.0, 2745.0, 2394.0], 'wind_speed': 8.7, 'is_weekend': 1.0, 'indoor_margin_rate': 0.0, 'last_updated': '2026-05-16T05:14:10.640901+00:00'}}
2026-05-16 07:14:10,699 - DEBUG - Published 93 features to sensor.ml_heating_features
2026-05-16 07:14:10,700 - DEBUG - ✅ CYCLE 43 END: 07:14:10 (duration: 1.6s)
2026-05-16 07:14:10,700 - DEBUG - 💤 POLLING START: Waiting 30min until next cycle...
2026-05-16 07:14:10,725 - DEBUG - Active sampling: buffered 6 readings
127.0.0.1 - - [16/May/2026 07:14:30] "GET /health HTTP/1.1" 200 -
127.0.0.1 - - [16/May/2026 07:15:00] "GET /health HTTP/1.1" 200 -
2026-05-16 07:15:10,753 - DEBUG - Active sampling: buffered 6 readings
127.0.0.1 - - [16/May/2026 07:15:31] "GET /health HTTP/1.1" 200 -
127.0.0.1 - - [16/May/2026 07:16:01] "GET /health HTTP/1.1" 200 -
2026-05-16 07:16:10,783 - DEBUG - Active sampling: buffered 6 readings
127.0.0.1 - - [16/May/2026 07:16:31] "GET /health HTTP/1.1" 200 -
127.0.0.1 - - [16/May/2026 07:17:01] "GET /health HTTP/1.1" 200 -
2026-05-16 07:17:10,814 - DEBUG - Active sampling: buffered 6 readings
127.0.0.1 - - [16/May/2026 07:17:31] "GET /health HTTP/1.1" 200 -
127.0.0.1 - - [16/May/2026 07:18:01] "GET /health HTTP/1.1" 200 -
2026-05-16 07:18:10,845 - DEBUG - Active sampling: buffered 6 readings
127.0.0.1 - - [16/May/2026 07:18:31] "GET /health HTTP/1.1" 200 -
127.0.0.1 - - [16/May/2026 07:19:01] "GET /health HTTP/1.1" 200 -
2026-05-16 07:19:10,875 - DEBUG - Active sampling: buffered 6 readings
127.0.0.1 - - [16/May/2026 07:19:31] "GET /health HTTP/1.1" 200 -
127.0.0.1 - - [16/May/2026 07:20:01] "GET /health HTTP/1.1" 200 -
2026-05-16 07:20:10,907 - DEBUG - Active sampling: buffered 6 readings
127.0.0.1 - - [16/May/2026 07:20:31] "GET /health HTTP/1.1" 200 -
127.0.0.1 - - [16/May/2026 07:21:01] "GET /health HTTP/1.1" 200 -
2026-05-16 07:21:10,938 - DEBUG - Active sampling: buffered 6 readings
127.0.0.1 - - [16/May/2026 07:21:31] "GET /health HTTP/1.1" 200 -
127.0.0.1 - - [16/May/2026 07:22:01] "GET /health HTTP/1.1" 200 -
2026-05-16 07:22:10,968 - DEBUG - Active sampling: buffered 6 readings
127.0.0.1 - - [16/May/2026 07:22:31] "GET /health HTTP/1.1" 200 -
127.0.0.1 - - [16/May/2026 07:23:01] "GET /health HTTP/1.1" 200 -
2026-05-16 07:23:10,999 - DEBUG - Active sampling: buffered 6 readings
127.0.0.1 - - [16/May/2026 07:23:31] "GET /health HTTP/1.1" 200 -
127.0.0.1 - - [16/May/2026 07:24:02] "GET /health HTTP/1.1" 200 -
2026-05-16 07:24:11,001 - DEBUG - ⏰ POLLING END: Waited 10.0min, starting next cycle...
2026-05-16 07:24:11,001 - DEBUG - 🔄 CYCLE 44 START: 07:24:11 (interval: 10.0min since last cycle)
2026-05-16 07:24:11,002 - DEBUG - ♻️ Reusing existing Model Wrapper instance
2026-05-16 07:24:11,002 - INFO - Successfully loaded operational state from /config/ml_heating/unified_thermal_state.json
2026-05-16 07:24:11,030 - DEBUG - Setting HA state for sensor.ml_heating_cop_realtime: {'state': '0.00', 'attributes': {'state_class': 'measurement', 'unique_id': 'ml_heating_cop_realtime', 'friendly_name': 'ML Heating COP (Realtime)', 'unit_of_measurement': 'COP', 'icon': 'mdi:heat-pump', 'device_class': 'power_factor'}}
2026-05-16 07:24:11,042 - DEBUG - Setting HA state for sensor.ml_heating_thermal_power: {'state': '0.000', 'attributes': {'state_class': 'measurement', 'unique_id': 'ml_heating_thermal_power', 'friendly_name': 'ML Heating Thermal Power', 'unit_of_measurement': 'kW', 'icon': 'mdi:flash', 'device_class': 'power'}}
2026-05-16 07:24:11,085 - DEBUG - Wrote thermodynamic metrics to InfluxDB
2026-05-16 07:24:11,085 - DEBUG - Thermodynamic sensors updated: COP=0.00, Power=0.000kW
2026-05-16 07:24:11,085 - DEBUG - ♻️ Reusing existing Model Wrapper instance
2026-05-16 07:24:11,085 - DEBUG - 🎯 ACTIVE MODE LEARNING (trajectory): Verifying ML prediction accuracy for 21.1°C outlet setting
2026-05-16 07:24:11,088 - DEBUG - ☀️ SolarChannel self-learned: avg_error=0.018, pv_heat_weight=0.00138, solar_lag=39.7min, cloud_exp=1.00, solar_decay_tau=1.06h
2026-05-16 07:24:11,088 - INFO - ☀️ pv parameter update: attributed_error=+0.008236 | pv_heat_weight: 0.00136→0.001378 (Δ+0.000018) | solar_decay_tau_hours: 1.057709→1.057718 (Δ+0.000009) | solar_lag_minutes: 39.658451→39.654996 (Δ-0.003454)
2026-05-16 07:24:11,088 - INFO - Channel routing → [☀️ pv*] | error=+0.0082 | pv_current=2550W pv_smoothed=668W | params_changed=pv
2026-05-16 07:24:11,279 - DEBUG - 💾 Saved unified thermal state to /config/ml_heating/unified_thermal_state.json
2026-05-16 07:24:11,281 - DEBUG - Skipping legacy global adaptation: channel mode owns recent-window learning
2026-05-16 07:24:11,474 - DEBUG - 💾 Saved unified thermal state to /config/ml_heating/unified_thermal_state.json
2026-05-16 07:24:11,476 - DEBUG - Prediction feedback: error=0.008°C, confidence=5.000
2026-05-16 07:24:11,664 - DEBUG - 💾 Saved unified thermal state to /config/ml_heating/unified_thermal_state.json
2026-05-16 07:24:11,666 - DEBUG - 💾 Saved 200 predictions to unified thermal state
2026-05-16 07:24:11,666 - DEBUG - Added prediction: pred=22.65, actual=22.66, error=0.008
2026-05-16 07:24:11,853 - DEBUG - 💾 Saved unified thermal state to /config/ml_heating/unified_thermal_state.json
2026-05-16 07:24:11,857 - DEBUG - Setting HA state for sensor.ml_model_mae: {'state': '0.0288', 'attributes': {'state_class': 'measurement', 'unique_id': 'ml_heating_model_mae', 'friendly_name': 'ML Model MAE', 'unit_of_measurement': '°C', 'icon': 'mdi:chart-line', 'last_updated': '2026-05-16T05:24:11.857236+00:00'}}
2026-05-16 07:24:11,871 - DEBUG - Setting HA state for sensor.ml_model_rmse: {'state': '0.0401', 'attributes': {'state_class': 'measurement', 'unique_id': 'ml_heating_model_rmse', 'friendly_name': 'ML Model RMSE', 'unit_of_measurement': '°C', 'icon': 'mdi:chart-line', 'last_updated': '2026-05-16T05:24:11.857236+00:00'}}
2026-05-16 07:24:11,885 - DEBUG - Setting HA state for sensor.ml_heating_learning: {'state': '5.000', 'attributes': {'state_class': 'measurement', 'unique_id': 'ml_heating_learning', 'friendly_name': 'ML Adaptive Learning Metrics', 'unit_of_measurement': 'metrics', 'icon': 'mdi:brain', 'thermal_time_constant': 4.8345275867350885, 'heat_loss_coefficient': 0.12035197370821737, 'outlet_effectiveness': 0.8283017284451556, 'pv_heat_weight': 0.0013776401457154335, 'fireplace_heat_weight': 0.17156709601311348, 'tv_heat_weight': 0.44733899208522154, 'solar_lag_minutes': 39.654996197228826, 'slab_time_constant_hours': 4.000456052583566, 'heat_source_channels_enabled': True, 'total_conductance': 0.3, 'equilibrium_ratio': 0.5, 'cycle_count': 5382, 'parameter_updates': 544, 'model_health': 'excellent', 'learning_progress': 1.0, 'is_improving': True, 'improvement_percentage': 22.88629350692683, 'total_predictions': 200, 'learning_confidence': 5.0, 'last_updated': '2026-05-16T05:24:11.885774+00:00', 'delta_t_floor': 2.4857328190130326, 'cloud_factor_exponent': 1.0, 'solar_decay_tau_hours': 1.0577182956192415, 'fp_heat_output_kw': 0.17156709601311348, 'fp_decay_time_constant': 3.9144707244638868, 'room_spread_delay_minutes': 18.0, 'ch_heat_pump_history_count': 200, 'ch_heat_pump_last_error': 0.015176865717659638, 'ch_pv_history_count': 200, 'ch_pv_last_error': 0.008236285974035695, 'ch_fireplace_history_count': 0, 'ch_fireplace_last_error': 0.0, 'ch_tv_history_count': 0, 'ch_tv_last_error': 0.0}}
2026-05-16 07:24:11,901 - DEBUG - Setting HA state for sensor.ml_model_mae: {'state': '0.0288', 'attributes': {'state_class': 'measurement', 'unique_id': 'ml_heating_model_mae', 'friendly_name': 'ML Model MAE', 'unit_of_measurement': '°C', 'icon': 'mdi:chart-line', 'mae_1h': 0.017449906718022785, 'mae_6h': 0.028019148585551434, 'mae_24h': 0.02875679414329216, 'trend_direction': 'improving', 'prediction_count': 200, 'last_updated': '2026-05-16T05:24:11.885774+00:00'}}
2026-05-16 07:24:11,915 - DEBUG - Setting HA state for sensor.ml_model_rmse: {'state': '0.0401', 'attributes': {'state_class': 'measurement', 'unique_id': 'ml_heating_model_rmse', 'friendly_name': 'ML Model RMSE', 'unit_of_measurement': '°C', 'icon': 'mdi:chart-line', 'recent_max_error': 0.04690853469935519, 'std_error': 0.0279, 'mean_bias': 0.0, 'prediction_count': 200, 'last_updated': '2026-05-16T05:24:11.885774+00:00'}}
2026-05-16 07:24:11,934 - DEBUG - Setting HA state for sensor.ml_prediction_accuracy: {'state': '99.4', 'attributes': {'state_class': 'measurement', 'unique_id': 'ml_prediction_accuracy', 'friendly_name': 'ML Prediction Accuracy', 'unit_of_measurement': '%', 'icon': 'mdi:target', 'perfect_accuracy_pct': 0.0, 'tolerable_accuracy_pct': 99.375, 'poor_accuracy_pct': 0.625, 'prediction_count_24h': 0, 'excellent_all_time_pct': 98.0, 'good_all_time_pct': 100.0, 'last_updated': '2026-05-16T05:24:11.885774+00:00'}}
2026-05-16 07:24:11,948 - DEBUG - Logged refactored sensor metrics to HA
2026-05-16 07:24:11,948 - DEBUG - Logging feature importance
2026-05-16 07:24:11,948 - DEBUG - Setting HA state for sensor.ml_feature_importance: {'state': '5', 'attributes': {'state_class': 'measurement', 'unique_id': 'ml_heating_feature_importance', 'friendly_name': 'ML Feature Importance', 'unit_of_measurement': '%', 'icon': 'mdi:format-list-numbered', 'top_features': {'target_temp': 52.79, 'tv_power': 28.51, 'fireplace': 10.94, 'outdoor_temp': 7.67, 'pv_power': 0.09}, 'last_updated': '2026-05-16T05:24:11.948876+00:00'}}
2026-05-16 07:24:11,962 - INFO - ✅ Exported metrics to Home Assistant sensors successfully
2026-05-16 07:24:11,962 - INFO - ✅ Learning cycle 5382: error=0.008°C, confidence=5.000, total_predictions=200
2026-05-16 07:24:11,962 - DEBUG - ✅ Online learning: applied_temp=21.1°C, actual_change=0.020°C, cycle=5382
2026-05-16 07:24:11,963 - DEBUG - 🔥 Heating mode active (state: heat)
2026-05-16 07:24:11,963 - DEBUG - ♻️ Reusing existing Model Wrapper instance
2026-05-16 07:24:11,990 - DEBUG - Fireplace is OFF. Using main indoor temp for prediction.
2026-05-16 07:24:12,206 - DEBUG - PV forecast parsed successfully: [2826.5, 3934.5, 4101.2, 3227.0, 4896.0, 4130.2, 1414.2, 2939.2, 2199.0, 2651.8, 1494.5, 752.5]W
2026-05-16 07:24:12,207 - DEBUG - Solar correction: enabled=True, percent=100.0%, factor=1.000
2026-05-16 07:24:12,228 - DEBUG - Delta calibration applied: offset=-0.53°C
2026-05-16 07:24:12,228 - DEBUG - Raw forecasts: [5.5, 7.0, 8.2, 8.5, 8.7, 10.0, 8.8, 9.9, 10.2, 8.2, 9.7, 9.9]
2026-05-16 07:24:12,228 - DEBUG - Calibrated forecasts: [4.97, 6.47, 7.67, 7.97, 8.17, 9.47, 8.27, 9.37, 9.67, 7.67, 9.17, 9.37]
2026-05-16 07:24:12,232 - INFO - ☀️ Forecast trajectory: no sunset within 12-step horizon → inactive, 4 steps
2026-05-16 07:24:12,232 - DEBUG - Heating obs buffer: resolved 1 new label(s) this cycle
2026-05-16 07:24:12,255 - DEBUG - ♻️ Reusing existing Model Wrapper instance
2026-05-16 07:24:12,260 - INFO - DEBUG: Wrapper params: U=0.12035197370821737, eff=0.8283017284451556, tau=4.8345275867350885
2026-05-16 07:24:12,261 - INFO - ☀️ PV surplus 1880W (threshold 1500W): target 22.6 → 23.1°C (CHEAP ramp offset +0.50)
2026-05-16 07:24:12,261 - DEBUG - 🔧 Using natural bounds: outlet_min=21.0°C, outlet_max=35.0°C
2026-05-16 07:24:12,261 - INFO - 🌡️ Using cycle-aligned forecast (10min): outdoor=5.0°C (vs current 5.0°C), PV=948W (vs current 778W)
2026-05-16 07:24:12,261 - DEBUG - DEBUG: Using PV history (len=18) instead of scalar 948.4027777777777
2026-05-16 07:24:12,261 - INFO - 🔄 HP off (delta_t=-0.02, mode=heating): simulating HP-on delta_t=2.49 for binary search
2026-05-16 07:24:12,261 - DEBUG - 🎯 Binary search start: target=23.1°C, current=22.6°C, range=21.0-35.0°C
2026-05-16 07:24:12,261 - DEBUG - 🔍 Binary search features: inlet_temp=24.119999999999997, delta_t_floor=2.49, indoor_temp_delta_60m=0.0020, horizon=4.0h, outlet_mid=28.0°C
2026-05-16 07:24:12,262 - DEBUG - ✅ Binary search trajectory OK (iter 1): outlet=28.0°C → predicted=24.62°C (steps=24, start=22.73→end=24.62)
2026-05-16 07:24:12,262 - DEBUG -    Iteration 1: outlet=28.0°C → predicted=24.62°C, error=1.522°C (range: 21.0-35.0°C)
2026-05-16 07:24:12,262 - DEBUG -      → Heating: Predicted too high, lowering maximum to 28.0°C
2026-05-16 07:24:12,262 - DEBUG -    Iteration 2: outlet=24.5°C → predicted=23.53°C, error=0.433°C (range: 21.0-28.0°C)
2026-05-16 07:24:12,263 - DEBUG -      → Heating: Predicted too high, lowering maximum to 24.5°C
2026-05-16 07:24:12,263 - DEBUG -    Iteration 3: outlet=22.8°C → predicted=23.45°C, error=0.352°C (range: 21.0-24.5°C)
2026-05-16 07:24:12,263 - DEBUG -      → Heating: Predicted too high, lowering maximum to 22.8°C
2026-05-16 07:24:12,264 - DEBUG -    Iteration 4: outlet=21.9°C → predicted=23.45°C, error=0.352°C (range: 21.0-22.8°C)
2026-05-16 07:24:12,264 - DEBUG -      → Heating: Predicted too high, lowering maximum to 21.9°C
2026-05-16 07:24:12,265 - DEBUG -    Iteration 5: outlet=21.4°C → predicted=23.45°C, error=0.352°C (range: 21.0-21.9°C)
2026-05-16 07:24:12,265 - DEBUG -      → Heating: Predicted too high, lowering maximum to 21.4°C
2026-05-16 07:24:12,265 - DEBUG -    Iteration 6: outlet=21.2°C → predicted=23.45°C, error=0.352°C (range: 21.0-21.4°C)
2026-05-16 07:24:12,265 - DEBUG -      → Heating: Predicted too high, lowering maximum to 21.2°C
2026-05-16 07:24:12,266 - DEBUG -    Iteration 7: outlet=21.1°C → predicted=23.45°C, error=0.352°C (range: 21.0-21.2°C)
2026-05-16 07:24:12,266 - DEBUG -      → Heating: Predicted too high, lowering maximum to 21.1°C
2026-05-16 07:24:12,267 - DEBUG -    Iteration 8: outlet=21.1°C → predicted=23.45°C, error=0.352°C (range: 21.0-21.1°C)
2026-05-16 07:24:12,267 - DEBUG -      → Heating: Predicted too high, lowering maximum to 21.1°C
2026-05-16 07:24:12,267 - DEBUG -    Iteration 9: outlet=21.0°C → predicted=23.45°C, error=0.352°C (range: 21.0-21.1°C)
2026-05-16 07:24:12,267 - DEBUG -      → Heating: Predicted too high, lowering maximum to 21.0°C
2026-05-16 07:24:12,267 - INFO - 🔄 Binary search early exit after 10 iterations: range collapsed to 0.027°C, using 21.0°C
2026-05-16 07:24:12,268 - DEBUG - Slab: inlet=24.1°C, outlet=21.0°C, Δ=-3.1°C, τ=4.00h
2026-05-16 07:24:12,268 - DEBUG - 🔍 Trajectory prediction using forecast arrays: outdoor=[4.96875, 4.97, 6.47, 7.67, 7.97], PV=[777.6666666666666, 2826.5, 3934.5, 4101.2, 3227.0]
2026-05-16 07:24:12,268 - DEBUG - 🔍 Trajectory DEBUG: outlet=21.0°C → 0.2h_prediction=22.67°C (vs target 23.1°C, error: -0.425°C), reaches_target_at=2.0h, cycle_time=0.2h
2026-05-16 07:24:12,268 - DEBUG - 🔍 Trajectory predictions for target 23.1°C:
2026-05-16 07:24:12,268 - DEBUG -     0.2h: 22.67°C → target 23.10°C (error: -0.43°C)
2026-05-16 07:24:12,268 - DEBUG -     0.3h: 22.70°C → target 23.10°C (error: -0.40°C)
2026-05-16 07:24:12,268 - DEBUG -     0.5h: 22.72°C → target 23.10°C (error: -0.38°C)
2026-05-16 07:24:12,268 - DEBUG -     0.7h: 22.73°C → target 23.10°C (error: -0.37°C)
2026-05-16 07:24:12,268 - DEBUG -     0.8h: 22.75°C → target 23.10°C (error: -0.35°C)
2026-05-16 07:24:12,268 - DEBUG -     1.0h: 22.78°C → target 23.10°C (error: -0.32°C)
2026-05-16 07:24:12,268 - DEBUG -     1.2h: 22.81°C → target 23.10°C (error: -0.29°C)
2026-05-16 07:24:12,268 - DEBUG -     1.3h: 22.85°C → target 23.10°C (error: -0.25°C)
2026-05-16 07:24:12,268 - DEBUG -     1.5h: 22.89°C → target 23.10°C (error: -0.21°C)
2026-05-16 07:24:12,269 - DEBUG -     1.7h: 22.93°C → target 23.10°C (error: -0.17°C)
2026-05-16 07:24:12,269 - DEBUG -     1.8h: 22.97°C → target 23.10°C (error: -0.13°C)
2026-05-16 07:24:12,269 - DEBUG -     2.0h: 23.01°C → target 23.10°C (error: -0.09°C)
2026-05-16 07:24:12,269 - DEBUG -     2.2h: 23.05°C → target 23.10°C (error: -0.05°C)
2026-05-16 07:24:12,269 - DEBUG -     2.3h: 23.09°C → target 23.10°C (error: -0.01°C)
2026-05-16 07:24:12,269 - DEBUG -     2.5h: 23.13°C → target 23.10°C (error: +0.03°C)
2026-05-16 07:24:12,269 - DEBUG -     2.7h: 23.17°C → target 23.10°C (error: +0.07°C)
2026-05-16 07:24:12,269 - DEBUG -     2.8h: 23.21°C → target 23.10°C (error: +0.11°C)
2026-05-16 07:24:12,269 - DEBUG -     3.0h: 23.25°C → target 23.10°C (error: +0.15°C)
2026-05-16 07:24:12,269 - DEBUG -     3.2h: 23.28°C → target 23.10°C (error: +0.18°C)
2026-05-16 07:24:12,269 - DEBUG -     3.3h: 23.32°C → target 23.10°C (error: +0.22°C)
2026-05-16 07:24:12,269 - DEBUG -     3.5h: 23.36°C → target 23.10°C (error: +0.26°C)
2026-05-16 07:24:12,269 - DEBUG -     3.7h: 23.39°C → target 23.10°C (error: +0.29°C)
2026-05-16 07:24:12,269 - DEBUG -     3.8h: 23.42°C → target 23.10°C (error: +0.32°C)
2026-05-16 07:24:12,269 - DEBUG -     4.0h: 23.45°C → target 23.10°C (error: +0.35°C)
2026-05-16 07:24:12,269 - DEBUG - Ignoring minor future overshoot (max=23.45°C) because immediate cycle is safe (22.67°C)
2026-05-16 07:24:12,269 - INFO - ⚠️ Target will NOT be reached within 0.2h cycle (+tolerance) - applying physics-based correction
2026-05-16 07:24:12,269 - DEBUG - [Newton] t_eval floored: 0.17h → 2.42h (τ/2=2.42h); ε: +0.425°C → +0.000°C
2026-05-16 07:24:12,272 - DEBUG - HeatingCorrectionMLModel: raw ΔT_outlet=-0.000°C (R²=0.8638)
2026-05-16 07:24:12,272 - INFO - 🤖 [ML correction] R²=0.864 w=0.864 Δphysics=+0.000°C Δml=-0.000°C Δblend=-0.000°C → outlet=21.0°C
2026-05-16 07:24:12,272 - DEBUG - 🧠 Smart rounding is using cycle-aligned forecast: PV=948W (caller sent PV=778W)
2026-05-16 07:24:12,272 - INFO - 🎯 Prediction: Current 22.66°C → Target 22.6°C | Calculated outlet: 21.0°C (before smart rounding) (confidence: 5.000)
2026-05-16 07:24:12,272 - DEBUG - Model Wrapper: temp=21.0°C, error=0.060°C, confidence=5.000
2026-05-16 07:24:12,272 - DEBUG - EMA smoothing: 21.01°C → 21.1°C (last=21.1, α=0.50)
2026-05-16 07:24:12,272 - DEBUG - ♻️ Reusing existing Model Wrapper instance
2026-05-16 07:24:12,272 - INFO - 🌡️ Using cycle-aligned forecast (10min): outdoor=5.5°C (vs current 5.5°C), PV=948W (vs current 778W)
2026-05-16 07:24:12,272 - DEBUG - 🧠 Smart rounding is using cycle-aligned forecast: PV=948W (caller sent PV=948W)
2026-05-16 07:24:12,273 - DEBUG - 🧠 Smart rounding is using cycle-aligned forecast: PV=948W (caller sent PV=948W)
2026-05-16 07:24:12,273 - DEBUG - Smart rounding: 21.10°C → 22°C (chose ceiling: floor→22.58°C [err=0.020], ceiling→22.61°C [err=0.009], target=22.6°C)
2026-05-16 07:24:12,273 - DEBUG - Setting target outlet temp
2026-05-16 07:24:12,273 - DEBUG - Setting HA state for sensor.ml_vorlauftemperatur: {'state': '21.1', 'attributes': {'state_class': 'measurement', 'unique_id': 'ml_heating_target_outlet_temp', 'friendly_name': 'ML Target Outlet Temp', 'unit_of_measurement': '°C', 'device_class': 'temperature', 'icon': 'mdi:thermometer-water'}}
2026-05-16 07:24:12,285 - DEBUG - Logging thermal model metrics
2026-05-16 07:24:12,285 - DEBUG - Setting HA state for sensor.ml_heating_state: {'state': '0', 'attributes': {'state_class': 'measurement', 'unique_id': 'ml_heating_state', 'friendly_name': 'ML Heating State', 'unit_of_measurement': 'state', 'icon': 'mdi:information-outline', 'state_description': 'OK - Prediction done', 'confidence': 5.0, 'suggested_temp': 21.01, 'final_temp': 21.1, 'predicted_indoor': 22.55, 'last_prediction_time': '2026-05-16T05:24:12.285354+00:00', 'temperature_error': 0.06, 'pre_cool_active': False, 'pre_cool_peak_temp': None, 'pre_cool_peak_hour': None}}
2026-05-16 07:24:12,297 - DEBUG - ✅ ACTIVE MODE: ML controlling heating via input_boolean.ml_heating
2026-05-16 07:24:12,299 - DEBUG - 🧠 Smart rounding is using cycle-aligned forecast: PV=948W (caller sent PV=778W)
2026-05-16 07:24:12,300 - DEBUG - Target: 22.6°C | Suggested: 21.0°C | Applied: 21.1°C | Actual Indoor: 22.66°C | Predicted Indoor: 22.58°C | Confidence: 5.000
2026-05-16 07:24:12,300 - INFO - Target: 22.6°C | Suggested: 21.0°C | Applied: 21.1°C | Actual Indoor: 22.66°C | Predicted Indoor: 22.58°C | Confidence: 5.000
2026-05-16 07:24:12,489 - DEBUG - 💾 Saved unified thermal state to /config/ml_heating/unified_thermal_state.json
2026-05-16 07:24:12,490 - DEBUG - Operational state saved to /config/ml_heating/unified_thermal_state.json; updated keys: ['last_run_features', 'last_indoor_temp', 'last_avg_other_rooms_temp', 'last_fireplace_on', 'last_final_temp', 'last_climate_mode', 'last_target_indoor_temp', 'last_predicted_indoor', 'last_is_blocking', 'last_blocking_reasons', 'setpoint_hold_cycles_remaining']
2026-05-16 07:24:12,491 - DEBUG - Setting HA state for sensor.ml_heating_features: {'state': '22.44', 'attributes': {'state_class': 'measurement', 'unique_id': 'ml_heating_features', 'friendly_name': 'ML Heating Features', 'unit_of_measurement': '°C', 'device_class': 'temperature', 'icon': 'mdi:feature-search-outline', 'living_room_temp': 22.44, 'outlet_temp': 24.1, 'indoor_temp_lag_30m': 22.631, 'target_temp': 22.6, 'outdoor_temp': 4.96875, 'dhw_heating': 0.0, 'dhw_disinfection': 0.0, 'dhw_boost_heater': 0.0, 'defrosting': 0.0, 'pv_now': 1880.0, 'pv_now_electrical': 1880.0, 'solar_correction_percent': 100.0, 'solar_correction_factor': 1.0, 'solar_correction_enabled': 1.0, 'fireplace_on': 0.0, 'tv_on': 0.0, 'temp_forecast_1h': 4.97, 'temp_forecast_2h': 6.47, 'temp_forecast_3h': 7.67, 'temp_forecast_4h': 7.97, 'temp_forecast_5h': 8.17, 'temp_forecast_6h': 9.47, 'temp_forecast_7h': 8.27, 'temp_forecast_8h': 9.37, 'temp_forecast_9h': 9.67, 'temp_forecast_10h': 7.67, 'temp_forecast_11h': 9.17, 'temp_forecast_12h': 9.37, 'pv_forecast_1h': 2826.5, 'pv_forecast_2h': 3934.5, 'pv_forecast_3h': 4101.2, 'pv_forecast_4h': 3227.0, 'pv_forecast_5h': 4896.0, 'pv_forecast_6h': 4130.2, 'pv_forecast_7h': 1414.2, 'pv_forecast_8h': 2939.2, 'pv_forecast_9h': 2199.0, 'pv_forecast_10h': 2651.8, 'pv_forecast_11h': 1494.5, 'pv_forecast_12h': 752.5, 'pv_forecast_electrical_1h': 2826.5, 'pv_forecast_electrical_2h': 3934.5, 'pv_forecast_electrical_3h': 4101.2, 'pv_forecast_electrical_4h': 3227.0, 'pv_forecast_electrical_5h': 4896.0, 'pv_forecast_electrical_6h': 4130.2, 'pv_forecast_electrical_7h': 1414.2, 'pv_forecast_electrical_8h': 2939.2, 'pv_forecast_electrical_9h': 2199.0, 'pv_forecast_electrical_10h': 2651.8, 'pv_forecast_electrical_11h': 1494.5, 'pv_forecast_electrical_12h': 752.5, 'cloud_cover_forecast_1h': 0.0, 'cloud_cover_forecast_2h': 0.0, 'cloud_cover_forecast_3h': 0.0, 'cloud_cover_forecast_4h': 0.0, 'cloud_cover_forecast_5h': 0.0, 'cloud_cover_forecast_6h': 0.0, 'cloud_cover_forecast_7h': 0.0, 'cloud_cover_forecast_8h': 0.0, 'cloud_cover_forecast_9h': 0.0, 'cloud_cover_forecast_10h': 0.0, 'cloud_cover_forecast_11h': 0.0, 'cloud_cover_forecast_12h': 0.0, 'temp_diff_indoor_outdoor': 17.671249999999997, 'indoor_temp_gradient': -0.6180000000000305, 'outlet_indoor_diff': 1.4600000000000044, 'indoor_temp_lag_10m': 22.648, 'indoor_temp_lag_60m': 22.637999999999995, 'outlet_temp_lag_30m': 24.179999999999996, 'outlet_temp_change': 0.0, 'indoor_temp_delta_10m': -0.008000000000002672, 'indoor_temp_delta_30m': 0.008999999999996788, 'indoor_temp_delta_60m': 0.0020000000000024443, 'hour_sin': 0.9659258262890683, 'hour_cos': -0.25881904510252063, 'month_sin': 0.8660254037844387, 'month_cos': -0.4999999999999998, 'outlet_effectiveness_ratio': 0.027397260273969503, 'inlet_temp': 24.119999999999997, 'flow_rate': 14.0, 'power_consumption': 19.0, 'delta_t': -0.01999999999999602, 'thermal_power_kw': -0.01953466666666278, 'cop_realtime': 0.0, 'temp_trend_forecast': 0.7503124999999999, 'heating_demand_forecast': 1.4630000000000003, 'combined_forecast_thermal_load': -1.7639999999999996, 'pv_power_history': [0.0, 0.0, 0.0, 0.0, 8.0, 13.0, 29.0, 52.0, 111.0, 201.0, 488.0, 980.0, 1111.0, 1638.0, 2246.0, 2745.0, 2378.0, 1998.0], 'pv_power_history_electrical': [0.0, 0.0, 0.0, 0.0, 8.0, 13.0, 29.0, 52.0, 111.0, 201.0, 488.0, 980.0, 1111.0, 1638.0, 2246.0, 2745.0, 2378.0, 1998.0], 'wind_speed': 8.7, 'is_weekend': 1.0, 'indoor_margin_rate': 0.0, 'last_updated': '2026-05-16T05:24:12.491022+00:00'}}
2026-05-16 07:24:12,528 - DEBUG - Published 93 features to sensor.ml_heating_features
2026-05-16 07:24:12,528 - DEBUG - ✅ CYCLE 44 END: 07:24:12 (duration: 1.5s)
2026-05-16 07:24:12,529 - DEBUG - 💤 POLLING START: Waiting 30min until next cycle...
2026-05-16 07:24:12,554 - DEBUG - Active sampling: buffered 6 readings
127.0.0.1 - - [16/May/2026 07:24:32] "GET /health HTTP/1.1" 200 -
127.0.0.1 - - [16/May/2026 07:25:02] "GET /health HTTP/1.1" 200 -
2026-05-16 07:25:12,584 - DEBUG - Active sampling: buffered 6 readings
127.0.0.1 - - [16/May/2026 07:25:32] "GET /health HTTP/1.1" 200 -
127.0.0.1 - - [16/May/2026 07:26:02] "GET /health HTTP/1.1" 200 -
2026-05-16 07:26:12,614 - DEBUG - Active sampling: buffered 6 readings
127.0.0.1 - - [16/May/2026 07:26:32] "GET /health HTTP/1.1" 200 -
127.0.0.1 - - [16/May/2026 07:27:02] "GET /health HTTP/1.1" 200 -
2026-05-16 07:27:12,644 - DEBUG - Active sampling: buffered 6 readings
127.0.0.1 - - [16/May/2026 07:27:32] "GET /health HTTP/1.1" 200 -
127.0.0.1 - - [16/May/2026 07:28:02] "GET /health HTTP/1.1" 200 -
2026-05-16 07:28:12,677 - DEBUG - Active sampling: buffered 6 readings
127.0.0.1 - - [16/May/2026 07:28:32] "GET /health HTTP/1.1" 200 -
127.0.0.1 - - [16/May/2026 07:29:02] "GET /health HTTP/1.1" 200 -
2026-05-16 07:29:12,706 - DEBUG - Active sampling: buffered 6 readings
127.0.0.1 - - [16/May/2026 07:29:32] "GET /health HTTP/1.1" 200 -
127.0.0.1 - - [16/May/2026 07:30:02] "GET /health HTTP/1.1" 200 -
2026-05-16 07:30:12,736 - DEBUG - Active sampling: buffered 6 readings
127.0.0.1 - - [16/May/2026 07:30:32] "GET /health HTTP/1.1" 200 -
127.0.0.1 - - [16/May/2026 07:31:02] "GET /health HTTP/1.1" 200 -
2026-05-16 07:31:12,765 - DEBUG - Active sampling: buffered 6 readings
127.0.0.1 - - [16/May/2026 07:31:32] "GET /health HTTP/1.1" 200 -
127.0.0.1 - - [16/May/2026 07:32:03] "GET /health HTTP/1.1" 200 -
2026-05-16 07:32:12,795 - DEBUG - Active sampling: buffered 6 readings
127.0.0.1 - - [16/May/2026 07:32:33] "GET /health HTTP/1.1" 200 -
127.0.0.1 - - [16/May/2026 07:33:03] "GET /health HTTP/1.1" 200 -
2026-05-16 07:33:12,825 - DEBUG - Active sampling: buffered 6 readings
127.0.0.1 - - [16/May/2026 07:33:33] "GET /health HTTP/1.1" 200 -
127.0.0.1 - - [16/May/2026 07:34:03] "GET /health HTTP/1.1" 200 -
2026-05-16 07:34:12,827 - DEBUG - ⏰ POLLING END: Waited 10.0min, starting next cycle...
2026-05-16 07:34:12,827 - DEBUG - 🔄 CYCLE 45 START: 07:34:12 (interval: 10.0min since last cycle)
2026-05-16 07:34:12,827 - DEBUG - ♻️ Reusing existing Model Wrapper instance
2026-05-16 07:34:12,827 - INFO - Successfully loaded operational state from /config/ml_heating/unified_thermal_state.json
2026-05-16 07:34:12,855 - DEBUG - Setting HA state for sensor.ml_heating_cop_realtime: {'state': '0.00', 'attributes': {'state_class': 'measurement', 'unique_id': 'ml_heating_cop_realtime', 'friendly_name': 'ML Heating COP (Realtime)', 'unit_of_measurement': 'COP', 'icon': 'mdi:heat-pump', 'device_class': 'power_factor'}}
2026-05-16 07:34:12,867 - DEBUG - Setting HA state for sensor.ml_heating_thermal_power: {'state': '-0.098', 'attributes': {'state_class': 'measurement', 'unique_id': 'ml_heating_thermal_power', 'friendly_name': 'ML Heating Thermal Power', 'unit_of_measurement': 'kW', 'icon': 'mdi:flash', 'device_class': 'power'}}
2026-05-16 07:34:12,901 - DEBUG - Wrote thermodynamic metrics to InfluxDB
2026-05-16 07:34:12,902 - DEBUG - Thermodynamic sensors updated: COP=0.00, Power=-0.098kW
2026-05-16 07:34:12,902 - DEBUG - ♻️ Reusing existing Model Wrapper instance
2026-05-16 07:34:12,902 - DEBUG - 🎯 ACTIVE MODE LEARNING (trajectory): Verifying ML prediction accuracy for 21.1°C outlet setting
2026-05-16 07:34:12,904 - DEBUG - ☀️ SolarChannel self-learned: avg_error=0.030, pv_heat_weight=0.00141, solar_lag=39.6min, cloud_exp=1.00, solar_decay_tau=1.06h
2026-05-16 07:34:12,904 - INFO - ☀️ pv parameter update: attributed_error=+0.177201 | pv_heat_weight: 0.001378→0.001407 (Δ+0.000030) | solar_decay_tau_hours: 1.057718→1.057733 (Δ+0.000015) | solar_lag_minutes: 39.654996→39.648677 (Δ-0.006319)
2026-05-16 07:34:12,904 - INFO - Channel routing → [☀️ pv*] | error=+0.1772 | pv_current=1880W pv_smoothed=778W | params_changed=pv
2026-05-16 07:34:13,097 - DEBUG - 💾 Saved unified thermal state to /config/ml_heating/unified_thermal_state.json
2026-05-16 07:34:13,099 - DEBUG - Skipping legacy global adaptation: channel mode owns recent-window learning
2026-05-16 07:34:13,289 - DEBUG - 💾 Saved unified thermal state to /config/ml_heating/unified_thermal_state.json
2026-05-16 07:34:13,290 - DEBUG - Prediction feedback: error=0.177°C, confidence=5.000
2026-05-16 07:34:13,478 - DEBUG - 💾 Saved unified thermal state to /config/ml_heating/unified_thermal_state.json
2026-05-16 07:34:13,480 - DEBUG - 💾 Saved 200 predictions to unified thermal state
2026-05-16 07:34:13,480 - DEBUG - Added prediction: pred=22.68, actual=22.86, error=0.177
2026-05-16 07:34:13,668 - DEBUG - 💾 Saved unified thermal state to /config/ml_heating/unified_thermal_state.json
2026-05-16 07:34:13,671 - DEBUG - Setting HA state for sensor.ml_model_mae: {'state': '0.0296', 'attributes': {'state_class': 'measurement', 'unique_id': 'ml_heating_model_mae', 'friendly_name': 'ML Model MAE', 'unit_of_measurement': '°C', 'icon': 'mdi:chart-line', 'last_updated': '2026-05-16T05:34:13.671429+00:00'}}
2026-05-16 07:34:13,684 - DEBUG - Setting HA state for sensor.ml_model_rmse: {'state': '0.0420', 'attributes': {'state_class': 'measurement', 'unique_id': 'ml_heating_model_rmse', 'friendly_name': 'ML Model RMSE', 'unit_of_measurement': '°C', 'icon': 'mdi:chart-line', 'last_updated': '2026-05-16T05:34:13.671429+00:00'}}
2026-05-16 07:34:13,698 - DEBUG - Setting HA state for sensor.ml_heating_learning: {'state': '5.000', 'attributes': {'state_class': 'measurement', 'unique_id': 'ml_heating_learning', 'friendly_name': 'ML Adaptive Learning Metrics', 'unit_of_measurement': 'metrics', 'icon': 'mdi:brain', 'thermal_time_constant': 4.8345275867350885, 'heat_loss_coefficient': 0.12035197370821737, 'outlet_effectiveness': 0.8283017284451556, 'pv_heat_weight': 0.0014073762097060185, 'fireplace_heat_weight': 0.17156709601311348, 'tv_heat_weight': 0.44733899208522154, 'solar_lag_minutes': 39.64867726711079, 'slab_time_constant_hours': 4.000456052583566, 'heat_source_channels_enabled': True, 'total_conductance': 0.3, 'equilibrium_ratio': 0.5, 'cycle_count': 5383, 'parameter_updates': 545, 'model_health': 'excellent', 'learning_progress': 1.0, 'is_improving': True, 'improvement_percentage': 18.16235727761391, 'total_predictions': 200, 'learning_confidence': 5.0, 'last_updated': '2026-05-16T05:34:13.698543+00:00', 'delta_t_floor': 2.4857328190130326, 'cloud_factor_exponent': 1.0, 'solar_decay_tau_hours': 1.0577331636512368, 'fp_heat_output_kw': 0.17156709601311348, 'fp_decay_time_constant': 3.9144707244638868, 'room_spread_delay_minutes': 18.0, 'ch_heat_pump_history_count': 200, 'ch_heat_pump_last_error': 0.015176865717659638, 'ch_pv_history_count': 200, 'ch_pv_last_error': 0.17720053426920757, 'ch_fireplace_history_count': 0, 'ch_fireplace_last_error': 0.0, 'ch_tv_history_count': 0, 'ch_tv_last_error': 0.0}}
2026-05-16 07:34:13,712 - DEBUG - Setting HA state for sensor.ml_model_mae: {'state': '0.0296', 'attributes': {'state_class': 'measurement', 'unique_id': 'ml_heating_model_mae', 'friendly_name': 'ML Model MAE', 'unit_of_measurement': '°C', 'icon': 'mdi:chart-line', 'mae_1h': 0.03212552760868211, 'mae_6h': 0.030131223898726873, 'mae_24h': 0.029558314164346927, 'trend_direction': 'improving', 'prediction_count': 200, 'last_updated': '2026-05-16T05:34:13.698543+00:00'}}
2026-05-16 07:34:13,727 - DEBUG - Setting HA state for sensor.ml_model_rmse: {'state': '0.0420', 'attributes': {'state_class': 'measurement', 'unique_id': 'ml_heating_model_rmse', 'friendly_name': 'ML Model RMSE', 'unit_of_measurement': '°C', 'icon': 'mdi:chart-line', 'recent_max_error': 0.17720053426920757, 'std_error': 0.0298, 'mean_bias': 0.0, 'prediction_count': 200, 'last_updated': '2026-05-16T05:34:13.698543+00:00'}}
2026-05-16 07:34:13,741 - DEBUG - Setting HA state for sensor.ml_prediction_accuracy: {'state': '99.4', 'attributes': {'state_class': 'measurement', 'unique_id': 'ml_prediction_accuracy', 'friendly_name': 'ML Prediction Accuracy', 'unit_of_measurement': '%', 'icon': 'mdi:target', 'perfect_accuracy_pct': 0.0, 'tolerable_accuracy_pct': 99.375, 'poor_accuracy_pct': 0.625, 'prediction_count_24h': 0, 'excellent_all_time_pct': 97.5, 'good_all_time_pct': 100.0, 'last_updated': '2026-05-16T05:34:13.698543+00:00'}}
2026-05-16 07:34:13,759 - DEBUG - Logged refactored sensor metrics to HA
2026-05-16 07:34:13,760 - DEBUG - Logging feature importance
2026-05-16 07:34:13,760 - DEBUG - Setting HA state for sensor.ml_feature_importance: {'state': '5', 'attributes': {'state_class': 'measurement', 'unique_id': 'ml_heating_feature_importance', 'friendly_name': 'ML Feature Importance', 'unit_of_measurement': '%', 'icon': 'mdi:format-list-numbered', 'top_features': {'target_temp': 52.79, 'tv_power': 28.51, 'fireplace': 10.94, 'outdoor_temp': 7.67, 'pv_power': 0.09}, 'last_updated': '2026-05-16T05:34:13.760238+00:00'}}
2026-05-16 07:34:13,774 - INFO - ✅ Exported metrics to Home Assistant sensors successfully
2026-05-16 07:34:13,774 - INFO - ✅ Learning cycle 5383: error=0.177°C, confidence=5.000, total_predictions=200
2026-05-16 07:34:13,774 - DEBUG - ✅ Online learning: applied_temp=21.1°C, actual_change=0.200°C, cycle=5383
2026-05-16 07:34:13,774 - DEBUG - 🔥 Heating mode active (state: heat)
2026-05-16 07:34:13,775 - DEBUG - ♻️ Reusing existing Model Wrapper instance
2026-05-16 07:34:13,801 - DEBUG - Fireplace is OFF. Using main indoor temp for prediction.
2026-05-16 07:34:14,048 - DEBUG - PV forecast parsed successfully: [2905.0, 4490.5, 3824.5, 3504.8, 4408.8, 3866.2, 1549.5, 2641.2, 2464.0, 2276.8, 1466.2, 546.2]W
2026-05-16 07:34:14,048 - DEBUG - Solar correction: enabled=True, percent=100.0%, factor=1.000
2026-05-16 07:34:14,068 - DEBUG - Delta calibration applied: offset=+0.26°C
2026-05-16 07:34:14,069 - DEBUG - Raw forecasts: [5.1, 7.3, 8.2, 9.1, 8.6, 10.0, 10.4, 9.5, 10.1, 10.3, 9.8, 9.8]
2026-05-16 07:34:14,069 - DEBUG - Calibrated forecasts: [5.36, 7.56, 8.46, 9.36, 8.86, 10.26, 10.66, 9.76, 10.36, 10.56, 10.06, 10.06]
2026-05-16 07:34:14,073 - INFO - ☀️ Forecast trajectory: no sunset within 12-step horizon → inactive, 4 steps
2026-05-16 07:34:14,073 - DEBUG - Heating obs buffer: resolved 1 new label(s) this cycle
2026-05-16 07:34:14,095 - DEBUG - ♻️ Reusing existing Model Wrapper instance
2026-05-16 07:34:14,101 - INFO - DEBUG: Wrapper params: U=0.12035197370821737, eff=0.8283017284451556, tau=4.8345275867350885
2026-05-16 07:34:14,101 - INFO - ☀️ PV surplus 2140W (threshold 1500W): target 22.6 → 23.1°C (CHEAP ramp offset +0.50)
2026-05-16 07:34:14,101 - DEBUG - 🔧 Using natural bounds: outlet_min=21.0°C, outlet_max=35.0°C
2026-05-16 07:34:14,101 - INFO - 🌡️ Using cycle-aligned forecast (10min): outdoor=5.4°C (vs current 5.4°C), PV=1051W (vs current 882W)
2026-05-16 07:34:14,101 - DEBUG - DEBUG: Using PV history (len=18) instead of scalar 1050.9907407407406
2026-05-16 07:34:14,101 - INFO - 🔄 HP off (delta_t=-0.06, mode=heating): simulating HP-on delta_t=2.49 for binary search
2026-05-16 07:34:14,101 - DEBUG - 🎯 Binary search start: target=23.1°C, current=22.6°C, range=21.0-35.0°C
2026-05-16 07:34:14,101 - DEBUG - 🔍 Binary search features: inlet_temp=24.1, delta_t_floor=2.49, indoor_temp_delta_60m=0.0799, horizon=4.0h, outlet_mid=28.0°C
2026-05-16 07:34:14,102 - DEBUG - ✅ Binary search trajectory OK (iter 1): outlet=28.0°C → predicted=24.75°C (steps=24, start=22.75→end=24.75)
2026-05-16 07:34:14,102 - DEBUG -    Iteration 1: outlet=28.0°C → predicted=24.75°C, error=1.652°C (range: 21.0-35.0°C)
2026-05-16 07:34:14,102 - DEBUG -      → Heating: Predicted too high, lowering maximum to 28.0°C
2026-05-16 07:34:14,103 - DEBUG -    Iteration 2: outlet=24.5°C → predicted=23.66°C, error=0.563°C (range: 21.0-28.0°C)
2026-05-16 07:34:14,103 - DEBUG -      → Heating: Predicted too high, lowering maximum to 24.5°C
2026-05-16 07:34:14,104 - DEBUG -    Iteration 3: outlet=22.8°C → predicted=23.59°C, error=0.490°C (range: 21.0-24.5°C)
2026-05-16 07:34:14,104 - DEBUG -      → Heating: Predicted too high, lowering maximum to 22.8°C
2026-05-16 07:34:14,105 - DEBUG -    Iteration 4: outlet=21.9°C → predicted=23.59°C, error=0.490°C (range: 21.0-22.8°C)
2026-05-16 07:34:14,105 - DEBUG -      → Heating: Predicted too high, lowering maximum to 21.9°C
2026-05-16 07:34:14,106 - DEBUG -    Iteration 5: outlet=21.4°C → predicted=23.59°C, error=0.490°C (range: 21.0-21.9°C)
2026-05-16 07:34:14,106 - DEBUG -      → Heating: Predicted too high, lowering maximum to 21.4°C
2026-05-16 07:34:14,107 - DEBUG -    Iteration 6: outlet=21.2°C → predicted=23.59°C, error=0.490°C (range: 21.0-21.4°C)
2026-05-16 07:34:14,107 - DEBUG -      → Heating: Predicted too high, lowering maximum to 21.2°C
2026-05-16 07:34:14,108 - DEBUG -    Iteration 7: outlet=21.1°C → predicted=23.59°C, error=0.490°C (range: 21.0-21.2°C)
2026-05-16 07:34:14,108 - DEBUG -      → Heating: Predicted too high, lowering maximum to 21.1°C
2026-05-16 07:34:14,108 - DEBUG -    Iteration 8: outlet=21.1°C → predicted=23.59°C, error=0.490°C (range: 21.0-21.1°C)
2026-05-16 07:34:14,109 - DEBUG -      → Heating: Predicted too high, lowering maximum to 21.1°C
2026-05-16 07:34:14,109 - DEBUG -    Iteration 9: outlet=21.0°C → predicted=23.59°C, error=0.490°C (range: 21.0-21.1°C)
2026-05-16 07:34:14,109 - DEBUG -      → Heating: Predicted too high, lowering maximum to 21.0°C
2026-05-16 07:34:14,109 - INFO - 🔄 Binary search early exit after 10 iterations: range collapsed to 0.027°C, using 21.0°C
2026-05-16 07:34:14,110 - DEBUG - Slab: inlet=24.1°C, outlet=21.0°C, Δ=-3.1°C, τ=4.00h
2026-05-16 07:34:14,110 - DEBUG - 🔍 Trajectory prediction using forecast arrays: outdoor=[5.359374999999999, 5.36, 7.56, 8.46, 9.36], PV=[882.4444444444445, 2905.0, 4490.5, 3824.5, 3504.8]
2026-05-16 07:34:14,110 - DEBUG - 🔍 Trajectory DEBUG: outlet=21.0°C → 0.2h_prediction=22.69°C (vs target 23.1°C, error: -0.411°C), reaches_target_at=1.6666666666666665h, cycle_time=0.2h
2026-05-16 07:34:14,110 - DEBUG - 🔍 Trajectory predictions for target 23.1°C:
2026-05-16 07:34:14,110 - DEBUG -     0.2h: 22.69°C → target 23.10°C (error: -0.41°C)
2026-05-16 07:34:14,110 - DEBUG -     0.3h: 22.72°C → target 23.10°C (error: -0.38°C)
2026-05-16 07:34:14,110 - DEBUG -     0.5h: 22.75°C → target 23.10°C (error: -0.35°C)
2026-05-16 07:34:14,110 - DEBUG -     0.7h: 22.77°C → target 23.10°C (error: -0.33°C)
2026-05-16 07:34:14,111 - DEBUG -     0.8h: 22.80°C → target 23.10°C (error: -0.30°C)
2026-05-16 07:34:14,111 - DEBUG -     1.0h: 22.84°C → target 23.10°C (error: -0.26°C)
2026-05-16 07:34:14,111 - DEBUG -     1.2h: 22.88°C → target 23.10°C (error: -0.22°C)
2026-05-16 07:34:14,111 - DEBUG -     1.3h: 22.92°C → target 23.10°C (error: -0.18°C)
2026-05-16 07:34:14,111 - DEBUG -     1.5h: 22.97°C → target 23.10°C (error: -0.13°C)
2026-05-16 07:34:14,111 - DEBUG -     1.7h: 23.01°C → target 23.10°C (error: -0.09°C)
2026-05-16 07:34:14,111 - DEBUG -     1.8h: 23.06°C → target 23.10°C (error: -0.04°C)
2026-05-16 07:34:14,111 - DEBUG -     2.0h: 23.10°C → target 23.10°C (error: +0.00°C)
2026-05-16 07:34:14,111 - DEBUG -     2.2h: 23.15°C → target 23.10°C (error: +0.05°C)
2026-05-16 07:34:14,111 - DEBUG -     2.3h: 23.20°C → target 23.10°C (error: +0.10°C)
2026-05-16 07:34:14,111 - DEBUG -     2.5h: 23.24°C → target 23.10°C (error: +0.14°C)
2026-05-16 07:34:14,111 - DEBUG -     2.7h: 23.29°C → target 23.10°C (error: +0.19°C)
2026-05-16 07:34:14,111 - DEBUG -     2.8h: 23.33°C → target 23.10°C (error: +0.23°C)
2026-05-16 07:34:14,111 - DEBUG -     3.0h: 23.37°C → target 23.10°C (error: +0.27°C)
2026-05-16 07:34:14,111 - DEBUG -     3.2h: 23.41°C → target 23.10°C (error: +0.31°C)
2026-05-16 07:34:14,111 - DEBUG -     3.3h: 23.45°C → target 23.10°C (error: +0.35°C)
2026-05-16 07:34:14,111 - DEBUG -     3.5h: 23.48°C → target 23.10°C (error: +0.38°C)
2026-05-16 07:34:14,111 - DEBUG -     3.7h: 23.52°C → target 23.10°C (error: +0.42°C)
2026-05-16 07:34:14,111 - DEBUG -     3.8h: 23.56°C → target 23.10°C (error: +0.46°C)
2026-05-16 07:34:14,111 - DEBUG -     4.0h: 23.59°C → target 23.10°C (error: +0.49°C)
2026-05-16 07:34:14,111 - DEBUG - Ignoring minor future overshoot (max=23.59°C) because immediate cycle is safe (22.69°C)
2026-05-16 07:34:14,111 - INFO - ⚠️ Target will NOT be reached within 0.2h cycle (+tolerance) - applying physics-based correction
2026-05-16 07:34:14,111 - INFO - 🔄 [Newton] Skipping overshoot correction (both violated, max wins): projected indoor 22.75°C < target+0.1 (23.2°C) — house self-correcting
2026-05-16 07:34:14,114 - DEBUG - HeatingCorrectionMLModel: raw ΔT_outlet=-0.000°C (R²=0.8638)
2026-05-16 07:34:14,114 - INFO - 🤖 [ML correction] R²=0.864 w=0.864 Δphysics=+0.000°C Δml=-0.000°C Δblend=-0.000°C → outlet=21.0°C
2026-05-16 07:34:14,114 - DEBUG - 🧠 Smart rounding is using cycle-aligned forecast: PV=1051W (caller sent PV=882W)
2026-05-16 07:34:14,114 - INFO - 🎯 Prediction: Current 22.86°C → Target 22.6°C | Calculated outlet: 21.0°C (before smart rounding) (confidence: 5.000)
2026-05-16 07:34:14,114 - DEBUG - Model Wrapper: temp=21.0°C, error=0.260°C, confidence=5.000
2026-05-16 07:34:14,114 - DEBUG - EMA smoothing: 21.01°C → 21.1°C (last=21.1, α=0.50)
2026-05-16 07:34:14,114 - DEBUG - ♻️ Reusing existing Model Wrapper instance
2026-05-16 07:34:14,114 - INFO - 🌡️ Using cycle-aligned forecast (10min): outdoor=5.7°C (vs current 5.7°C), PV=1051W (vs current 882W)
2026-05-16 07:34:14,114 - DEBUG - 🧠 Smart rounding is using cycle-aligned forecast: PV=1051W (caller sent PV=1051W)
2026-05-16 07:34:14,115 - DEBUG - 🧠 Smart rounding is using cycle-aligned forecast: PV=1051W (caller sent PV=1051W)
2026-05-16 07:34:14,115 - DEBUG - Smart rounding: 21.10°C → 21°C (chose floor: floor→22.78°C [err=0.181], ceiling→22.81°C [err=0.209], target=22.6°C)
2026-05-16 07:34:14,115 - DEBUG - Setting target outlet temp
2026-05-16 07:34:14,115 - DEBUG - Setting HA state for sensor.ml_vorlauftemperatur: {'state': '21.1', 'attributes': {'state_class': 'measurement', 'unique_id': 'ml_heating_target_outlet_temp', 'friendly_name': 'ML Target Outlet Temp', 'unit_of_measurement': '°C', 'device_class': 'temperature', 'icon': 'mdi:thermometer-water'}}
2026-05-16 07:34:14,127 - DEBUG - Logging thermal model metrics
2026-05-16 07:34:14,127 - DEBUG - Setting HA state for sensor.ml_heating_state: {'state': '0', 'attributes': {'state_class': 'measurement', 'unique_id': 'ml_heating_state', 'friendly_name': 'ML Heating State', 'unit_of_measurement': 'state', 'icon': 'mdi:information-outline', 'state_description': 'OK - Prediction done', 'confidence': 5.0, 'suggested_temp': 21.01, 'final_temp': 21.1, 'predicted_indoor': 22.56, 'last_prediction_time': '2026-05-16T05:34:14.127637+00:00', 'temperature_error': 0.26, 'pre_cool_active': False, 'pre_cool_peak_temp': None, 'pre_cool_peak_hour': None}}
2026-05-16 07:34:14,142 - DEBUG - ✅ ACTIVE MODE: ML controlling heating via input_boolean.ml_heating
2026-05-16 07:34:14,144 - DEBUG - 🧠 Smart rounding is using cycle-aligned forecast: PV=1051W (caller sent PV=882W)
2026-05-16 07:34:14,144 - DEBUG - Target: 22.6°C | Suggested: 21.0°C | Applied: 21.1°C | Actual Indoor: 22.86°C | Predicted Indoor: 22.78°C | Confidence: 5.000
2026-05-16 07:34:14,144 - INFO - Target: 22.6°C | Suggested: 21.0°C | Applied: 21.1°C | Actual Indoor: 22.86°C | Predicted Indoor: 22.78°C | Confidence: 5.000
2026-05-16 07:34:14,334 - DEBUG - 💾 Saved unified thermal state to /config/ml_heating/unified_thermal_state.json
2026-05-16 07:34:14,336 - DEBUG - Operational state saved to /config/ml_heating/unified_thermal_state.json; updated keys: ['last_run_features', 'last_indoor_temp', 'last_avg_other_rooms_temp', 'last_fireplace_on', 'last_final_temp', 'last_climate_mode', 'last_target_indoor_temp', 'last_predicted_indoor', 'last_is_blocking', 'last_blocking_reasons', 'setpoint_hold_cycles_remaining']
2026-05-16 07:34:14,337 - DEBUG - Setting HA state for sensor.ml_heating_features: {'state': '22.46', 'attributes': {'state_class': 'measurement', 'unique_id': 'ml_heating_features', 'friendly_name': 'ML Heating Features', 'unit_of_measurement': '°C', 'device_class': 'temperature', 'icon': 'mdi:feature-search-outline', 'living_room_temp': 22.46, 'outlet_temp': 24.04, 'indoor_temp_lag_30m': 22.635999999999996, 'target_temp': 22.6, 'outdoor_temp': 5.359374999999999, 'dhw_heating': 0.0, 'dhw_disinfection': 0.0, 'dhw_boost_heater': 0.0, 'defrosting': 0.0, 'pv_now': 2140.0, 'pv_now_electrical': 2140.0, 'solar_correction_percent': 100.0, 'solar_correction_factor': 1.0, 'solar_correction_enabled': 1.0, 'fireplace_on': 0.0, 'tv_on': 0.0, 'temp_forecast_1h': 5.36, 'temp_forecast_2h': 7.56, 'temp_forecast_3h': 8.46, 'temp_forecast_4h': 9.36, 'temp_forecast_5h': 8.86, 'temp_forecast_6h': 10.26, 'temp_forecast_7h': 10.66, 'temp_forecast_8h': 9.76, 'temp_forecast_9h': 10.36, 'temp_forecast_10h': 10.56, 'temp_forecast_11h': 10.06, 'temp_forecast_12h': 10.06, 'pv_forecast_1h': 2905.0, 'pv_forecast_2h': 4490.5, 'pv_forecast_3h': 3824.5, 'pv_forecast_4h': 3504.8, 'pv_forecast_5h': 4408.8, 'pv_forecast_6h': 3866.2, 'pv_forecast_7h': 1549.5, 'pv_forecast_8h': 2641.2, 'pv_forecast_9h': 2464.0, 'pv_forecast_10h': 2276.8, 'pv_forecast_11h': 1466.2, 'pv_forecast_12h': 546.2, 'pv_forecast_electrical_1h': 2905.0, 'pv_forecast_electrical_2h': 4490.5, 'pv_forecast_electrical_3h': 3824.5, 'pv_forecast_electrical_4h': 3504.8, 'pv_forecast_electrical_5h': 4408.8, 'pv_forecast_electrical_6h': 3866.2, 'pv_forecast_electrical_7h': 1549.5, 'pv_forecast_electrical_8h': 2641.2, 'pv_forecast_electrical_9h': 2464.0, 'pv_forecast_electrical_10h': 2276.8, 'pv_forecast_electrical_11h': 1466.2, 'pv_forecast_electrical_12h': 546.2, 'cloud_cover_forecast_1h': 0.0, 'cloud_cover_forecast_2h': 0.0, 'cloud_cover_forecast_3h': 0.0, 'cloud_cover_forecast_4h': 0.0, 'cloud_cover_forecast_5h': 0.0, 'cloud_cover_forecast_6h': 0.0, 'cloud_cover_forecast_7h': 0.0, 'cloud_cover_forecast_8h': 0.0, 'cloud_cover_forecast_9h': 0.0, 'cloud_cover_forecast_10h': 0.0, 'cloud_cover_forecast_11h': 0.0, 'cloud_cover_forecast_12h': 0.0, 'temp_diff_indoor_outdoor': 17.3675, 'indoor_temp_gradient': -0.018749999999982947, 'outlet_indoor_diff': 1.3131249999999994, 'indoor_temp_lag_10m': 22.828, 'indoor_temp_lag_60m': 22.647000000000002, 'outlet_temp_lag_30m': 24.099999999999998, 'outlet_temp_change': -0.020000000000003126, 'indoor_temp_delta_10m': -0.10112499999999969, 'indoor_temp_delta_30m': 0.09087500000000404, 'indoor_temp_delta_60m': 0.0798749999999977, 'hour_sin': 0.9659258262890683, 'hour_cos': -0.25881904510252063, 'month_sin': 0.8660254037844387, 'month_cos': -0.4999999999999998, 'outlet_effectiveness_ratio': 0.09662065683007966, 'inlet_temp': 24.1, 'flow_rate': 14.0, 'power_consumption': 19.0, 'delta_t': -0.060000000000002274, 'thermal_power_kw': -0.058604000000002224, 'cop_realtime': 0.0, 'temp_trend_forecast': 1.00015625, 'heating_demand_forecast': 1.3240000000000003, 'combined_forecast_thermal_load': -2.1808, 'pv_power_history': [0.0, 0.0, 0.0, 8.0, 13.0, 29.0, 52.0, 111.0, 201.0, 488.0, 980.0, 1111.0, 1638.0, 2246.0, 2745.0, 2378.0, 1918.0, 1966.0], 'pv_power_history_electrical': [0.0, 0.0, 0.0, 8.0, 13.0, 29.0, 52.0, 111.0, 201.0, 488.0, 980.0, 1111.0, 1638.0, 2246.0, 2745.0, 2378.0, 1918.0, 1966.0], 'wind_speed': 8.7, 'is_weekend': 1.0, 'indoor_margin_rate': 0.0, 'last_updated': '2026-05-16T05:34:14.336978+00:00'}}
2026-05-16 07:34:14,387 - DEBUG - Published 93 features to sensor.ml_heating_features
2026-05-16 07:34:14,387 - DEBUG - ✅ CYCLE 45 END: 07:34:14 (duration: 1.6s)
2026-05-16 07:34:14,388 - DEBUG - 💤 POLLING START: Waiting 30min until next cycle...
2026-05-16 07:34:14,414 - DEBUG - Active sampling: buffered 6 readings
127.0.0.1 - - [16/May/2026 07:34:33] "GET /health HTTP/1.1" 200 -
127.0.0.1 - - [16/May/2026 07:35:03] "GET /health HTTP/1.1" 200 -
2026-05-16 07:35:14,444 - DEBUG - Active sampling: buffered 6 readings
127.0.0.1 - - [16/May/2026 07:35:33] "GET /health HTTP/1.1" 200 -
127.0.0.1 - - [16/May/2026 07:36:03] "GET /health HTTP/1.1" 200 -
2026-05-16 07:36:14,477 - DEBUG - Active sampling: buffered 6 readings
127.0.0.1 - - [16/May/2026 07:36:33] "GET /health HTTP/1.1" 200 -
127.0.0.1 - - [16/May/2026 07:37:03] "GET /health HTTP/1.1" 200 -
2026-05-16 07:37:14,508 - DEBUG - Active sampling: buffered 6 readings
127.0.0.1 - - [16/May/2026 07:37:33] "GET /health HTTP/1.1" 200 -
127.0.0.1 - - [16/May/2026 07:38:03] "GET /health HTTP/1.1" 200 -
2026-05-16 07:38:14,539 - DEBUG - Active sampling: buffered 6 readings
127.0.0.1 - - [16/May/2026 07:38:33] "GET /health HTTP/1.1" 200 -
127.0.0.1 - - [16/May/2026 07:39:03] "GET /health HTTP/1.1" 200 -
2026-05-16 07:39:14,570 - DEBUG - Active sampling: buffered 6 readings
127.0.0.1 - - [16/May/2026 07:39:33] "GET /health HTTP/1.1" 200 -
127.0.0.1 - - [16/May/2026 07:40:03] "GET /health HTTP/1.1" 200 -
2026-05-16 07:40:14,601 - DEBUG - Active sampling: buffered 6 readings
127.0.0.1 - - [16/May/2026 07:40:33] "GET /health HTTP/1.1" 200 -
127.0.0.1 - - [16/May/2026 07:41:04] "GET /health HTTP/1.1" 200 -
2026-05-16 07:41:14,635 - DEBUG - Active sampling: buffered 6 readings
127.0.0.1 - - [16/May/2026 07:41:34] "GET /health HTTP/1.1" 200 -
127.0.0.1 - - [16/May/2026 07:42:04] "GET /health HTTP/1.1" 200 -
2026-05-16 07:42:14,667 - DEBUG - Active sampling: buffered 6 readings
127.0.0.1 - - [16/May/2026 07:42:34] "GET /health HTTP/1.1" 200 -
127.0.0.1 - - [16/May/2026 07:43:04] "GET /health HTTP/1.1" 200 -
2026-05-16 07:43:14,699 - DEBUG - Active sampling: buffered 6 readings
127.0.0.1 - - [16/May/2026 07:43:34] "GET /health HTTP/1.1" 200 -
127.0.0.1 - - [16/May/2026 07:44:04] "GET /health HTTP/1.1" 200 -
2026-05-16 07:44:14,701 - DEBUG - ⏰ POLLING END: Waited 10.0min, starting next cycle...
2026-05-16 07:44:14,701 - DEBUG - 🔄 CYCLE 46 START: 07:44:14 (interval: 10.0min since last cycle)
2026-05-16 07:44:14,701 - DEBUG - ♻️ Reusing existing Model Wrapper instance
2026-05-16 07:44:14,701 - INFO - Successfully loaded operational state from /config/ml_heating/unified_thermal_state.json
2026-05-16 07:44:14,729 - DEBUG - Setting HA state for sensor.ml_heating_cop_realtime: {'state': '0.00', 'attributes': {'state_class': 'measurement', 'unique_id': 'ml_heating_cop_realtime', 'friendly_name': 'ML Heating COP (Realtime)', 'unit_of_measurement': 'COP', 'icon': 'mdi:heat-pump', 'device_class': 'power_factor'}}
2026-05-16 07:44:14,741 - DEBUG - Setting HA state for sensor.ml_heating_thermal_power: {'state': '0.000', 'attributes': {'state_class': 'measurement', 'unique_id': 'ml_heating_thermal_power', 'friendly_name': 'ML Heating Thermal Power', 'unit_of_measurement': 'kW', 'icon': 'mdi:flash', 'device_class': 'power'}}
2026-05-16 07:44:14,781 - DEBUG - Wrote thermodynamic metrics to InfluxDB
2026-05-16 07:44:14,781 - DEBUG - Thermodynamic sensors updated: COP=0.00, Power=0.000kW
2026-05-16 07:44:14,782 - DEBUG - ♻️ Reusing existing Model Wrapper instance
2026-05-16 07:44:14,782 - DEBUG - 🎯 ACTIVE MODE LEARNING (trajectory): Verifying ML prediction accuracy for 21.1°C outlet setting
2026-05-16 07:44:14,784 - DEBUG - ☀️ SolarChannel self-learned: avg_error=0.024, pv_heat_weight=0.00143, solar_lag=39.6min, cloud_exp=1.00, solar_decay_tau=1.06h
2026-05-16 07:44:14,784 - INFO - ☀️ pv parameter update: attributed_error=-0.021707 | pv_heat_weight: 0.001407→0.001432 (Δ+0.000024) | solar_decay_tau_hours: 1.057733→1.057745 (Δ+0.000012) | solar_lag_minutes: 39.648677→39.642966 (Δ-0.005712)
2026-05-16 07:44:14,784 - INFO - Channel routing → [☀️ pv*] | error=-0.0217 | pv_current=2140W pv_smoothed=882W | params_changed=pv
2026-05-16 07:44:14,976 - DEBUG - 💾 Saved unified thermal state to /config/ml_heating/unified_thermal_state.json
2026-05-16 07:44:14,978 - DEBUG - Skipping legacy global adaptation: channel mode owns recent-window learning
2026-05-16 07:44:15,168 - DEBUG - 💾 Saved unified thermal state to /config/ml_heating/unified_thermal_state.json
2026-05-16 07:44:15,170 - DEBUG - Prediction feedback: error=-0.022°C, confidence=5.000
2026-05-16 07:44:15,359 - DEBUG - 💾 Saved unified thermal state to /config/ml_heating/unified_thermal_state.json
2026-05-16 07:44:15,361 - DEBUG - 💾 Saved 200 predictions to unified thermal state
2026-05-16 07:44:15,361 - DEBUG - Added prediction: pred=22.88, actual=22.86, error=-0.022
2026-05-16 07:44:15,547 - DEBUG - 💾 Saved unified thermal state to /config/ml_heating/unified_thermal_state.json
2026-05-16 07:44:15,551 - DEBUG - Setting HA state for sensor.ml_model_mae: {'state': '0.0296', 'attributes': {'state_class': 'measurement', 'unique_id': 'ml_heating_model_mae', 'friendly_name': 'ML Model MAE', 'unit_of_measurement': '°C', 'icon': 'mdi:chart-line', 'last_updated': '2026-05-16T05:44:15.551184+00:00'}}
2026-05-16 07:44:15,564 - DEBUG - Setting HA state for sensor.ml_model_rmse: {'state': '0.0420', 'attributes': {'state_class': 'measurement', 'unique_id': 'ml_heating_model_rmse', 'friendly_name': 'ML Model RMSE', 'unit_of_measurement': '°C', 'icon': 'mdi:chart-line', 'last_updated': '2026-05-16T05:44:15.551184+00:00'}}
2026-05-16 07:44:15,579 - DEBUG - Setting HA state for sensor.ml_heating_learning: {'state': '5.000', 'attributes': {'state_class': 'measurement', 'unique_id': 'ml_heating_learning', 'friendly_name': 'ML Adaptive Learning Metrics', 'unit_of_measurement': 'metrics', 'icon': 'mdi:brain', 'thermal_time_constant': 4.8345275867350885, 'heat_loss_coefficient': 0.12035197370821737, 'outlet_effectiveness': 0.8283017284451556, 'pv_heat_weight': 0.0014316568312068762, 'fireplace_heat_weight': 0.17156709601311348, 'tv_heat_weight': 0.44733899208522154, 'solar_lag_minutes': 39.64296569604744, 'slab_time_constant_hours': 4.000456052583566, 'heat_source_channels_enabled': True, 'total_conductance': 0.3, 'equilibrium_ratio': 0.5, 'cycle_count': 5384, 'parameter_updates': 546, 'model_health': 'excellent', 'learning_progress': 1.0, 'is_improving': True, 'improvement_percentage': 18.98162197188421, 'total_predictions': 200, 'learning_confidence': 5.0, 'last_updated': '2026-05-16T05:44:15.579174+00:00', 'delta_t_floor': 2.4857328190130326, 'cloud_factor_exponent': 1.0, 'solar_decay_tau_hours': 1.0577453039619873, 'fp_heat_output_kw': 0.17156709601311348, 'fp_decay_time_constant': 3.9144707244638868, 'room_spread_delay_minutes': 18.0, 'ch_heat_pump_history_count': 200, 'ch_heat_pump_last_error': 0.015176865717659638, 'ch_pv_history_count': 200, 'ch_pv_last_error': -0.02170725151367847, 'ch_fireplace_history_count': 0, 'ch_fireplace_last_error': 0.0, 'ch_tv_history_count': 0, 'ch_tv_last_error': 0.0}}
2026-05-16 07:44:15,594 - DEBUG - Setting HA state for sensor.ml_model_mae: {'state': '0.0296', 'attributes': {'state_class': 'measurement', 'unique_id': 'ml_heating_model_mae', 'friendly_name': 'ML Model MAE', 'unit_of_measurement': '°C', 'icon': 'mdi:chart-line', 'mae_1h': 0.03178713708940636, 'mae_6h': 0.030343335054921077, 'mae_24h': 0.029598769042912955, 'trend_direction': 'improving', 'prediction_count': 200, 'last_updated': '2026-05-16T05:44:15.579174+00:00'}}
2026-05-16 07:44:15,608 - DEBUG - Setting HA state for sensor.ml_model_rmse: {'state': '0.0420', 'attributes': {'state_class': 'measurement', 'unique_id': 'ml_heating_model_rmse', 'friendly_name': 'ML Model RMSE', 'unit_of_measurement': '°C', 'icon': 'mdi:chart-line', 'recent_max_error': 0.17720053426920757, 'std_error': 0.0298, 'mean_bias': 0.0, 'prediction_count': 200, 'last_updated': '2026-05-16T05:44:15.579174+00:00'}}
2026-05-16 07:44:15,623 - DEBUG - Setting HA state for sensor.ml_prediction_accuracy: {'state': '99.4', 'attributes': {'state_class': 'measurement', 'unique_id': 'ml_prediction_accuracy', 'friendly_name': 'ML Prediction Accuracy', 'unit_of_measurement': '%', 'icon': 'mdi:target', 'perfect_accuracy_pct': 0.0, 'tolerable_accuracy_pct': 99.375, 'poor_accuracy_pct': 0.625, 'prediction_count_24h': 0, 'excellent_all_time_pct': 97.5, 'good_all_time_pct': 100.0, 'last_updated': '2026-05-16T05:44:15.579174+00:00'}}
2026-05-16 07:44:15,641 - DEBUG - Logged refactored sensor metrics to HA
2026-05-16 07:44:15,641 - DEBUG - Logging feature importance
2026-05-16 07:44:15,641 - DEBUG - Setting HA state for sensor.ml_feature_importance: {'state': '5', 'attributes': {'state_class': 'measurement', 'unique_id': 'ml_heating_feature_importance', 'friendly_name': 'ML Feature Importance', 'unit_of_measurement': '%', 'icon': 'mdi:format-list-numbered', 'top_features': {'target_temp': 52.79, 'tv_power': 28.51, 'fireplace': 10.93, 'outdoor_temp': 7.67, 'pv_power': 0.09}, 'last_updated': '2026-05-16T05:44:15.641828+00:00'}}
2026-05-16 07:44:15,656 - INFO - ✅ Exported metrics to Home Assistant sensors successfully
2026-05-16 07:44:15,656 - INFO - ✅ Learning cycle 5384: error=0.022°C, confidence=5.000, total_predictions=200
2026-05-16 07:44:15,656 - DEBUG - ✅ Online learning: applied_temp=21.1°C, actual_change=0.000°C, cycle=5384
2026-05-16 07:44:15,656 - DEBUG - 🔥 Heating mode active (state: heat)
2026-05-16 07:44:15,656 - DEBUG - ♻️ Reusing existing Model Wrapper instance
2026-05-16 07:44:15,683 - DEBUG - Fireplace is OFF. Using main indoor temp for prediction.
2026-05-16 07:44:15,821 - DEBUG - PV forecast parsed successfully: [2940.0, 4518.0, 3837.0, 3509.5, 4411.8, 3866.5, 1549.5, 2641.2, 2464.0, 2276.8, 1466.2, 546.2]W
2026-05-16 07:44:15,821 - DEBUG - Solar correction: enabled=True, percent=100.0%, factor=1.000
2026-05-16 07:44:15,839 - DEBUG - Delta calibration applied: offset=+0.52°C
2026-05-16 07:44:15,840 - DEBUG - Raw forecasts: [5.1, 7.3, 8.2, 9.1, 8.6, 10.0, 10.4, 9.5, 10.1, 10.3, 9.8, 9.8]
2026-05-16 07:44:15,840 - DEBUG - Calibrated forecasts: [5.62, 7.82, 8.72, 9.62, 9.12, 10.52, 10.92, 10.02, 10.62, 10.82, 10.32, 10.32]
2026-05-16 07:44:15,844 - INFO - ☀️ Forecast trajectory: no sunset within 12-step horizon → inactive, 4 steps
2026-05-16 07:44:15,844 - DEBUG - Heating obs buffer: resolved 1 new label(s) this cycle
2026-05-16 07:44:15,866 - DEBUG - ♻️ Reusing existing Model Wrapper instance
2026-05-16 07:44:15,871 - INFO - DEBUG: Wrapper params: U=0.12035197370821737, eff=0.8283017284451556, tau=4.8345275867350885
2026-05-16 07:44:15,871 - INFO - ☀️ PV surplus 3820W (threshold 1500W): target 22.6 → 23.1°C (CHEAP ramp offset +0.50)
2026-05-16 07:44:15,871 - DEBUG - 🔧 Using natural bounds: outlet_min=21.0°C, outlet_max=35.0°C
2026-05-16 07:44:15,871 - INFO - 🌡️ Using cycle-aligned forecast (10min): outdoor=5.6°C (vs current 5.6°C), PV=1238W (vs current 1083W)
2026-05-16 07:44:15,872 - DEBUG - DEBUG: Using PV history (len=18) instead of scalar 1237.75
2026-05-16 07:44:15,872 - INFO - 🔄 HP off (delta_t=-0.06, mode=heating): simulating HP-on delta_t=2.49 for binary search
2026-05-16 07:44:15,872 - DEBUG - 🎯 Binary search start: target=23.1°C, current=22.7°C, range=21.0-35.0°C
2026-05-16 07:44:15,872 - DEBUG - 🔍 Binary search features: inlet_temp=24.060000000000002, delta_t_floor=2.49, indoor_temp_delta_60m=0.2130, horizon=4.0h, outlet_mid=28.0°C
2026-05-16 07:44:15,873 - DEBUG - ✅ Binary search trajectory OK (iter 1): outlet=28.0°C → predicted=24.91°C (steps=24, start=22.82→end=24.91)
2026-05-16 07:44:15,873 - DEBUG -    Iteration 1: outlet=28.0°C → predicted=24.91°C, error=1.811°C (range: 21.0-35.0°C)
2026-05-16 07:44:15,873 - DEBUG -      → Heating: Predicted too high, lowering maximum to 28.0°C
2026-05-16 07:44:15,874 - DEBUG -    Iteration 2: outlet=24.5°C → predicted=23.82°C, error=0.722°C (range: 21.0-28.0°C)
2026-05-16 07:44:15,874 - DEBUG -      → Heating: Predicted too high, lowering maximum to 24.5°C
2026-05-16 07:44:15,875 - DEBUG -    Iteration 3: outlet=22.8°C → predicted=23.77°C, error=0.667°C (range: 21.0-24.5°C)
2026-05-16 07:44:15,875 - DEBUG -      → Heating: Predicted too high, lowering maximum to 22.8°C
2026-05-16 07:44:15,875 - DEBUG -    Iteration 4: outlet=21.9°C → predicted=23.77°C, error=0.667°C (range: 21.0-22.8°C)
2026-05-16 07:44:15,876 - DEBUG -      → Heating: Predicted too high, lowering maximum to 21.9°C
2026-05-16 07:44:15,877 - DEBUG -    Iteration 5: outlet=21.4°C → predicted=23.77°C, error=0.667°C (range: 21.0-21.9°C)
2026-05-16 07:44:15,877 - DEBUG -      → Heating: Predicted too high, lowering maximum to 21.4°C
2026-05-16 07:44:15,878 - DEBUG -    Iteration 6: outlet=21.2°C → predicted=23.77°C, error=0.667°C (range: 21.0-21.4°C)
2026-05-16 07:44:15,878 - DEBUG -      → Heating: Predicted too high, lowering maximum to 21.2°C
2026-05-16 07:44:15,879 - DEBUG -    Iteration 7: outlet=21.1°C → predicted=23.77°C, error=0.667°C (range: 21.0-21.2°C)
2026-05-16 07:44:15,880 - DEBUG -      → Heating: Predicted too high, lowering maximum to 21.1°C
2026-05-16 07:44:15,881 - DEBUG -    Iteration 8: outlet=21.1°C → predicted=23.77°C, error=0.667°C (range: 21.0-21.1°C)
2026-05-16 07:44:15,881 - DEBUG -      → Heating: Predicted too high, lowering maximum to 21.1°C
2026-05-16 07:44:15,883 - DEBUG -    Iteration 9: outlet=21.0°C → predicted=23.77°C, error=0.667°C (range: 21.0-21.1°C)
2026-05-16 07:44:15,883 - DEBUG -      → Heating: Predicted too high, lowering maximum to 21.0°C
2026-05-16 07:44:15,883 - INFO - 🔄 Binary search early exit after 10 iterations: range collapsed to 0.027°C, using 21.0°C
2026-05-16 07:44:15,884 - DEBUG - Slab: inlet=24.1°C, outlet=21.0°C, Δ=-3.0°C, τ=4.00h
2026-05-16 07:44:15,884 - DEBUG - 🔍 Trajectory prediction using forecast arrays: outdoor=[5.615625000000001, 5.62, 7.82, 8.72, 9.62], PV=[1083.0, 2940.0, 4518.0, 3837.0, 3509.5]
2026-05-16 07:44:15,884 - DEBUG - 🔍 Trajectory DEBUG: outlet=21.0°C → 0.2h_prediction=22.76°C (vs target 23.1°C, error: -0.337°C), reaches_target_at=1.1666666666666665h, cycle_time=0.2h
2026-05-16 07:44:15,884 - DEBUG - 🔍 Trajectory predictions for target 23.1°C:
2026-05-16 07:44:15,884 - DEBUG -     0.2h: 22.76°C → target 23.10°C (error: -0.34°C)
2026-05-16 07:44:15,884 - DEBUG -     0.3h: 22.82°C → target 23.10°C (error: -0.28°C)
2026-05-16 07:44:15,884 - DEBUG -     0.5h: 22.87°C → target 23.10°C (error: -0.23°C)
2026-05-16 07:44:15,884 - DEBUG -     0.7h: 22.91°C → target 23.10°C (error: -0.19°C)
2026-05-16 07:44:15,884 - DEBUG -     0.8h: 22.95°C → target 23.10°C (error: -0.15°C)
2026-05-16 07:44:15,884 - DEBUG -     1.0h: 22.99°C → target 23.10°C (error: -0.11°C)
2026-05-16 07:44:15,884 - DEBUG -     1.2h: 23.04°C → target 23.10°C (error: -0.06°C)
2026-05-16 07:44:15,884 - DEBUG -     1.3h: 23.09°C → target 23.10°C (error: -0.01°C)
2026-05-16 07:44:15,884 - DEBUG -     1.5h: 23.14°C → target 23.10°C (error: +0.04°C)
2026-05-16 07:44:15,884 - DEBUG -     1.7h: 23.18°C → target 23.10°C (error: +0.08°C)
2026-05-16 07:44:15,884 - DEBUG -     1.8h: 23.23°C → target 23.10°C (error: +0.13°C)
2026-05-16 07:44:15,884 - DEBUG -     2.0h: 23.28°C → target 23.10°C (error: +0.18°C)
2026-05-16 07:44:15,885 - DEBUG -     2.2h: 23.33°C → target 23.10°C (error: +0.23°C)
2026-05-16 07:44:15,885 - DEBUG -     2.3h: 23.38°C → target 23.10°C (error: +0.28°C)
2026-05-16 07:44:15,885 - DEBUG -     2.5h: 23.42°C → target 23.10°C (error: +0.32°C)
2026-05-16 07:44:15,885 - DEBUG -     2.7h: 23.46°C → target 23.10°C (error: +0.36°C)
2026-05-16 07:44:15,885 - DEBUG -     2.8h: 23.51°C → target 23.10°C (error: +0.41°C)
2026-05-16 07:44:15,885 - DEBUG -     3.0h: 23.55°C → target 23.10°C (error: +0.45°C)
2026-05-16 07:44:15,885 - DEBUG -     3.2h: 23.59°C → target 23.10°C (error: +0.49°C)
2026-05-16 07:44:15,885 - DEBUG -     3.3h: 23.62°C → target 23.10°C (error: +0.52°C)
2026-05-16 07:44:15,885 - DEBUG -     3.5h: 23.66°C → target 23.10°C (error: +0.56°C)
2026-05-16 07:44:15,885 - DEBUG -     3.7h: 23.70°C → target 23.10°C (error: +0.60°C)
2026-05-16 07:44:15,885 - DEBUG -     3.8h: 23.73°C → target 23.10°C (error: +0.63°C)
2026-05-16 07:44:15,885 - DEBUG -     4.0h: 23.77°C → target 23.10°C (error: +0.67°C)
2026-05-16 07:44:15,885 - INFO - ⚠️ Target will NOT be reached within 0.2h cycle (+tolerance) - applying physics-based correction
2026-05-16 07:44:15,885 - INFO - 🔄 [Newton] Skipping overshoot correction (both violated, max wins): projected indoor 22.98°C < target+0.1 (23.2°C) — house self-correcting
2026-05-16 07:44:15,888 - DEBUG - HeatingCorrectionMLModel: raw ΔT_outlet=-0.336°C (R²=0.8638)
2026-05-16 07:44:15,888 - INFO - 🤖 [ML correction] R²=0.864 w=0.864 Δphysics=+0.000°C Δml=-0.336°C Δblend=-0.290°C → outlet=21.0°C
2026-05-16 07:44:15,888 - DEBUG - 🧠 Smart rounding is using cycle-aligned forecast: PV=1238W (caller sent PV=1083W)
2026-05-16 07:44:15,889 - INFO - 🎯 Prediction: Current 22.86°C → Target 22.6°C | Calculated outlet: 21.0°C (before smart rounding) (confidence: 5.000)
2026-05-16 07:44:15,889 - DEBUG - Model Wrapper: temp=21.0°C, error=0.260°C, confidence=5.000
2026-05-16 07:44:15,889 - DEBUG - EMA smoothing: 21.00°C → 21.0°C (last=21.1, α=0.50)
2026-05-16 07:44:15,889 - DEBUG - Smart rounding: 21.00°C is already integer
2026-05-16 07:44:15,889 - DEBUG - Setting target outlet temp
2026-05-16 07:44:15,889 - DEBUG - Setting HA state for sensor.ml_vorlauftemperatur: {'state': '21.0', 'attributes': {'state_class': 'measurement', 'unique_id': 'ml_heating_target_outlet_temp', 'friendly_name': 'ML Target Outlet Temp', 'unit_of_measurement': '°C', 'device_class': 'temperature', 'icon': 'mdi:thermometer-water'}}
2026-05-16 07:44:15,904 - DEBUG - Logging thermal model metrics
2026-05-16 07:44:15,904 - DEBUG - Setting HA state for sensor.ml_heating_state: {'state': '0', 'attributes': {'state_class': 'measurement', 'unique_id': 'ml_heating_state', 'friendly_name': 'ML Heating State', 'unit_of_measurement': 'state', 'icon': 'mdi:information-outline', 'state_description': 'OK - Prediction done', 'confidence': 5.0, 'suggested_temp': 21.0, 'final_temp': 21.0, 'predicted_indoor': 22.62, 'last_prediction_time': '2026-05-16T05:44:15.904856+00:00', 'temperature_error': 0.26, 'pre_cool_active': False, 'pre_cool_peak_temp': None, 'pre_cool_peak_hour': None}}
2026-05-16 07:44:15,920 - DEBUG - ✅ ACTIVE MODE: ML controlling heating via input_boolean.ml_heating
2026-05-16 07:44:15,922 - DEBUG - 🧠 Smart rounding is using cycle-aligned forecast: PV=1238W (caller sent PV=1083W)
2026-05-16 07:44:15,922 - DEBUG - Target: 22.6°C | Suggested: 21.0°C | Applied: 21.0°C | Actual Indoor: 22.86°C | Predicted Indoor: 22.79°C | Confidence: 5.000
2026-05-16 07:44:15,922 - INFO - Target: 22.6°C | Suggested: 21.0°C | Applied: 21.0°C | Actual Indoor: 22.86°C | Predicted Indoor: 22.79°C | Confidence: 5.000
2026-05-16 07:44:16,113 - DEBUG - 💾 Saved unified thermal state to /config/ml_heating/unified_thermal_state.json
2026-05-16 07:44:16,115 - DEBUG - Operational state saved to /config/ml_heating/unified_thermal_state.json; updated keys: ['last_run_features', 'last_indoor_temp', 'last_avg_other_rooms_temp', 'last_fireplace_on', 'last_final_temp', 'last_climate_mode', 'last_target_indoor_temp', 'last_predicted_indoor', 'last_is_blocking', 'last_blocking_reasons', 'setpoint_hold_cycles_remaining']
2026-05-16 07:44:16,116 - DEBUG - Setting HA state for sensor.ml_heating_features: {'state': '22.48', 'attributes': {'state_class': 'measurement', 'unique_id': 'ml_heating_features', 'friendly_name': 'ML Heating Features', 'unit_of_measurement': '°C', 'device_class': 'temperature', 'icon': 'mdi:feature-search-outline', 'living_room_temp': 22.48, 'outlet_temp': 24.0, 'indoor_temp_lag_30m': 22.683, 'target_temp': 22.6, 'outdoor_temp': 5.615625000000001, 'dhw_heating': 0.0, 'dhw_disinfection': 0.0, 'dhw_boost_heater': 0.0, 'defrosting': 0.0, 'pv_now': 3820.0, 'pv_now_electrical': 3820.0, 'solar_correction_percent': 100.0, 'solar_correction_factor': 1.0, 'solar_correction_enabled': 1.0, 'fireplace_on': 0.0, 'tv_on': 0.0, 'temp_forecast_1h': 5.62, 'temp_forecast_2h': 7.82, 'temp_forecast_3h': 8.72, 'temp_forecast_4h': 9.62, 'temp_forecast_5h': 9.12, 'temp_forecast_6h': 10.52, 'temp_forecast_7h': 10.92, 'temp_forecast_8h': 10.02, 'temp_forecast_9h': 10.62, 'temp_forecast_10h': 10.82, 'temp_forecast_11h': 10.32, 'temp_forecast_12h': 10.32, 'pv_forecast_1h': 2940.0, 'pv_forecast_2h': 4518.0, 'pv_forecast_3h': 3837.0, 'pv_forecast_4h': 3509.5, 'pv_forecast_5h': 4411.8, 'pv_forecast_6h': 3866.5, 'pv_forecast_7h': 1549.5, 'pv_forecast_8h': 2641.2, 'pv_forecast_9h': 2464.0, 'pv_forecast_10h': 2276.8, 'pv_forecast_11h': 1466.2, 'pv_forecast_12h': 546.2, 'pv_forecast_electrical_1h': 2940.0, 'pv_forecast_electrical_2h': 4518.0, 'pv_forecast_electrical_3h': 3837.0, 'pv_forecast_electrical_4h': 3509.5, 'pv_forecast_electrical_5h': 4411.8, 'pv_forecast_electrical_6h': 3866.5, 'pv_forecast_electrical_7h': 1549.5, 'pv_forecast_electrical_8h': 2641.2, 'pv_forecast_electrical_9h': 2464.0, 'pv_forecast_electrical_10h': 2276.8, 'pv_forecast_electrical_11h': 1466.2, 'pv_forecast_electrical_12h': 546.2, 'cloud_cover_forecast_1h': 0.0, 'cloud_cover_forecast_2h': 0.0, 'cloud_cover_forecast_3h': 0.0, 'cloud_cover_forecast_4h': 0.0, 'cloud_cover_forecast_5h': 0.0, 'cloud_cover_forecast_6h': 0.0, 'cloud_cover_forecast_7h': 0.0, 'cloud_cover_forecast_8h': 0.0, 'cloud_cover_forecast_9h': 0.0, 'cloud_cover_forecast_10h': 0.0, 'cloud_cover_forecast_11h': 0.0, 'cloud_cover_forecast_12h': 0.0, 'temp_diff_indoor_outdoor': 17.224375, 'indoor_temp_gradient': 0.744000000000014, 'outlet_indoor_diff': 1.1600000000000001, 'indoor_temp_lag_10m': 22.844, 'indoor_temp_lag_60m': 22.627, 'outlet_temp_lag_30m': 24.099999999999998, 'outlet_temp_change': 0.0, 'indoor_temp_delta_10m': -0.004000000000001336, 'indoor_temp_delta_30m': 0.15700000000000003, 'indoor_temp_delta_60m': 0.21300000000000097, 'hour_sin': 0.9659258262890683, 'hour_cos': -0.25881904510252063, 'month_sin': 0.8660254037844387, 'month_cos': -0.4999999999999998, 'outlet_effectiveness_ratio': 0.20689655172413657, 'inlet_temp': 24.060000000000002, 'flow_rate': 14.0, 'power_consumption': 19.0, 'delta_t': -0.060000000000002274, 'thermal_power_kw': -0.058604000000002224, 'cop_realtime': 0.0, 'temp_trend_forecast': 1.0010937499999994, 'heating_demand_forecast': 1.2980000000000003, 'combined_forecast_thermal_load': -2.2115, 'pv_power_history': [0.0, 0.0, 8.0, 13.0, 29.0, 52.0, 111.0, 201.0, 488.0, 980.0, 1111.0, 1638.0, 2246.0, 2745.0, 2378.0, 1918.0, 1972.0, 3604.0], 'pv_power_history_electrical': [0.0, 0.0, 8.0, 13.0, 29.0, 52.0, 111.0, 201.0, 488.0, 980.0, 1111.0, 1638.0, 2246.0, 2745.0, 2378.0, 1918.0, 1972.0, 3604.0], 'wind_speed': 8.7, 'is_weekend': 1.0, 'indoor_margin_rate': 0.0, 'last_updated': '2026-05-16T05:44:16.115775+00:00'}}
2026-05-16 07:44:16,129 - DEBUG - Published 93 features to sensor.ml_heating_features
2026-05-16 07:44:16,129 - DEBUG - ✅ CYCLE 46 END: 07:44:16 (duration: 1.4s)
2026-05-16 07:44:16,130 - DEBUG - 💤 POLLING START: Waiting 30min until next cycle...
2026-05-16 07:44:16,178 - DEBUG - Active sampling: buffered 6 readings
127.0.0.1 - - [16/May/2026 07:44:34] "GET /health HTTP/1.1" 200 -
127.0.0.1 - - [16/May/2026 07:45:04] "GET /health HTTP/1.1" 200 -
2026-05-16 07:45:16,209 - DEBUG - Active sampling: buffered 6 readings
127.0.0.1 - - [16/May/2026 07:45:34] "GET /health HTTP/1.1" 200 -
127.0.0.1 - - [16/May/2026 07:46:04] "GET /health HTTP/1.1" 200 -
2026-05-16 07:46:16,241 - DEBUG - Active sampling: buffered 6 readings
127.0.0.1 - - [16/May/2026 07:46:34] "GET /health HTTP/1.1" 200 -
127.0.0.1 - - [16/May/2026 07:47:04] "GET /health HTTP/1.1" 200 -
2026-05-16 07:47:16,271 - DEBUG - Active sampling: buffered 6 readings
127.0.0.1 - - [16/May/2026 07:47:34] "GET /health HTTP/1.1" 200 -
127.0.0.1 - - [16/May/2026 07:48:04] "GET /health HTTP/1.1" 200 -
2026-05-16 07:48:16,303 - DEBUG - Active sampling: buffered 6 readings
127.0.0.1 - - [16/May/2026 07:48:34] "GET /health HTTP/1.1" 200 -
127.0.0.1 - - [16/May/2026 07:49:04] "GET /health HTTP/1.1" 200 -
2026-05-16 07:49:16,335 - DEBUG - Active sampling: buffered 6 readings
127.0.0.1 - - [16/May/2026 07:49:35] "GET /health HTTP/1.1" 200 -
127.0.0.1 - - [16/May/2026 07:50:05] "GET /health HTTP/1.1" 200 -
2026-05-16 07:50:16,365 - DEBUG - Active sampling: buffered 6 readings
127.0.0.1 - - [16/May/2026 07:50:35] "GET /health HTTP/1.1" 200 -
127.0.0.1 - - [16/May/2026 07:51:05] "GET /health HTTP/1.1" 200 -
2026-05-16 07:51:16,488 - DEBUG - Active sampling: buffered 6 readings
127.0.0.1 - - [16/May/2026 07:51:35] "GET /health HTTP/1.1" 200 -
127.0.0.1 - - [16/May/2026 07:52:05] "GET /health HTTP/1.1" 200 -
2026-05-16 07:52:16,519 - DEBUG - Active sampling: buffered 6 readings
127.0.0.1 - - [16/May/2026 07:52:35] "GET /health HTTP/1.1" 200 -
127.0.0.1 - - [16/May/2026 07:53:05] "GET /health HTTP/1.1" 200 -
2026-05-16 07:53:16,549 - DEBUG - Active sampling: buffered 6 readings
127.0.0.1 - - [16/May/2026 07:53:35] "GET /health HTTP/1.1" 200 -
127.0.0.1 - - [16/May/2026 07:54:05] "GET /health HTTP/1.1" 200 -
2026-05-16 07:54:16,550 - DEBUG - ⏰ POLLING END: Waited 10.0min, starting next cycle...
2026-05-16 07:54:16,551 - DEBUG - 🔄 CYCLE 47 START: 07:54:16 (interval: 10.0min since last cycle)
2026-05-16 07:54:16,551 - DEBUG - ♻️ Reusing existing Model Wrapper instance
2026-05-16 07:54:16,551 - INFO - Successfully loaded operational state from /config/ml_heating/unified_thermal_state.json
2026-05-16 07:54:16,580 - DEBUG - Setting HA state for sensor.ml_heating_cop_realtime: {'state': '0.00', 'attributes': {'state_class': 'measurement', 'unique_id': 'ml_heating_cop_realtime', 'friendly_name': 'ML Heating COP (Realtime)', 'unit_of_measurement': 'COP', 'icon': 'mdi:heat-pump', 'device_class': 'power_factor'}}
2026-05-16 07:54:16,592 - DEBUG - Setting HA state for sensor.ml_heating_thermal_power: {'state': '-0.098', 'attributes': {'state_class': 'measurement', 'unique_id': 'ml_heating_thermal_power', 'friendly_name': 'ML Heating Thermal Power', 'unit_of_measurement': 'kW', 'icon': 'mdi:flash', 'device_class': 'power'}}
2026-05-16 07:54:16,628 - DEBUG - Wrote thermodynamic metrics to InfluxDB
2026-05-16 07:54:16,629 - DEBUG - Thermodynamic sensors updated: COP=0.00, Power=-0.098kW
2026-05-16 07:54:16,629 - DEBUG - ♻️ Reusing existing Model Wrapper instance
2026-05-16 07:54:16,629 - DEBUG - 🎯 ACTIVE MODE LEARNING (trajectory): Verifying ML prediction accuracy for 21.0°C outlet setting
2026-05-16 07:54:16,631 - DEBUG - ☀️ SolarChannel self-learned: avg_error=0.019, pv_heat_weight=0.00145, solar_lag=39.6min, cloud_exp=1.00, solar_decay_tau=1.06h
2026-05-16 07:54:16,631 - INFO - ☀️ pv parameter update: attributed_error=-0.027612 | pv_heat_weight: 0.001432→0.001451 (Δ+0.000019) | solar_decay_tau_hours: 1.057745→1.057755 (Δ+0.000010) | solar_lag_minutes: 39.642966→39.637456 (Δ-0.005510)
2026-05-16 07:54:16,632 - INFO - Channel routing → [☀️ pv*] | error=-0.0276 | pv_current=3820W pv_smoothed=1083W | params_changed=pv
2026-05-16 07:54:16,823 - DEBUG - 💾 Saved unified thermal state to /config/ml_heating/unified_thermal_state.json
2026-05-16 07:54:16,825 - DEBUG - Skipping legacy global adaptation: channel mode owns recent-window learning
2026-05-16 07:54:17,014 - DEBUG - 💾 Saved unified thermal state to /config/ml_heating/unified_thermal_state.json
2026-05-16 07:54:17,016 - DEBUG - Prediction feedback: error=-0.028°C, confidence=5.000
2026-05-16 07:54:17,206 - DEBUG - 💾 Saved unified thermal state to /config/ml_heating/unified_thermal_state.json
2026-05-16 07:54:17,208 - DEBUG - 💾 Saved 200 predictions to unified thermal state
2026-05-16 07:54:17,208 - DEBUG - Added prediction: pred=22.89, actual=22.86, error=-0.028
2026-05-16 07:54:17,396 - DEBUG - 💾 Saved unified thermal state to /config/ml_heating/unified_thermal_state.json
2026-05-16 07:54:17,421 - DEBUG - Wrote prediction metrics to InfluxDB bucket 'ml_heating_features' with MAE(1h)=0.033
2026-05-16 07:54:17,421 - DEBUG - ✅ Exported prediction metrics to InfluxDB
2026-05-16 07:54:17,432 - DEBUG - Wrote thermal learning metrics to InfluxDB: effectiveness=0.828, confidence=5.00
2026-05-16 07:54:17,432 - DEBUG - ✅ Exported thermal learning metrics to InfluxDB
2026-05-16 07:54:17,445 - DEBUG - Wrote feature importances to Influx bucket 'ml_heating_features' (measurement=feature_importance) with timestamp 2026-05-16T05:54:17.432753+00:00
2026-05-16 07:54:17,445 - DEBUG - ✅ Exported feature importance to InfluxDB
2026-05-16 07:54:17,456 - DEBUG - Wrote learning phase metrics to InfluxDB: phase=high_confidence, stability=1.00
2026-05-16 07:54:17,456 - DEBUG - ✅ Exported learning phase metrics to InfluxDB
2026-05-16 07:54:17,468 - DEBUG - Wrote trajectory prediction metrics to InfluxDB: horizon=4h, mae_1h=0.033
2026-05-16 07:54:17,468 - DEBUG - ✅ Exported trajectory prediction metrics to InfluxDB
2026-05-16 07:54:17,468 - INFO - 📊 Exported all adaptive learning metrics to InfluxDB (cycle 5385)
2026-05-16 07:54:17,470 - DEBUG - Setting HA state for sensor.ml_model_mae: {'state': '0.0296', 'attributes': {'state_class': 'measurement', 'unique_id': 'ml_heating_model_mae', 'friendly_name': 'ML Model MAE', 'unit_of_measurement': '°C', 'icon': 'mdi:chart-line', 'last_updated': '2026-05-16T05:54:17.470931+00:00'}}
2026-05-16 07:54:17,484 - DEBUG - Setting HA state for sensor.ml_model_rmse: {'state': '0.0420', 'attributes': {'state_class': 'measurement', 'unique_id': 'ml_heating_model_rmse', 'friendly_name': 'ML Model RMSE', 'unit_of_measurement': '°C', 'icon': 'mdi:chart-line', 'last_updated': '2026-05-16T05:54:17.470931+00:00'}}
2026-05-16 07:54:17,498 - DEBUG - Setting HA state for sensor.ml_heating_learning: {'state': '5.000', 'attributes': {'state_class': 'measurement', 'unique_id': 'ml_heating_learning', 'friendly_name': 'ML Adaptive Learning Metrics', 'unit_of_measurement': 'metrics', 'icon': 'mdi:brain', 'thermal_time_constant': 4.8345275867350885, 'heat_loss_coefficient': 0.12035197370821737, 'outlet_effectiveness': 0.8283017284451556, 'pv_heat_weight': 0.0014508819709697764, 'fireplace_heat_weight': 0.17156709601311348, 'tv_heat_weight': 0.44733899208522154, 'solar_lag_minutes': 39.637455717588225, 'slab_time_constant_hours': 4.000456052583566, 'heat_source_channels_enabled': True, 'total_conductance': 0.3, 'equilibrium_ratio': 0.5, 'cycle_count': 5385, 'parameter_updates': 547, 'model_health': 'excellent', 'learning_progress': 1.0, 'is_improving': True, 'improvement_percentage': 18.71028603655066, 'total_predictions': 200, 'learning_confidence': 5.0, 'last_updated': '2026-05-16T05:54:17.498279+00:00', 'delta_t_floor': 2.4857328190130326, 'cloud_factor_exponent': 1.0, 'solar_decay_tau_hours': 1.0577549165318687, 'fp_heat_output_kw': 0.17156709601311348, 'fp_decay_time_constant': 3.9144707244638868, 'room_spread_delay_minutes': 18.0, 'ch_heat_pump_history_count': 200, 'ch_heat_pump_last_error': 0.015176865717659638, 'ch_pv_history_count': 200, 'ch_pv_last_error': -0.02761210427118499, 'ch_fireplace_history_count': 0, 'ch_fireplace_last_error': 0.0, 'ch_tv_history_count': 0, 'ch_tv_last_error': 0.0}}
2026-05-16 07:54:17,512 - DEBUG - Setting HA state for sensor.ml_model_mae: {'state': '0.0296', 'attributes': {'state_class': 'measurement', 'unique_id': 'ml_heating_model_mae', 'friendly_name': 'ML Model MAE', 'unit_of_measurement': '°C', 'icon': 'mdi:chart-line', 'mae_1h': 0.0328234069688668, 'mae_6h': 0.030437931522396797, 'mae_24h': 0.029605254507198923, 'trend_direction': 'improving', 'prediction_count': 200, 'last_updated': '2026-05-16T05:54:17.498279+00:00'}}
2026-05-16 07:54:17,527 - DEBUG - Setting HA state for sensor.ml_model_rmse: {'state': '0.0420', 'attributes': {'state_class': 'measurement', 'unique_id': 'ml_heating_model_rmse', 'friendly_name': 'ML Model RMSE', 'unit_of_measurement': '°C', 'icon': 'mdi:chart-line', 'recent_max_error': 0.17720053426920757, 'std_error': 0.0298, 'mean_bias': 0.0, 'prediction_count': 200, 'last_updated': '2026-05-16T05:54:17.498279+00:00'}}
2026-05-16 07:54:17,541 - DEBUG - Setting HA state for sensor.ml_prediction_accuracy: {'state': '99.4', 'attributes': {'state_class': 'measurement', 'unique_id': 'ml_prediction_accuracy', 'friendly_name': 'ML Prediction Accuracy', 'unit_of_measurement': '%', 'icon': 'mdi:target', 'perfect_accuracy_pct': 0.0, 'tolerable_accuracy_pct': 99.375, 'poor_accuracy_pct': 0.625, 'prediction_count_24h': 0, 'excellent_all_time_pct': 97.5, 'good_all_time_pct': 100.0, 'last_updated': '2026-05-16T05:54:17.498279+00:00'}}
2026-05-16 07:54:17,554 - DEBUG - Logged refactored sensor metrics to HA
2026-05-16 07:54:17,555 - DEBUG - Logging feature importance
2026-05-16 07:54:17,555 - DEBUG - Setting HA state for sensor.ml_feature_importance: {'state': '5', 'attributes': {'state_class': 'measurement', 'unique_id': 'ml_heating_feature_importance', 'friendly_name': 'ML Feature Importance', 'unit_of_measurement': '%', 'icon': 'mdi:format-list-numbered', 'top_features': {'target_temp': 52.79, 'tv_power': 28.51, 'fireplace': 10.93, 'outdoor_temp': 7.67, 'pv_power': 0.09}, 'last_updated': '2026-05-16T05:54:17.555195+00:00'}}
2026-05-16 07:54:17,569 - INFO - ✅ Exported metrics to Home Assistant sensors successfully
2026-05-16 07:54:17,569 - INFO - ✅ Learning cycle 5385: error=0.028°C, confidence=5.000, total_predictions=200
2026-05-16 07:54:17,569 - DEBUG - ✅ Online learning: applied_temp=21.0°C, actual_change=0.000°C, cycle=5385
2026-05-16 07:54:17,569 - DEBUG - 🔥 Heating mode active (state: heat)
2026-05-16 07:54:17,569 - DEBUG - ♻️ Reusing existing Model Wrapper instance
2026-05-16 07:54:17,597 - DEBUG - Fireplace is OFF. Using main indoor temp for prediction.
2026-05-16 07:54:17,736 - DEBUG - PV forecast parsed successfully: [3208.2, 4941.5, 3566.5, 3821.8, 4006.5, 3335.5, 2129.5, 2346.8, 2714.0, 2002.2, 1210.2, 356.0]W
2026-05-16 07:54:17,737 - DEBUG - Solar correction: enabled=True, percent=100.0%, factor=1.000
2026-05-16 07:54:17,755 - DEBUG - Delta calibration applied: offset=+0.79°C
2026-05-16 07:54:17,755 - DEBUG - Raw forecasts: [5.1, 7.3, 8.2, 9.1, 8.6, 10.0, 10.4, 9.5, 10.1, 10.3, 9.8, 9.8]
2026-05-16 07:54:17,756 - DEBUG - Calibrated forecasts: [5.89, 8.09, 8.99, 9.89, 9.39, 10.79, 11.19, 10.29, 10.89, 11.09, 10.59, 10.59]
2026-05-16 07:54:17,760 - INFO - ☀️ Forecast trajectory: no sunset within 12-step horizon → inactive, 4 steps
2026-05-16 07:54:17,760 - DEBUG - Heating obs buffer: resolved 1 new label(s) this cycle
2026-05-16 07:54:17,783 - DEBUG - ♻️ Reusing existing Model Wrapper instance
2026-05-16 07:54:17,788 - INFO - DEBUG: Wrapper params: U=0.12035197370821737, eff=0.8283017284451556, tau=4.8345275867350885
2026-05-16 07:54:17,788 - INFO - ☀️ PV surplus 4280W (threshold 1500W): target 22.6 → 23.1°C (CHEAP ramp offset +0.50)
2026-05-16 07:54:17,789 - DEBUG - 🔧 Using natural bounds: outlet_min=21.0°C, outlet_max=35.0°C
2026-05-16 07:54:17,789 - INFO - 🌡️ Using cycle-aligned forecast (10min): outdoor=5.9°C (vs current 5.9°C), PV=1517W (vs current 1363W)
2026-05-16 07:54:17,789 - DEBUG - DEBUG: Using PV history (len=18) instead of scalar 1517.1740740740738
2026-05-16 07:54:17,789 - INFO - 🔄 HP off (delta_t=-0.10, mode=heating): simulating HP-on delta_t=2.49 for binary search
2026-05-16 07:54:17,789 - DEBUG - 🎯 Binary search start: target=23.1°C, current=22.8°C, range=21.0-35.0°C
2026-05-16 07:54:17,789 - DEBUG - 🔍 Binary search features: inlet_temp=24.0, delta_t_floor=2.49, indoor_temp_delta_60m=0.2303, horizon=4.0h, outlet_mid=28.0°C
2026-05-16 07:54:17,790 - DEBUG - ✅ Binary search trajectory OK (iter 1): outlet=28.0°C → predicted=25.05°C (steps=24, start=22.99→end=25.05)
2026-05-16 07:54:17,790 - DEBUG -    Iteration 1: outlet=28.0°C → predicted=25.05°C, error=1.949°C (range: 21.0-35.0°C)
2026-05-16 07:54:17,790 - DEBUG -      → Heating: Predicted too high, lowering maximum to 28.0°C
2026-05-16 07:54:17,791 - DEBUG -    Iteration 2: outlet=24.5°C → predicted=23.96°C, error=0.860°C (range: 21.0-28.0°C)
2026-05-16 07:54:17,791 - DEBUG -      → Heating: Predicted too high, lowering maximum to 24.5°C
2026-05-16 07:54:17,792 - DEBUG -    Iteration 3: outlet=22.8°C → predicted=23.92°C, error=0.823°C (range: 21.0-24.5°C)
2026-05-16 07:54:17,792 - DEBUG -      → Heating: Predicted too high, lowering maximum to 22.8°C
2026-05-16 07:54:17,793 - DEBUG -    Iteration 4: outlet=21.9°C → predicted=23.92°C, error=0.823°C (range: 21.0-22.8°C)
2026-05-16 07:54:17,793 - DEBUG -      → Heating: Predicted too high, lowering maximum to 21.9°C
2026-05-16 07:54:17,794 - DEBUG -    Iteration 5: outlet=21.4°C → predicted=23.92°C, error=0.823°C (range: 21.0-21.9°C)
2026-05-16 07:54:17,794 - DEBUG -      → Heating: Predicted too high, lowering maximum to 21.4°C
2026-05-16 07:54:17,795 - DEBUG -    Iteration 6: outlet=21.2°C → predicted=23.92°C, error=0.823°C (range: 21.0-21.4°C)
2026-05-16 07:54:17,795 - DEBUG -      → Heating: Predicted too high, lowering maximum to 21.2°C
2026-05-16 07:54:17,796 - DEBUG -    Iteration 7: outlet=21.1°C → predicted=23.92°C, error=0.823°C (range: 21.0-21.2°C)
2026-05-16 07:54:17,796 - DEBUG -      → Heating: Predicted too high, lowering maximum to 21.1°C
2026-05-16 07:54:17,797 - DEBUG -    Iteration 8: outlet=21.1°C → predicted=23.92°C, error=0.823°C (range: 21.0-21.1°C)
2026-05-16 07:54:17,797 - DEBUG -      → Heating: Predicted too high, lowering maximum to 21.1°C
2026-05-16 07:54:17,798 - DEBUG -    Iteration 9: outlet=21.0°C → predicted=23.92°C, error=0.823°C (range: 21.0-21.1°C)
2026-05-16 07:54:17,798 - DEBUG -      → Heating: Predicted too high, lowering maximum to 21.0°C
2026-05-16 07:54:17,798 - INFO - 🔄 Binary search early exit after 10 iterations: range collapsed to 0.027°C, using 21.0°C
2026-05-16 07:54:17,799 - DEBUG - Slab: inlet=24.0°C, outlet=21.0°C, Δ=-3.0°C, τ=4.00h
2026-05-16 07:54:17,799 - DEBUG - 🔍 Trajectory prediction using forecast arrays: outdoor=[5.890625000000001, 5.89, 8.09, 8.99, 9.89], PV=[1363.4444444444443, 3208.2, 4941.5, 3566.5, 3821.8]
2026-05-16 07:54:17,800 - DEBUG - 🔍 Trajectory DEBUG: outlet=21.0°C → 0.2h_prediction=22.93°C (vs target 23.1°C, error: -0.173°C), reaches_target_at=0.5h, cycle_time=0.2h
2026-05-16 07:54:17,800 - DEBUG - 🔍 Trajectory predictions for target 23.1°C:
2026-05-16 07:54:17,800 - DEBUG -     0.2h: 22.93°C → target 23.10°C (error: -0.17°C)
2026-05-16 07:54:17,800 - DEBUG -     0.3h: 22.99°C → target 23.10°C (error: -0.11°C)
2026-05-16 07:54:17,800 - DEBUG -     0.5h: 23.05°C → target 23.10°C (error: -0.05°C)
2026-05-16 07:54:17,800 - DEBUG -     0.7h: 23.09°C → target 23.10°C (error: -0.01°C)
2026-05-16 07:54:17,800 - DEBUG -     0.8h: 23.13°C → target 23.10°C (error: +0.03°C)
2026-05-16 07:54:17,800 - DEBUG -     1.0h: 23.18°C → target 23.10°C (error: +0.08°C)
2026-05-16 07:54:17,800 - DEBUG -     1.2h: 23.23°C → target 23.10°C (error: +0.13°C)
2026-05-16 07:54:17,800 - DEBUG -     1.3h: 23.27°C → target 23.10°C (error: +0.17°C)
2026-05-16 07:54:17,800 - DEBUG -     1.5h: 23.32°C → target 23.10°C (error: +0.22°C)
2026-05-16 07:54:17,800 - DEBUG -     1.7h: 23.37°C → target 23.10°C (error: +0.27°C)
2026-05-16 07:54:17,801 - DEBUG -     1.8h: 23.41°C → target 23.10°C (error: +0.31°C)
2026-05-16 07:54:17,801 - DEBUG -     2.0h: 23.46°C → target 23.10°C (error: +0.36°C)
2026-05-16 07:54:17,801 - DEBUG -     2.2h: 23.51°C → target 23.10°C (error: +0.41°C)
2026-05-16 07:54:17,801 - DEBUG -     2.3h: 23.55°C → target 23.10°C (error: +0.45°C)
2026-05-16 07:54:17,801 - DEBUG -     2.5h: 23.60°C → target 23.10°C (error: +0.50°C)
2026-05-16 07:54:17,801 - DEBUG -     2.7h: 23.64°C → target 23.10°C (error: +0.54°C)
2026-05-16 07:54:17,801 - DEBUG -     2.8h: 23.68°C → target 23.10°C (error: +0.58°C)
2026-05-16 07:54:17,801 - DEBUG -     3.0h: 23.72°C → target 23.10°C (error: +0.62°C)
2026-05-16 07:54:17,801 - DEBUG -     3.2h: 23.75°C → target 23.10°C (error: +0.65°C)
2026-05-16 07:54:17,801 - DEBUG -     3.3h: 23.79°C → target 23.10°C (error: +0.69°C)
2026-05-16 07:54:17,801 - DEBUG -     3.5h: 23.82°C → target 23.10°C (error: +0.72°C)
2026-05-16 07:54:17,801 - DEBUG -     3.7h: 23.86°C → target 23.10°C (error: +0.76°C)
2026-05-16 07:54:17,801 - DEBUG -     3.8h: 23.89°C → target 23.10°C (error: +0.79°C)
2026-05-16 07:54:17,801 - DEBUG -     4.0h: 23.92°C → target 23.10°C (error: +0.82°C)
2026-05-16 07:54:17,801 - INFO - ⚠️ Temperature boundary violations detected (min: 22.93°C, max: 23.92°C) - applying correction
2026-05-16 07:54:17,801 - INFO - 🔄 [Newton] Skipping overshoot correction (both violated, max wins): projected indoor 23.16°C < target+0.1 (23.2°C) — house self-correcting
2026-05-16 07:54:17,804 - DEBUG - HeatingCorrectionMLModel: raw ΔT_outlet=-0.594°C (R²=0.8638)
2026-05-16 07:54:17,804 - INFO - 🤖 [ML correction] R²=0.864 w=0.864 Δphysics=+0.000°C Δml=-0.594°C Δblend=-0.513°C → outlet=21.0°C
2026-05-16 07:54:17,804 - DEBUG - 🧠 Smart rounding is using cycle-aligned forecast: PV=1517W (caller sent PV=1363W)
2026-05-16 07:54:17,805 - INFO - 🎯 Prediction: Current 22.86°C → Target 22.6°C | Calculated outlet: 21.0°C (before smart rounding) (confidence: 5.000)
2026-05-16 07:54:17,805 - DEBUG - Model Wrapper: temp=21.0°C, error=0.260°C, confidence=5.000
2026-05-16 07:54:17,805 - DEBUG - EMA smoothing: 21.00°C → 21.0°C (last=21.0, α=0.50)
2026-05-16 07:54:17,805 - DEBUG - Smart rounding: 21.00°C is already integer
2026-05-16 07:54:17,805 - DEBUG - Setting target outlet temp
2026-05-16 07:54:17,805 - DEBUG - Setting HA state for sensor.ml_vorlauftemperatur: {'state': '21.0', 'attributes': {'state_class': 'measurement', 'unique_id': 'ml_heating_target_outlet_temp', 'friendly_name': 'ML Target Outlet Temp', 'unit_of_measurement': '°C', 'device_class': 'temperature', 'icon': 'mdi:thermometer-water'}}
2026-05-16 07:54:17,821 - DEBUG - Logging thermal model metrics
2026-05-16 07:54:17,821 - DEBUG - Setting HA state for sensor.ml_heating_state: {'state': '0', 'attributes': {'state_class': 'measurement', 'unique_id': 'ml_heating_state', 'friendly_name': 'ML Heating State', 'unit_of_measurement': 'state', 'icon': 'mdi:information-outline', 'state_description': 'OK - Prediction done', 'confidence': 5.0, 'suggested_temp': 21.0, 'final_temp': 21.0, 'predicted_indoor': 22.78, 'last_prediction_time': '2026-05-16T05:54:17.821881+00:00', 'temperature_error': 0.26, 'pre_cool_active': False, 'pre_cool_peak_temp': None, 'pre_cool_peak_hour': None}}
2026-05-16 07:54:17,834 - DEBUG - ✅ ACTIVE MODE: ML controlling heating via input_boolean.ml_heating
2026-05-16 07:54:17,836 - DEBUG - 🧠 Smart rounding is using cycle-aligned forecast: PV=1517W (caller sent PV=1363W)
2026-05-16 07:54:17,836 - DEBUG - Target: 22.6°C | Suggested: 21.0°C | Applied: 21.0°C | Actual Indoor: 22.86°C | Predicted Indoor: 22.80°C | Confidence: 5.000
2026-05-16 07:54:17,837 - INFO - Target: 22.6°C | Suggested: 21.0°C | Applied: 21.0°C | Actual Indoor: 22.86°C | Predicted Indoor: 22.80°C | Confidence: 5.000
2026-05-16 07:54:18,026 - DEBUG - 💾 Saved unified thermal state to /config/ml_heating/unified_thermal_state.json
2026-05-16 07:54:18,028 - DEBUG - Operational state saved to /config/ml_heating/unified_thermal_state.json; updated keys: ['last_run_features', 'last_indoor_temp', 'last_avg_other_rooms_temp', 'last_fireplace_on', 'last_final_temp', 'last_climate_mode', 'last_target_indoor_temp', 'last_predicted_indoor', 'last_is_blocking', 'last_blocking_reasons', 'setpoint_hold_cycles_remaining']
2026-05-16 07:54:18,029 - DEBUG - Setting HA state for sensor.ml_heating_features: {'state': '22.50', 'attributes': {'state_class': 'measurement', 'unique_id': 'ml_heating_features', 'friendly_name': 'ML Heating Features', 'unit_of_measurement': '°C', 'device_class': 'temperature', 'icon': 'mdi:feature-search-outline', 'living_room_temp': 22.5, 'outlet_temp': 23.9, 'indoor_temp_lag_30m': 22.836000000000002, 'target_temp': 22.6, 'outdoor_temp': 5.890625000000001, 'dhw_heating': 0.0, 'dhw_disinfection': 0.0, 'dhw_boost_heater': 0.0, 'defrosting': 0.0, 'pv_now': 4280.0, 'pv_now_electrical': 4280.0, 'solar_correction_percent': 100.0, 'solar_correction_factor': 1.0, 'solar_correction_enabled': 1.0, 'fireplace_on': 0.0, 'tv_on': 0.0, 'temp_forecast_1h': 5.89, 'temp_forecast_2h': 8.09, 'temp_forecast_3h': 8.99, 'temp_forecast_4h': 9.89, 'temp_forecast_5h': 9.39, 'temp_forecast_6h': 10.79, 'temp_forecast_7h': 11.19, 'temp_forecast_8h': 10.29, 'temp_forecast_9h': 10.89, 'temp_forecast_10h': 11.09, 'temp_forecast_11h': 10.59, 'temp_forecast_12h': 10.59, 'pv_forecast_1h': 3208.2, 'pv_forecast_2h': 4941.5, 'pv_forecast_3h': 3566.5, 'pv_forecast_4h': 3821.8, 'pv_forecast_5h': 4006.5, 'pv_forecast_6h': 3335.5, 'pv_forecast_7h': 2129.5, 'pv_forecast_8h': 2346.8, 'pv_forecast_9h': 2714.0, 'pv_forecast_10h': 2002.2, 'pv_forecast_11h': 1210.2, 'pv_forecast_12h': 356.0, 'pv_forecast_electrical_1h': 3208.2, 'pv_forecast_electrical_2h': 4941.5, 'pv_forecast_electrical_3h': 3566.5, 'pv_forecast_electrical_4h': 3821.8, 'pv_forecast_electrical_5h': 4006.5, 'pv_forecast_electrical_6h': 3335.5, 'pv_forecast_electrical_7h': 2129.5, 'pv_forecast_electrical_8h': 2346.8, 'pv_forecast_electrical_9h': 2714.0, 'pv_forecast_electrical_10h': 2002.2, 'pv_forecast_electrical_11h': 1210.2, 'pv_forecast_electrical_12h': 356.0, 'cloud_cover_forecast_1h': 0.0, 'cloud_cover_forecast_2h': 0.0, 'cloud_cover_forecast_3h': 0.0, 'cloud_cover_forecast_4h': 0.0, 'cloud_cover_forecast_5h': 0.0, 'cloud_cover_forecast_6h': 0.0, 'cloud_cover_forecast_7h': 0.0, 'cloud_cover_forecast_8h': 0.0, 'cloud_cover_forecast_9h': 0.0, 'cloud_cover_forecast_10h': 0.0, 'cloud_cover_forecast_11h': 0.0, 'cloud_cover_forecast_12h': 0.0, 'temp_diff_indoor_outdoor': 16.970625000000002, 'indoor_temp_gradient': 0.9435000000000286, 'outlet_indoor_diff': 1.0387499999999967, 'indoor_temp_lag_10m': 22.874, 'indoor_temp_lag_60m': 22.631, 'outlet_temp_lag_30m': 24.03, 'outlet_temp_change': 0.0, 'indoor_temp_delta_10m': -0.01274999999999693, 'indoor_temp_delta_30m': 0.025249999999999773, 'indoor_temp_delta_60m': 0.23025000000000162, 'hour_sin': 0.9659258262890683, 'hour_cos': -0.25881904510252063, 'month_sin': 0.8660254037844387, 'month_cos': -0.4999999999999998, 'outlet_effectiveness_ratio': 0.2515042117930217, 'inlet_temp': 24.0, 'flow_rate': 14.0, 'power_consumption': 19.0, 'delta_t': -0.10000000000000142, 'thermal_power_kw': -0.09767333333333472, 'cop_realtime': 0.0, 'temp_trend_forecast': 0.9998437499999999, 'heating_demand_forecast': 1.2710000000000001, 'combined_forecast_thermal_load': -2.5507999999999997, 'pv_power_history': [0.0, 8.0, 13.0, 29.0, 52.0, 111.0, 201.0, 488.0, 980.0, 1111.0, 1638.0, 2246.0, 2745.0, 2378.0, 1918.0, 1972.0, 3854.0, 4798.0], 'pv_power_history_electrical': [0.0, 8.0, 13.0, 29.0, 52.0, 111.0, 201.0, 488.0, 980.0, 1111.0, 1638.0, 2246.0, 2745.0, 2378.0, 1918.0, 1972.0, 3854.0, 4798.0], 'wind_speed': 8.7, 'is_weekend': 1.0, 'indoor_margin_rate': 0.0, 'last_updated': '2026-05-16T05:54:18.028984+00:00'}}
2026-05-16 07:54:18,073 - DEBUG - Published 93 features to sensor.ml_heating_features
2026-05-16 07:54:18,074 - DEBUG - ✅ CYCLE 47 END: 07:54:18 (duration: 1.5s)
2026-05-16 07:54:18,074 - DEBUG - 💤 POLLING START: Waiting 30min until next cycle...
2026-05-16 07:54:18,099 - DEBUG - Active sampling: buffered 6 readings
127.0.0.1 - - [16/May/2026 07:54:35] "GET /health HTTP/1.1" 200 -
127.0.0.1 - - [16/May/2026 07:55:05] "GET /health HTTP/1.1" 200 -
2026-05-16 07:55:18,131 - DEBUG - Active sampling: buffered 6 readings
127.0.0.1 - - [16/May/2026 07:55:35] "GET /health HTTP/1.1" 200 -
127.0.0.1 - - [16/May/2026 07:56:05] "GET /health HTTP/1.1" 200 -
2026-05-16 07:56:18,162 - DEBUG - Active sampling: buffered 6 readings
127.0.0.1 - - [16/May/2026 07:56:35] "GET /health HTTP/1.1" 200 -
127.0.0.1 - - [16/May/2026 07:57:05] "GET /health HTTP/1.1" 200 -
2026-05-16 07:57:18,192 - DEBUG - Active sampling: buffered 6 readings
127.0.0.1 - - [16/May/2026 07:57:35] "GET /health HTTP/1.1" 200 -
127.0.0.1 - - [16/May/2026 07:58:05] "GET /health HTTP/1.1" 200 -
2026-05-16 07:58:18,223 - DEBUG - Active sampling: buffered 6 readings
127.0.0.1 - - [16/May/2026 07:58:36] "GET /health HTTP/1.1" 200 -
127.0.0.1 - - [16/May/2026 07:59:06] "GET /health HTTP/1.1" 200 -
2026-05-16 07:59:18,253 - DEBUG - Active sampling: buffered 6 readings
127.0.0.1 - - [16/May/2026 07:59:36] "GET /health HTTP/1.1" 200 -
127.0.0.1 - - [16/May/2026 08:00:06] "GET /health HTTP/1.1" 200 -
2026-05-16 08:00:18,284 - DEBUG - Active sampling: buffered 6 readings
127.0.0.1 - - [16/May/2026 08:00:36] "GET /health HTTP/1.1" 200 -
127.0.0.1 - - [16/May/2026 08:01:06] "GET /health HTTP/1.1" 200 -
2026-05-16 08:01:18,315 - DEBUG - Active sampling: buffered 6 readings
127.0.0.1 - - [16/May/2026 08:01:36] "GET /health HTTP/1.1" 200 -
127.0.0.1 - - [16/May/2026 08:02:06] "GET /health HTTP/1.1" 200 -
2026-05-16 08:02:18,346 - DEBUG - Active sampling: buffered 6 readings
127.0.0.1 - - [16/May/2026 08:02:36] "GET /health HTTP/1.1" 200 -
127.0.0.1 - - [16/May/2026 08:03:06] "GET /health HTTP/1.1" 200 -
2026-05-16 08:03:18,376 - DEBUG - Active sampling: buffered 6 readings
127.0.0.1 - - [16/May/2026 08:03:36] "GET /health HTTP/1.1" 200 -
127.0.0.1 - - [16/May/2026 08:04:06] "GET /health HTTP/1.1" 200 -
2026-05-16 08:04:18,378 - DEBUG - ⏰ POLLING END: Waited 10.0min, starting next cycle...
2026-05-16 08:04:18,378 - DEBUG - 🔄 CYCLE 48 START: 08:04:18 (interval: 10.0min since last cycle)
2026-05-16 08:04:18,378 - DEBUG - ♻️ Reusing existing Model Wrapper instance
2026-05-16 08:04:18,378 - INFO - Successfully loaded operational state from /config/ml_heating/unified_thermal_state.json
2026-05-16 08:04:18,407 - DEBUG - Setting HA state for sensor.ml_heating_cop_realtime: {'state': '0.00', 'attributes': {'state_class': 'measurement', 'unique_id': 'ml_heating_cop_realtime', 'friendly_name': 'ML Heating COP (Realtime)', 'unit_of_measurement': 'COP', 'icon': 'mdi:heat-pump', 'device_class': 'power_factor'}}
2026-05-16 08:04:18,420 - DEBUG - Setting HA state for sensor.ml_heating_thermal_power: {'state': '-0.098', 'attributes': {'state_class': 'measurement', 'unique_id': 'ml_heating_thermal_power', 'friendly_name': 'ML Heating Thermal Power', 'unit_of_measurement': 'kW', 'icon': 'mdi:flash', 'device_class': 'power'}}
2026-05-16 08:04:18,458 - DEBUG - Wrote thermodynamic metrics to InfluxDB
2026-05-16 08:04:18,458 - DEBUG - Thermodynamic sensors updated: COP=0.00, Power=-0.098kW
2026-05-16 08:04:18,458 - DEBUG - ♻️ Reusing existing Model Wrapper instance
2026-05-16 08:04:18,458 - DEBUG - 🎯 ACTIVE MODE LEARNING (trajectory): Verifying ML prediction accuracy for 21.0°C outlet setting
2026-05-16 08:04:18,461 - DEBUG - ☀️ SolarChannel self-learned: avg_error=-0.008, pv_heat_weight=0.00144, solar_lag=39.6min, cloud_exp=1.00, solar_decay_tau=1.06h
2026-05-16 08:04:18,461 - INFO - ☀️ pv parameter update: attributed_error=-0.255576 | pv_heat_weight: 0.001451→0.001443 (Δ-0.000008) | solar_decay_tau_hours: 1.057755→1.057751 (Δ-0.000004) | solar_lag_minutes: 39.637456→39.640058 (Δ+0.002602)
2026-05-16 08:04:18,461 - INFO - Channel routing → [☀️ pv*] | error=-0.2556 | pv_current=4280W pv_smoothed=1363W | params_changed=pv
2026-05-16 08:04:18,654 - DEBUG - 💾 Saved unified thermal state to /config/ml_heating/unified_thermal_state.json
2026-05-16 08:04:18,655 - DEBUG - Skipping legacy global adaptation: channel mode owns recent-window learning
2026-05-16 08:04:18,846 - DEBUG - 💾 Saved unified thermal state to /config/ml_heating/unified_thermal_state.json
2026-05-16 08:04:18,847 - DEBUG - Prediction feedback: error=-0.256°C, confidence=5.000
2026-05-16 08:04:19,037 - DEBUG - 💾 Saved unified thermal state to /config/ml_heating/unified_thermal_state.json
2026-05-16 08:04:19,039 - DEBUG - 💾 Saved 200 predictions to unified thermal state
2026-05-16 08:04:19,039 - DEBUG - Added prediction: pred=22.90, actual=22.64, error=-0.256
2026-05-16 08:04:19,226 - DEBUG - 💾 Saved unified thermal state to /config/ml_heating/unified_thermal_state.json
2026-05-16 08:04:19,229 - DEBUG - Setting HA state for sensor.ml_model_mae: {'state': '0.0308', 'attributes': {'state_class': 'measurement', 'unique_id': 'ml_heating_model_mae', 'friendly_name': 'ML Model MAE', 'unit_of_measurement': '°C', 'icon': 'mdi:chart-line', 'last_updated': '2026-05-16T06:04:19.229569+00:00'}}
2026-05-16 08:04:19,242 - DEBUG - Setting HA state for sensor.ml_model_rmse: {'state': '0.0457', 'attributes': {'state_class': 'measurement', 'unique_id': 'ml_heating_model_rmse', 'friendly_name': 'ML Model RMSE', 'unit_of_measurement': '°C', 'icon': 'mdi:chart-line', 'last_updated': '2026-05-16T06:04:19.229569+00:00'}}
2026-05-16 08:04:19,258 - DEBUG - Setting HA state for sensor.ml_heating_learning: {'state': '5.000', 'attributes': {'state_class': 'measurement', 'unique_id': 'ml_heating_learning', 'friendly_name': 'ML Adaptive Learning Metrics', 'unit_of_measurement': 'metrics', 'icon': 'mdi:brain', 'thermal_time_constant': 4.8345275867350885, 'heat_loss_coefficient': 0.12035197370821737, 'outlet_effectiveness': 0.8283017284451556, 'pv_heat_weight': 0.0014432133949471256, 'fireplace_heat_weight': 0.17156709601311348, 'tv_heat_weight': 0.44733899208522154, 'solar_lag_minutes': 39.64005783158519, 'slab_time_constant_hours': 4.000456052583566, 'heat_source_channels_enabled': True, 'total_conductance': 0.3, 'equilibrium_ratio': 0.5, 'cycle_count': 5386, 'parameter_updates': 548, 'model_health': 'excellent', 'learning_progress': 1.0, 'is_improving': True, 'improvement_percentage': 11.400512122564637, 'total_predictions': 200, 'learning_confidence': 5.0, 'last_updated': '2026-05-16T06:04:19.258183+00:00', 'delta_t_floor': 2.4857328190130326, 'cloud_factor_exponent': 1.0, 'solar_decay_tau_hours': 1.0577510822438574, 'fp_heat_output_kw': 0.17156709601311348, 'fp_decay_time_constant': 3.9144707244638868, 'room_spread_delay_minutes': 18.0, 'ch_heat_pump_history_count': 200, 'ch_heat_pump_last_error': 0.015176865717659638, 'ch_pv_history_count': 200, 'ch_pv_last_error': -0.2555759466082712, 'ch_fireplace_history_count': 0, 'ch_fireplace_last_error': 0.0, 'ch_tv_history_count': 0, 'ch_tv_last_error': 0.0}}
2026-05-16 08:04:19,272 - DEBUG - Setting HA state for sensor.ml_model_mae: {'state': '0.0308', 'attributes': {'state_class': 'measurement', 'unique_id': 'ml_heating_model_mae', 'friendly_name': 'ML Model MAE', 'unit_of_measurement': '°C', 'icon': 'mdi:chart-line', 'mae_1h': 0.051384138070923235, 'mae_6h': 0.0338908105629141, 'mae_24h': 0.030835089070489607, 'trend_direction': 'improving', 'prediction_count': 200, 'last_updated': '2026-05-16T06:04:19.258183+00:00'}}
2026-05-16 08:04:19,287 - DEBUG - Setting HA state for sensor.ml_model_rmse: {'state': '0.0457', 'attributes': {'state_class': 'measurement', 'unique_id': 'ml_heating_model_rmse', 'friendly_name': 'ML Model RMSE', 'unit_of_measurement': '°C', 'icon': 'mdi:chart-line', 'recent_max_error': 0.2555759466082712, 'std_error': 0.0337, 'mean_bias': 0.0, 'prediction_count': 200, 'last_updated': '2026-05-16T06:04:19.258183+00:00'}}
2026-05-16 08:04:19,302 - DEBUG - Setting HA state for sensor.ml_prediction_accuracy: {'state': '98.8', 'attributes': {'state_class': 'measurement', 'unique_id': 'ml_prediction_accuracy', 'friendly_name': 'ML Prediction Accuracy', 'unit_of_measurement': '%', 'icon': 'mdi:target', 'perfect_accuracy_pct': 0.0, 'tolerable_accuracy_pct': 98.75, 'poor_accuracy_pct': 1.25, 'prediction_count_24h': 0, 'excellent_all_time_pct': 97.0, 'good_all_time_pct': 100.0, 'last_updated': '2026-05-16T06:04:19.258183+00:00'}}
2026-05-16 08:04:19,319 - DEBUG - Logged refactored sensor metrics to HA
2026-05-16 08:04:19,320 - DEBUG - Logging feature importance
2026-05-16 08:04:19,320 - DEBUG - Setting HA state for sensor.ml_feature_importance: {'state': '5', 'attributes': {'state_class': 'measurement', 'unique_id': 'ml_heating_feature_importance', 'friendly_name': 'ML Feature Importance', 'unit_of_measurement': '%', 'icon': 'mdi:format-list-numbered', 'top_features': {'target_temp': 52.79, 'tv_power': 28.51, 'fireplace': 10.93, 'outdoor_temp': 7.67, 'pv_power': 0.09}, 'last_updated': '2026-05-16T06:04:19.320163+00:00'}}
2026-05-16 08:04:19,334 - INFO - ✅ Exported metrics to Home Assistant sensors successfully
2026-05-16 08:04:19,334 - INFO - ✅ Learning cycle 5386: error=0.256°C, confidence=5.000, total_predictions=200
2026-05-16 08:04:19,334 - DEBUG - ✅ Online learning: applied_temp=21.0°C, actual_change=-0.220°C, cycle=5386
2026-05-16 08:04:19,334 - DEBUG - 🔥 Heating mode active (state: heat)
2026-05-16 08:04:19,334 - DEBUG - ♻️ Reusing existing Model Wrapper instance
2026-05-16 08:04:19,363 - DEBUG - Fireplace is OFF. Using main indoor temp for prediction.
2026-05-16 08:04:19,624 - DEBUG - PV forecast parsed successfully: [3537.2, 4783.8, 2978.2, 4469.5, 4483.2, 2212.2, 2549.0, 2264.8, 2739.5, 1727.5, 977.2, 181.8]W
2026-05-16 08:04:19,624 - DEBUG - Solar correction: enabled=True, percent=100.0%, factor=1.000
2026-05-16 08:04:19,644 - DEBUG - Delta calibration applied: offset=-1.05°C
2026-05-16 08:04:19,645 - DEBUG - Raw forecasts: [7.3, 8.2, 9.1, 8.6, 10.0, 10.4, 9.5, 10.1, 10.3, 9.8, 9.8, 9.2]
2026-05-16 08:04:19,645 - DEBUG - Calibrated forecasts: [6.25, 7.15, 8.05, 7.55, 8.95, 9.35, 8.45, 9.05, 9.25, 8.75, 8.75, 8.15]
2026-05-16 08:04:19,648 - INFO - ☀️ Forecast trajectory: no sunset within 12-step horizon → inactive, 4 steps
2026-05-16 08:04:19,649 - DEBUG - Heating obs buffer: resolved 1 new label(s) this cycle
2026-05-16 08:04:19,672 - DEBUG - ♻️ Reusing existing Model Wrapper instance
2026-05-16 08:04:19,677 - INFO - DEBUG: Wrapper params: U=0.12035197370821737, eff=0.8283017284451556, tau=4.8345275867350885
2026-05-16 08:04:19,677 - INFO - ☀️ PV surplus 5530W (threshold 1500W): target 22.6 → 23.1°C (CHEAP ramp offset +0.50)
2026-05-16 08:04:19,677 - DEBUG - 🔧 Using natural bounds: outlet_min=21.0°C, outlet_max=35.0°C
2026-05-16 08:04:19,677 - INFO - 🌡️ Using cycle-aligned forecast (10min): outdoor=6.3°C (vs current 6.3°C), PV=1714W (vs current 1548W)
2026-05-16 08:04:19,677 - DEBUG - DEBUG: Using PV history (len=18) instead of scalar 1714.1740740740738
2026-05-16 08:04:19,677 - INFO - 🔄 HP off (delta_t=-0.10, mode=heating): simulating HP-on delta_t=2.49 for binary search
2026-05-16 08:04:19,677 - DEBUG - 🎯 Binary search start: target=23.1°C, current=22.9°C, range=21.0-35.0°C
2026-05-16 08:04:19,677 - DEBUG - 🔍 Binary search features: inlet_temp=24.0, delta_t_floor=2.49, indoor_temp_delta_60m=0.1534, horizon=4.0h, outlet_mid=28.0°C
2026-05-16 08:04:19,678 - DEBUG - ✅ Binary search trajectory OK (iter 1): outlet=28.0°C → predicted=24.95°C (steps=24, start=23.00→end=24.95)
2026-05-16 08:04:19,678 - DEBUG -    Iteration 1: outlet=28.0°C → predicted=24.95°C, error=1.852°C (range: 21.0-35.0°C)
2026-05-16 08:04:19,678 - DEBUG -      → Heating: Predicted too high, lowering maximum to 28.0°C
2026-05-16 08:04:19,679 - DEBUG -    Iteration 2: outlet=24.5°C → predicted=23.86°C, error=0.764°C (range: 21.0-28.0°C)
2026-05-16 08:04:19,679 - DEBUG -      → Heating: Predicted too high, lowering maximum to 24.5°C
2026-05-16 08:04:19,680 - DEBUG -    Iteration 3: outlet=22.8°C → predicted=23.82°C, error=0.724°C (range: 21.0-24.5°C)
2026-05-16 08:04:19,680 - DEBUG -      → Heating: Predicted too high, lowering maximum to 22.8°C
2026-05-16 08:04:19,681 - DEBUG -    Iteration 4: outlet=21.9°C → predicted=23.82°C, error=0.724°C (range: 21.0-22.8°C)
2026-05-16 08:04:19,681 - DEBUG -      → Heating: Predicted too high, lowering maximum to 21.9°C
2026-05-16 08:04:19,682 - DEBUG -    Iteration 5: outlet=21.4°C → predicted=23.82°C, error=0.724°C (range: 21.0-21.9°C)
2026-05-16 08:04:19,682 - DEBUG -      → Heating: Predicted too high, lowering maximum to 21.4°C
2026-05-16 08:04:19,683 - DEBUG -    Iteration 6: outlet=21.2°C → predicted=23.82°C, error=0.724°C (range: 21.0-21.4°C)
2026-05-16 08:04:19,683 - DEBUG -      → Heating: Predicted too high, lowering maximum to 21.2°C
2026-05-16 08:04:19,684 - DEBUG -    Iteration 7: outlet=21.1°C → predicted=23.82°C, error=0.724°C (range: 21.0-21.2°C)
2026-05-16 08:04:19,684 - DEBUG -      → Heating: Predicted too high, lowering maximum to 21.1°C
2026-05-16 08:04:19,684 - DEBUG -    Iteration 8: outlet=21.1°C → predicted=23.82°C, error=0.724°C (range: 21.0-21.1°C)
2026-05-16 08:04:19,685 - DEBUG -      → Heating: Predicted too high, lowering maximum to 21.1°C
2026-05-16 08:04:19,685 - DEBUG -    Iteration 9: outlet=21.0°C → predicted=23.82°C, error=0.724°C (range: 21.0-21.1°C)
2026-05-16 08:04:19,685 - DEBUG -      → Heating: Predicted too high, lowering maximum to 21.0°C
2026-05-16 08:04:19,685 - INFO - 🔄 Binary search early exit after 10 iterations: range collapsed to 0.027°C, using 21.0°C
2026-05-16 08:04:19,686 - DEBUG - Slab: inlet=24.0°C, outlet=21.0°C, Δ=-3.0°C, τ=4.00h
2026-05-16 08:04:19,686 - DEBUG - 🔍 Trajectory prediction using forecast arrays: outdoor=[6.253124999999999, 6.25, 7.15, 8.05, 7.55], PV=[1548.4444444444443, 3537.2, 4783.8, 2978.2, 4469.5]
2026-05-16 08:04:19,686 - DEBUG - 🔍 Trajectory DEBUG: outlet=21.0°C → 0.2h_prediction=22.94°C (vs target 23.1°C, error: -0.165°C), reaches_target_at=0.5h, cycle_time=0.2h
2026-05-16 08:04:19,686 - DEBUG - 🔍 Trajectory predictions for target 23.1°C:
2026-05-16 08:04:19,686 - DEBUG -     0.2h: 22.94°C → target 23.10°C (error: -0.16°C)
2026-05-16 08:04:19,686 - DEBUG -     0.3h: 22.99°C → target 23.10°C (error: -0.11°C)
2026-05-16 08:04:19,686 - DEBUG -     0.5h: 23.04°C → target 23.10°C (error: -0.06°C)
2026-05-16 08:04:19,686 - DEBUG -     0.7h: 23.08°C → target 23.10°C (error: -0.02°C)
2026-05-16 08:04:19,686 - DEBUG -     0.8h: 23.13°C → target 23.10°C (error: +0.03°C)
2026-05-16 08:04:19,687 - DEBUG -     1.0h: 23.17°C → target 23.10°C (error: +0.07°C)
2026-05-16 08:04:19,687 - DEBUG -     1.2h: 23.22°C → target 23.10°C (error: +0.12°C)
2026-05-16 08:04:19,687 - DEBUG -     1.3h: 23.26°C → target 23.10°C (error: +0.16°C)
2026-05-16 08:04:19,687 - DEBUG -     1.5h: 23.30°C → target 23.10°C (error: +0.20°C)
2026-05-16 08:04:19,687 - DEBUG -     1.7h: 23.35°C → target 23.10°C (error: +0.25°C)
2026-05-16 08:04:19,687 - DEBUG -     1.8h: 23.39°C → target 23.10°C (error: +0.29°C)
2026-05-16 08:04:19,687 - DEBUG -     2.0h: 23.43°C → target 23.10°C (error: +0.33°C)
2026-05-16 08:04:19,687 - DEBUG -     2.2h: 23.47°C → target 23.10°C (error: +0.37°C)
2026-05-16 08:04:19,687 - DEBUG -     2.3h: 23.51°C → target 23.10°C (error: +0.41°C)
2026-05-16 08:04:19,687 - DEBUG -     2.5h: 23.55°C → target 23.10°C (error: +0.45°C)
2026-05-16 08:04:19,687 - DEBUG -     2.7h: 23.59°C → target 23.10°C (error: +0.49°C)
2026-05-16 08:04:19,687 - DEBUG -     2.8h: 23.62°C → target 23.10°C (error: +0.52°C)
2026-05-16 08:04:19,687 - DEBUG -     3.0h: 23.66°C → target 23.10°C (error: +0.56°C)
2026-05-16 08:04:19,687 - DEBUG -     3.2h: 23.69°C → target 23.10°C (error: +0.59°C)
2026-05-16 08:04:19,687 - DEBUG -     3.3h: 23.71°C → target 23.10°C (error: +0.61°C)
2026-05-16 08:04:19,687 - DEBUG -     3.5h: 23.74°C → target 23.10°C (error: +0.64°C)
2026-05-16 08:04:19,687 - DEBUG -     3.7h: 23.77°C → target 23.10°C (error: +0.67°C)
2026-05-16 08:04:19,687 - DEBUG -     3.8h: 23.80°C → target 23.10°C (error: +0.70°C)
2026-05-16 08:04:19,687 - DEBUG -     4.0h: 23.82°C → target 23.10°C (error: +0.72°C)
2026-05-16 08:04:19,687 - INFO - ⚠️ Temperature boundary violations detected (min: 22.94°C, max: 23.82°C) - applying correction
2026-05-16 08:04:19,687 - INFO - 🔄 [Newton] Skipping overshoot correction (both violated, max wins): projected indoor 23.07°C < target+0.1 (23.2°C) — house self-correcting
2026-05-16 08:04:19,690 - DEBUG - HeatingCorrectionMLModel: raw ΔT_outlet=-0.476°C (R²=0.8638)
2026-05-16 08:04:19,690 - INFO - 🤖 [ML correction] R²=0.864 w=0.864 Δphysics=+0.000°C Δml=-0.476°C Δblend=-0.412°C → outlet=21.0°C
2026-05-16 08:04:19,690 - DEBUG - 🧠 Smart rounding is using cycle-aligned forecast: PV=1714W (caller sent PV=1548W)
2026-05-16 08:04:19,690 - INFO - 🎯 Prediction: Current 22.64°C → Target 22.6°C | Calculated outlet: 21.0°C (before smart rounding) (confidence: 5.000)
2026-05-16 08:04:19,690 - DEBUG - Model Wrapper: temp=21.0°C, error=0.040°C, confidence=5.000
2026-05-16 08:04:19,690 - DEBUG - EMA smoothing: 21.00°C → 21.0°C (last=21.0, α=0.50)
2026-05-16 08:04:19,690 - DEBUG - Smart rounding: 21.00°C is already integer
2026-05-16 08:04:19,690 - DEBUG - Setting target outlet temp
2026-05-16 08:04:19,691 - DEBUG - Setting HA state for sensor.ml_vorlauftemperatur: {'state': '21.0', 'attributes': {'state_class': 'measurement', 'unique_id': 'ml_heating_target_outlet_temp', 'friendly_name': 'ML Target Outlet Temp', 'unit_of_measurement': '°C', 'device_class': 'temperature', 'icon': 'mdi:thermometer-water'}}
2026-05-16 08:04:19,703 - DEBUG - Logging thermal model metrics
2026-05-16 08:04:19,703 - DEBUG - Setting HA state for sensor.ml_heating_state: {'state': '0', 'attributes': {'state_class': 'measurement', 'unique_id': 'ml_heating_state', 'friendly_name': 'ML Heating State', 'unit_of_measurement': 'state', 'icon': 'mdi:information-outline', 'state_description': 'OK - Prediction done', 'confidence': 5.0, 'suggested_temp': 21.0, 'final_temp': 21.0, 'predicted_indoor': 22.8, 'last_prediction_time': '2026-05-16T06:04:19.703356+00:00', 'temperature_error': 0.04, 'pre_cool_active': False, 'pre_cool_peak_temp': None, 'pre_cool_peak_hour': None}}
2026-05-16 08:04:19,717 - DEBUG - ✅ ACTIVE MODE: ML controlling heating via input_boolean.ml_heating
2026-05-16 08:04:19,718 - DEBUG - 🧠 Smart rounding is using cycle-aligned forecast: PV=1714W (caller sent PV=1548W)
2026-05-16 08:04:19,719 - DEBUG - Target: 22.6°C | Suggested: 21.0°C | Applied: 21.0°C | Actual Indoor: 22.64°C | Predicted Indoor: 22.60°C | Confidence: 5.000
2026-05-16 08:04:19,719 - INFO - Target: 22.6°C | Suggested: 21.0°C | Applied: 21.0°C | Actual Indoor: 22.64°C | Predicted Indoor: 22.60°C | Confidence: 5.000
2026-05-16 08:04:19,910 - DEBUG - 💾 Saved unified thermal state to /config/ml_heating/unified_thermal_state.json
2026-05-16 08:04:19,912 - DEBUG - Operational state saved to /config/ml_heating/unified_thermal_state.json; updated keys: ['last_run_features', 'last_indoor_temp', 'last_avg_other_rooms_temp', 'last_fireplace_on', 'last_final_temp', 'last_climate_mode', 'last_target_indoor_temp', 'last_predicted_indoor', 'last_is_blocking', 'last_blocking_reasons', 'setpoint_hold_cycles_remaining']
2026-05-16 08:04:19,912 - DEBUG - Setting HA state for sensor.ml_heating_features: {'state': '22.50', 'attributes': {'state_class': 'measurement', 'unique_id': 'ml_heating_features', 'friendly_name': 'ML Heating Features', 'unit_of_measurement': '°C', 'device_class': 'temperature', 'icon': 'mdi:feature-search-outline', 'living_room_temp': 22.5, 'outlet_temp': 23.9, 'indoor_temp_lag_30m': 22.852000000000004, 'target_temp': 22.6, 'outdoor_temp': 6.253124999999999, 'dhw_heating': 0.0, 'dhw_disinfection': 0.0, 'dhw_boost_heater': 0.0, 'defrosting': 0.0, 'pv_now': 5530.0, 'pv_now_electrical': 5530.0, 'solar_correction_percent': 100.0, 'solar_correction_factor': 1.0, 'solar_correction_enabled': 1.0, 'fireplace_on': 0.0, 'tv_on': 0.0, 'temp_forecast_1h': 6.25, 'temp_forecast_2h': 7.15, 'temp_forecast_3h': 8.05, 'temp_forecast_4h': 7.55, 'temp_forecast_5h': 8.95, 'temp_forecast_6h': 9.35, 'temp_forecast_7h': 8.45, 'temp_forecast_8h': 9.05, 'temp_forecast_9h': 9.25, 'temp_forecast_10h': 8.75, 'temp_forecast_11h': 8.75, 'temp_forecast_12h': 8.15, 'pv_forecast_1h': 3537.2, 'pv_forecast_2h': 4783.8, 'pv_forecast_3h': 2978.2, 'pv_forecast_4h': 4469.5, 'pv_forecast_5h': 4483.2, 'pv_forecast_6h': 2212.2, 'pv_forecast_7h': 2549.0, 'pv_forecast_8h': 2264.8, 'pv_forecast_9h': 2739.5, 'pv_forecast_10h': 1727.5, 'pv_forecast_11h': 977.2, 'pv_forecast_12h': 181.8, 'pv_forecast_electrical_1h': 3537.2, 'pv_forecast_electrical_2h': 4783.8, 'pv_forecast_electrical_3h': 2978.2, 'pv_forecast_electrical_4h': 4469.5, 'pv_forecast_electrical_5h': 4483.2, 'pv_forecast_electrical_6h': 2212.2, 'pv_forecast_electrical_7h': 2549.0, 'pv_forecast_electrical_8h': 2264.8, 'pv_forecast_electrical_9h': 2739.5, 'pv_forecast_electrical_10h': 1727.5, 'pv_forecast_electrical_11h': 977.2, 'pv_forecast_electrical_12h': 181.8, 'cloud_cover_forecast_1h': 0.0, 'cloud_cover_forecast_2h': 0.0, 'cloud_cover_forecast_3h': 0.0, 'cloud_cover_forecast_4h': 0.0, 'cloud_cover_forecast_5h': 0.0, 'cloud_cover_forecast_6h': 0.0, 'cloud_cover_forecast_7h': 0.0, 'cloud_cover_forecast_8h': 0.0, 'cloud_cover_forecast_9h': 0.0, 'cloud_cover_forecast_10h': 0.0, 'cloud_cover_forecast_11h': 0.0, 'cloud_cover_forecast_12h': 0.0, 'temp_diff_indoor_outdoor': 16.536249999999995, 'indoor_temp_gradient': 0.5542499999999819, 'outlet_indoor_diff': 1.1106250000000024, 'indoor_temp_lag_10m': 22.676000000000002, 'indoor_temp_lag_60m': 22.635999999999996, 'outlet_temp_lag_30m': 23.990000000000002, 'outlet_temp_change': 0.0, 'indoor_temp_delta_10m': 0.11337499999999423, 'indoor_temp_delta_30m': -0.0626250000000077, 'indoor_temp_delta_60m': 0.15337500000000048, 'hour_sin': 0.8660254037844387, 'hour_cos': -0.4999999999999998, 'month_sin': 0.8660254037844387, 'month_cos': -0.4999999999999998, 'outlet_effectiveness_ratio': 0.17051209904332634, 'inlet_temp': 24.0, 'flow_rate': 14.0, 'power_consumption': 19.0, 'delta_t': -0.10000000000000142, 'thermal_power_kw': -0.09767333333333472, 'cop_realtime': 0.0, 'temp_trend_forecast': 0.3242187500000002, 'heating_demand_forecast': 1.5050000000000001, 'combined_forecast_thermal_load': -2.9645, 'pv_power_history': [8.0, 13.0, 29.0, 52.0, 111.0, 201.0, 488.0, 980.0, 1111.0, 1638.0, 2246.0, 2745.0, 2378.0, 1918.0, 1972.0, 3854.0, 4008.0, 4120.0], 'pv_power_history_electrical': [8.0, 13.0, 29.0, 52.0, 111.0, 201.0, 488.0, 980.0, 1111.0, 1638.0, 2246.0, 2745.0, 2378.0, 1918.0, 1972.0, 3854.0, 4008.0, 4120.0], 'wind_speed': 11.2, 'is_weekend': 1.0, 'indoor_margin_rate': 0.0, 'last_updated': '2026-05-16T06:04:19.912399+00:00'}}
2026-05-16 08:04:19,954 - DEBUG - Published 93 features to sensor.ml_heating_features
2026-05-16 08:04:19,954 - DEBUG - ✅ CYCLE 48 END: 08:04:19 (duration: 1.6s)
2026-05-16 08:04:19,954 - DEBUG - 💤 POLLING START: Waiting 30min until next cycle...
2026-05-16 08:04:19,981 - DEBUG - Active sampling: buffered 6 readings
127.0.0.1 - - [16/May/2026 08:04:36] "GET /health HTTP/1.1" 200 -
127.0.0.1 - - [16/May/2026 08:05:06] "GET /health HTTP/1.1" 200 -
2026-05-16 08:05:20,012 - DEBUG - Active sampling: buffered 6 readings
127.0.0.1 - - [16/May/2026 08:05:36] "GET /health HTTP/1.1" 200 -
127.0.0.1 - - [16/May/2026 08:06:06] "GET /health HTTP/1.1" 200 -
2026-05-16 08:06:20,043 - DEBUG - Active sampling: buffered 6 readings
127.0.0.1 - - [16/May/2026 08:06:36] "GET /health HTTP/1.1" 200 -
127.0.0.1 - - [16/May/2026 08:07:07] "GET /health HTTP/1.1" 200 -
2026-05-16 08:07:20,075 - DEBUG - Active sampling: buffered 6 readings
127.0.0.1 - - [16/May/2026 08:07:37] "GET /health HTTP/1.1" 200 -
127.0.0.1 - - [16/May/2026 08:08:07] "GET /health HTTP/1.1" 200 -
2026-05-16 08:08:20,106 - DEBUG - Active sampling: buffered 6 readings
127.0.0.1 - - [16/May/2026 08:08:37] "GET /health HTTP/1.1" 200 -
127.0.0.1 - - [16/May/2026 08:09:07] "GET /health HTTP/1.1" 200 -
2026-05-16 08:09:20,135 - DEBUG - Active sampling: buffered 6 readings
127.0.0.1 - - [16/May/2026 08:09:37] "GET /health HTTP/1.1" 200 -
127.0.0.1 - - [16/May/2026 08:10:07] "GET /health HTTP/1.1" 200 -
2026-05-16 08:10:20,166 - DEBUG - Active sampling: buffered 6 readings
127.0.0.1 - - [16/May/2026 08:10:37] "GET /health HTTP/1.1" 200 -
127.0.0.1 - - [16/May/2026 08:11:07] "GET /health HTTP/1.1" 200 -
2026-05-16 08:11:20,197 - DEBUG - Active sampling: buffered 6 readings
127.0.0.1 - - [16/May/2026 08:11:37] "GET /health HTTP/1.1" 200 -
127.0.0.1 - - [16/May/2026 08:12:07] "GET /health HTTP/1.1" 200 -
2026-05-16 08:12:20,228 - DEBUG - Active sampling: buffered 6 readings
127.0.0.1 - - [16/May/2026 08:12:37] "GET /health HTTP/1.1" 200 -
127.0.0.1 - - [16/May/2026 08:13:07] "GET /health HTTP/1.1" 200 -
2026-05-16 08:13:20,257 - DEBUG - Active sampling: buffered 6 readings
127.0.0.1 - - [16/May/2026 08:13:37] "GET /health HTTP/1.1" 200 -
127.0.0.1 - - [16/May/2026 08:14:07] "GET /health HTTP/1.1" 200 -
2026-05-16 08:14:20,258 - DEBUG - ⏰ POLLING END: Waited 10.0min, starting next cycle...
2026-05-16 08:14:20,259 - DEBUG - 🔄 CYCLE 49 START: 08:14:20 (interval: 10.0min since last cycle)
2026-05-16 08:14:20,259 - DEBUG - ♻️ Reusing existing Model Wrapper instance
2026-05-16 08:14:20,260 - INFO - Successfully loaded operational state from /config/ml_heating/unified_thermal_state.json
2026-05-16 08:14:20,287 - DEBUG - Setting HA state for sensor.ml_heating_cop_realtime: {'state': '0.00', 'attributes': {'state_class': 'measurement', 'unique_id': 'ml_heating_cop_realtime', 'friendly_name': 'ML Heating COP (Realtime)', 'unit_of_measurement': 'COP', 'icon': 'mdi:heat-pump', 'device_class': 'power_factor'}}
2026-05-16 08:14:20,299 - DEBUG - Setting HA state for sensor.ml_heating_thermal_power: {'state': '-0.098', 'attributes': {'state_class': 'measurement', 'unique_id': 'ml_heating_thermal_power', 'friendly_name': 'ML Heating Thermal Power', 'unit_of_measurement': 'kW', 'icon': 'mdi:flash', 'device_class': 'power'}}
2026-05-16 08:14:20,347 - DEBUG - Wrote thermodynamic metrics to InfluxDB
2026-05-16 08:14:20,347 - DEBUG - Thermodynamic sensors updated: COP=0.00, Power=-0.098kW
2026-05-16 08:14:20,347 - DEBUG - ♻️ Reusing existing Model Wrapper instance
2026-05-16 08:14:20,348 - DEBUG - 🎯 ACTIVE MODE LEARNING (trajectory): Verifying ML prediction accuracy for 21.0°C outlet setting
2026-05-16 08:14:20,350 - DEBUG - ☀️ SolarChannel self-learned: avg_error=-0.009, pv_heat_weight=0.00143, solar_lag=39.6min, cloud_exp=1.00, solar_decay_tau=1.06h
2026-05-16 08:14:20,350 - INFO - ☀️ pv parameter update: attributed_error=-0.019417 | pv_heat_weight: 0.001443→0.001434 (Δ-0.000009) | solar_decay_tau_hours: 1.057751→1.057747 (Δ-0.000004) | solar_lag_minutes: 39.640058→39.643622 (Δ+0.003564)
2026-05-16 08:14:20,350 - INFO - Channel routing → [☀️ pv*] | error=-0.0194 | pv_current=5530W pv_smoothed=1548W | params_changed=pv
2026-05-16 08:14:20,542 - DEBUG - 💾 Saved unified thermal state to /config/ml_heating/unified_thermal_state.json
2026-05-16 08:14:20,545 - DEBUG - Skipping legacy global adaptation: channel mode owns recent-window learning
2026-05-16 08:14:20,736 - DEBUG - 💾 Saved unified thermal state to /config/ml_heating/unified_thermal_state.json
2026-05-16 08:14:20,738 - DEBUG - Prediction feedback: error=-0.019°C, confidence=5.000
2026-05-16 08:14:20,927 - DEBUG - 💾 Saved unified thermal state to /config/ml_heating/unified_thermal_state.json
2026-05-16 08:14:20,929 - DEBUG - 💾 Saved 200 predictions to unified thermal state
2026-05-16 08:14:20,929 - DEBUG - Added prediction: pred=22.69, actual=22.67, error=-0.019
2026-05-16 08:14:21,117 - DEBUG - 💾 Saved unified thermal state to /config/ml_heating/unified_thermal_state.json
2026-05-16 08:14:21,121 - DEBUG - Setting HA state for sensor.ml_model_mae: {'state': '0.0309', 'attributes': {'state_class': 'measurement', 'unique_id': 'ml_heating_model_mae', 'friendly_name': 'ML Model MAE', 'unit_of_measurement': '°C', 'icon': 'mdi:chart-line', 'last_updated': '2026-05-16T06:14:21.121134+00:00'}}
2026-05-16 08:14:21,134 - DEBUG - Setting HA state for sensor.ml_model_rmse: {'state': '0.0457', 'attributes': {'state_class': 'measurement', 'unique_id': 'ml_heating_model_rmse', 'friendly_name': 'ML Model RMSE', 'unit_of_measurement': '°C', 'icon': 'mdi:chart-line', 'last_updated': '2026-05-16T06:14:21.121134+00:00'}}
2026-05-16 08:14:21,147 - DEBUG - Setting HA state for sensor.ml_heating_learning: {'state': '5.000', 'attributes': {'state_class': 'measurement', 'unique_id': 'ml_heating_learning', 'friendly_name': 'ML Adaptive Learning Metrics', 'unit_of_measurement': 'metrics', 'icon': 'mdi:brain', 'thermal_time_constant': 4.8345275867350885, 'heat_loss_coefficient': 0.12035197370821737, 'outlet_effectiveness': 0.8283017284451556, 'pv_heat_weight': 0.0014343326837387353, 'fireplace_heat_weight': 0.17156709601311348, 'tv_heat_weight': 0.44733899208522154, 'solar_lag_minutes': 39.64362212476359, 'slab_time_constant_hours': 4.000456052583566, 'heat_source_channels_enabled': True, 'total_conductance': 0.3, 'equilibrium_ratio': 0.5, 'cycle_count': 5387, 'parameter_updates': 549, 'model_health': 'excellent', 'learning_progress': 1.0, 'is_improving': True, 'improvement_percentage': 11.904270617403512, 'total_predictions': 200, 'learning_confidence': 5.0, 'last_updated': '2026-05-16T06:14:21.147761+00:00', 'delta_t_floor': 2.4857328190130326, 'cloud_factor_exponent': 1.0, 'solar_decay_tau_hours': 1.0577466418882533, 'fp_heat_output_kw': 0.17156709601311348, 'fp_decay_time_constant': 3.9144707244638868, 'room_spread_delay_minutes': 18.0, 'ch_heat_pump_history_count': 200, 'ch_heat_pump_last_error': 0.015176865717659638, 'ch_pv_history_count': 200, 'ch_pv_last_error': -0.01941711636740706, 'ch_fireplace_history_count': 0, 'ch_fireplace_last_error': 0.0, 'ch_tv_history_count': 0, 'ch_tv_last_error': 0.0}}
2026-05-16 08:14:21,163 - DEBUG - Setting HA state for sensor.ml_model_mae: {'state': '0.0309', 'attributes': {'state_class': 'measurement', 'unique_id': 'ml_heating_model_mae', 'friendly_name': 'ML Model MAE', 'unit_of_measurement': '°C', 'icon': 'mdi:chart-line', 'mae_1h': 0.05109033834250779, 'mae_6h': 0.03380164413159825, 'mae_24h': 0.030885827732343232, 'trend_direction': 'improving', 'prediction_count': 200, 'last_updated': '2026-05-16T06:14:21.147761+00:00'}}
2026-05-16 08:14:21,178 - DEBUG - Setting HA state for sensor.ml_model_rmse: {'state': '0.0457', 'attributes': {'state_class': 'measurement', 'unique_id': 'ml_heating_model_rmse', 'friendly_name': 'ML Model RMSE', 'unit_of_measurement': '°C', 'icon': 'mdi:chart-line', 'recent_max_error': 0.2555759466082712, 'std_error': 0.0337, 'mean_bias': 0.0, 'prediction_count': 200, 'last_updated': '2026-05-16T06:14:21.147761+00:00'}}
2026-05-16 08:14:21,194 - DEBUG - Setting HA state for sensor.ml_prediction_accuracy: {'state': '98.8', 'attributes': {'state_class': 'measurement', 'unique_id': 'ml_prediction_accuracy', 'friendly_name': 'ML Prediction Accuracy', 'unit_of_measurement': '%', 'icon': 'mdi:target', 'perfect_accuracy_pct': 0.0, 'tolerable_accuracy_pct': 98.75, 'poor_accuracy_pct': 1.25, 'prediction_count_24h': 0, 'excellent_all_time_pct': 97.0, 'good_all_time_pct': 100.0, 'last_updated': '2026-05-16T06:14:21.147761+00:00'}}
2026-05-16 08:14:21,210 - DEBUG - Logged refactored sensor metrics to HA
2026-05-16 08:14:21,210 - DEBUG - Logging feature importance
2026-05-16 08:14:21,210 - DEBUG - Setting HA state for sensor.ml_feature_importance: {'state': '5', 'attributes': {'state_class': 'measurement', 'unique_id': 'ml_heating_feature_importance', 'friendly_name': 'ML Feature Importance', 'unit_of_measurement': '%', 'icon': 'mdi:format-list-numbered', 'top_features': {'target_temp': 52.79, 'tv_power': 28.51, 'fireplace': 10.93, 'outdoor_temp': 7.67, 'pv_power': 0.09}, 'last_updated': '2026-05-16T06:14:21.210691+00:00'}}
2026-05-16 08:14:21,225 - INFO - ✅ Exported metrics to Home Assistant sensors successfully
2026-05-16 08:14:21,225 - INFO - ✅ Learning cycle 5387: error=0.019°C, confidence=5.000, total_predictions=200
2026-05-16 08:14:21,225 - DEBUG - ✅ Online learning: applied_temp=21.0°C, actual_change=0.030°C, cycle=5387
2026-05-16 08:14:21,225 - DEBUG - 🔥 Heating mode active (state: heat)
2026-05-16 08:14:21,225 - DEBUG - ♻️ Reusing existing Model Wrapper instance
2026-05-16 08:14:21,253 - DEBUG - Fireplace is OFF. Using main indoor temp for prediction.
2026-05-16 08:14:21,434 - DEBUG - PV forecast parsed successfully: [3486.2, 4739.0, 2961.0, 4456.8, 4477.0, 2210.5, 2549.0, 2264.8, 2739.5, 1727.5, 977.2, 181.8]W
2026-05-16 08:14:21,434 - DEBUG - Solar correction: enabled=True, percent=100.0%, factor=1.000
2026-05-16 08:14:21,456 - DEBUG - Delta calibration applied: offset=-0.57°C
2026-05-16 08:14:21,456 - DEBUG - Raw forecasts: [7.3, 8.2, 9.1, 8.6, 10.0, 10.4, 9.5, 10.1, 10.3, 9.8, 9.8, 9.2]
2026-05-16 08:14:21,456 - DEBUG - Calibrated forecasts: [6.73, 7.63, 8.53, 8.03, 9.43, 9.83, 8.93, 9.53, 9.73, 9.23, 9.23, 8.63]
2026-05-16 08:14:21,460 - INFO - ☀️ Forecast trajectory: no sunset within 12-step horizon → inactive, 4 steps
2026-05-16 08:14:21,460 - DEBUG - Heating obs buffer: resolved 1 new label(s) this cycle
2026-05-16 08:14:21,484 - DEBUG - ♻️ Reusing existing Model Wrapper instance
2026-05-16 08:14:21,489 - INFO - DEBUG: Wrapper params: U=0.12035197370821737, eff=0.8283017284451556, tau=4.8345275867350885
2026-05-16 08:14:21,489 - INFO - ☀️ PV surplus 2970W (threshold 1500W): target 22.6 → 23.1°C (CHEAP ramp offset +0.50)
2026-05-16 08:14:21,489 - DEBUG - 🔧 Using natural bounds: outlet_min=21.0°C, outlet_max=35.0°C
2026-05-16 08:14:21,489 - INFO - 🌡️ Using cycle-aligned forecast (10min): outdoor=6.7°C (vs current 6.7°C), PV=1899W (vs current 1755W)
2026-05-16 08:14:21,489 - DEBUG - DEBUG: Using PV history (len=18) instead of scalar 1898.961111111111
2026-05-16 08:14:21,489 - INFO - 🔄 HP off (delta_t=-0.12, mode=heating): simulating HP-on delta_t=2.49 for binary search
2026-05-16 08:14:21,489 - DEBUG - 🎯 Binary search start: target=23.1°C, current=22.8°C, range=21.0-35.0°C
2026-05-16 08:14:21,489 - DEBUG - 🔍 Binary search features: inlet_temp=23.919999999999998, delta_t_floor=2.49, indoor_temp_delta_60m=-0.0199, horizon=4.0h, outlet_mid=28.0°C
2026-05-16 08:14:21,490 - DEBUG - ✅ Binary search trajectory OK (iter 1): outlet=28.0°C → predicted=24.84°C (steps=24, start=22.96→end=24.84)
2026-05-16 08:14:21,490 - DEBUG -    Iteration 1: outlet=28.0°C → predicted=24.84°C, error=1.743°C (range: 21.0-35.0°C)
2026-05-16 08:14:21,490 - DEBUG -      → Heating: Predicted too high, lowering maximum to 28.0°C
2026-05-16 08:14:21,491 - DEBUG -    Iteration 2: outlet=24.5°C → predicted=23.75°C, error=0.654°C (range: 21.0-28.0°C)
2026-05-16 08:14:21,491 - DEBUG -      → Heating: Predicted too high, lowering maximum to 24.5°C
2026-05-16 08:14:21,492 - DEBUG -    Iteration 3: outlet=22.8°C → predicted=23.68°C, error=0.585°C (range: 21.0-24.5°C)
2026-05-16 08:14:21,492 - DEBUG -      → Heating: Predicted too high, lowering maximum to 22.8°C
2026-05-16 08:14:21,493 - DEBUG -    Iteration 4: outlet=21.9°C → predicted=23.68°C, error=0.585°C (range: 21.0-22.8°C)
2026-05-16 08:14:21,493 - DEBUG -      → Heating: Predicted too high, lowering maximum to 21.9°C
2026-05-16 08:14:21,494 - DEBUG -    Iteration 5: outlet=21.4°C → predicted=23.68°C, error=0.585°C (range: 21.0-21.9°C)
2026-05-16 08:14:21,494 - DEBUG -      → Heating: Predicted too high, lowering maximum to 21.4°C
2026-05-16 08:14:21,495 - DEBUG -    Iteration 6: outlet=21.2°C → predicted=23.68°C, error=0.585°C (range: 21.0-21.4°C)
2026-05-16 08:14:21,495 - DEBUG -      → Heating: Predicted too high, lowering maximum to 21.2°C
2026-05-16 08:14:21,496 - DEBUG -    Iteration 7: outlet=21.1°C → predicted=23.68°C, error=0.585°C (range: 21.0-21.2°C)
2026-05-16 08:14:21,496 - DEBUG -      → Heating: Predicted too high, lowering maximum to 21.1°C
2026-05-16 08:14:21,497 - DEBUG -    Iteration 8: outlet=21.1°C → predicted=23.68°C, error=0.585°C (range: 21.0-21.1°C)
2026-05-16 08:14:21,497 - DEBUG -      → Heating: Predicted too high, lowering maximum to 21.1°C
2026-05-16 08:14:21,497 - DEBUG -    Iteration 9: outlet=21.0°C → predicted=23.68°C, error=0.585°C (range: 21.0-21.1°C)
2026-05-16 08:14:21,497 - DEBUG -      → Heating: Predicted too high, lowering maximum to 21.0°C
2026-05-16 08:14:21,497 - INFO - 🔄 Binary search early exit after 10 iterations: range collapsed to 0.027°C, using 21.0°C
2026-05-16 08:14:21,498 - DEBUG - Slab: inlet=23.9°C, outlet=21.0°C, Δ=-2.9°C, τ=4.00h
2026-05-16 08:14:21,498 - DEBUG - 🔍 Trajectory prediction using forecast arrays: outdoor=[6.734375, 6.73, 7.63, 8.53, 8.03], PV=[1754.6666666666667, 3486.2, 4739.0, 2961.0, 4456.8]
2026-05-16 08:14:21,498 - DEBUG - 🔍 Trajectory DEBUG: outlet=21.0°C → 0.2h_prediction=22.90°C (vs target 23.1°C, error: -0.204°C), reaches_target_at=0.6666666666666666h, cycle_time=0.2h
2026-05-16 08:14:21,498 - DEBUG - 🔍 Trajectory predictions for target 23.1°C:
2026-05-16 08:14:21,498 - DEBUG -     0.2h: 22.90°C → target 23.10°C (error: -0.20°C)
2026-05-16 08:14:21,498 - DEBUG -     0.3h: 22.94°C → target 23.10°C (error: -0.16°C)
2026-05-16 08:14:21,498 - DEBUG -     0.5h: 22.97°C → target 23.10°C (error: -0.13°C)
2026-05-16 08:14:21,499 - DEBUG -     0.7h: 23.00°C → target 23.10°C (error: -0.10°C)
2026-05-16 08:14:21,499 - DEBUG -     0.8h: 23.03°C → target 23.10°C (error: -0.07°C)
2026-05-16 08:14:21,499 - DEBUG -     1.0h: 23.07°C → target 23.10°C (error: -0.03°C)
2026-05-16 08:14:21,499 - DEBUG -     1.2h: 23.10°C → target 23.10°C (error: +0.00°C)
2026-05-16 08:14:21,499 - DEBUG -     1.3h: 23.14°C → target 23.10°C (error: +0.04°C)
2026-05-16 08:14:21,499 - DEBUG -     1.5h: 23.18°C → target 23.10°C (error: +0.08°C)
2026-05-16 08:14:21,499 - DEBUG -     1.7h: 23.22°C → target 23.10°C (error: +0.12°C)
2026-05-16 08:14:21,499 - DEBUG -     1.8h: 23.26°C → target 23.10°C (error: +0.16°C)
2026-05-16 08:14:21,499 - DEBUG -     2.0h: 23.30°C → target 23.10°C (error: +0.20°C)
2026-05-16 08:14:21,499 - DEBUG -     2.2h: 23.33°C → target 23.10°C (error: +0.23°C)
2026-05-16 08:14:21,499 - DEBUG -     2.3h: 23.37°C → target 23.10°C (error: +0.27°C)
2026-05-16 08:14:21,499 - DEBUG -     2.5h: 23.41°C → target 23.10°C (error: +0.31°C)
2026-05-16 08:14:21,499 - DEBUG -     2.7h: 23.44°C → target 23.10°C (error: +0.34°C)
2026-05-16 08:14:21,499 - DEBUG -     2.8h: 23.48°C → target 23.10°C (error: +0.38°C)
2026-05-16 08:14:21,499 - DEBUG -     3.0h: 23.51°C → target 23.10°C (error: +0.41°C)
2026-05-16 08:14:21,499 - DEBUG -     3.2h: 23.54°C → target 23.10°C (error: +0.44°C)
2026-05-16 08:14:21,499 - DEBUG -     3.3h: 23.57°C → target 23.10°C (error: +0.47°C)
2026-05-16 08:14:21,499 - DEBUG -     3.5h: 23.60°C → target 23.10°C (error: +0.50°C)
2026-05-16 08:14:21,499 - DEBUG -     3.7h: 23.63°C → target 23.10°C (error: +0.53°C)
2026-05-16 08:14:21,499 - DEBUG -     3.8h: 23.66°C → target 23.10°C (error: +0.56°C)
2026-05-16 08:14:21,499 - DEBUG -     4.0h: 23.68°C → target 23.10°C (error: +0.58°C)
2026-05-16 08:14:21,499 - INFO - ⚠️ Target will NOT be reached within 0.2h cycle (+tolerance) - applying physics-based correction
2026-05-16 08:14:21,499 - INFO - 🔄 [Newton] Skipping overshoot correction (both violated, max wins): projected indoor 22.81°C < target+0.1 (23.2°C) — house self-correcting
2026-05-16 08:14:21,502 - DEBUG - HeatingCorrectionMLModel: raw ΔT_outlet=-0.458°C (R²=0.8638)
2026-05-16 08:14:21,502 - INFO - 🤖 [ML correction] R²=0.864 w=0.864 Δphysics=+0.000°C Δml=-0.458°C Δblend=-0.396°C → outlet=21.0°C
2026-05-16 08:14:21,502 - DEBUG - 🧠 Smart rounding is using cycle-aligned forecast: PV=1899W (caller sent PV=1755W)
2026-05-16 08:14:21,502 - INFO - 🎯 Prediction: Current 22.67°C → Target 22.6°C | Calculated outlet: 21.0°C (before smart rounding) (confidence: 5.000)
2026-05-16 08:14:21,502 - DEBUG - Model Wrapper: temp=21.0°C, error=0.070°C, confidence=5.000
2026-05-16 08:14:21,502 - DEBUG - EMA smoothing: 21.00°C → 21.0°C (last=21.0, α=0.50)
2026-05-16 08:14:21,502 - DEBUG - Smart rounding: 21.00°C is already integer
2026-05-16 08:14:21,503 - DEBUG - Setting target outlet temp
2026-05-16 08:14:21,503 - DEBUG - Setting HA state for sensor.ml_vorlauftemperatur: {'state': '21.0', 'attributes': {'state_class': 'measurement', 'unique_id': 'ml_heating_target_outlet_temp', 'friendly_name': 'ML Target Outlet Temp', 'unit_of_measurement': '°C', 'device_class': 'temperature', 'icon': 'mdi:thermometer-water'}}
2026-05-16 08:14:21,515 - DEBUG - Logging thermal model metrics
2026-05-16 08:14:21,515 - DEBUG - Setting HA state for sensor.ml_heating_state: {'state': '0', 'attributes': {'state_class': 'measurement', 'unique_id': 'ml_heating_state', 'friendly_name': 'ML Heating State', 'unit_of_measurement': 'state', 'icon': 'mdi:information-outline', 'state_description': 'OK - Prediction done', 'confidence': 5.0, 'suggested_temp': 21.0, 'final_temp': 21.0, 'predicted_indoor': 22.79, 'last_prediction_time': '2026-05-16T06:14:21.515322+00:00', 'temperature_error': 0.07, 'pre_cool_active': False, 'pre_cool_peak_temp': None, 'pre_cool_peak_hour': None}}
2026-05-16 08:14:21,529 - DEBUG - ✅ ACTIVE MODE: ML controlling heating via input_boolean.ml_heating
2026-05-16 08:14:21,530 - DEBUG - 🧠 Smart rounding is using cycle-aligned forecast: PV=1899W (caller sent PV=1755W)
2026-05-16 08:14:21,531 - DEBUG - Target: 22.6°C | Suggested: 21.0°C | Applied: 21.0°C | Actual Indoor: 22.67°C | Predicted Indoor: 22.63°C | Confidence: 5.000
2026-05-16 08:14:21,531 - INFO - Target: 22.6°C | Suggested: 21.0°C | Applied: 21.0°C | Actual Indoor: 22.67°C | Predicted Indoor: 22.63°C | Confidence: 5.000
2026-05-16 08:14:21,720 - DEBUG - 💾 Saved unified thermal state to /config/ml_heating/unified_thermal_state.json
2026-05-16 08:14:21,722 - DEBUG - Operational state saved to /config/ml_heating/unified_thermal_state.json; updated keys: ['last_run_features', 'last_indoor_temp', 'last_avg_other_rooms_temp', 'last_fireplace_on', 'last_final_temp', 'last_climate_mode', 'last_target_indoor_temp', 'last_predicted_indoor', 'last_is_blocking', 'last_blocking_reasons', 'setpoint_hold_cycles_remaining']
2026-05-16 08:14:21,722 - DEBUG - Setting HA state for sensor.ml_heating_features: {'state': '22.56', 'attributes': {'state_class': 'measurement', 'unique_id': 'ml_heating_features', 'friendly_name': 'ML Heating Features', 'unit_of_measurement': '°C', 'device_class': 'temperature', 'icon': 'mdi:feature-search-outline', 'living_room_temp': 22.56, 'outlet_temp': 23.8, 'indoor_temp_lag_30m': 22.838, 'target_temp': 22.6, 'outdoor_temp': 6.734375, 'dhw_heating': 0.0, 'dhw_disinfection': 0.0, 'dhw_boost_heater': 0.0, 'defrosting': 0.0, 'pv_now': 2970.0, 'pv_now_electrical': 2970.0, 'solar_correction_percent': 100.0, 'solar_correction_factor': 1.0, 'solar_correction_enabled': 1.0, 'fireplace_on': 0.0, 'tv_on': 0.0, 'temp_forecast_1h': 6.73, 'temp_forecast_2h': 7.63, 'temp_forecast_3h': 8.53, 'temp_forecast_4h': 8.03, 'temp_forecast_5h': 9.43, 'temp_forecast_6h': 9.83, 'temp_forecast_7h': 8.93, 'temp_forecast_8h': 9.53, 'temp_forecast_9h': 9.73, 'temp_forecast_10h': 9.23, 'temp_forecast_11h': 9.23, 'temp_forecast_12h': 8.63, 'pv_forecast_1h': 3486.2, 'pv_forecast_2h': 4739.0, 'pv_forecast_3h': 2961.0, 'pv_forecast_4h': 4456.8, 'pv_forecast_5h': 4477.0, 'pv_forecast_6h': 2210.5, 'pv_forecast_7h': 2549.0, 'pv_forecast_8h': 2264.8, 'pv_forecast_9h': 2739.5, 'pv_forecast_10h': 1727.5, 'pv_forecast_11h': 977.2, 'pv_forecast_12h': 181.8, 'pv_forecast_electrical_1h': 3486.2, 'pv_forecast_electrical_2h': 4739.0, 'pv_forecast_electrical_3h': 2961.0, 'pv_forecast_electrical_4h': 4456.8, 'pv_forecast_electrical_5h': 4477.0, 'pv_forecast_electrical_6h': 2210.5, 'pv_forecast_electrical_7h': 2549.0, 'pv_forecast_electrical_8h': 2264.8, 'pv_forecast_electrical_9h': 2739.5, 'pv_forecast_electrical_10h': 1727.5, 'pv_forecast_electrical_11h': 977.2, 'pv_forecast_electrical_12h': 181.8, 'cloud_cover_forecast_1h': 0.0, 'cloud_cover_forecast_2h': 0.0, 'cloud_cover_forecast_3h': 0.0, 'cloud_cover_forecast_4h': 0.0, 'cloud_cover_forecast_5h': 0.0, 'cloud_cover_forecast_6h': 0.0, 'cloud_cover_forecast_7h': 0.0, 'cloud_cover_forecast_8h': 0.0, 'cloud_cover_forecast_9h': 0.0, 'cloud_cover_forecast_10h': 0.0, 'cloud_cover_forecast_11h': 0.0, 'cloud_cover_forecast_12h': 0.0, 'temp_diff_indoor_outdoor': 15.928750000000004, 'indoor_temp_gradient': -0.19124999999997527, 'outlet_indoor_diff': 1.1368749999999963, 'indoor_temp_lag_10m': 22.662000000000003, 'indoor_temp_lag_60m': 22.683, 'outlet_temp_lag_30m': 23.900000000000002, 'outlet_temp_change': 0.0, 'indoor_temp_delta_10m': 0.001125000000001819, 'indoor_temp_delta_30m': -0.17487499999999656, 'indoor_temp_delta_60m': -0.019874999999995424, 'hour_sin': 0.8660254037844387, 'hour_cos': -0.4999999999999998, 'month_sin': 0.8660254037844387, 'month_cos': -0.4999999999999998, 'outlet_effectiveness_ratio': 0.05552501374381809, 'inlet_temp': 23.919999999999998, 'flow_rate': 14.0, 'power_consumption': 19.0, 'delta_t': -0.11999999999999744, 'thermal_power_kw': -0.11720799999999751, 'cop_realtime': 0.0, 'temp_trend_forecast': 0.32390624999999984, 'heating_demand_forecast': 1.4570000000000003, 'combined_forecast_thermal_load': -2.9998, 'pv_power_history': [13.0, 29.0, 52.0, 111.0, 201.0, 488.0, 980.0, 1111.0, 1638.0, 2246.0, 2745.0, 2378.0, 1918.0, 1972.0, 3854.0, 4008.0, 4244.0, 3596.0], 'pv_power_history_electrical': [13.0, 29.0, 52.0, 111.0, 201.0, 488.0, 980.0, 1111.0, 1638.0, 2246.0, 2745.0, 2378.0, 1918.0, 1972.0, 3854.0, 4008.0, 4244.0, 3596.0], 'wind_speed': 11.2, 'is_weekend': 1.0, 'indoor_margin_rate': 0.0, 'last_updated': '2026-05-16T06:14:21.722272+00:00'}}
2026-05-16 08:14:21,767 - DEBUG - Published 93 features to sensor.ml_heating_features
2026-05-16 08:14:21,767 - DEBUG - ✅ CYCLE 49 END: 08:14:21 (duration: 1.5s)
2026-05-16 08:14:21,767 - DEBUG - 💤 POLLING START: Waiting 30min until next cycle...
2026-05-16 08:14:21,792 - DEBUG - Active sampling: buffered 6 readings
127.0.0.1 - - [16/May/2026 08:14:37] "GET /health HTTP/1.1" 200 -
127.0.0.1 - - [16/May/2026 08:15:07] "GET /health HTTP/1.1" 200 -
2026-05-16 08:15:21,823 - DEBUG - Active sampling: buffered 6 readings
127.0.0.1 - - [16/May/2026 08:15:37] "GET /health HTTP/1.1" 200 -
127.0.0.1 - - [16/May/2026 08:16:08] "GET /health HTTP/1.1" 200 -
2026-05-16 08:16:21,854 - DEBUG - Active sampling: buffered 6 readings
127.0.0.1 - - [16/May/2026 08:16:38] "GET /health HTTP/1.1" 200 -
127.0.0.1 - - [16/May/2026 08:17:08] "GET /health HTTP/1.1" 200 -
2026-05-16 08:17:21,884 - DEBUG - Active sampling: buffered 6 readings
127.0.0.1 - - [16/May/2026 08:17:38] "GET /health HTTP/1.1" 200 -
127.0.0.1 - - [16/May/2026 08:18:08] "GET /health HTTP/1.1" 200 -
2026-05-16 08:18:21,914 - DEBUG - Active sampling: buffered 6 readings
127.0.0.1 - - [16/May/2026 08:18:38] "GET /health HTTP/1.1" 200 -
127.0.0.1 - - [16/May/2026 08:19:08] "GET /health HTTP/1.1" 200 -
2026-05-16 08:19:21,944 - DEBUG - Active sampling: buffered 6 readings
127.0.0.1 - - [16/May/2026 08:19:38] "GET /health HTTP/1.1" 200 -
127.0.0.1 - - [16/May/2026 08:20:08] "GET /health HTTP/1.1" 200 -
2026-05-16 08:20:21,974 - DEBUG - Active sampling: buffered 6 readings
127.0.0.1 - - [16/May/2026 08:20:38] "GET /health HTTP/1.1" 200 -
127.0.0.1 - - [16/May/2026 08:21:08] "GET /health HTTP/1.1" 200 -
2026-05-16 08:21:22,009 - DEBUG - Active sampling: buffered 6 readings
127.0.0.1 - - [16/May/2026 08:21:38] "GET /health HTTP/1.1" 200 -
127.0.0.1 - - [16/May/2026 08:22:08] "GET /health HTTP/1.1" 200 -
2026-05-16 08:22:22,043 - DEBUG - Active sampling: buffered 6 readings
127.0.0.1 - - [16/May/2026 08:22:38] "GET /health HTTP/1.1" 200 -
127.0.0.1 - - [16/May/2026 08:23:08] "GET /health HTTP/1.1" 200 -
2026-05-16 08:23:22,074 - DEBUG - Active sampling: buffered 6 readings
127.0.0.1 - - [16/May/2026 08:23:38] "GET /health HTTP/1.1" 200 -
127.0.0.1 - - [16/May/2026 08:24:08] "GET /health HTTP/1.1" 200 -
2026-05-16 08:24:22,076 - DEBUG - ⏰ POLLING END: Waited 10.0min, starting next cycle...
2026-05-16 08:24:22,076 - DEBUG - 🔄 CYCLE 50 START: 08:24:22 (interval: 10.0min since last cycle)
2026-05-16 08:24:22,076 - DEBUG - ♻️ Reusing existing Model Wrapper instance
2026-05-16 08:24:22,076 - INFO - Successfully loaded operational state from /config/ml_heating/unified_thermal_state.json
2026-05-16 08:24:22,105 - DEBUG - Setting HA state for sensor.ml_heating_cop_realtime: {'state': '0.00', 'attributes': {'state_class': 'measurement', 'unique_id': 'ml_heating_cop_realtime', 'friendly_name': 'ML Heating COP (Realtime)', 'unit_of_measurement': 'COP', 'icon': 'mdi:heat-pump', 'device_class': 'power_factor'}}
2026-05-16 08:24:22,117 - DEBUG - Setting HA state for sensor.ml_heating_thermal_power: {'state': '-0.098', 'attributes': {'state_class': 'measurement', 'unique_id': 'ml_heating_thermal_power', 'friendly_name': 'ML Heating Thermal Power', 'unit_of_measurement': 'kW', 'icon': 'mdi:flash', 'device_class': 'power'}}
2026-05-16 08:24:22,147 - DEBUG - Wrote thermodynamic metrics to InfluxDB
2026-05-16 08:24:22,147 - DEBUG - Thermodynamic sensors updated: COP=0.00, Power=-0.098kW
2026-05-16 08:24:22,147 - DEBUG - ♻️ Reusing existing Model Wrapper instance
2026-05-16 08:24:22,147 - DEBUG - 🎯 ACTIVE MODE LEARNING (trajectory): Verifying ML prediction accuracy for 21.0°C outlet setting
2026-05-16 08:24:22,150 - DEBUG - ☀️ SolarChannel self-learned: avg_error=-0.039, pv_heat_weight=0.00140, solar_lag=39.7min, cloud_exp=1.00, solar_decay_tau=1.06h
2026-05-16 08:24:22,150 - INFO - ☀️ pv parameter update: attributed_error=-0.250909 | pv_heat_weight: 0.001434→0.001396 (Δ-0.000039) | solar_decay_tau_hours: 1.057747→1.057727 (Δ-0.000019) | solar_lag_minutes: 39.643622→39.659371 (Δ+0.015749)
2026-05-16 08:24:22,150 - INFO - Channel routing → [☀️ pv*] | error=-0.2509 | pv_current=2970W pv_smoothed=1755W | params_changed=pv
2026-05-16 08:24:22,438 - DEBUG - 💾 Saved unified thermal state to /config/ml_heating/unified_thermal_state.json
2026-05-16 08:24:22,440 - DEBUG - Skipping legacy global adaptation: channel mode owns recent-window learning
2026-05-16 08:24:22,629 - DEBUG - 💾 Saved unified thermal state to /config/ml_heating/unified_thermal_state.json
2026-05-16 08:24:22,631 - DEBUG - Prediction feedback: error=-0.251°C, confidence=5.000
2026-05-16 08:24:22,821 - DEBUG - 💾 Saved unified thermal state to /config/ml_heating/unified_thermal_state.json
2026-05-16 08:24:22,823 - DEBUG - 💾 Saved 200 predictions to unified thermal state
2026-05-16 08:24:22,823 - DEBUG - Added prediction: pred=22.72, actual=22.47, error=-0.251
2026-05-16 08:24:23,011 - DEBUG - 💾 Saved unified thermal state to /config/ml_heating/unified_thermal_state.json
2026-05-16 08:24:23,015 - DEBUG - Setting HA state for sensor.ml_model_mae: {'state': '0.0321', 'attributes': {'state_class': 'measurement', 'unique_id': 'ml_heating_model_mae', 'friendly_name': 'ML Model MAE', 'unit_of_measurement': '°C', 'icon': 'mdi:chart-line', 'last_updated': '2026-05-16T06:24:23.014982+00:00'}}
2026-05-16 08:24:23,028 - DEBUG - Setting HA state for sensor.ml_model_rmse: {'state': '0.0490', 'attributes': {'state_class': 'measurement', 'unique_id': 'ml_heating_model_rmse', 'friendly_name': 'ML Model RMSE', 'unit_of_measurement': '°C', 'icon': 'mdi:chart-line', 'last_updated': '2026-05-16T06:24:23.014982+00:00'}}
2026-05-16 08:24:23,042 - DEBUG - Setting HA state for sensor.ml_heating_learning: {'state': '5.000', 'attributes': {'state_class': 'measurement', 'unique_id': 'ml_heating_learning', 'friendly_name': 'ML Adaptive Learning Metrics', 'unit_of_measurement': 'metrics', 'icon': 'mdi:brain', 'thermal_time_constant': 4.8345275867350885, 'heat_loss_coefficient': 0.12035197370821737, 'outlet_effectiveness': 0.8283017284451556, 'pv_heat_weight': 0.0013956701741544223, 'fireplace_heat_weight': 0.17156709601311348, 'tv_heat_weight': 0.44733899208522154, 'solar_lag_minutes': 39.65937129804276, 'slab_time_constant_hours': 4.000456052583566, 'heat_source_channels_enabled': True, 'total_conductance': 0.3, 'equilibrium_ratio': 0.5, 'cycle_count': 5388, 'parameter_updates': 550, 'model_health': 'excellent', 'learning_progress': 1.0, 'is_improving': True, 'improvement_percentage': 5.6504775353787515, 'total_predictions': 200, 'learning_confidence': 5.0, 'last_updated': '2026-05-16T06:24:23.042041+00:00', 'delta_t_floor': 2.4857328190130326, 'cloud_factor_exponent': 1.0, 'solar_decay_tau_hours': 1.057727310633461, 'fp_heat_output_kw': 0.17156709601311348, 'fp_decay_time_constant': 3.9144707244638868, 'room_spread_delay_minutes': 18.0, 'ch_heat_pump_history_count': 200, 'ch_heat_pump_last_error': 0.015176865717659638, 'ch_pv_history_count': 200, 'ch_pv_last_error': -0.250909449059872, 'ch_fireplace_history_count': 0, 'ch_fireplace_last_error': 0.0, 'ch_tv_history_count': 0, 'ch_tv_last_error': 0.0}}
2026-05-16 08:24:23,056 - DEBUG - Setting HA state for sensor.ml_model_mae: {'state': '0.0321', 'attributes': {'state_class': 'measurement', 'unique_id': 'ml_heating_model_mae', 'friendly_name': 'ML Model MAE', 'unit_of_measurement': '°C', 'icon': 'mdi:chart-line', 'mae_1h': 0.0708860248268941, 'mae_6h': 0.03690677751335963, 'mae_24h': 0.03210361503146762, 'trend_direction': 'improving', 'prediction_count': 200, 'last_updated': '2026-05-16T06:24:23.042041+00:00'}}
2026-05-16 08:24:23,071 - DEBUG - Setting HA state for sensor.ml_model_rmse: {'state': '0.0490', 'attributes': {'state_class': 'measurement', 'unique_id': 'ml_heating_model_rmse', 'friendly_name': 'ML Model RMSE', 'unit_of_measurement': '°C', 'icon': 'mdi:chart-line', 'recent_max_error': 0.2555759466082712, 'std_error': 0.0371, 'mean_bias': 0.0, 'prediction_count': 200, 'last_updated': '2026-05-16T06:24:23.042041+00:00'}}
2026-05-16 08:24:23,088 - DEBUG - Setting HA state for sensor.ml_prediction_accuracy: {'state': '98.1', 'attributes': {'state_class': 'measurement', 'unique_id': 'ml_prediction_accuracy', 'friendly_name': 'ML Prediction Accuracy', 'unit_of_measurement': '%', 'icon': 'mdi:target', 'perfect_accuracy_pct': 0.0, 'tolerable_accuracy_pct': 98.125, 'poor_accuracy_pct': 1.875, 'prediction_count_24h': 0, 'excellent_all_time_pct': 96.5, 'good_all_time_pct': 100.0, 'last_updated': '2026-05-16T06:24:23.042041+00:00'}}
2026-05-16 08:24:23,101 - DEBUG - Logged refactored sensor metrics to HA
2026-05-16 08:24:23,102 - DEBUG - Logging feature importance
2026-05-16 08:24:23,102 - DEBUG - Setting HA state for sensor.ml_feature_importance: {'state': '5', 'attributes': {'state_class': 'measurement', 'unique_id': 'ml_heating_feature_importance', 'friendly_name': 'ML Feature Importance', 'unit_of_measurement': '%', 'icon': 'mdi:format-list-numbered', 'top_features': {'target_temp': 52.79, 'tv_power': 28.51, 'fireplace': 10.94, 'outdoor_temp': 7.67, 'pv_power': 0.09}, 'last_updated': '2026-05-16T06:24:23.101978+00:00'}}
2026-05-16 08:24:23,116 - INFO - ✅ Exported metrics to Home Assistant sensors successfully
2026-05-16 08:24:23,116 - INFO - ✅ Learning cycle 5388: error=0.251°C, confidence=5.000, total_predictions=200
2026-05-16 08:24:23,116 - DEBUG - ✅ Online learning: applied_temp=21.0°C, actual_change=-0.200°C, cycle=5388
2026-05-16 08:24:23,116 - DEBUG - 🔥 Heating mode active (state: heat)
2026-05-16 08:24:23,116 - DEBUG - ♻️ Reusing existing Model Wrapper instance
2026-05-16 08:24:23,144 - DEBUG - Fireplace is OFF. Using main indoor temp for prediction.
2026-05-16 08:24:23,281 - DEBUG - PV forecast parsed successfully: [3974.5, 4120.5, 3229.8, 4895.8, 4125.2, 1412.8, 2939.2, 2199.0, 2651.8, 1494.5, 752.5, 72.8]W
2026-05-16 08:24:23,281 - DEBUG - Solar correction: enabled=True, percent=100.0%, factor=1.000
2026-05-16 08:24:23,298 - DEBUG - Delta calibration applied: offset=-0.14°C
2026-05-16 08:24:23,298 - DEBUG - Raw forecasts: [7.3, 8.2, 9.1, 8.6, 10.0, 10.4, 9.5, 10.1, 10.3, 9.8, 9.8, 9.2]
2026-05-16 08:24:23,298 - DEBUG - Calibrated forecasts: [7.16, 8.06, 8.96, 8.46, 9.86, 10.26, 9.36, 9.96, 10.16, 9.66, 9.66, 9.06]
2026-05-16 08:24:23,303 - INFO - ☀️ Forecast trajectory: no sunset within 12-step horizon → inactive, 4 steps
2026-05-16 08:24:23,303 - DEBUG - Heating obs buffer: resolved 1 new label(s) this cycle
2026-05-16 08:24:23,327 - DEBUG - ♻️ Reusing existing Model Wrapper instance
2026-05-16 08:24:23,332 - INFO - DEBUG: Wrapper params: U=0.12035197370821737, eff=0.8283017284451556, tau=4.8345275867350885
2026-05-16 08:24:23,332 - INFO - ☀️ PV surplus 2870W (threshold 1500W): target 22.6 → 23.1°C (CHEAP ramp offset +0.50)
2026-05-16 08:24:23,333 - DEBUG - 🔧 Using natural bounds: outlet_min=21.0°C, outlet_max=35.0°C
2026-05-16 08:24:23,333 - INFO - 🌡️ Using cycle-aligned forecast (10min): outdoor=7.2°C (vs current 7.2°C), PV=2055W (vs current 1880W)
2026-05-16 08:24:23,333 - DEBUG - DEBUG: Using PV history (len=18) instead of scalar 2054.6435185185182
2026-05-16 08:24:23,333 - INFO - 🔄 HP off (delta_t=-0.10, mode=heating): simulating HP-on delta_t=2.49 for binary search
2026-05-16 08:24:23,333 - DEBUG - 🎯 Binary search start: target=23.1°C, current=22.7°C, range=21.0-35.0°C
2026-05-16 08:24:23,333 - DEBUG - 🔍 Binary search features: inlet_temp=23.9, delta_t_floor=2.49, indoor_temp_delta_60m=-0.2516, horizon=4.0h, outlet_mid=28.0°C
2026-05-16 08:24:23,334 - DEBUG - ✅ Binary search trajectory OK (iter 1): outlet=28.0°C → predicted=24.62°C (steps=24, start=22.75→end=24.62)
2026-05-16 08:24:23,334 - DEBUG -    Iteration 1: outlet=28.0°C → predicted=24.62°C, error=1.517°C (range: 21.0-35.0°C)
2026-05-16 08:24:23,334 - DEBUG -      → Heating: Predicted too high, lowering maximum to 28.0°C
2026-05-16 08:24:23,335 - DEBUG -    Iteration 2: outlet=24.5°C → predicted=23.53°C, error=0.428°C (range: 21.0-28.0°C)
2026-05-16 08:24:23,335 - DEBUG -      → Heating: Predicted too high, lowering maximum to 24.5°C
2026-05-16 08:24:23,336 - DEBUG -    Iteration 3: outlet=22.8°C → predicted=23.41°C, error=0.313°C (range: 21.0-24.5°C)
2026-05-16 08:24:23,336 - DEBUG -      → Heating: Predicted too high, lowering maximum to 22.8°C
2026-05-16 08:24:23,337 - DEBUG -    Iteration 4: outlet=21.9°C → predicted=23.41°C, error=0.313°C (range: 21.0-22.8°C)
2026-05-16 08:24:23,337 - DEBUG -      → Heating: Predicted too high, lowering maximum to 21.9°C
2026-05-16 08:24:23,338 - DEBUG -    Iteration 5: outlet=21.4°C → predicted=23.41°C, error=0.313°C (range: 21.0-21.9°C)
2026-05-16 08:24:23,338 - DEBUG -      → Heating: Predicted too high, lowering maximum to 21.4°C
2026-05-16 08:24:23,339 - DEBUG -    Iteration 6: outlet=21.2°C → predicted=23.41°C, error=0.313°C (range: 21.0-21.4°C)
2026-05-16 08:24:23,339 - DEBUG -      → Heating: Predicted too high, lowering maximum to 21.2°C
2026-05-16 08:24:23,340 - DEBUG -    Iteration 7: outlet=21.1°C → predicted=23.41°C, error=0.313°C (range: 21.0-21.2°C)
2026-05-16 08:24:23,340 - DEBUG -      → Heating: Predicted too high, lowering maximum to 21.1°C
2026-05-16 08:24:23,341 - DEBUG -    Iteration 8: outlet=21.1°C → predicted=23.41°C, error=0.313°C (range: 21.0-21.1°C)
2026-05-16 08:24:23,341 - DEBUG -      → Heating: Predicted too high, lowering maximum to 21.1°C
2026-05-16 08:24:23,341 - DEBUG -    Iteration 9: outlet=21.0°C → predicted=23.41°C, error=0.313°C (range: 21.0-21.1°C)
2026-05-16 08:24:23,341 - DEBUG -      → Heating: Predicted too high, lowering maximum to 21.0°C
2026-05-16 08:24:23,341 - INFO - 🔄 Binary search early exit after 10 iterations: range collapsed to 0.027°C, using 21.0°C
2026-05-16 08:24:23,342 - DEBUG - Slab: inlet=23.9°C, outlet=21.0°C, Δ=-2.9°C, τ=4.00h
2026-05-16 08:24:23,342 - DEBUG - 🔍 Trajectory prediction using forecast arrays: outdoor=[7.156250000000001, 7.16, 8.06, 8.96, 8.46], PV=[1880.111111111111, 3974.5, 4120.5, 3229.8, 4895.8]
2026-05-16 08:24:23,342 - DEBUG - 🔍 Trajectory DEBUG: outlet=21.0°C → 0.2h_prediction=22.69°C (vs target 23.1°C, error: -0.408°C), reaches_target_at=2.0h, cycle_time=0.2h
2026-05-16 08:24:23,342 - DEBUG - 🔍 Trajectory predictions for target 23.1°C:
2026-05-16 08:24:23,342 - DEBUG -     0.2h: 22.69°C → target 23.10°C (error: -0.41°C)
2026-05-16 08:24:23,342 - DEBUG -     0.3h: 22.71°C → target 23.10°C (error: -0.39°C)
2026-05-16 08:24:23,342 - DEBUG -     0.5h: 22.72°C → target 23.10°C (error: -0.38°C)
2026-05-16 08:24:23,343 - DEBUG -     0.7h: 22.74°C → target 23.10°C (error: -0.36°C)
2026-05-16 08:24:23,343 - DEBUG -     0.8h: 22.77°C → target 23.10°C (error: -0.33°C)
2026-05-16 08:24:23,343 - DEBUG -     1.0h: 22.80°C → target 23.10°C (error: -0.30°C)
2026-05-16 08:24:23,343 - DEBUG -     1.2h: 22.83°C → target 23.10°C (error: -0.27°C)
2026-05-16 08:24:23,343 - DEBUG -     1.3h: 22.86°C → target 23.10°C (error: -0.24°C)
2026-05-16 08:24:23,343 - DEBUG -     1.5h: 22.90°C → target 23.10°C (error: -0.20°C)
2026-05-16 08:24:23,343 - DEBUG -     1.7h: 22.93°C → target 23.10°C (error: -0.17°C)
2026-05-16 08:24:23,343 - DEBUG -     1.8h: 22.97°C → target 23.10°C (error: -0.13°C)
2026-05-16 08:24:23,343 - DEBUG -     2.0h: 23.00°C → target 23.10°C (error: -0.10°C)
2026-05-16 08:24:23,343 - DEBUG -     2.2h: 23.04°C → target 23.10°C (error: -0.06°C)
2026-05-16 08:24:23,343 - DEBUG -     2.3h: 23.08°C → target 23.10°C (error: -0.02°C)
2026-05-16 08:24:23,343 - DEBUG -     2.5h: 23.11°C → target 23.10°C (error: +0.01°C)
2026-05-16 08:24:23,343 - DEBUG -     2.7h: 23.15°C → target 23.10°C (error: +0.05°C)
2026-05-16 08:24:23,343 - DEBUG -     2.8h: 23.18°C → target 23.10°C (error: +0.08°C)
2026-05-16 08:24:23,343 - DEBUG -     3.0h: 23.22°C → target 23.10°C (error: +0.12°C)
2026-05-16 08:24:23,343 - DEBUG -     3.2h: 23.25°C → target 23.10°C (error: +0.15°C)
2026-05-16 08:24:23,343 - DEBUG -     3.3h: 23.28°C → target 23.10°C (error: +0.18°C)
2026-05-16 08:24:23,343 - DEBUG -     3.5h: 23.31°C → target 23.10°C (error: +0.21°C)
2026-05-16 08:24:23,343 - DEBUG -     3.7h: 23.35°C → target 23.10°C (error: +0.25°C)
2026-05-16 08:24:23,343 - DEBUG -     3.8h: 23.38°C → target 23.10°C (error: +0.28°C)
2026-05-16 08:24:23,343 - DEBUG -     4.0h: 23.41°C → target 23.10°C (error: +0.31°C)
2026-05-16 08:24:23,343 - DEBUG - Ignoring minor future overshoot (max=23.41°C) because immediate cycle is safe (22.69°C)
2026-05-16 08:24:23,343 - INFO - ⚠️ Target will NOT be reached within 0.2h cycle (+tolerance) - applying physics-based correction
2026-05-16 08:24:23,343 - DEBUG - [Newton] t_eval floored: 0.17h → 2.42h (τ/2=2.42h); ε: +0.408°C → +0.000°C
2026-05-16 08:24:23,346 - DEBUG - HeatingCorrectionMLModel: raw ΔT_outlet=-0.307°C (R²=0.8638)
2026-05-16 08:24:23,346 - INFO - 🤖 [ML correction] R²=0.864 w=0.864 Δphysics=+0.000°C Δml=-0.307°C Δblend=-0.265°C → outlet=21.0°C
2026-05-16 08:24:23,346 - DEBUG - 🧠 Smart rounding is using cycle-aligned forecast: PV=2055W (caller sent PV=1880W)
2026-05-16 08:24:23,346 - INFO - 🎯 Prediction: Current 22.47°C → Target 22.6°C | Calculated outlet: 21.0°C (before smart rounding) (confidence: 5.000)
2026-05-16 08:24:23,346 - DEBUG - Model Wrapper: temp=21.0°C, error=0.130°C, confidence=5.000
2026-05-16 08:24:23,347 - DEBUG - EMA smoothing: 21.00°C → 21.0°C (last=21.0, α=0.50)
2026-05-16 08:24:23,347 - DEBUG - Smart rounding: 21.00°C is already integer
2026-05-16 08:24:23,347 - DEBUG - Setting target outlet temp
2026-05-16 08:24:23,347 - DEBUG - Setting HA state for sensor.ml_vorlauftemperatur: {'state': '21.0', 'attributes': {'state_class': 'measurement', 'unique_id': 'ml_heating_target_outlet_temp', 'friendly_name': 'ML Target Outlet Temp', 'unit_of_measurement': '°C', 'device_class': 'temperature', 'icon': 'mdi:thermometer-water'}}
2026-05-16 08:24:23,361 - DEBUG - Logging thermal model metrics
2026-05-16 08:24:23,361 - DEBUG - Setting HA state for sensor.ml_heating_state: {'state': '0', 'attributes': {'state_class': 'measurement', 'unique_id': 'ml_heating_state', 'friendly_name': 'ML Heating State', 'unit_of_measurement': 'state', 'icon': 'mdi:information-outline', 'state_description': 'OK - Prediction done', 'confidence': 5.0, 'suggested_temp': 21.0, 'final_temp': 21.0, 'predicted_indoor': 22.63, 'last_prediction_time': '2026-05-16T06:24:23.361646+00:00', 'temperature_error': 0.13, 'pre_cool_active': False, 'pre_cool_peak_temp': None, 'pre_cool_peak_hour': None}}
2026-05-16 08:24:23,375 - DEBUG - ✅ ACTIVE MODE: ML controlling heating via input_boolean.ml_heating
2026-05-16 08:24:23,377 - DEBUG - 🧠 Smart rounding is using cycle-aligned forecast: PV=2055W (caller sent PV=1880W)
2026-05-16 08:24:23,377 - DEBUG - Target: 22.6°C | Suggested: 21.0°C | Applied: 21.0°C | Actual Indoor: 22.47°C | Predicted Indoor: 22.44°C | Confidence: 5.000
2026-05-16 08:24:23,377 - INFO - Target: 22.6°C | Suggested: 21.0°C | Applied: 21.0°C | Actual Indoor: 22.47°C | Predicted Indoor: 22.44°C | Confidence: 5.000
2026-05-16 08:24:23,567 - DEBUG - 💾 Saved unified thermal state to /config/ml_heating/unified_thermal_state.json
2026-05-16 08:24:23,569 - DEBUG - Operational state saved to /config/ml_heating/unified_thermal_state.json; updated keys: ['last_run_features', 'last_indoor_temp', 'last_avg_other_rooms_temp', 'last_fireplace_on', 'last_final_temp', 'last_climate_mode', 'last_target_indoor_temp', 'last_predicted_indoor', 'last_is_blocking', 'last_blocking_reasons', 'setpoint_hold_cycles_remaining']
2026-05-16 08:24:23,569 - DEBUG - Setting HA state for sensor.ml_heating_features: {'state': '22.46', 'attributes': {'state_class': 'measurement', 'unique_id': 'ml_heating_features', 'friendly_name': 'ML Heating Features', 'unit_of_measurement': '°C', 'device_class': 'temperature', 'icon': 'mdi:feature-search-outline', 'living_room_temp': 22.46, 'outlet_temp': 23.8, 'indoor_temp_lag_30m': 22.666, 'target_temp': 22.6, 'outdoor_temp': 7.156250000000001, 'dhw_heating': 0.0, 'dhw_disinfection': 0.0, 'dhw_boost_heater': 0.0, 'defrosting': 0.0, 'pv_now': 2870.0, 'pv_now_electrical': 2870.0, 'solar_correction_percent': 100.0, 'solar_correction_factor': 1.0, 'solar_correction_enabled': 1.0, 'fireplace_on': 0.0, 'tv_on': 0.0, 'temp_forecast_1h': 7.16, 'temp_forecast_2h': 8.06, 'temp_forecast_3h': 8.96, 'temp_forecast_4h': 8.46, 'temp_forecast_5h': 9.86, 'temp_forecast_6h': 10.26, 'temp_forecast_7h': 9.36, 'temp_forecast_8h': 9.96, 'temp_forecast_9h': 10.16, 'temp_forecast_10h': 9.66, 'temp_forecast_11h': 9.66, 'temp_forecast_12h': 9.06, 'pv_forecast_1h': 3974.5, 'pv_forecast_2h': 4120.5, 'pv_forecast_3h': 3229.8, 'pv_forecast_4h': 4895.8, 'pv_forecast_5h': 4125.2, 'pv_forecast_6h': 1412.8, 'pv_forecast_7h': 2939.2, 'pv_forecast_8h': 2199.0, 'pv_forecast_9h': 2651.8, 'pv_forecast_10h': 1494.5, 'pv_forecast_11h': 752.5, 'pv_forecast_12h': 72.8, 'pv_forecast_electrical_1h': 3974.5, 'pv_forecast_electrical_2h': 4120.5, 'pv_forecast_electrical_3h': 3229.8, 'pv_forecast_electrical_4h': 4895.8, 'pv_forecast_electrical_5h': 4125.2, 'pv_forecast_electrical_6h': 1412.8, 'pv_forecast_electrical_7h': 2939.2, 'pv_forecast_electrical_8h': 2199.0, 'pv_forecast_electrical_9h': 2651.8, 'pv_forecast_electrical_10h': 1494.5, 'pv_forecast_electrical_11h': 752.5, 'pv_forecast_electrical_12h': 72.8, 'cloud_cover_forecast_1h': 0.0, 'cloud_cover_forecast_2h': 0.0, 'cloud_cover_forecast_3h': 0.0, 'cloud_cover_forecast_4h': 0.0, 'cloud_cover_forecast_5h': 0.0, 'cloud_cover_forecast_6h': 0.0, 'cloud_cover_forecast_7h': 0.0, 'cloud_cover_forecast_8h': 0.0, 'cloud_cover_forecast_9h': 0.0, 'cloud_cover_forecast_10h': 0.0, 'cloud_cover_forecast_11h': 0.0, 'cloud_cover_forecast_12h': 0.0, 'temp_diff_indoor_outdoor': 15.428125000000001, 'indoor_temp_gradient': -0.5557499999999891, 'outlet_indoor_diff': 1.2156249999999993, 'indoor_temp_lag_10m': 22.49, 'indoor_temp_lag_60m': 22.836000000000002, 'outlet_temp_lag_30m': 23.880000000000003, 'outlet_temp_change': 0.0, 'indoor_temp_delta_10m': 0.09437500000000298, 'indoor_temp_delta_30m': -0.08162499999999895, 'indoor_temp_delta_60m': -0.25162500000000065, 'hour_sin': 0.8660254037844387, 'hour_cos': -0.4999999999999998, 'month_sin': 0.8660254037844387, 'month_cos': -0.4999999999999998, 'outlet_effectiveness_ratio': -0.012853470437018002, 'inlet_temp': 23.9, 'flow_rate': 14.0, 'power_consumption': 19.0, 'delta_t': -0.09999999999999787, 'thermal_power_kw': -0.09767333333333125, 'cop_realtime': 0.0, 'temp_trend_forecast': 0.3259375, 'heating_demand_forecast': 1.4140000000000001, 'combined_forecast_thermal_load': -3.4818000000000002, 'pv_power_history': [29.0, 52.0, 111.0, 201.0, 488.0, 980.0, 1111.0, 1638.0, 2246.0, 2745.0, 2378.0, 1918.0, 1972.0, 3854.0, 4008.0, 4244.0, 3265.0, 2602.0], 'pv_power_history_electrical': [29.0, 52.0, 111.0, 201.0, 488.0, 980.0, 1111.0, 1638.0, 2246.0, 2745.0, 2378.0, 1918.0, 1972.0, 3854.0, 4008.0, 4244.0, 3265.0, 2602.0], 'wind_speed': 11.2, 'is_weekend': 1.0, 'indoor_margin_rate': 0.0, 'last_updated': '2026-05-16T06:24:23.569371+00:00'}}
2026-05-16 08:24:23,583 - DEBUG - Published 93 features to sensor.ml_heating_features
2026-05-16 08:24:23,583 - DEBUG - ✅ CYCLE 50 END: 08:24:23 (duration: 1.5s)
2026-05-16 08:24:23,583 - DEBUG - 💤 POLLING START: Waiting 30min until next cycle...
2026-05-16 08:24:23,638 - DEBUG - Active sampling: buffered 6 readings
127.0.0.1 - - [16/May/2026 08:24:39] "GET /health HTTP/1.1" 200 -
127.0.0.1 - - [16/May/2026 08:25:09] "GET /health HTTP/1.1" 200 -
2026-05-16 08:25:23,669 - DEBUG - Active sampling: buffered 6 readings
127.0.0.1 - - [16/May/2026 08:25:39] "GET /health HTTP/1.1" 200 -
127.0.0.1 - - [16/May/2026 08:26:09] "GET /health HTTP/1.1" 200 -
2026-05-16 08:26:23,700 - DEBUG - Active sampling: buffered 6 readings
127.0.0.1 - - [16/May/2026 08:26:39] "GET /health HTTP/1.1" 200 -
127.0.0.1 - - [16/May/2026 08:27:09] "GET /health HTTP/1.1" 200 -
2026-05-16 08:27:23,731 - DEBUG - Active sampling: buffered 6 readings
127.0.0.1 - - [16/May/2026 08:27:39] "GET /health HTTP/1.1" 200 -
127.0.0.1 - - [16/May/2026 08:28:09] "GET /health HTTP/1.1" 200 -
2026-05-16 08:28:23,763 - DEBUG - Active sampling: buffered 6 readings
127.0.0.1 - - [16/May/2026 08:28:39] "GET /health HTTP/1.1" 200 -
127.0.0.1 - - [16/May/2026 08:29:09] "GET /health HTTP/1.1" 200 -
2026-05-16 08:29:23,794 - DEBUG - Active sampling: buffered 6 readings
127.0.0.1 - - [16/May/2026 08:29:39] "GET /health HTTP/1.1" 200 -
127.0.0.1 - - [16/May/2026 08:30:09] "GET /health HTTP/1.1" 200 -
2026-05-16 08:30:23,824 - DEBUG - Active sampling: buffered 6 readings
127.0.0.1 - - [16/May/2026 08:30:39] "GET /health HTTP/1.1" 200 -
127.0.0.1 - - [16/May/2026 08:31:09] "GET /health HTTP/1.1" 200 -
2026-05-16 08:31:23,856 - DEBUG - Active sampling: buffered 6 readings
127.0.0.1 - - [16/May/2026 08:31:39] "GET /health HTTP/1.1" 200 -
127.0.0.1 - - [16/May/2026 08:32:09] "GET /health HTTP/1.1" 200 -
2026-05-16 08:32:23,887 - DEBUG - Active sampling: buffered 6 readings
127.0.0.1 - - [16/May/2026 08:32:40] "GET /health HTTP/1.1" 200 -
127.0.0.1 - - [16/May/2026 08:33:10] "GET /health HTTP/1.1" 200 -
2026-05-16 08:33:23,917 - DEBUG - Active sampling: buffered 6 readings
127.0.0.1 - - [16/May/2026 08:33:40] "GET /health HTTP/1.1" 200 -
127.0.0.1 - - [16/May/2026 08:34:10] "GET /health HTTP/1.1" 200 -
2026-05-16 08:34:23,919 - DEBUG - ⏰ POLLING END: Waited 10.0min, starting next cycle...
2026-05-16 08:34:23,919 - DEBUG - 🔄 CYCLE 51 START: 08:34:23 (interval: 10.0min since last cycle)
2026-05-16 08:34:23,919 - DEBUG - ♻️ Reusing existing Model Wrapper instance
2026-05-16 08:34:23,919 - INFO - Successfully loaded operational state from /config/ml_heating/unified_thermal_state.json
2026-05-16 08:34:23,949 - DEBUG - Setting HA state for sensor.ml_heating_cop_realtime: {'state': '0.00', 'attributes': {'state_class': 'measurement', 'unique_id': 'ml_heating_cop_realtime', 'friendly_name': 'ML Heating COP (Realtime)', 'unit_of_measurement': 'COP', 'icon': 'mdi:heat-pump', 'device_class': 'power_factor'}}
2026-05-16 08:34:23,963 - DEBUG - Setting HA state for sensor.ml_heating_thermal_power: {'state': '0.000', 'attributes': {'state_class': 'measurement', 'unique_id': 'ml_heating_thermal_power', 'friendly_name': 'ML Heating Thermal Power', 'unit_of_measurement': 'kW', 'icon': 'mdi:flash', 'device_class': 'power'}}
2026-05-16 08:34:24,001 - DEBUG - Wrote thermodynamic metrics to InfluxDB
2026-05-16 08:34:24,002 - DEBUG - Thermodynamic sensors updated: COP=0.00, Power=0.000kW
2026-05-16 08:34:24,002 - DEBUG - ♻️ Reusing existing Model Wrapper instance
2026-05-16 08:34:24,002 - DEBUG - 🎯 ACTIVE MODE LEARNING (trajectory): Verifying ML prediction accuracy for 21.0°C outlet setting
2026-05-16 08:34:24,004 - DEBUG - ☀️ SolarChannel self-learned: avg_error=-0.038, pv_heat_weight=0.00136, solar_lag=39.7min, cloud_exp=1.00, solar_decay_tau=1.06h
2026-05-16 08:34:24,004 - INFO - ☀️ pv parameter update: attributed_error=-0.011596 | pv_heat_weight: 0.001396→0.001357 (Δ-0.000038) | solar_decay_tau_hours: 1.057727→1.057708 (Δ-0.000019) | solar_lag_minutes: 39.659371→39.674786 (Δ+0.015415)
2026-05-16 08:34:24,005 - INFO - Channel routing → [☀️ pv*] | error=-0.0116 | pv_current=2870W pv_smoothed=1880W | params_changed=pv
2026-05-16 08:34:24,196 - DEBUG - 💾 Saved unified thermal state to /config/ml_heating/unified_thermal_state.json
2026-05-16 08:34:24,198 - DEBUG - Skipping legacy global adaptation: channel mode owns recent-window learning
2026-05-16 08:34:24,387 - DEBUG - 💾 Saved unified thermal state to /config/ml_heating/unified_thermal_state.json
2026-05-16 08:34:24,389 - DEBUG - Prediction feedback: error=-0.012°C, confidence=5.000
2026-05-16 08:34:24,578 - DEBUG - 💾 Saved unified thermal state to /config/ml_heating/unified_thermal_state.json
2026-05-16 08:34:24,580 - DEBUG - 💾 Saved 200 predictions to unified thermal state
2026-05-16 08:34:24,580 - DEBUG - Added prediction: pred=22.53, actual=22.52, error=-0.012
2026-05-16 08:34:24,767 - DEBUG - 💾 Saved unified thermal state to /config/ml_heating/unified_thermal_state.json
2026-05-16 08:34:24,770 - DEBUG - Setting HA state for sensor.ml_model_mae: {'state': '0.0320', 'attributes': {'state_class': 'measurement', 'unique_id': 'ml_heating_model_mae', 'friendly_name': 'ML Model MAE', 'unit_of_measurement': '°C', 'icon': 'mdi:chart-line', 'last_updated': '2026-05-16T06:34:24.770617+00:00'}}
2026-05-16 08:34:24,783 - DEBUG - Setting HA state for sensor.ml_model_rmse: {'state': '0.0490', 'attributes': {'state_class': 'measurement', 'unique_id': 'ml_heating_model_rmse', 'friendly_name': 'ML Model RMSE', 'unit_of_measurement': '°C', 'icon': 'mdi:chart-line', 'last_updated': '2026-05-16T06:34:24.770617+00:00'}}
2026-05-16 08:34:24,797 - DEBUG - Setting HA state for sensor.ml_heating_learning: {'state': '5.000', 'attributes': {'state_class': 'measurement', 'unique_id': 'ml_heating_learning', 'friendly_name': 'ML Adaptive Learning Metrics', 'unit_of_measurement': 'metrics', 'icon': 'mdi:brain', 'thermal_time_constant': 4.8345275867350885, 'heat_loss_coefficient': 0.12035197370821737, 'outlet_effectiveness': 0.8283017284451556, 'pv_heat_weight': 0.0013574785293022985, 'fireplace_heat_weight': 0.17156709601311348, 'tv_heat_weight': 0.44733899208522154, 'solar_lag_minutes': 39.67478637947861, 'slab_time_constant_hours': 4.000456052583566, 'heat_source_channels_enabled': True, 'total_conductance': 0.3, 'equilibrium_ratio': 0.5, 'cycle_count': 5389, 'parameter_updates': 551, 'model_health': 'excellent', 'learning_progress': 1.0, 'is_improving': True, 'improvement_percentage': 5.09726692799109, 'total_predictions': 200, 'learning_confidence': 5.0, 'last_updated': '2026-05-16T06:34:24.797474+00:00', 'delta_t_floor': 2.4857328190130326, 'cloud_factor_exponent': 1.0, 'solar_decay_tau_hours': 1.057708214811035, 'fp_heat_output_kw': 0.17156709601311348, 'fp_decay_time_constant': 3.9144707244638868, 'room_spread_delay_minutes': 18.0, 'ch_heat_pump_history_count': 200, 'ch_heat_pump_last_error': 0.015176865717659638, 'ch_pv_history_count': 200, 'ch_pv_last_error': -0.011596032135940959, 'ch_fireplace_history_count': 0, 'ch_fireplace_last_error': 0.0, 'ch_tv_history_count': 0, 'ch_tv_last_error': 0.0}}
2026-05-16 08:34:24,813 - DEBUG - Setting HA state for sensor.ml_model_mae: {'state': '0.0320', 'attributes': {'state_class': 'measurement', 'unique_id': 'ml_heating_model_mae', 'friendly_name': 'ML Model MAE', 'unit_of_measurement': '°C', 'icon': 'mdi:chart-line', 'mae_1h': 0.0712443804623882, 'mae_6h': 0.036798132902189265, 'mae_24h': 0.03203253076814395, 'trend_direction': 'improving', 'prediction_count': 200, 'last_updated': '2026-05-16T06:34:24.797474+00:00'}}
2026-05-16 08:34:24,830 - DEBUG - Setting HA state for sensor.ml_model_rmse: {'state': '0.0490', 'attributes': {'state_class': 'measurement', 'unique_id': 'ml_heating_model_rmse', 'friendly_name': 'ML Model RMSE', 'unit_of_measurement': '°C', 'icon': 'mdi:chart-line', 'recent_max_error': 0.2555759466082712, 'std_error': 0.0371, 'mean_bias': 0.0, 'prediction_count': 200, 'last_updated': '2026-05-16T06:34:24.797474+00:00'}}
2026-05-16 08:34:24,846 - DEBUG - Setting HA state for sensor.ml_prediction_accuracy: {'state': '98.1', 'attributes': {'state_class': 'measurement', 'unique_id': 'ml_prediction_accuracy', 'friendly_name': 'ML Prediction Accuracy', 'unit_of_measurement': '%', 'icon': 'mdi:target', 'perfect_accuracy_pct': 0.0, 'tolerable_accuracy_pct': 98.125, 'poor_accuracy_pct': 1.875, 'prediction_count_24h': 0, 'excellent_all_time_pct': 96.5, 'good_all_time_pct': 100.0, 'last_updated': '2026-05-16T06:34:24.797474+00:00'}}
2026-05-16 08:34:24,860 - DEBUG - Logged refactored sensor metrics to HA
2026-05-16 08:34:24,860 - DEBUG - Logging feature importance
2026-05-16 08:34:24,860 - DEBUG - Setting HA state for sensor.ml_feature_importance: {'state': '5', 'attributes': {'state_class': 'measurement', 'unique_id': 'ml_heating_feature_importance', 'friendly_name': 'ML Feature Importance', 'unit_of_measurement': '%', 'icon': 'mdi:format-list-numbered', 'top_features': {'target_temp': 52.79, 'tv_power': 28.51, 'fireplace': 10.94, 'outdoor_temp': 7.67, 'pv_power': 0.09}, 'last_updated': '2026-05-16T06:34:24.860571+00:00'}}
2026-05-16 08:34:24,874 - INFO - ✅ Exported metrics to Home Assistant sensors successfully
2026-05-16 08:34:24,874 - INFO - ✅ Learning cycle 5389: error=0.012°C, confidence=5.000, total_predictions=200
2026-05-16 08:34:24,874 - DEBUG - ✅ Online learning: applied_temp=21.0°C, actual_change=0.050°C, cycle=5389
2026-05-16 08:34:24,874 - DEBUG - 🔥 Heating mode active (state: heat)
2026-05-16 08:34:24,874 - DEBUG - ♻️ Reusing existing Model Wrapper instance
2026-05-16 08:34:24,902 - DEBUG - Fireplace is OFF. Using main indoor temp for prediction.
2026-05-16 08:34:25,057 - DEBUG - PV forecast parsed successfully: [4501.5, 3821.5, 3497.2, 4403.5, 3857.2, 1549.0, 2641.2, 2464.0, 2276.8, 1466.2, 546.2, 13.0]W
2026-05-16 08:34:25,057 - DEBUG - Solar correction: enabled=True, percent=100.0%, factor=1.000
2026-05-16 08:34:25,075 - DEBUG - Delta calibration applied: offset=+0.24°C
2026-05-16 08:34:25,075 - DEBUG - Raw forecasts: [7.3, 8.2, 9.1, 8.6, 10.0, 10.4, 9.5, 10.1, 10.3, 9.8, 9.8, 9.2]
2026-05-16 08:34:25,075 - DEBUG - Calibrated forecasts: [7.54, 8.44, 9.34, 8.84, 10.24, 10.64, 9.74, 10.34, 10.54, 10.04, 10.04, 9.44]
2026-05-16 08:34:25,079 - INFO - ☀️ Forecast trajectory: PV=3540W, remaining_pv_hours=11 + min_steps=4 → 12 steps
2026-05-16 08:34:25,080 - DEBUG - Heating obs buffer: resolved 1 new label(s) this cycle
2026-05-16 08:34:25,104 - DEBUG - ♻️ Reusing existing Model Wrapper instance
2026-05-16 08:34:25,109 - INFO - DEBUG: Wrapper params: U=0.12035197370821737, eff=0.8283017284451556, tau=4.8345275867350885
2026-05-16 08:34:25,110 - INFO - ☀️ PV surplus 3540W (threshold 1500W): target 22.6 → 23.1°C (CHEAP ramp offset +0.50)
2026-05-16 08:34:25,110 - DEBUG - 🔧 Using natural bounds: outlet_min=21.0°C, outlet_max=35.0°C
2026-05-16 08:34:25,110 - INFO - 🌡️ Using cycle-aligned forecast (10min): outdoor=7.5°C (vs current 7.5°C), PV=2279W (vs current 2076W)
2026-05-16 08:34:25,110 - DEBUG - DEBUG: Using PV history (len=18) instead of scalar 2278.532407407407
2026-05-16 08:34:25,110 - INFO - 🔄 HP off (delta_t=-0.08, mode=heating): simulating HP-on delta_t=2.49 for binary search
2026-05-16 08:34:25,110 - DEBUG - 🎯 Binary search start: target=23.1°C, current=22.6°C, range=21.0-35.0°C
2026-05-16 08:34:25,110 - DEBUG - 🔍 Binary search features: inlet_temp=23.88, delta_t_floor=2.49, indoor_temp_delta_60m=-0.3620, horizon=12.0h, outlet_mid=28.0°C
2026-05-16 08:34:25,113 - DEBUG - ✅ Binary search trajectory OK (iter 1): outlet=28.0°C → predicted=26.00°C (steps=72, start=22.70→end=26.00)
2026-05-16 08:34:25,113 - DEBUG -    Iteration 1: outlet=28.0°C → predicted=26.00°C, error=2.898°C (range: 21.0-35.0°C)
2026-05-16 08:34:25,113 - DEBUG -      → Heating: Predicted too high, lowering maximum to 28.0°C
2026-05-16 08:34:25,115 - DEBUG -    Iteration 2: outlet=24.5°C → predicted=23.52°C, error=0.419°C (range: 21.0-28.0°C)
2026-05-16 08:34:25,115 - DEBUG -      → Heating: Predicted too high, lowering maximum to 24.5°C
2026-05-16 08:34:25,117 - DEBUG -    Iteration 3: outlet=22.8°C → predicted=23.65°C, error=0.551°C (range: 21.0-24.5°C)
2026-05-16 08:34:25,117 - DEBUG -      → Heating: Predicted too high, lowering maximum to 22.8°C
2026-05-16 08:34:25,120 - DEBUG -    Iteration 4: outlet=21.9°C → predicted=23.65°C, error=0.551°C (range: 21.0-22.8°C)
2026-05-16 08:34:25,120 - DEBUG -      → Heating: Predicted too high, lowering maximum to 21.9°C
2026-05-16 08:34:25,122 - DEBUG -    Iteration 5: outlet=21.4°C → predicted=23.65°C, error=0.551°C (range: 21.0-21.9°C)
2026-05-16 08:34:25,122 - DEBUG -      → Heating: Predicted too high, lowering maximum to 21.4°C
2026-05-16 08:34:25,124 - DEBUG -    Iteration 6: outlet=21.2°C → predicted=23.65°C, error=0.551°C (range: 21.0-21.4°C)
2026-05-16 08:34:25,124 - DEBUG -      → Heating: Predicted too high, lowering maximum to 21.2°C
2026-05-16 08:34:25,126 - DEBUG -    Iteration 7: outlet=21.1°C → predicted=23.65°C, error=0.551°C (range: 21.0-21.2°C)
2026-05-16 08:34:25,126 - DEBUG -      → Heating: Predicted too high, lowering maximum to 21.1°C
2026-05-16 08:34:25,128 - DEBUG -    Iteration 8: outlet=21.1°C → predicted=23.65°C, error=0.551°C (range: 21.0-21.1°C)
2026-05-16 08:34:25,129 - DEBUG -      → Heating: Predicted too high, lowering maximum to 21.1°C
2026-05-16 08:34:25,131 - DEBUG -    Iteration 9: outlet=21.0°C → predicted=23.65°C, error=0.551°C (range: 21.0-21.1°C)
2026-05-16 08:34:25,131 - DEBUG -      → Heating: Predicted too high, lowering maximum to 21.0°C
2026-05-16 08:34:25,131 - INFO - 🔄 Binary search early exit after 10 iterations: range collapsed to 0.027°C, using 21.0°C
2026-05-16 08:34:25,133 - DEBUG - Slab: inlet=23.9°C, outlet=21.0°C, Δ=-2.9°C, τ=4.00h
2026-05-16 08:34:25,133 - DEBUG - 🔍 Trajectory prediction using forecast arrays: outdoor=[7.5375000000000005, 7.54, 8.44, 9.34, 8.84, 10.24, 10.64, 9.74, 10.34, 10.54, 10.04, 10.04, 9.44], PV=[2076.4444444444443, 4501.5, 3821.5, 3497.2, 4403.5, 3857.2, 1549.0, 2641.2, 2464.0, 2276.8, 1466.2, 546.2, 13.0]
2026-05-16 08:34:25,133 - DEBUG - 🔍 Trajectory DEBUG: outlet=21.0°C → 0.2h_prediction=22.64°C (vs target 23.1°C, error: -0.464°C), reaches_target_at=2.5h, cycle_time=0.2h
2026-05-16 08:34:25,133 - DEBUG - 🔍 Trajectory predictions for target 23.1°C:
2026-05-16 08:34:25,133 - DEBUG -     0.2h: 22.64°C → target 23.10°C (error: -0.46°C)
2026-05-16 08:34:25,133 - DEBUG -     0.3h: 22.65°C → target 23.10°C (error: -0.45°C)
2026-05-16 08:34:25,133 - DEBUG -     0.5h: 22.66°C → target 23.10°C (error: -0.44°C)
2026-05-16 08:34:25,133 - DEBUG -     0.7h: 22.67°C → target 23.10°C (error: -0.43°C)
2026-05-16 08:34:25,133 - DEBUG -     0.8h: 22.69°C → target 23.10°C (error: -0.41°C)
2026-05-16 08:34:25,133 - DEBUG -     1.0h: 22.72°C → target 23.10°C (error: -0.38°C)
2026-05-16 08:34:25,133 - DEBUG -     1.2h: 22.75°C → target 23.10°C (error: -0.35°C)
2026-05-16 08:34:25,133 - DEBUG -     1.3h: 22.78°C → target 23.10°C (error: -0.32°C)
2026-05-16 08:34:25,133 - DEBUG -     1.5h: 22.81°C → target 23.10°C (error: -0.29°C)
2026-05-16 08:34:25,133 - DEBUG -     1.7h: 22.84°C → target 23.10°C (error: -0.26°C)
2026-05-16 08:34:25,133 - DEBUG -     1.8h: 22.88°C → target 23.10°C (error: -0.22°C)
2026-05-16 08:34:25,133 - DEBUG -     2.0h: 22.91°C → target 23.10°C (error: -0.19°C)
2026-05-16 08:34:25,133 - DEBUG -     2.2h: 22.95°C → target 23.10°C (error: -0.15°C)
2026-05-16 08:34:25,133 - DEBUG -     2.3h: 22.98°C → target 23.10°C (error: -0.12°C)
2026-05-16 08:34:25,133 - DEBUG -     2.5h: 23.02°C → target 23.10°C (error: -0.08°C)
2026-05-16 08:34:25,133 - DEBUG -     2.7h: 23.05°C → target 23.10°C (error: -0.05°C)
2026-05-16 08:34:25,133 - DEBUG -     2.8h: 23.09°C → target 23.10°C (error: -0.01°C)
2026-05-16 08:34:25,134 - DEBUG -     3.0h: 23.12°C → target 23.10°C (error: +0.02°C)
2026-05-16 08:34:25,134 - DEBUG -     3.2h: 23.16°C → target 23.10°C (error: +0.06°C)
2026-05-16 08:34:25,134 - DEBUG -     3.3h: 23.19°C → target 23.10°C (error: +0.09°C)
2026-05-16 08:34:25,134 - DEBUG -     3.5h: 23.22°C → target 23.10°C (error: +0.12°C)
2026-05-16 08:34:25,134 - DEBUG -     3.7h: 23.26°C → target 23.10°C (error: +0.16°C)
2026-05-16 08:34:25,134 - DEBUG -     3.8h: 23.29°C → target 23.10°C (error: +0.19°C)
2026-05-16 08:34:25,134 - DEBUG -     4.0h: 23.32°C → target 23.10°C (error: +0.22°C)
2026-05-16 08:34:25,134 - DEBUG -     4.2h: 23.36°C → target 23.10°C (error: +0.26°C)
2026-05-16 08:34:25,134 - DEBUG -     4.3h: 23.39°C → target 23.10°C (error: +0.29°C)
2026-05-16 08:34:25,134 - DEBUG -     4.5h: 23.42°C → target 23.10°C (error: +0.32°C)
2026-05-16 08:34:25,134 - DEBUG -     4.7h: 23.46°C → target 23.10°C (error: +0.36°C)
2026-05-16 08:34:25,134 - DEBUG -     4.8h: 23.49°C → target 23.10°C (error: +0.39°C)
2026-05-16 08:34:25,134 - DEBUG -     5.0h: 23.52°C → target 23.10°C (error: +0.42°C)
2026-05-16 08:34:25,134 - DEBUG -     5.2h: 23.56°C → target 23.10°C (error: +0.46°C)
2026-05-16 08:34:25,134 - DEBUG -     5.3h: 23.59°C → target 23.10°C (error: +0.49°C)
2026-05-16 08:34:25,134 - DEBUG -     5.5h: 23.62°C → target 23.10°C (error: +0.52°C)
2026-05-16 08:34:25,134 - DEBUG -     5.7h: 23.65°C → target 23.10°C (error: +0.55°C)
2026-05-16 08:34:25,134 - DEBUG -     5.8h: 23.67°C → target 23.10°C (error: +0.57°C)
2026-05-16 08:34:25,134 - DEBUG -     6.0h: 23.69°C → target 23.10°C (error: +0.59°C)
2026-05-16 08:34:25,134 - DEBUG -     6.2h: 23.70°C → target 23.10°C (error: +0.60°C)
2026-05-16 08:34:25,134 - DEBUG -     6.3h: 23.70°C → target 23.10°C (error: +0.60°C)
2026-05-16 08:34:25,134 - DEBUG -     6.5h: 23.71°C → target 23.10°C (error: +0.61°C)
2026-05-16 08:34:25,134 - DEBUG -     6.7h: 23.72°C → target 23.10°C (error: +0.62°C)
2026-05-16 08:34:25,134 - DEBUG -     6.8h: 23.73°C → target 23.10°C (error: +0.63°C)
2026-05-16 08:34:25,134 - DEBUG -     7.0h: 23.74°C → target 23.10°C (error: +0.64°C)
2026-05-16 08:34:25,134 - DEBUG -     7.2h: 23.76°C → target 23.10°C (error: +0.66°C)
2026-05-16 08:34:25,134 - DEBUG -     7.3h: 23.77°C → target 23.10°C (error: +0.67°C)
2026-05-16 08:34:25,134 - DEBUG -     7.5h: 23.79°C → target 23.10°C (error: +0.69°C)
2026-05-16 08:34:25,134 - DEBUG -     7.7h: 23.81°C → target 23.10°C (error: +0.71°C)
2026-05-16 08:34:25,134 - DEBUG -     7.8h: 23.83°C → target 23.10°C (error: +0.73°C)
2026-05-16 08:34:25,134 - DEBUG -     8.0h: 23.85°C → target 23.10°C (error: +0.75°C)
2026-05-16 08:34:25,134 - DEBUG -     8.2h: 23.87°C → target 23.10°C (error: +0.77°C)
2026-05-16 08:34:25,134 - DEBUG -     8.3h: 23.88°C → target 23.10°C (error: +0.78°C)
2026-05-16 08:34:25,134 - DEBUG -     8.5h: 23.90°C → target 23.10°C (error: +0.80°C)
2026-05-16 08:34:25,134 - DEBUG -     8.7h: 23.92°C → target 23.10°C (error: +0.82°C)
2026-05-16 08:34:25,134 - DEBUG -     8.8h: 23.93°C → target 23.10°C (error: +0.83°C)
2026-05-16 08:34:25,134 - DEBUG -     9.0h: 23.95°C → target 23.10°C (error: +0.85°C)
2026-05-16 08:34:25,134 - DEBUG -     9.2h: 23.96°C → target 23.10°C (error: +0.86°C)
2026-05-16 08:34:25,134 - DEBUG -     9.3h: 23.97°C → target 23.10°C (error: +0.87°C)
2026-05-16 08:34:25,134 - DEBUG -     9.5h: 23.98°C → target 23.10°C (error: +0.88°C)
2026-05-16 08:34:25,135 - DEBUG -     9.7h: 23.99°C → target 23.10°C (error: +0.89°C)
2026-05-16 08:34:25,135 - DEBUG -     9.8h: 23.99°C → target 23.10°C (error: +0.89°C)
2026-05-16 08:34:25,135 - DEBUG -     10.0h: 23.99°C → target 23.10°C (error: +0.89°C)
2026-05-16 08:34:25,135 - DEBUG -     10.2h: 23.99°C → target 23.10°C (error: +0.89°C)
2026-05-16 08:34:25,135 - DEBUG -     10.3h: 23.98°C → target 23.10°C (error: +0.88°C)
2026-05-16 08:34:25,135 - DEBUG -     10.5h: 23.97°C → target 23.10°C (error: +0.87°C)
2026-05-16 08:34:25,135 - DEBUG -     10.7h: 23.95°C → target 23.10°C (error: +0.85°C)
2026-05-16 08:34:25,135 - DEBUG -     10.8h: 23.93°C → target 23.10°C (error: +0.83°C)
2026-05-16 08:34:25,135 - DEBUG -     11.0h: 23.90°C → target 23.10°C (error: +0.80°C)
2026-05-16 08:34:25,135 - DEBUG -     11.2h: 23.87°C → target 23.10°C (error: +0.77°C)
2026-05-16 08:34:25,135 - DEBUG -     11.3h: 23.83°C → target 23.10°C (error: +0.73°C)
2026-05-16 08:34:25,135 - DEBUG -     11.5h: 23.79°C → target 23.10°C (error: +0.69°C)
2026-05-16 08:34:25,135 - DEBUG -     11.7h: 23.75°C → target 23.10°C (error: +0.65°C)
2026-05-16 08:34:25,135 - DEBUG -     11.8h: 23.70°C → target 23.10°C (error: +0.60°C)
2026-05-16 08:34:25,135 - DEBUG -     12.0h: 23.65°C → target 23.10°C (error: +0.55°C)
2026-05-16 08:34:25,135 - INFO - ⚠️ Target will NOT be reached within 0.2h cycle (+tolerance) - applying physics-based correction
2026-05-16 08:34:25,135 - INFO - 🔄 [Newton] Skipping overshoot correction (both violated, max wins): projected indoor 22.08°C < target+0.1 (23.2°C) — house self-correcting
2026-05-16 08:34:25,138 - DEBUG - HeatingCorrectionMLModel: raw ΔT_outlet=-0.000°C (R²=0.8638)
2026-05-16 08:34:25,138 - INFO - 🤖 [ML correction] R²=0.864 w=0.864 Δphysics=+0.000°C Δml=-0.000°C Δblend=-0.000°C → outlet=21.0°C
2026-05-16 08:34:25,138 - DEBUG - 🧠 Smart rounding is using cycle-aligned forecast: PV=2279W (caller sent PV=2076W)
2026-05-16 08:34:25,138 - INFO - 🎯 Prediction: Current 22.52°C → Target 22.6°C | Calculated outlet: 21.0°C (before smart rounding) (confidence: 5.000)
2026-05-16 08:34:25,138 - DEBUG - Model Wrapper: temp=21.0°C, error=0.080°C, confidence=5.000
2026-05-16 08:34:25,138 - DEBUG - EMA smoothing: 21.01°C → 21.0°C (last=21.0, α=0.50)
2026-05-16 08:34:25,138 - DEBUG - Smart rounding: 21.00°C is already integer
2026-05-16 08:34:25,138 - DEBUG - Setting target outlet temp
2026-05-16 08:34:25,139 - DEBUG - Setting HA state for sensor.ml_vorlauftemperatur: {'state': '21.0', 'attributes': {'state_class': 'measurement', 'unique_id': 'ml_heating_target_outlet_temp', 'friendly_name': 'ML Target Outlet Temp', 'unit_of_measurement': '°C', 'device_class': 'temperature', 'icon': 'mdi:thermometer-water'}}
2026-05-16 08:34:25,150 - DEBUG - Logging thermal model metrics
2026-05-16 08:34:25,151 - DEBUG - Setting HA state for sensor.ml_heating_state: {'state': '0', 'attributes': {'state_class': 'measurement', 'unique_id': 'ml_heating_state', 'friendly_name': 'ML Heating State', 'unit_of_measurement': 'state', 'icon': 'mdi:information-outline', 'state_description': 'OK - Prediction done', 'confidence': 5.0, 'suggested_temp': 21.01, 'final_temp': 21.0, 'predicted_indoor': 22.6, 'last_prediction_time': '2026-05-16T06:34:25.150957+00:00', 'temperature_error': 0.08, 'pre_cool_active': False, 'pre_cool_peak_temp': None, 'pre_cool_peak_hour': None}}
2026-05-16 08:34:25,164 - DEBUG - ✅ ACTIVE MODE: ML controlling heating via input_boolean.ml_heating
2026-05-16 08:34:25,166 - DEBUG - 🧠 Smart rounding is using cycle-aligned forecast: PV=2279W (caller sent PV=2076W)
2026-05-16 08:34:25,166 - DEBUG - Target: 22.6°C | Suggested: 21.0°C | Applied: 21.0°C | Actual Indoor: 22.52°C | Predicted Indoor: 22.50°C | Confidence: 5.000
2026-05-16 08:34:25,166 - INFO - Target: 22.6°C | Suggested: 21.0°C | Applied: 21.0°C | Actual Indoor: 22.52°C | Predicted Indoor: 22.50°C | Confidence: 5.000
2026-05-16 08:34:25,356 - DEBUG - 💾 Saved unified thermal state to /config/ml_heating/unified_thermal_state.json
2026-05-16 08:34:25,358 - DEBUG - Operational state saved to /config/ml_heating/unified_thermal_state.json; updated keys: ['last_run_features', 'last_indoor_temp', 'last_avg_other_rooms_temp', 'last_fireplace_on', 'last_final_temp', 'last_climate_mode', 'last_target_indoor_temp', 'last_predicted_indoor', 'last_is_blocking', 'last_blocking_reasons', 'setpoint_hold_cycles_remaining']
2026-05-16 08:34:25,358 - DEBUG - Setting HA state for sensor.ml_heating_features: {'state': '22.50', 'attributes': {'state_class': 'measurement', 'unique_id': 'ml_heating_features', 'friendly_name': 'ML Heating Features', 'unit_of_measurement': '°C', 'device_class': 'temperature', 'icon': 'mdi:feature-search-outline', 'living_room_temp': 22.5, 'outlet_temp': 23.8, 'indoor_temp_lag_30m': 22.623, 'target_temp': 22.6, 'outdoor_temp': 7.5375000000000005, 'dhw_heating': 0.0, 'dhw_disinfection': 0.0, 'dhw_boost_heater': 0.0, 'defrosting': 0.0, 'pv_now': 3540.0, 'pv_now_electrical': 3540.0, 'solar_correction_percent': 100.0, 'solar_correction_factor': 1.0, 'solar_correction_enabled': 1.0, 'fireplace_on': 0.0, 'tv_on': 0.0, 'temp_forecast_1h': 7.54, 'temp_forecast_2h': 8.44, 'temp_forecast_3h': 9.34, 'temp_forecast_4h': 8.84, 'temp_forecast_5h': 10.24, 'temp_forecast_6h': 10.64, 'temp_forecast_7h': 9.74, 'temp_forecast_8h': 10.34, 'temp_forecast_9h': 10.54, 'temp_forecast_10h': 10.04, 'temp_forecast_11h': 10.04, 'temp_forecast_12h': 9.44, 'pv_forecast_1h': 4501.5, 'pv_forecast_2h': 3821.5, 'pv_forecast_3h': 3497.2, 'pv_forecast_4h': 4403.5, 'pv_forecast_5h': 3857.2, 'pv_forecast_6h': 1549.0, 'pv_forecast_7h': 2641.2, 'pv_forecast_8h': 2464.0, 'pv_forecast_9h': 2276.8, 'pv_forecast_10h': 1466.2, 'pv_forecast_11h': 546.2, 'pv_forecast_12h': 13.0, 'pv_forecast_electrical_1h': 4501.5, 'pv_forecast_electrical_2h': 3821.5, 'pv_forecast_electrical_3h': 3497.2, 'pv_forecast_electrical_4h': 4403.5, 'pv_forecast_electrical_5h': 3857.2, 'pv_forecast_electrical_6h': 1549.0, 'pv_forecast_electrical_7h': 2641.2, 'pv_forecast_electrical_8h': 2464.0, 'pv_forecast_electrical_9h': 2276.8, 'pv_forecast_electrical_10h': 1466.2, 'pv_forecast_electrical_11h': 546.2, 'pv_forecast_electrical_12h': 13.0, 'cloud_cover_forecast_1h': 0.0, 'cloud_cover_forecast_2h': 0.0, 'cloud_cover_forecast_3h': 0.0, 'cloud_cover_forecast_4h': 0.0, 'cloud_cover_forecast_5h': 0.0, 'cloud_cover_forecast_6h': 0.0, 'cloud_cover_forecast_7h': 0.0, 'cloud_cover_forecast_8h': 0.0, 'cloud_cover_forecast_9h': 0.0, 'cloud_cover_forecast_10h': 0.0, 'cloud_cover_forecast_11h': 0.0, 'cloud_cover_forecast_12h': 0.0, 'temp_diff_indoor_outdoor': 14.952499999999997, 'indoor_temp_gradient': -1.0259999999999962, 'outlet_indoor_diff': 1.3100000000000023, 'indoor_temp_lag_10m': 22.504, 'indoor_temp_lag_60m': 22.852000000000004, 'outlet_temp_lag_30m': 23.800000000000004, 'outlet_temp_change': 0.0, 'indoor_temp_delta_10m': -0.014000000000002899, 'indoor_temp_delta_30m': -0.13300000000000267, 'indoor_temp_delta_60m': -0.36200000000000543, 'hour_sin': 0.8660254037844387, 'hour_cos': -0.4999999999999998, 'month_sin': 0.8660254037844387, 'month_cos': -0.4999999999999998, 'outlet_effectiveness_ratio': -0.0839694656488571, 'inlet_temp': 23.88, 'flow_rate': 14.0, 'power_consumption': 19.0, 'delta_t': -0.0799999999999983, 'thermal_power_kw': -0.078138666666665, 'cop_realtime': 0.0, 'temp_trend_forecast': 0.32562499999999983, 'heating_demand_forecast': 1.3760000000000003, 'combined_forecast_thermal_load': -3.0275, 'pv_power_history': [52.0, 111.0, 201.0, 488.0, 980.0, 1111.0, 1638.0, 2246.0, 2745.0, 2378.0, 1918.0, 1972.0, 3854.0, 4008.0, 4244.0, 3265.0, 2919.0, 3246.0], 'pv_power_history_electrical': [52.0, 111.0, 201.0, 488.0, 980.0, 1111.0, 1638.0, 2246.0, 2745.0, 2378.0, 1918.0, 1972.0, 3854.0, 4008.0, 4244.0, 3265.0, 2919.0, 3246.0], 'wind_speed': 13.1, 'is_weekend': 1.0, 'indoor_margin_rate': 0.0, 'last_updated': '2026-05-16T06:34:25.358330+00:00'}}
2026-05-16 08:34:25,421 - DEBUG - Published 93 features to sensor.ml_heating_features
2026-05-16 08:34:25,422 - DEBUG - ✅ CYCLE 51 END: 08:34:25 (duration: 1.5s)
2026-05-16 08:34:25,422 - DEBUG - 💤 POLLING START: Waiting 30min until next cycle...
2026-05-16 08:34:25,447 - DEBUG - Active sampling: buffered 6 readings
127.0.0.1 - - [16/May/2026 08:34:40] "GET /health HTTP/1.1" 200 -
127.0.0.1 - - [16/May/2026 08:35:10] "GET /health HTTP/1.1" 200 -
2026-05-16 08:35:25,478 - DEBUG - Active sampling: buffered 6 readings
127.0.0.1 - - [16/May/2026 08:35:40] "GET /health HTTP/1.1" 200 -
127.0.0.1 - - [16/May/2026 08:36:10] "GET /health HTTP/1.1" 200 -
2026-05-16 08:36:25,509 - DEBUG - Active sampling: buffered 6 readings
127.0.0.1 - - [16/May/2026 08:36:40] "GET /health HTTP/1.1" 200 -
127.0.0.1 - - [16/May/2026 08:37:10] "GET /health HTTP/1.1" 200 -
2026-05-16 08:37:25,539 - DEBUG - Active sampling: buffered 6 readings
127.0.0.1 - - [16/May/2026 08:37:40] "GET /health HTTP/1.1" 200 -
127.0.0.1 - - [16/May/2026 08:38:10] "GET /health HTTP/1.1" 200 -
2026-05-16 08:38:25,568 - DEBUG - Active sampling: buffered 6 readings
127.0.0.1 - - [16/May/2026 08:38:40] "GET /health HTTP/1.1" 200 -
127.0.0.1 - - [16/May/2026 08:39:10] "GET /health HTTP/1.1" 200 -
2026-05-16 08:39:25,597 - DEBUG - Active sampling: buffered 6 readings
127.0.0.1 - - [16/May/2026 08:39:40] "GET /health HTTP/1.1" 200 -
127.0.0.1 - - [16/May/2026 08:40:10] "GET /health HTTP/1.1" 200 -
2026-05-16 08:40:25,629 - DEBUG - Active sampling: buffered 6 readings
127.0.0.1 - - [16/May/2026 08:40:40] "GET /health HTTP/1.1" 200 -
127.0.0.1 - - [16/May/2026 08:41:11] "GET /health HTTP/1.1" 200 -
2026-05-16 08:41:25,658 - DEBUG - Active sampling: buffered 6 readings
127.0.0.1 - - [16/May/2026 08:41:41] "GET /health HTTP/1.1" 200 -
127.0.0.1 - - [16/May/2026 08:42:11] "GET /health HTTP/1.1" 200 -
2026-05-16 08:42:25,689 - DEBUG - Active sampling: buffered 6 readings
127.0.0.1 - - [16/May/2026 08:42:41] "GET /health HTTP/1.1" 200 -
127.0.0.1 - - [16/May/2026 08:43:11] "GET /health HTTP/1.1" 200 -
2026-05-16 08:43:25,720 - DEBUG - Active sampling: buffered 6 readings
127.0.0.1 - - [16/May/2026 08:43:41] "GET /health HTTP/1.1" 200 -
127.0.0.1 - - [16/May/2026 08:44:11] "GET /health HTTP/1.1" 200 -
2026-05-16 08:44:25,721 - DEBUG - ⏰ POLLING END: Waited 10.0min, starting next cycle...
2026-05-16 08:44:25,722 - DEBUG - 🔄 CYCLE 52 START: 08:44:25 (interval: 10.0min since last cycle)
2026-05-16 08:44:25,722 - DEBUG - ♻️ Reusing existing Model Wrapper instance
2026-05-16 08:44:25,722 - INFO - Successfully loaded operational state from /config/ml_heating/unified_thermal_state.json
2026-05-16 08:44:25,748 - DEBUG - Setting HA state for sensor.ml_heating_cop_realtime: {'state': '0.00', 'attributes': {'state_class': 'measurement', 'unique_id': 'ml_heating_cop_realtime', 'friendly_name': 'ML Heating COP (Realtime)', 'unit_of_measurement': 'COP', 'icon': 'mdi:heat-pump', 'device_class': 'power_factor'}}
2026-05-16 08:44:25,761 - DEBUG - Setting HA state for sensor.ml_heating_thermal_power: {'state': '-0.098', 'attributes': {'state_class': 'measurement', 'unique_id': 'ml_heating_thermal_power', 'friendly_name': 'ML Heating Thermal Power', 'unit_of_measurement': 'kW', 'icon': 'mdi:flash', 'device_class': 'power'}}
2026-05-16 08:44:25,799 - DEBUG - Wrote thermodynamic metrics to InfluxDB
2026-05-16 08:44:25,799 - DEBUG - Thermodynamic sensors updated: COP=0.00, Power=-0.098kW
2026-05-16 08:44:25,799 - DEBUG - ♻️ Reusing existing Model Wrapper instance
2026-05-16 08:44:25,799 - DEBUG - 🎯 ACTIVE MODE LEARNING (trajectory): Verifying ML prediction accuracy for 21.0°C outlet setting
2026-05-16 08:44:25,805 - DEBUG - ☀️ SolarChannel self-learned: avg_error=-0.040, pv_heat_weight=0.00132, solar_lag=39.7min, cloud_exp=1.00, solar_decay_tau=1.06h
2026-05-16 08:44:25,805 - INFO - ☀️ pv parameter update: attributed_error=-0.004322 | pv_heat_weight: 0.001357→0.001317 (Δ-0.000040) | solar_decay_tau_hours: 1.057708→1.057688 (Δ-0.000020) | solar_lag_minutes: 39.674786→39.690658 (Δ+0.015872)
2026-05-16 08:44:25,805 - INFO - Channel routing → [☀️ pv*] | error=-0.0043 | pv_current=3540W pv_smoothed=2076W | params_changed=pv
2026-05-16 08:44:25,997 - DEBUG - 💾 Saved unified thermal state to /config/ml_heating/unified_thermal_state.json
2026-05-16 08:44:25,999 - DEBUG - Skipping legacy global adaptation: channel mode owns recent-window learning
2026-05-16 08:44:26,189 - DEBUG - 💾 Saved unified thermal state to /config/ml_heating/unified_thermal_state.json
2026-05-16 08:44:26,191 - DEBUG - Prediction feedback: error=-0.004°C, confidence=5.000
2026-05-16 08:44:26,380 - DEBUG - 💾 Saved unified thermal state to /config/ml_heating/unified_thermal_state.json
2026-05-16 08:44:26,384 - DEBUG - 💾 Saved 200 predictions to unified thermal state
2026-05-16 08:44:26,384 - DEBUG - Added prediction: pred=22.58, actual=22.58, error=-0.004
2026-05-16 08:44:26,571 - DEBUG - 💾 Saved unified thermal state to /config/ml_heating/unified_thermal_state.json
2026-05-16 08:44:26,593 - DEBUG - Wrote prediction metrics to InfluxDB bucket 'ml_heating_features' with MAE(1h)=0.068
2026-05-16 08:44:26,593 - DEBUG - ✅ Exported prediction metrics to InfluxDB
2026-05-16 08:44:26,607 - DEBUG - Wrote thermal learning metrics to InfluxDB: effectiveness=0.828, confidence=5.00
2026-05-16 08:44:26,607 - DEBUG - ✅ Exported thermal learning metrics to InfluxDB
2026-05-16 08:44:26,623 - DEBUG - Wrote feature importances to Influx bucket 'ml_heating_features' (measurement=feature_importance) with timestamp 2026-05-16T06:44:26.607660+00:00
2026-05-16 08:44:26,623 - DEBUG - ✅ Exported feature importance to InfluxDB
2026-05-16 08:44:26,634 - DEBUG - Wrote learning phase metrics to InfluxDB: phase=high_confidence, stability=1.00
2026-05-16 08:44:26,634 - DEBUG - ✅ Exported learning phase metrics to InfluxDB
2026-05-16 08:44:26,647 - DEBUG - Wrote trajectory prediction metrics to InfluxDB: horizon=4h, mae_1h=0.068
2026-05-16 08:44:26,647 - DEBUG - ✅ Exported trajectory prediction metrics to InfluxDB
2026-05-16 08:44:26,647 - INFO - 📊 Exported all adaptive learning metrics to InfluxDB (cycle 5390)
2026-05-16 08:44:26,649 - DEBUG - Setting HA state for sensor.ml_model_mae: {'state': '0.0320', 'attributes': {'state_class': 'measurement', 'unique_id': 'ml_heating_model_mae', 'friendly_name': 'ML Model MAE', 'unit_of_measurement': '°C', 'icon': 'mdi:chart-line', 'last_updated': '2026-05-16T06:44:26.649736+00:00'}}
2026-05-16 08:44:26,663 - DEBUG - Setting HA state for sensor.ml_model_rmse: {'state': '0.0490', 'attributes': {'state_class': 'measurement', 'unique_id': 'ml_heating_model_rmse', 'friendly_name': 'ML Model RMSE', 'unit_of_measurement': '°C', 'icon': 'mdi:chart-line', 'last_updated': '2026-05-16T06:44:26.649736+00:00'}}
2026-05-16 08:44:26,681 - DEBUG - Setting HA state for sensor.ml_heating_learning: {'state': '5.000', 'attributes': {'state_class': 'measurement', 'unique_id': 'ml_heating_learning', 'friendly_name': 'ML Adaptive Learning Metrics', 'unit_of_measurement': 'metrics', 'icon': 'mdi:brain', 'thermal_time_constant': 4.8345275867350885, 'heat_loss_coefficient': 0.12035197370821737, 'outlet_effectiveness': 0.8283017284451556, 'pv_heat_weight': 0.0013173775706463314, 'fireplace_heat_weight': 0.17156709601311348, 'tv_heat_weight': 0.44733899208522154, 'solar_lag_minutes': 39.690658383471266, 'slab_time_constant_hours': 4.000456052583566, 'heat_source_channels_enabled': True, 'total_conductance': 0.3, 'equilibrium_ratio': 0.5, 'cycle_count': 5390, 'parameter_updates': 552, 'model_health': 'excellent', 'learning_progress': 1.0, 'is_improving': True, 'improvement_percentage': 6.053627769027986, 'total_predictions': 200, 'learning_confidence': 5.0, 'last_updated': '2026-05-16T06:44:26.681724+00:00', 'delta_t_floor': 2.4857328190130326, 'cloud_factor_exponent': 1.0, 'solar_decay_tau_hours': 1.057688164331707, 'fp_heat_output_kw': 0.17156709601311348, 'fp_decay_time_constant': 3.9144707244638868, 'room_spread_delay_minutes': 18.0, 'ch_heat_pump_history_count': 200, 'ch_heat_pump_last_error': 0.015176865717659638, 'ch_pv_history_count': 200, 'ch_pv_last_error': -0.004322382837628425, 'ch_fireplace_history_count': 0, 'ch_fireplace_last_error': 0.0, 'ch_tv_history_count': 0, 'ch_tv_last_error': 0.0}}
2026-05-16 08:44:26,697 - DEBUG - Setting HA state for sensor.ml_model_mae: {'state': '0.0320', 'attributes': {'state_class': 'measurement', 'unique_id': 'ml_heating_model_mae', 'friendly_name': 'ML Model MAE', 'unit_of_measurement': '°C', 'icon': 'mdi:chart-line', 'mae_1h': 0.06769553447391097, 'mae_6h': 0.03625074048232034, 'mae_24h': 0.03204173538225566, 'trend_direction': 'improving', 'prediction_count': 200, 'last_updated': '2026-05-16T06:44:26.681724+00:00'}}
2026-05-16 08:44:26,714 - DEBUG - Setting HA state for sensor.ml_model_rmse: {'state': '0.0490', 'attributes': {'state_class': 'measurement', 'unique_id': 'ml_heating_model_rmse', 'friendly_name': 'ML Model RMSE', 'unit_of_measurement': '°C', 'icon': 'mdi:chart-line', 'recent_max_error': 0.2555759466082712, 'std_error': 0.0371, 'mean_bias': 0.0, 'prediction_count': 200, 'last_updated': '2026-05-16T06:44:26.681724+00:00'}}
2026-05-16 08:44:26,731 - DEBUG - Setting HA state for sensor.ml_prediction_accuracy: {'state': '98.1', 'attributes': {'state_class': 'measurement', 'unique_id': 'ml_prediction_accuracy', 'friendly_name': 'ML Prediction Accuracy', 'unit_of_measurement': '%', 'icon': 'mdi:target', 'perfect_accuracy_pct': 0.0, 'tolerable_accuracy_pct': 98.125, 'poor_accuracy_pct': 1.875, 'prediction_count_24h': 0, 'excellent_all_time_pct': 96.5, 'good_all_time_pct': 100.0, 'last_updated': '2026-05-16T06:44:26.681724+00:00'}}
2026-05-16 08:44:26,745 - DEBUG - Logged refactored sensor metrics to HA
2026-05-16 08:44:26,746 - DEBUG - Logging feature importance
2026-05-16 08:44:26,746 - DEBUG - Setting HA state for sensor.ml_feature_importance: {'state': '5', 'attributes': {'state_class': 'measurement', 'unique_id': 'ml_heating_feature_importance', 'friendly_name': 'ML Feature Importance', 'unit_of_measurement': '%', 'icon': 'mdi:format-list-numbered', 'top_features': {'target_temp': 52.8, 'tv_power': 28.51, 'fireplace': 10.94, 'outdoor_temp': 7.67, 'pv_power': 0.08}, 'last_updated': '2026-05-16T06:44:26.746279+00:00'}}
2026-05-16 08:44:26,760 - INFO - ✅ Exported metrics to Home Assistant sensors successfully
2026-05-16 08:44:26,760 - INFO - ✅ Learning cycle 5390: error=0.004°C, confidence=5.000, total_predictions=200
2026-05-16 08:44:26,760 - DEBUG - ✅ Online learning: applied_temp=21.0°C, actual_change=0.060°C, cycle=5390
2026-05-16 08:44:26,760 - DEBUG - 🔥 Heating mode active (state: heat)
2026-05-16 08:44:26,760 - DEBUG - ♻️ Reusing existing Model Wrapper instance
2026-05-16 08:44:26,787 - DEBUG - Fireplace is OFF. Using main indoor temp for prediction.
2026-05-16 08:44:26,993 - DEBUG - PV forecast parsed successfully: [4543.2, 3842.8, 3507.0, 4409.5, 3859.8, 1549.0, 2641.2, 2464.0, 2276.8, 1466.2, 546.2, 13.0]W
2026-05-16 08:44:26,993 - DEBUG - Solar correction: enabled=True, percent=100.0%, factor=1.000
2026-05-16 08:44:27,011 - DEBUG - Delta calibration applied: offset=+0.55°C
2026-05-16 08:44:27,011 - DEBUG - Raw forecasts: [7.3, 8.2, 9.1, 8.6, 10.0, 10.4, 9.5, 10.1, 10.3, 9.8, 9.8, 9.2]
2026-05-16 08:44:27,011 - DEBUG - Calibrated forecasts: [7.85, 8.75, 9.65, 9.15, 10.55, 10.95, 10.05, 10.65, 10.85, 10.35, 10.35, 9.75]
2026-05-16 08:44:27,015 - INFO - ☀️ Forecast trajectory: PV=3990W, remaining_pv_hours=11 + min_steps=4 → 12 steps
2026-05-16 08:44:27,015 - DEBUG - Heating obs buffer: resolved 1 new label(s) this cycle
2026-05-16 08:44:27,040 - DEBUG - ♻️ Reusing existing Model Wrapper instance
2026-05-16 08:44:27,046 - INFO - DEBUG: Wrapper params: U=0.12035197370821737, eff=0.8283017284451556, tau=4.8345275867350885
2026-05-16 08:44:27,046 - INFO - ☀️ PV surplus 3990W (threshold 1500W): target 22.6 → 23.1°C (CHEAP ramp offset +0.50)
2026-05-16 08:44:27,046 - DEBUG - 🔧 Using natural bounds: outlet_min=23.0°C, outlet_max=35.0°C
2026-05-16 08:44:27,046 - INFO - 🌡️ Using cycle-aligned forecast (10min): outdoor=7.8°C (vs current 7.8°C), PV=2654W (vs current 2483W)
2026-05-16 08:44:27,046 - DEBUG - DEBUG: Using PV history (len=18) instead of scalar 2654.4287037037034
2026-05-16 08:44:27,046 - INFO - 🔄 HP off (delta_t=-0.10, mode=heating): simulating HP-on delta_t=2.49 for binary search
2026-05-16 08:44:27,046 - DEBUG - 🎯 Binary search start: target=23.1°C, current=22.5°C, range=23.0-35.0°C
2026-05-16 08:44:27,046 - DEBUG - 🔍 Binary search features: inlet_temp=23.8, delta_t_floor=2.49, indoor_temp_delta_60m=-0.3080, horizon=12.0h, outlet_mid=29.0°C
2026-05-16 08:44:27,049 - DEBUG - ✅ Binary search trajectory OK (iter 1): outlet=29.0°C → predicted=26.71°C (steps=72, start=22.59→end=26.71)
2026-05-16 08:44:27,049 - DEBUG -    Iteration 1: outlet=29.0°C → predicted=26.71°C, error=3.608°C (range: 23.0-35.0°C)
2026-05-16 08:44:27,049 - DEBUG -      → Heating: Predicted too high, lowering maximum to 29.0°C
2026-05-16 08:44:27,051 - DEBUG -    Iteration 2: outlet=26.0°C → predicted=24.58°C, error=1.483°C (range: 23.0-29.0°C)
2026-05-16 08:44:27,051 - DEBUG -      → Heating: Predicted too high, lowering maximum to 26.0°C
2026-05-16 08:44:27,054 - DEBUG -    Iteration 3: outlet=24.5°C → predicted=23.52°C, error=0.421°C (range: 23.0-26.0°C)
2026-05-16 08:44:27,054 - DEBUG -      → Heating: Predicted too high, lowering maximum to 24.5°C
2026-05-16 08:44:27,056 - DEBUG -    Iteration 4: outlet=23.8°C → predicted=23.00°C, error=-0.102°C (range: 23.0-24.5°C)
2026-05-16 08:44:27,056 - DEBUG -      → Heating: Predicted too low, raising minimum to 23.8°C
2026-05-16 08:44:27,058 - DEBUG -    Iteration 5: outlet=24.1°C → predicted=23.25°C, error=0.155°C (range: 23.8-24.5°C)
2026-05-16 08:44:27,058 - DEBUG -      → Heating: Predicted too high, lowering maximum to 24.1°C
2026-05-16 08:44:27,061 - DEBUG -    Iteration 6: outlet=23.9°C → predicted=23.12°C, error=0.022°C (range: 23.8-24.1°C)
2026-05-16 08:44:27,061 - DEBUG -      → Heating: Predicted too high, lowering maximum to 23.9°C
2026-05-16 08:44:27,063 - DEBUG -    Iteration 7: outlet=23.8°C → predicted=23.06°C, error=-0.044°C (range: 23.8-23.9°C)
2026-05-16 08:44:27,063 - DEBUG -      → Heating: Predicted too low, raising minimum to 23.8°C
2026-05-16 08:44:27,065 - DEBUG -    Iteration 8: outlet=23.9°C → predicted=23.09°C, error=-0.011°C (range: 23.8-23.9°C)
2026-05-16 08:44:27,065 - DEBUG -      → Heating: Predicted too low, raising minimum to 23.9°C
2026-05-16 08:44:27,065 - INFO - 🔄 Binary search early exit after 9 iterations: range collapsed to 0.047°C, using 23.9°C
2026-05-16 08:44:27,067 - DEBUG - Slab: inlet=23.8°C, outlet=23.9°C, Δ=+0.1°C, τ=4.00h
2026-05-16 08:44:27,067 - DEBUG - 🔍 Trajectory prediction using forecast arrays: outdoor=[7.849999999999999, 7.85, 8.75, 9.65, 9.15, 10.55, 10.95, 10.05, 10.65, 10.85, 10.35, 10.35, 9.75], PV=[2482.722222222222, 4543.2, 3842.8, 3507.0, 4409.5, 3859.8, 1549.0, 2641.2, 2464.0, 2276.8, 1466.2, 546.2, 13.0]
2026-05-16 08:44:27,068 - DEBUG - 🔍 Trajectory DEBUG: outlet=23.9°C → 0.2h_prediction=22.52°C (vs target 23.1°C, error: -0.584°C), reaches_target_at=2.6666666666666665h, cycle_time=0.2h
2026-05-16 08:44:27,068 - DEBUG - 🔍 Trajectory predictions for target 23.1°C:
2026-05-16 08:44:27,068 - DEBUG -     0.2h: 22.52°C → target 23.10°C (error: -0.58°C)
2026-05-16 08:44:27,068 - DEBUG -     0.3h: 22.54°C → target 23.10°C (error: -0.56°C)
2026-05-16 08:44:27,068 - DEBUG -     0.5h: 22.57°C → target 23.10°C (error: -0.53°C)
2026-05-16 08:44:27,068 - DEBUG -     0.7h: 22.59°C → target 23.10°C (error: -0.51°C)
2026-05-16 08:44:27,068 - DEBUG -     0.8h: 22.62°C → target 23.10°C (error: -0.48°C)
2026-05-16 08:44:27,068 - DEBUG -     1.0h: 22.65°C → target 23.10°C (error: -0.45°C)
2026-05-16 08:44:27,068 - DEBUG -     1.2h: 22.69°C → target 23.10°C (error: -0.41°C)
2026-05-16 08:44:27,068 - DEBUG -     1.3h: 22.72°C → target 23.10°C (error: -0.38°C)
2026-05-16 08:44:27,068 - DEBUG -     1.5h: 22.76°C → target 23.10°C (error: -0.34°C)
2026-05-16 08:44:27,068 - DEBUG -     1.7h: 22.79°C → target 23.10°C (error: -0.31°C)
2026-05-16 08:44:27,068 - DEBUG -     1.8h: 22.83°C → target 23.10°C (error: -0.27°C)
2026-05-16 08:44:27,068 - DEBUG -     2.0h: 22.87°C → target 23.10°C (error: -0.23°C)
2026-05-16 08:44:27,068 - DEBUG -     2.2h: 22.90°C → target 23.10°C (error: -0.20°C)
2026-05-16 08:44:27,068 - DEBUG -     2.3h: 22.94°C → target 23.10°C (error: -0.16°C)
2026-05-16 08:44:27,068 - DEBUG -     2.5h: 22.97°C → target 23.10°C (error: -0.13°C)
2026-05-16 08:44:27,068 - DEBUG -     2.7h: 23.01°C → target 23.10°C (error: -0.09°C)
2026-05-16 08:44:27,068 - DEBUG -     2.8h: 23.04°C → target 23.10°C (error: -0.06°C)
2026-05-16 08:44:27,068 - DEBUG -     3.0h: 23.07°C → target 23.10°C (error: -0.03°C)
2026-05-16 08:44:27,068 - DEBUG -     3.2h: 23.11°C → target 23.10°C (error: +0.01°C)
2026-05-16 08:44:27,068 - DEBUG -     3.3h: 23.14°C → target 23.10°C (error: +0.04°C)
2026-05-16 08:44:27,068 - DEBUG -     3.5h: 23.17°C → target 23.10°C (error: +0.07°C)
2026-05-16 08:44:27,068 - DEBUG -     3.7h: 23.20°C → target 23.10°C (error: +0.10°C)
2026-05-16 08:44:27,068 - DEBUG -     3.8h: 23.23°C → target 23.10°C (error: +0.13°C)
2026-05-16 08:44:27,068 - DEBUG -     4.0h: 23.26°C → target 23.10°C (error: +0.16°C)
2026-05-16 08:44:27,068 - DEBUG -     4.2h: 23.29°C → target 23.10°C (error: +0.19°C)
2026-05-16 08:44:27,068 - DEBUG -     4.3h: 23.31°C → target 23.10°C (error: +0.21°C)
2026-05-16 08:44:27,068 - DEBUG -     4.5h: 23.34°C → target 23.10°C (error: +0.24°C)
2026-05-16 08:44:27,068 - DEBUG -     4.7h: 23.37°C → target 23.10°C (error: +0.27°C)
2026-05-16 08:44:27,069 - DEBUG -     4.8h: 23.40°C → target 23.10°C (error: +0.30°C)
2026-05-16 08:44:27,069 - DEBUG -     5.0h: 23.43°C → target 23.10°C (error: +0.33°C)
2026-05-16 08:44:27,069 - DEBUG -     5.2h: 23.46°C → target 23.10°C (error: +0.36°C)
2026-05-16 08:44:27,069 - DEBUG -     5.3h: 23.48°C → target 23.10°C (error: +0.38°C)
2026-05-16 08:44:27,069 - DEBUG -     5.5h: 23.50°C → target 23.10°C (error: +0.40°C)
2026-05-16 08:44:27,069 - DEBUG -     5.7h: 23.52°C → target 23.10°C (error: +0.42°C)
2026-05-16 08:44:27,069 - DEBUG -     5.8h: 23.54°C → target 23.10°C (error: +0.44°C)
2026-05-16 08:44:27,069 - DEBUG -     6.0h: 23.55°C → target 23.10°C (error: +0.45°C)
2026-05-16 08:44:27,069 - DEBUG -     6.2h: 23.55°C → target 23.10°C (error: +0.45°C)
2026-05-16 08:44:27,069 - DEBUG -     6.3h: 23.54°C → target 23.10°C (error: +0.44°C)
2026-05-16 08:44:27,069 - DEBUG -     6.5h: 23.54°C → target 23.10°C (error: +0.44°C)
2026-05-16 08:44:27,069 - DEBUG -     6.7h: 23.54°C → target 23.10°C (error: +0.44°C)
2026-05-16 08:44:27,069 - DEBUG -     6.8h: 23.54°C → target 23.10°C (error: +0.44°C)
2026-05-16 08:44:27,069 - DEBUG -     7.0h: 23.54°C → target 23.10°C (error: +0.44°C)
2026-05-16 08:44:27,069 - DEBUG -     7.2h: 23.55°C → target 23.10°C (error: +0.45°C)
2026-05-16 08:44:27,069 - DEBUG -     7.3h: 23.55°C → target 23.10°C (error: +0.45°C)
2026-05-16 08:44:27,069 - DEBUG -     7.5h: 23.56°C → target 23.10°C (error: +0.46°C)
2026-05-16 08:44:27,069 - DEBUG -     7.7h: 23.57°C → target 23.10°C (error: +0.47°C)
2026-05-16 08:44:27,069 - DEBUG -     7.8h: 23.58°C → target 23.10°C (error: +0.48°C)
2026-05-16 08:44:27,069 - DEBUG -     8.0h: 23.59°C → target 23.10°C (error: +0.49°C)
2026-05-16 08:44:27,069 - DEBUG -     8.2h: 23.59°C → target 23.10°C (error: +0.49°C)
2026-05-16 08:44:27,069 - DEBUG -     8.3h: 23.60°C → target 23.10°C (error: +0.50°C)
2026-05-16 08:44:27,069 - DEBUG -     8.5h: 23.60°C → target 23.10°C (error: +0.50°C)
2026-05-16 08:44:27,069 - DEBUG -     8.7h: 23.61°C → target 23.10°C (error: +0.51°C)
2026-05-16 08:44:27,069 - DEBUG -     8.8h: 23.61°C → target 23.10°C (error: +0.51°C)
2026-05-16 08:44:27,069 - DEBUG -     9.0h: 23.61°C → target 23.10°C (error: +0.51°C)
2026-05-16 08:44:27,069 - DEBUG -     9.2h: 23.62°C → target 23.10°C (error: +0.52°C)
2026-05-16 08:44:27,069 - DEBUG -     9.3h: 23.62°C → target 23.10°C (error: +0.52°C)
2026-05-16 08:44:27,069 - DEBUG -     9.5h: 23.61°C → target 23.10°C (error: +0.51°C)
2026-05-16 08:44:27,069 - DEBUG -     9.7h: 23.61°C → target 23.10°C (error: +0.51°C)
2026-05-16 08:44:27,069 - DEBUG -     9.8h: 23.60°C → target 23.10°C (error: +0.50°C)
2026-05-16 08:44:27,069 - DEBUG -     10.0h: 23.58°C → target 23.10°C (error: +0.48°C)
2026-05-16 08:44:27,069 - DEBUG -     10.2h: 23.57°C → target 23.10°C (error: +0.47°C)
2026-05-16 08:44:27,069 - DEBUG -     10.3h: 23.55°C → target 23.10°C (error: +0.45°C)
2026-05-16 08:44:27,070 - DEBUG -     10.5h: 23.52°C → target 23.10°C (error: +0.42°C)
2026-05-16 08:44:27,070 - DEBUG -     10.7h: 23.49°C → target 23.10°C (error: +0.39°C)
2026-05-16 08:44:27,070 - DEBUG -     10.8h: 23.46°C → target 23.10°C (error: +0.36°C)
2026-05-16 08:44:27,070 - DEBUG -     11.0h: 23.42°C → target 23.10°C (error: +0.32°C)
2026-05-16 08:44:27,070 - DEBUG -     11.2h: 23.38°C → target 23.10°C (error: +0.28°C)
2026-05-16 08:44:27,070 - DEBUG -     11.3h: 23.33°C → target 23.10°C (error: +0.23°C)
2026-05-16 08:44:27,070 - DEBUG -     11.5h: 23.28°C → target 23.10°C (error: +0.18°C)
2026-05-16 08:44:27,070 - DEBUG -     11.7h: 23.22°C → target 23.10°C (error: +0.12°C)
2026-05-16 08:44:27,070 - DEBUG -     11.8h: 23.17°C → target 23.10°C (error: +0.07°C)
2026-05-16 08:44:27,070 - DEBUG -     12.0h: 23.11°C → target 23.10°C (error: +0.01°C)
2026-05-16 08:44:27,070 - INFO - ⚠️ Target will NOT be reached within 0.2h cycle (+tolerance) - applying physics-based correction
2026-05-16 08:44:27,070 - DEBUG - [Newton] t_eval floored: 0.17h → 2.42h (τ/2=2.42h); ε: +0.584°C → +0.128°C
2026-05-16 08:44:27,070 - INFO - 🎯 [Newton] S(t=2.42h)=0.3436 (η=0.828, U=0.120, τ=4.83h, H=12.0h) ε=+0.128°C → ΔT=+0.371°C → outlet 24.3°C
2026-05-16 08:44:27,073 - DEBUG - HeatingCorrectionMLModel: raw ΔT_outlet=0.129°C (R²=0.8638)
2026-05-16 08:44:27,073 - INFO - 🤖 [ML correction] R²=0.864 w=0.864 Δphysics=+0.371°C Δml=+0.129°C Δblend=+0.162°C → outlet=24.1°C
2026-05-16 08:44:27,073 - DEBUG - 🧠 Smart rounding is using cycle-aligned forecast: PV=2654W (caller sent PV=2483W)
2026-05-16 08:44:27,073 - INFO - 🎯 Prediction: Current 22.58°C → Target 22.6°C | Calculated outlet: 24.1°C (before smart rounding) (confidence: 5.000)
2026-05-16 08:44:27,073 - DEBUG - Model Wrapper: temp=24.1°C, error=0.020°C, confidence=5.000
2026-05-16 08:44:27,073 - INFO - --- Gradual Temperature Control ---
2026-05-16 08:44:27,074 - INFO - Change from baseline 21.0°C to suggested 24.1°C exceeds max change of 2.0°C. Capping at 23.0°C.
2026-05-16 08:44:27,074 - DEBUG - EMA smoothing: 23.00°C → 22.0°C (last=21.0, α=0.50)
2026-05-16 08:44:27,074 - DEBUG - Smart rounding: 22.00°C is already integer
2026-05-16 08:44:27,074 - DEBUG - Setting target outlet temp
2026-05-16 08:44:27,074 - DEBUG - Setting HA state for sensor.ml_vorlauftemperatur: {'state': '22.0', 'attributes': {'state_class': 'measurement', 'unique_id': 'ml_heating_target_outlet_temp', 'friendly_name': 'ML Target Outlet Temp', 'unit_of_measurement': '°C', 'device_class': 'temperature', 'icon': 'mdi:thermometer-water'}}
2026-05-16 08:44:27,086 - DEBUG - Logging thermal model metrics
2026-05-16 08:44:27,086 - DEBUG - Setting HA state for sensor.ml_heating_state: {'state': '0', 'attributes': {'state_class': 'measurement', 'unique_id': 'ml_heating_state', 'friendly_name': 'ML Heating State', 'unit_of_measurement': 'state', 'icon': 'mdi:information-outline', 'state_description': 'OK - Prediction done', 'confidence': 5.0, 'suggested_temp': 24.08, 'final_temp': 22.0, 'predicted_indoor': 22.56, 'last_prediction_time': '2026-05-16T06:44:27.086471+00:00', 'temperature_error': 0.02, 'pre_cool_active': False, 'pre_cool_peak_temp': None, 'pre_cool_peak_hour': None}}
2026-05-16 08:44:27,106 - DEBUG - ✅ ACTIVE MODE: ML controlling heating via input_boolean.ml_heating
2026-05-16 08:44:27,107 - DEBUG - 🧠 Smart rounding is using cycle-aligned forecast: PV=2654W (caller sent PV=2483W)
2026-05-16 08:44:27,108 - DEBUG - Target: 22.6°C | Suggested: 24.1°C | Applied: 22.0°C | Actual Indoor: 22.58°C | Predicted Indoor: 22.59°C | Confidence: 5.000
2026-05-16 08:44:27,108 - INFO - Target: 22.6°C | Suggested: 24.1°C | Applied: 22.0°C | Actual Indoor: 22.58°C | Predicted Indoor: 22.59°C | Confidence: 5.000
2026-05-16 08:44:27,301 - DEBUG - 💾 Saved unified thermal state to /config/ml_heating/unified_thermal_state.json
2026-05-16 08:44:27,303 - DEBUG - Operational state saved to /config/ml_heating/unified_thermal_state.json; updated keys: ['last_run_features', 'last_indoor_temp', 'last_avg_other_rooms_temp', 'last_fireplace_on', 'last_final_temp', 'last_climate_mode', 'last_target_indoor_temp', 'last_predicted_indoor', 'last_is_blocking', 'last_blocking_reasons', 'setpoint_hold_cycles_remaining']
2026-05-16 08:44:27,304 - DEBUG - Setting HA state for sensor.ml_heating_features: {'state': '22.52', 'attributes': {'state_class': 'measurement', 'unique_id': 'ml_heating_features', 'friendly_name': 'ML Heating Features', 'unit_of_measurement': '°C', 'device_class': 'temperature', 'icon': 'mdi:feature-search-outline', 'living_room_temp': 22.52, 'outlet_temp': 23.7, 'indoor_temp_lag_30m': 22.485, 'target_temp': 22.6, 'outdoor_temp': 7.849999999999999, 'dhw_heating': 0.0, 'dhw_disinfection': 0.0, 'dhw_boost_heater': 0.0, 'defrosting': 0.0, 'pv_now': 3990.0, 'pv_now_electrical': 3990.0, 'solar_correction_percent': 100.0, 'solar_correction_factor': 1.0, 'solar_correction_enabled': 1.0, 'fireplace_on': 0.0, 'tv_on': 0.0, 'temp_forecast_1h': 7.85, 'temp_forecast_2h': 8.75, 'temp_forecast_3h': 9.65, 'temp_forecast_4h': 9.15, 'temp_forecast_5h': 10.55, 'temp_forecast_6h': 10.95, 'temp_forecast_7h': 10.05, 'temp_forecast_8h': 10.65, 'temp_forecast_9h': 10.85, 'temp_forecast_10h': 10.35, 'temp_forecast_11h': 10.35, 'temp_forecast_12h': 9.75, 'pv_forecast_1h': 4543.2, 'pv_forecast_2h': 3842.8, 'pv_forecast_3h': 3507.0, 'pv_forecast_4h': 4409.5, 'pv_forecast_5h': 3859.8, 'pv_forecast_6h': 1549.0, 'pv_forecast_7h': 2641.2, 'pv_forecast_8h': 2464.0, 'pv_forecast_9h': 2276.8, 'pv_forecast_10h': 1466.2, 'pv_forecast_11h': 546.2, 'pv_forecast_12h': 13.0, 'pv_forecast_electrical_1h': 4543.2, 'pv_forecast_electrical_2h': 3842.8, 'pv_forecast_electrical_3h': 3507.0, 'pv_forecast_electrical_4h': 4409.5, 'pv_forecast_electrical_5h': 3859.8, 'pv_forecast_electrical_6h': 1549.0, 'pv_forecast_electrical_7h': 2641.2, 'pv_forecast_electrical_8h': 2464.0, 'pv_forecast_electrical_9h': 2276.8, 'pv_forecast_electrical_10h': 1466.2, 'pv_forecast_electrical_11h': 546.2, 'pv_forecast_electrical_12h': 13.0, 'cloud_cover_forecast_1h': 0.0, 'cloud_cover_forecast_2h': 0.0, 'cloud_cover_forecast_3h': 0.0, 'cloud_cover_forecast_4h': 0.0, 'cloud_cover_forecast_5h': 0.0, 'cloud_cover_forecast_6h': 0.0, 'cloud_cover_forecast_7h': 0.0, 'cloud_cover_forecast_8h': 0.0, 'cloud_cover_forecast_9h': 0.0, 'cloud_cover_forecast_10h': 0.0, 'cloud_cover_forecast_11h': 0.0, 'cloud_cover_forecast_12h': 0.0, 'temp_diff_indoor_outdoor': 14.680000000000003, 'indoor_temp_gradient': -0.7800000000000153, 'outlet_indoor_diff': 1.1699999999999982, 'indoor_temp_lag_10m': 22.561999999999998, 'indoor_temp_lag_60m': 22.838, 'outlet_temp_lag_30m': 23.800000000000004, 'outlet_temp_change': 0.0, 'indoor_temp_delta_10m': -0.031999999999996476, 'indoor_temp_delta_30m': 0.045000000000001705, 'indoor_temp_delta_60m': -0.30799999999999983, 'hour_sin': 0.8660254037844387, 'hour_cos': -0.4999999999999998, 'month_sin': 0.8660254037844387, 'month_cos': -0.4999999999999998, 'outlet_effectiveness_ratio': -0.059829059829060165, 'inlet_temp': 23.8, 'flow_rate': 14.0, 'power_consumption': 19.0, 'delta_t': -0.10000000000000142, 'thermal_power_kw': -0.09767333333333472, 'cop_realtime': 0.0, 'temp_trend_forecast': 0.15833333333333344, 'heating_demand_forecast': 1.2850000000000001, 'combined_forecast_thermal_load': 1.2720000000000002, 'pv_power_history': [111.0, 201.0, 488.0, 980.0, 1111.0, 1638.0, 2246.0, 2745.0, 2378.0, 1918.0, 1972.0, 3854.0, 4008.0, 4244.0, 3265.0, 2919.0, 3657.0, 6954.0], 'pv_power_history_electrical': [111.0, 201.0, 488.0, 980.0, 1111.0, 1638.0, 2246.0, 2745.0, 2378.0, 1918.0, 1972.0, 3854.0, 4008.0, 4244.0, 3265.0, 2919.0, 3657.0, 6954.0], 'wind_speed': 13.1, 'is_weekend': 1.0, 'indoor_margin_rate': 0.0, 'last_updated': '2026-05-16T06:44:27.304635+00:00'}}
2026-05-16 08:44:27,366 - DEBUG - Published 93 features to sensor.ml_heating_features
2026-05-16 08:44:27,366 - DEBUG - ✅ CYCLE 52 END: 08:44:27 (duration: 1.6s)
2026-05-16 08:44:27,367 - DEBUG - 💤 POLLING START: Waiting 30min until next cycle...
2026-05-16 08:44:27,393 - DEBUG - Active sampling: buffered 6 readings
127.0.0.1 - - [16/May/2026 08:44:41] "GET /health HTTP/1.1" 200 -
127.0.0.1 - - [16/May/2026 08:45:11] "GET /health HTTP/1.1" 200 -
2026-05-16 08:45:27,424 - DEBUG - Active sampling: buffered 6 readings
127.0.0.1 - - [16/May/2026 08:45:41] "GET /health HTTP/1.1" 200 -
127.0.0.1 - - [16/May/2026 08:46:11] "GET /health HTTP/1.1" 200 -
2026-05-16 08:46:27,454 - DEBUG - Active sampling: buffered 6 readings
127.0.0.1 - - [16/May/2026 08:46:41] "GET /health HTTP/1.1" 200 -
127.0.0.1 - - [16/May/2026 08:47:11] "GET /health HTTP/1.1" 200 -
2026-05-16 08:47:27,483 - DEBUG - Active sampling: buffered 6 readings
127.0.0.1 - - [16/May/2026 08:47:41] "GET /health HTTP/1.1" 200 -
127.0.0.1 - - [16/May/2026 08:48:11] "GET /health HTTP/1.1" 200 -
2026-05-16 08:48:27,513 - DEBUG - Active sampling: buffered 6 readings
127.0.0.1 - - [16/May/2026 08:48:41] "GET /health HTTP/1.1" 200 -
127.0.0.1 - - [16/May/2026 08:49:11] "GET /health HTTP/1.1" 200 -
2026-05-16 08:49:27,544 - DEBUG - Active sampling: buffered 6 readings
127.0.0.1 - - [16/May/2026 08:49:42] "GET /health HTTP/1.1" 200 -
127.0.0.1 - - [16/May/2026 08:50:12] "GET /health HTTP/1.1" 200 -
2026-05-16 08:50:27,576 - DEBUG - Active sampling: buffered 6 readings
127.0.0.1 - - [16/May/2026 08:50:42] "GET /health HTTP/1.1" 200 -
127.0.0.1 - - [16/May/2026 08:51:12] "GET /health HTTP/1.1" 200 -
2026-05-16 08:51:27,607 - DEBUG - Active sampling: buffered 6 readings
127.0.0.1 - - [16/May/2026 08:51:42] "GET /health HTTP/1.1" 200 -
127.0.0.1 - - [16/May/2026 08:52:12] "GET /health HTTP/1.1" 200 -
2026-05-16 08:52:27,641 - DEBUG - Active sampling: buffered 6 readings
127.0.0.1 - - [16/May/2026 08:52:42] "GET /health HTTP/1.1" 200 -
127.0.0.1 - - [16/May/2026 08:53:12] "GET /health HTTP/1.1" 200 -
2026-05-16 08:53:27,672 - DEBUG - Active sampling: buffered 6 readings
127.0.0.1 - - [16/May/2026 08:53:42] "GET /health HTTP/1.1" 200 -
127.0.0.1 - - [16/May/2026 08:54:12] "GET /health HTTP/1.1" 200 -
2026-05-16 08:54:27,674 - DEBUG - ⏰ POLLING END: Waited 10.0min, starting next cycle...
2026-05-16 08:54:27,674 - DEBUG - 🔄 CYCLE 53 START: 08:54:27 (interval: 10.0min since last cycle)
2026-05-16 08:54:27,674 - DEBUG - ♻️ Reusing existing Model Wrapper instance
2026-05-16 08:54:27,674 - INFO - Successfully loaded operational state from /config/ml_heating/unified_thermal_state.json
2026-05-16 08:54:27,703 - DEBUG - Setting HA state for sensor.ml_heating_cop_realtime: {'state': '0.00', 'attributes': {'state_class': 'measurement', 'unique_id': 'ml_heating_cop_realtime', 'friendly_name': 'ML Heating COP (Realtime)', 'unit_of_measurement': 'COP', 'icon': 'mdi:heat-pump', 'device_class': 'power_factor'}}
2026-05-16 08:54:27,715 - DEBUG - Setting HA state for sensor.ml_heating_thermal_power: {'state': '-0.098', 'attributes': {'state_class': 'measurement', 'unique_id': 'ml_heating_thermal_power', 'friendly_name': 'ML Heating Thermal Power', 'unit_of_measurement': 'kW', 'icon': 'mdi:flash', 'device_class': 'power'}}
2026-05-16 08:54:27,752 - DEBUG - Wrote thermodynamic metrics to InfluxDB
2026-05-16 08:54:27,752 - DEBUG - Thermodynamic sensors updated: COP=0.00, Power=-0.098kW
2026-05-16 08:54:27,752 - DEBUG - ♻️ Reusing existing Model Wrapper instance
2026-05-16 08:54:27,752 - DEBUG - 🎯 ACTIVE MODE LEARNING (trajectory): Verifying ML prediction accuracy for 22.0°C outlet setting
2026-05-16 08:54:27,758 - DEBUG - ☀️ SolarChannel self-learned: avg_error=-0.042, pv_heat_weight=0.00128, solar_lag=39.7min, cloud_exp=1.00, solar_decay_tau=1.06h
2026-05-16 08:54:27,758 - INFO - ☀️ pv parameter update: attributed_error=-0.014387 | pv_heat_weight: 0.001317→0.001275 (Δ-0.000042) | solar_decay_tau_hours: 1.057688→1.057667 (Δ-0.000021) | solar_lag_minutes: 39.690658→39.706667 (Δ+0.016008)
2026-05-16 08:54:27,758 - INFO - Channel routing → [☀️ pv*] | error=-0.0144 | pv_current=3990W pv_smoothed=2483W | params_changed=pv
2026-05-16 08:54:27,951 - DEBUG - 💾 Saved unified thermal state to /config/ml_heating/unified_thermal_state.json
2026-05-16 08:54:27,952 - DEBUG - Skipping legacy global adaptation: channel mode owns recent-window learning
2026-05-16 08:54:28,151 - DEBUG - 💾 Saved unified thermal state to /config/ml_heating/unified_thermal_state.json
2026-05-16 08:54:28,153 - DEBUG - Prediction feedback: error=-0.014°C, confidence=5.000
2026-05-16 08:54:28,342 - DEBUG - 💾 Saved unified thermal state to /config/ml_heating/unified_thermal_state.json
2026-05-16 08:54:28,344 - DEBUG - 💾 Saved 200 predictions to unified thermal state
2026-05-16 08:54:28,344 - DEBUG - Added prediction: pred=22.64, actual=22.63, error=-0.014
2026-05-16 08:54:28,537 - DEBUG - 💾 Saved unified thermal state to /config/ml_heating/unified_thermal_state.json
2026-05-16 08:54:28,540 - DEBUG - Setting HA state for sensor.ml_model_mae: {'state': '0.0320', 'attributes': {'state_class': 'measurement', 'unique_id': 'ml_heating_model_mae', 'friendly_name': 'ML Model MAE', 'unit_of_measurement': '°C', 'icon': 'mdi:chart-line', 'last_updated': '2026-05-16T06:54:28.540709+00:00'}}
2026-05-16 08:54:28,554 - DEBUG - Setting HA state for sensor.ml_model_rmse: {'state': '0.0490', 'attributes': {'state_class': 'measurement', 'unique_id': 'ml_heating_model_rmse', 'friendly_name': 'ML Model RMSE', 'unit_of_measurement': '°C', 'icon': 'mdi:chart-line', 'last_updated': '2026-05-16T06:54:28.540709+00:00'}}
2026-05-16 08:54:28,569 - DEBUG - Setting HA state for sensor.ml_heating_learning: {'state': '5.000', 'attributes': {'state_class': 'measurement', 'unique_id': 'ml_heating_learning', 'friendly_name': 'ML Adaptive Learning Metrics', 'unit_of_measurement': 'metrics', 'icon': 'mdi:brain', 'thermal_time_constant': 4.8345275867350885, 'heat_loss_coefficient': 0.12035197370821737, 'outlet_effectiveness': 0.8283017284451556, 'pv_heat_weight': 0.0012753685253586132, 'fireplace_heat_weight': 0.17156709601311348, 'tv_heat_weight': 0.44733899208522154, 'solar_lag_minutes': 39.70666677035906, 'slab_time_constant_hours': 4.000456052583566, 'heat_source_channels_enabled': True, 'total_conductance': 0.3, 'equilibrium_ratio': 0.5, 'cycle_count': 5391, 'parameter_updates': 553, 'model_health': 'excellent', 'learning_progress': 1.0, 'is_improving': True, 'improvement_percentage': 5.4290738621097265, 'total_predictions': 200, 'learning_confidence': 5.0, 'last_updated': '2026-05-16T06:54:28.569419+00:00', 'delta_t_floor': 2.4857328190130326, 'cloud_factor_exponent': 1.0, 'solar_decay_tau_hours': 1.0576671598090632, 'fp_heat_output_kw': 0.17156709601311348, 'fp_decay_time_constant': 3.9144707244638868, 'room_spread_delay_minutes': 18.0, 'ch_heat_pump_history_count': 200, 'ch_heat_pump_last_error': 0.015176865717659638, 'ch_pv_history_count': 200, 'ch_pv_last_error': -0.014386990326443083, 'ch_fireplace_history_count': 0, 'ch_fireplace_last_error': 0.0, 'ch_tv_history_count': 0, 'ch_tv_last_error': 0.0}}
2026-05-16 08:54:28,584 - DEBUG - Setting HA state for sensor.ml_model_mae: {'state': '0.0320', 'attributes': {'state_class': 'measurement', 'unique_id': 'ml_heating_model_mae', 'friendly_name': 'ML Model MAE', 'unit_of_measurement': '°C', 'icon': 'mdi:chart-line', 'mae_1h': 0.06753572704629522, 'mae_6h': 0.036204082354053826, 'mae_24h': 0.03200456258155755, 'trend_direction': 'improving', 'prediction_count': 200, 'last_updated': '2026-05-16T06:54:28.569419+00:00'}}
2026-05-16 08:54:28,599 - DEBUG - Setting HA state for sensor.ml_model_rmse: {'state': '0.0490', 'attributes': {'state_class': 'measurement', 'unique_id': 'ml_heating_model_rmse', 'friendly_name': 'ML Model RMSE', 'unit_of_measurement': '°C', 'icon': 'mdi:chart-line', 'recent_max_error': 0.2555759466082712, 'std_error': 0.0371, 'mean_bias': 0.0, 'prediction_count': 200, 'last_updated': '2026-05-16T06:54:28.569419+00:00'}}
2026-05-16 08:54:28,615 - DEBUG - Setting HA state for sensor.ml_prediction_accuracy: {'state': '98.1', 'attributes': {'state_class': 'measurement', 'unique_id': 'ml_prediction_accuracy', 'friendly_name': 'ML Prediction Accuracy', 'unit_of_measurement': '%', 'icon': 'mdi:target', 'perfect_accuracy_pct': 0.0, 'tolerable_accuracy_pct': 98.125, 'poor_accuracy_pct': 1.875, 'prediction_count_24h': 0, 'excellent_all_time_pct': 96.5, 'good_all_time_pct': 100.0, 'last_updated': '2026-05-16T06:54:28.569419+00:00'}}
2026-05-16 08:54:28,630 - DEBUG - Logged refactored sensor metrics to HA
2026-05-16 08:54:28,630 - DEBUG - Logging feature importance
2026-05-16 08:54:28,630 - DEBUG - Setting HA state for sensor.ml_feature_importance: {'state': '5', 'attributes': {'state_class': 'measurement', 'unique_id': 'ml_heating_feature_importance', 'friendly_name': 'ML Feature Importance', 'unit_of_measurement': '%', 'icon': 'mdi:format-list-numbered', 'top_features': {'target_temp': 52.8, 'tv_power': 28.51, 'fireplace': 10.94, 'outdoor_temp': 7.67, 'pv_power': 0.08}, 'last_updated': '2026-05-16T06:54:28.630480+00:00'}}
2026-05-16 08:54:28,645 - INFO - ✅ Exported metrics to Home Assistant sensors successfully
2026-05-16 08:54:28,645 - INFO - ✅ Learning cycle 5391: error=0.014°C, confidence=5.000, total_predictions=200
2026-05-16 08:54:28,645 - DEBUG - ✅ Online learning: applied_temp=22.0°C, actual_change=0.050°C, cycle=5391
2026-05-16 08:54:28,646 - DEBUG - 🔥 Heating mode active (state: heat)
2026-05-16 08:54:28,646 - DEBUG - ♻️ Reusing existing Model Wrapper instance
2026-05-16 08:54:28,673 - DEBUG - Fireplace is OFF. Using main indoor temp for prediction.
2026-05-16 08:54:28,825 - DEBUG - PV forecast parsed successfully: [5020.8, 3599.0, 3837.5, 4015.2, 3338.8, 2129.5, 2346.8, 2714.0, 2002.2, 1210.2, 356.0, 0.0]W
2026-05-16 08:54:28,825 - DEBUG - Solar correction: enabled=True, percent=100.0%, factor=1.000
2026-05-16 08:54:28,843 - DEBUG - Delta calibration applied: offset=+1.01°C
2026-05-16 08:54:28,843 - DEBUG - Raw forecasts: [7.3, 8.2, 9.1, 8.6, 10.0, 10.4, 9.5, 10.1, 10.3, 9.8, 9.8, 9.2]
2026-05-16 08:54:28,843 - DEBUG - Calibrated forecasts: [8.31, 9.21, 10.11, 9.61, 11.01, 11.41, 10.51, 11.11, 11.31, 10.81, 10.81, 10.21]
2026-05-16 08:54:28,847 - INFO - ☀️ Forecast trajectory: PV=8650W, remaining_pv_hours=11 + min_steps=4 → 12 steps
2026-05-16 08:54:28,847 - DEBUG - Heating obs buffer: resolved 1 new label(s) this cycle
2026-05-16 08:54:28,872 - DEBUG - ♻️ Reusing existing Model Wrapper instance
2026-05-16 08:54:28,878 - INFO - DEBUG: Wrapper params: U=0.12035197370821737, eff=0.8283017284451556, tau=4.8345275867350885
2026-05-16 08:54:28,878 - INFO - ☀️ PV surplus 8650W (threshold 1500W): target 22.6 → 23.1°C (CHEAP ramp offset +0.50)
2026-05-16 08:54:28,878 - DEBUG - 🔧 Using natural bounds: outlet_min=23.0°C, outlet_max=35.0°C
2026-05-16 08:54:28,878 - INFO - 🌡️ Using cycle-aligned forecast (10min): outdoor=8.3°C (vs current 8.3°C), PV=3004W (vs current 2821W)
2026-05-16 08:54:28,878 - DEBUG - DEBUG: Using PV history (len=18) instead of scalar 3004.418518518519
2026-05-16 08:54:28,878 - INFO - 🔄 HP off (delta_t=-0.14, mode=heating): simulating HP-on delta_t=2.49 for binary search
2026-05-16 08:54:28,878 - DEBUG - 🎯 Binary search start: target=23.1°C, current=22.5°C, range=23.0-35.0°C
2026-05-16 08:54:28,879 - DEBUG - 🔍 Binary search features: inlet_temp=23.84, delta_t_floor=2.49, indoor_temp_delta_60m=-0.0716, horizon=12.0h, outlet_mid=29.0°C
2026-05-16 08:54:28,881 - DEBUG - ✅ Binary search trajectory OK (iter 1): outlet=29.0°C → predicted=26.70°C (steps=72, start=22.66→end=26.70)
2026-05-16 08:54:28,881 - DEBUG -    Iteration 1: outlet=29.0°C → predicted=26.70°C, error=3.600°C (range: 23.0-35.0°C)
2026-05-16 08:54:28,881 - DEBUG -      → Heating: Predicted too high, lowering maximum to 29.0°C
2026-05-16 08:54:28,883 - DEBUG -    Iteration 2: outlet=26.0°C → predicted=24.58°C, error=1.476°C (range: 23.0-29.0°C)
2026-05-16 08:54:28,883 - DEBUG -      → Heating: Predicted too high, lowering maximum to 26.0°C
2026-05-16 08:54:28,886 - DEBUG -    Iteration 3: outlet=24.5°C → predicted=23.51°C, error=0.413°C (range: 23.0-26.0°C)
2026-05-16 08:54:28,886 - DEBUG -      → Heating: Predicted too high, lowering maximum to 24.5°C
2026-05-16 08:54:28,888 - DEBUG -    Iteration 4: outlet=23.8°C → predicted=23.00°C, error=-0.104°C (range: 23.0-24.5°C)
2026-05-16 08:54:28,888 - DEBUG -      → Heating: Predicted too low, raising minimum to 23.8°C
2026-05-16 08:54:28,890 - DEBUG -    Iteration 5: outlet=24.1°C → predicted=23.25°C, error=0.147°C (range: 23.8-24.5°C)
2026-05-16 08:54:28,890 - DEBUG -      → Heating: Predicted too high, lowering maximum to 24.1°C
2026-05-16 08:54:28,892 - DEBUG -    Iteration 6: outlet=23.9°C → predicted=23.11°C, error=0.015°C (range: 23.8-24.1°C)
2026-05-16 08:54:28,892 - DEBUG -      → Heating: Predicted too high, lowering maximum to 23.9°C
2026-05-16 08:54:28,895 - DEBUG -    Iteration 7: outlet=23.8°C → predicted=23.05°C, error=-0.052°C (range: 23.8-23.9°C)
2026-05-16 08:54:28,895 - DEBUG -      → Heating: Predicted too low, raising minimum to 23.8°C
2026-05-16 08:54:28,897 - DEBUG -    Iteration 8: outlet=23.9°C → predicted=23.08°C, error=-0.019°C (range: 23.8-23.9°C)
2026-05-16 08:54:28,897 - DEBUG -      → Heating: Predicted too low, raising minimum to 23.9°C
2026-05-16 08:54:28,897 - INFO - 🔄 Binary search early exit after 9 iterations: range collapsed to 0.047°C, using 23.9°C
2026-05-16 08:54:28,899 - DEBUG - Slab: inlet=23.8°C, outlet=23.9°C, Δ=+0.1°C, τ=4.00h
2026-05-16 08:54:28,899 - DEBUG - 🔍 Trajectory prediction using forecast arrays: outdoor=[8.309374999999998, 8.31, 9.21, 10.11, 9.61, 11.01, 11.41, 10.51, 11.11, 11.31, 10.81, 10.81, 10.21], PV=[2821.1111111111113, 5020.8, 3599.0, 3837.5, 4015.2, 3338.8, 2129.5, 2346.8, 2714.0, 2002.2, 1210.2, 356.0, 0.0]
2026-05-16 08:54:28,899 - DEBUG - 🔍 Trajectory DEBUG: outlet=23.9°C → 0.2h_prediction=22.59°C (vs target 23.1°C, error: -0.514°C), reaches_target_at=1.6666666666666665h, cycle_time=0.2h
2026-05-16 08:54:28,899 - DEBUG - 🔍 Trajectory predictions for target 23.1°C:
2026-05-16 08:54:28,899 - DEBUG -     0.2h: 22.59°C → target 23.10°C (error: -0.51°C)
2026-05-16 08:54:28,899 - DEBUG -     0.3h: 22.64°C → target 23.10°C (error: -0.46°C)
2026-05-16 08:54:28,899 - DEBUG -     0.5h: 22.69°C → target 23.10°C (error: -0.41°C)
2026-05-16 08:54:28,899 - DEBUG -     0.7h: 22.74°C → target 23.10°C (error: -0.36°C)
2026-05-16 08:54:28,899 - DEBUG -     0.8h: 22.78°C → target 23.10°C (error: -0.32°C)
2026-05-16 08:54:28,899 - DEBUG -     1.0h: 22.83°C → target 23.10°C (error: -0.27°C)
2026-05-16 08:54:28,899 - DEBUG -     1.2h: 22.88°C → target 23.10°C (error: -0.22°C)
2026-05-16 08:54:28,899 - DEBUG -     1.3h: 22.92°C → target 23.10°C (error: -0.18°C)
2026-05-16 08:54:28,899 - DEBUG -     1.5h: 22.97°C → target 23.10°C (error: -0.13°C)
2026-05-16 08:54:28,899 - DEBUG -     1.7h: 23.01°C → target 23.10°C (error: -0.09°C)
2026-05-16 08:54:28,899 - DEBUG -     1.8h: 23.05°C → target 23.10°C (error: -0.05°C)
2026-05-16 08:54:28,899 - DEBUG -     2.0h: 23.09°C → target 23.10°C (error: -0.01°C)
2026-05-16 08:54:28,899 - DEBUG -     2.2h: 23.13°C → target 23.10°C (error: +0.03°C)
2026-05-16 08:54:28,899 - DEBUG -     2.3h: 23.17°C → target 23.10°C (error: +0.07°C)
2026-05-16 08:54:28,899 - DEBUG -     2.5h: 23.20°C → target 23.10°C (error: +0.10°C)
2026-05-16 08:54:28,899 - DEBUG -     2.7h: 23.24°C → target 23.10°C (error: +0.14°C)
2026-05-16 08:54:28,900 - DEBUG -     2.8h: 23.27°C → target 23.10°C (error: +0.17°C)
2026-05-16 08:54:28,900 - DEBUG -     3.0h: 23.30°C → target 23.10°C (error: +0.20°C)
2026-05-16 08:54:28,900 - DEBUG -     3.2h: 23.33°C → target 23.10°C (error: +0.23°C)
2026-05-16 08:54:28,900 - DEBUG -     3.3h: 23.37°C → target 23.10°C (error: +0.27°C)
2026-05-16 08:54:28,900 - DEBUG -     3.5h: 23.39°C → target 23.10°C (error: +0.29°C)
2026-05-16 08:54:28,900 - DEBUG -     3.7h: 23.42°C → target 23.10°C (error: +0.32°C)
2026-05-16 08:54:28,900 - DEBUG -     3.8h: 23.45°C → target 23.10°C (error: +0.35°C)
2026-05-16 08:54:28,900 - DEBUG -     4.0h: 23.48°C → target 23.10°C (error: +0.38°C)
2026-05-16 08:54:28,900 - DEBUG -     4.2h: 23.50°C → target 23.10°C (error: +0.40°C)
2026-05-16 08:54:28,900 - DEBUG -     4.3h: 23.52°C → target 23.10°C (error: +0.42°C)
2026-05-16 08:54:28,900 - DEBUG -     4.5h: 23.55°C → target 23.10°C (error: +0.45°C)
2026-05-16 08:54:28,900 - DEBUG -     4.7h: 23.57°C → target 23.10°C (error: +0.47°C)
2026-05-16 08:54:28,900 - DEBUG -     4.8h: 23.59°C → target 23.10°C (error: +0.49°C)
2026-05-16 08:54:28,900 - DEBUG -     5.0h: 23.62°C → target 23.10°C (error: +0.52°C)
2026-05-16 08:54:28,900 - DEBUG -     5.2h: 23.64°C → target 23.10°C (error: +0.54°C)
2026-05-16 08:54:28,900 - DEBUG -     5.3h: 23.66°C → target 23.10°C (error: +0.56°C)
2026-05-16 08:54:28,900 - DEBUG -     5.5h: 23.67°C → target 23.10°C (error: +0.57°C)
2026-05-16 08:54:28,900 - DEBUG -     5.7h: 23.69°C → target 23.10°C (error: +0.59°C)
2026-05-16 08:54:28,900 - DEBUG -     5.8h: 23.70°C → target 23.10°C (error: +0.60°C)
2026-05-16 08:54:28,900 - DEBUG -     6.0h: 23.71°C → target 23.10°C (error: +0.61°C)
2026-05-16 08:54:28,900 - DEBUG -     6.2h: 23.71°C → target 23.10°C (error: +0.61°C)
2026-05-16 08:54:28,900 - DEBUG -     6.3h: 23.71°C → target 23.10°C (error: +0.61°C)
2026-05-16 08:54:28,900 - DEBUG -     6.5h: 23.71°C → target 23.10°C (error: +0.61°C)
2026-05-16 08:54:28,900 - DEBUG -     6.7h: 23.71°C → target 23.10°C (error: +0.61°C)
2026-05-16 08:54:28,900 - DEBUG -     6.8h: 23.71°C → target 23.10°C (error: +0.61°C)
2026-05-16 08:54:28,900 - DEBUG -     7.0h: 23.71°C → target 23.10°C (error: +0.61°C)
2026-05-16 08:54:28,900 - DEBUG -     7.2h: 23.71°C → target 23.10°C (error: +0.61°C)
2026-05-16 08:54:28,900 - DEBUG -     7.3h: 23.71°C → target 23.10°C (error: +0.61°C)
2026-05-16 08:54:28,900 - DEBUG -     7.5h: 23.71°C → target 23.10°C (error: +0.61°C)
2026-05-16 08:54:28,900 - DEBUG -     7.7h: 23.71°C → target 23.10°C (error: +0.61°C)
2026-05-16 08:54:28,900 - DEBUG -     7.8h: 23.72°C → target 23.10°C (error: +0.62°C)
2026-05-16 08:54:28,900 - DEBUG -     8.0h: 23.72°C → target 23.10°C (error: +0.62°C)
2026-05-16 08:54:28,900 - DEBUG -     8.2h: 23.73°C → target 23.10°C (error: +0.63°C)
2026-05-16 08:54:28,900 - DEBUG -     8.3h: 23.73°C → target 23.10°C (error: +0.63°C)
2026-05-16 08:54:28,900 - DEBUG -     8.5h: 23.74°C → target 23.10°C (error: +0.64°C)
2026-05-16 08:54:28,900 - DEBUG -     8.7h: 23.74°C → target 23.10°C (error: +0.64°C)
2026-05-16 08:54:28,900 - DEBUG -     8.8h: 23.74°C → target 23.10°C (error: +0.64°C)
2026-05-16 08:54:28,900 - DEBUG -     9.0h: 23.73°C → target 23.10°C (error: +0.63°C)
2026-05-16 08:54:28,900 - DEBUG -     9.2h: 23.73°C → target 23.10°C (error: +0.63°C)
2026-05-16 08:54:28,900 - DEBUG -     9.3h: 23.72°C → target 23.10°C (error: +0.62°C)
2026-05-16 08:54:28,900 - DEBUG -     9.5h: 23.71°C → target 23.10°C (error: +0.61°C)
2026-05-16 08:54:28,900 - DEBUG -     9.7h: 23.70°C → target 23.10°C (error: +0.60°C)
2026-05-16 08:54:28,901 - DEBUG -     9.8h: 23.68°C → target 23.10°C (error: +0.58°C)
2026-05-16 08:54:28,901 - DEBUG -     10.0h: 23.65°C → target 23.10°C (error: +0.55°C)
2026-05-16 08:54:28,901 - DEBUG -     10.2h: 23.63°C → target 23.10°C (error: +0.53°C)
2026-05-16 08:54:28,901 - DEBUG -     10.3h: 23.60°C → target 23.10°C (error: +0.50°C)
2026-05-16 08:54:28,901 - DEBUG -     10.5h: 23.56°C → target 23.10°C (error: +0.46°C)
2026-05-16 08:54:28,901 - DEBUG -     10.7h: 23.53°C → target 23.10°C (error: +0.43°C)
2026-05-16 08:54:28,901 - DEBUG -     10.8h: 23.48°C → target 23.10°C (error: +0.38°C)
2026-05-16 08:54:28,901 - DEBUG -     11.0h: 23.44°C → target 23.10°C (error: +0.34°C)
2026-05-16 08:54:28,901 - DEBUG -     11.2h: 23.39°C → target 23.10°C (error: +0.29°C)
2026-05-16 08:54:28,901 - DEBUG -     11.3h: 23.33°C → target 23.10°C (error: +0.23°C)
2026-05-16 08:54:28,901 - DEBUG -     11.5h: 23.28°C → target 23.10°C (error: +0.18°C)
2026-05-16 08:54:28,901 - DEBUG -     11.7h: 23.22°C → target 23.10°C (error: +0.12°C)
2026-05-16 08:54:28,901 - DEBUG -     11.8h: 23.16°C → target 23.10°C (error: +0.06°C)
2026-05-16 08:54:28,901 - DEBUG -     12.0h: 23.10°C → target 23.10°C (error: -0.00°C)
2026-05-16 08:54:28,901 - INFO - ⚠️ Target will NOT be reached within 0.2h cycle (+tolerance) - applying physics-based correction
2026-05-16 08:54:28,901 - INFO - 🔄 [Newton] Skipping overshoot correction (both violated, max wins): projected indoor 22.41°C < target+0.1 (23.2°C) — house self-correcting
2026-05-16 08:54:28,904 - DEBUG - HeatingCorrectionMLModel: raw ΔT_outlet=0.065°C (R²=0.8638)
2026-05-16 08:54:28,904 - INFO - 🤖 [ML correction] R²=0.864 w=0.864 Δphysics=+0.000°C Δml=+0.065°C Δblend=+0.056°C → outlet=24.0°C
2026-05-16 08:54:28,904 - DEBUG - 🧠 Smart rounding is using cycle-aligned forecast: PV=3004W (caller sent PV=2821W)
2026-05-16 08:54:28,904 - INFO - 🎯 Prediction: Current 22.63°C → Target 22.6°C | Calculated outlet: 24.0°C (before smart rounding) (confidence: 5.000)
2026-05-16 08:54:28,904 - DEBUG - Model Wrapper: temp=24.0°C, error=0.030°C, confidence=5.000
2026-05-16 08:54:28,904 - DEBUG - EMA smoothing: 23.97°C → 23.0°C (last=22.0, α=0.50)
2026-05-16 08:54:28,904 - DEBUG - Smart rounding: 23.00°C is already integer
2026-05-16 08:54:28,904 - DEBUG - Setting target outlet temp
2026-05-16 08:54:28,905 - DEBUG - Setting HA state for sensor.ml_vorlauftemperatur: {'state': '23.0', 'attributes': {'state_class': 'measurement', 'unique_id': 'ml_heating_target_outlet_temp', 'friendly_name': 'ML Target Outlet Temp', 'unit_of_measurement': '°C', 'device_class': 'temperature', 'icon': 'mdi:thermometer-water'}}
2026-05-16 08:54:28,917 - DEBUG - Logging thermal model metrics
2026-05-16 08:54:28,918 - DEBUG - Setting HA state for sensor.ml_heating_state: {'state': '0', 'attributes': {'state_class': 'measurement', 'unique_id': 'ml_heating_state', 'friendly_name': 'ML Heating State', 'unit_of_measurement': 'state', 'icon': 'mdi:information-outline', 'state_description': 'OK - Prediction done', 'confidence': 5.0, 'suggested_temp': 23.97, 'final_temp': 23.0, 'predicted_indoor': 22.59, 'last_prediction_time': '2026-05-16T06:54:28.918121+00:00', 'temperature_error': 0.03, 'pre_cool_active': False, 'pre_cool_peak_temp': None, 'pre_cool_peak_hour': None}}
2026-05-16 08:54:28,934 - DEBUG - ✅ ACTIVE MODE: ML controlling heating via input_boolean.ml_heating
2026-05-16 08:54:28,935 - DEBUG - 🧠 Smart rounding is using cycle-aligned forecast: PV=3004W (caller sent PV=2821W)
2026-05-16 08:54:28,936 - DEBUG - Target: 22.6°C | Suggested: 24.0°C | Applied: 23.0°C | Actual Indoor: 22.63°C | Predicted Indoor: 22.67°C | Confidence: 5.000
2026-05-16 08:54:28,936 - INFO - Target: 22.6°C | Suggested: 24.0°C | Applied: 23.0°C | Actual Indoor: 22.63°C | Predicted Indoor: 22.67°C | Confidence: 5.000
2026-05-16 08:54:29,125 - DEBUG - 💾 Saved unified thermal state to /config/ml_heating/unified_thermal_state.json
2026-05-16 08:54:29,127 - DEBUG - Operational state saved to /config/ml_heating/unified_thermal_state.json; updated keys: ['last_run_features', 'last_indoor_temp', 'last_avg_other_rooms_temp', 'last_fireplace_on', 'last_final_temp', 'last_climate_mode', 'last_target_indoor_temp', 'last_predicted_indoor', 'last_is_blocking', 'last_blocking_reasons', 'setpoint_hold_cycles_remaining']
2026-05-16 08:54:29,128 - DEBUG - Setting HA state for sensor.ml_heating_features: {'state': '22.60', 'attributes': {'state_class': 'measurement', 'unique_id': 'ml_heating_features', 'friendly_name': 'ML Heating Features', 'unit_of_measurement': '°C', 'device_class': 'temperature', 'icon': 'mdi:feature-search-outline', 'living_room_temp': 22.6, 'outlet_temp': 23.7, 'indoor_temp_lag_30m': 22.515, 'target_temp': 22.6, 'outdoor_temp': 8.309374999999998, 'dhw_heating': 0.0, 'dhw_disinfection': 0.0, 'dhw_boost_heater': 0.0, 'defrosting': 0.0, 'pv_now': 8650.0, 'pv_now_electrical': 8650.0, 'solar_correction_percent': 100.0, 'solar_correction_factor': 1.0, 'solar_correction_enabled': 1.0, 'fireplace_on': 0.0, 'tv_on': 0.0, 'temp_forecast_1h': 8.31, 'temp_forecast_2h': 9.21, 'temp_forecast_3h': 10.11, 'temp_forecast_4h': 9.61, 'temp_forecast_5h': 11.01, 'temp_forecast_6h': 11.41, 'temp_forecast_7h': 10.51, 'temp_forecast_8h': 11.11, 'temp_forecast_9h': 11.31, 'temp_forecast_10h': 10.81, 'temp_forecast_11h': 10.81, 'temp_forecast_12h': 10.21, 'pv_forecast_1h': 5020.8, 'pv_forecast_2h': 3599.0, 'pv_forecast_3h': 3837.5, 'pv_forecast_4h': 4015.2, 'pv_forecast_5h': 3338.8, 'pv_forecast_6h': 2129.5, 'pv_forecast_7h': 2346.8, 'pv_forecast_8h': 2714.0, 'pv_forecast_9h': 2002.2, 'pv_forecast_10h': 1210.2, 'pv_forecast_11h': 356.0, 'pv_forecast_12h': 0.0, 'pv_forecast_electrical_1h': 5020.8, 'pv_forecast_electrical_2h': 3599.0, 'pv_forecast_electrical_3h': 3837.5, 'pv_forecast_electrical_4h': 4015.2, 'pv_forecast_electrical_5h': 3338.8, 'pv_forecast_electrical_6h': 2129.5, 'pv_forecast_electrical_7h': 2346.8, 'pv_forecast_electrical_8h': 2714.0, 'pv_forecast_electrical_9h': 2002.2, 'pv_forecast_electrical_10h': 1210.2, 'pv_forecast_electrical_11h': 356.0, 'pv_forecast_electrical_12h': 0.0, 'cloud_cover_forecast_1h': 0.0, 'cloud_cover_forecast_2h': 0.0, 'cloud_cover_forecast_3h': 0.0, 'cloud_cover_forecast_4h': 0.0, 'cloud_cover_forecast_5h': 0.0, 'cloud_cover_forecast_6h': 0.0, 'cloud_cover_forecast_7h': 0.0, 'cloud_cover_forecast_8h': 0.0, 'cloud_cover_forecast_9h': 0.0, 'cloud_cover_forecast_10h': 0.0, 'cloud_cover_forecast_11h': 0.0, 'cloud_cover_forecast_12h': 0.0, 'temp_diff_indoor_outdoor': 14.285000000000002, 'indoor_temp_gradient': -0.3757500000000249, 'outlet_indoor_diff': 1.1056249999999999, 'indoor_temp_lag_10m': 22.621999999999996, 'indoor_temp_lag_60m': 22.666, 'outlet_temp_lag_30m': 23.78, 'outlet_temp_change': 0.0, 'indoor_temp_delta_10m': -0.027624999999996902, 'indoor_temp_delta_30m': 0.07937499999999886, 'indoor_temp_delta_60m': -0.07162500000000094, 'hour_sin': 0.8660254037844387, 'hour_cos': -0.4999999999999998, 'month_sin': 0.8660254037844387, 'month_cos': -0.4999999999999998, 'outlet_effectiveness_ratio': -0.005087620124365848, 'inlet_temp': 23.84, 'flow_rate': 14.0, 'power_consumption': 19.0, 'delta_t': -0.14000000000000057, 'thermal_power_kw': -0.13674266666666723, 'cop_realtime': 0.0, 'temp_trend_forecast': 0.15838541666666694, 'heating_demand_forecast': 1.239, 'combined_forecast_thermal_load': 1.239, 'pv_power_history': [201.0, 488.0, 980.0, 1111.0, 1638.0, 2246.0, 2745.0, 2378.0, 1918.0, 1972.0, 3854.0, 4008.0, 4244.0, 3265.0, 2919.0, 3657.0, 6052.0, 7104.0], 'pv_power_history_electrical': [201.0, 488.0, 980.0, 1111.0, 1638.0, 2246.0, 2745.0, 2378.0, 1918.0, 1972.0, 3854.0, 4008.0, 4244.0, 3265.0, 2919.0, 3657.0, 6052.0, 7104.0], 'wind_speed': 13.1, 'is_weekend': 1.0, 'indoor_margin_rate': 0.0, 'last_updated': '2026-05-16T06:54:29.128001+00:00'}}
2026-05-16 08:54:29,213 - DEBUG - Published 93 features to sensor.ml_heating_features
2026-05-16 08:54:29,213 - DEBUG - ✅ CYCLE 53 END: 08:54:29 (duration: 1.5s)
2026-05-16 08:54:29,213 - DEBUG - 💤 POLLING START: Waiting 30min until next cycle...
2026-05-16 08:54:29,238 - DEBUG - Active sampling: buffered 6 readings
127.0.0.1 - - [16/May/2026 08:54:42] "GET /health HTTP/1.1" 200 -
127.0.0.1 - - [16/May/2026 08:55:12] "GET /health HTTP/1.1" 200 -
2026-05-16 08:55:29,270 - DEBUG - Active sampling: buffered 6 readings
127.0.0.1 - - [16/May/2026 08:55:42] "GET /health HTTP/1.1" 200 -
127.0.0.1 - - [16/May/2026 08:56:12] "GET /health HTTP/1.1" 200 -
2026-05-16 08:56:29,301 - DEBUG - Active sampling: buffered 6 readings
127.0.0.1 - - [16/May/2026 08:56:42] "GET /health HTTP/1.1" 200 -
127.0.0.1 - - [16/May/2026 08:57:12] "GET /health HTTP/1.1" 200 -
2026-05-16 08:57:29,331 - DEBUG - Active sampling: buffered 6 readings
127.0.0.1 - - [16/May/2026 08:57:43] "GET /health HTTP/1.1" 200 -
127.0.0.1 - - [16/May/2026 08:58:13] "GET /health HTTP/1.1" 200 -
2026-05-16 08:58:29,363 - DEBUG - Active sampling: buffered 6 readings
127.0.0.1 - - [16/May/2026 08:58:43] "GET /health HTTP/1.1" 200 -
127.0.0.1 - - [16/May/2026 08:59:13] "GET /health HTTP/1.1" 200 -
2026-05-16 08:59:29,393 - DEBUG - Active sampling: buffered 6 readings
127.0.0.1 - - [16/May/2026 08:59:43] "GET /health HTTP/1.1" 200 -
127.0.0.1 - - [16/May/2026 09:00:13] "GET /health HTTP/1.1" 200 -
2026-05-16 09:00:29,423 - DEBUG - Active sampling: buffered 6 readings
127.0.0.1 - - [16/May/2026 09:00:43] "GET /health HTTP/1.1" 200 -
127.0.0.1 - - [16/May/2026 09:01:13] "GET /health HTTP/1.1" 200 -
2026-05-16 09:01:29,454 - DEBUG - Active sampling: buffered 6 readings
127.0.0.1 - - [16/May/2026 09:01:43] "GET /health HTTP/1.1" 200 -
127.0.0.1 - - [16/May/2026 09:02:13] "GET /health HTTP/1.1" 200 -
2026-05-16 09:02:29,485 - DEBUG - Active sampling: buffered 6 readings
127.0.0.1 - - [16/May/2026 09:02:43] "GET /health HTTP/1.1" 200 -
127.0.0.1 - - [16/May/2026 09:03:13] "GET /health HTTP/1.1" 200 -
[INFO] Starting ML Heating Control Add-on...
[INFO] Running in Home Assistant addon environment with bashio support
[INFO] Initializing configuration...
[INFO] ML Heating Add-on Configuration Adapter Starting...
[INFO] Initializing ML Heating Add-on environment...
[INFO] Add-on configuration loaded successfully
[INFO] Configuration validation passed
[INFO] Created directory: /data/models
[INFO] Created directory: /data/backups
[INFO] Created directory: /data/logs
[INFO] Created directory: /data/config
[INFO] Created directory: /config/ml_heating
[INFO] Configuration backup saved to /data/config/addon_config_backup.json
[INFO] Environment file written to /data/config/env_vars
[INFO] Set 193 environment variables
[INFO] Add-on environment initialized successfully
[INFO] Configuration adapter completed successfully
[INFO] Add-on configuration loaded successfully
[INFO] === Configuration Summary ===
[INFO] Target Indoor Temp Entity: input_number.soll_rt
[INFO] Indoor Temp Entity: sensor.rt_mittelwert
[INFO] Outdoor Temp Entity: sensor.nibe_bt1_outdoor_temperature
[INFO] Learning Rate: 0.01
[INFO] Cycle Interval: 10 minutes
[INFO] =============================
[INFO] Sourced environment variables from /data/config/env_vars
[INFO] Starting ML heating system...
[INFO] Starting health check server on port 3002...
[INFO] Starting Streamlit dashboard on port 3001 (ingress)...
[INFO] Starting ML backend...
Health check server starting on port 3002...
2026-05-16 09:03:28.828 Uvicorn server started on 0.0.0.0:3001

  You can now view your Streamlit app in your browser.

  Local URL: http://localhost:3001
  Network URL: http://172.30.33.2:3001
  External URL: http://92.209.174.223:3001

2026-05-16 09:03:29,494 - INFO - ✅ InfluxDB write permission verified for bucket 'ml_heating_features'
2026-05-16 09:03:29,494 - INFO - 💧 Hydrating sensor buffer from InfluxDB...
2026-05-16 09:03:29,725 - INFO - ✅ Sensor buffer hydrated successfully
2026-05-16 09:03:29,725 - INFO - 🎯 ACTIVE MODE: ML actively controls heating system
2026-05-16 09:03:29,725 - INFO - 🔧 Creating new Model Wrapper instance (singleton)
2026-05-16 09:03:29,937 - DEBUG - 💾 Saved unified thermal state to /config/ml_heating/unified_thermal_state.json
2026-05-16 09:03:29,938 - INFO - ✅ Loaded unified thermal state from /config/ml_heating/unified_thermal_state.json
2026-05-16 09:03:29,991 - DEBUG - 💾 Saved cooling thermal state to /config/ml_heating/unified_thermal_state_cooling.json
2026-05-16 09:03:29,991 - INFO - ✅ Loaded cooling thermal state from /config/ml_heating/unified_thermal_state_cooling.json
2026-05-16 09:03:29,992 - INFO - 🎯 Loading CALIBRATED thermal parameters (baseline + learning adjustments):
2026-05-16 09:03:29,992 - INFO -    heat_loss_coefficient: 0.1206 + 0.00000 = 0.1206
2026-05-16 09:03:29,992 - INFO -    outlet_effectiveness: 0.826 + 0.000 = 0.826
2026-05-16 09:03:29,992 - INFO -    pv_heat_weight: 0.0003
2026-05-16 09:03:29,992 - DEBUG - Schema validation not available
2026-05-16 09:03:29,992 - INFO -    - Restored learning confidence: 5.000
2026-05-16 09:03:29,992 - INFO -    - Restored prediction history: 200 records
2026-05-16 09:03:29,993 - INFO -    - Restored parameter history: 500 records
2026-05-16 09:03:30,012 - INFO - 🔥 Restored heat-source channel state from unified thermal state
2026-05-16 09:03:30,013 - INFO - ⚙️ Loading DEFAULT config parameters (no calibration found)
2026-05-16 09:03:30,017 - INFO - 🔥 Restored heat-source channel state from unified thermal state
2026-05-16 09:03:30,018 - DEBUG - 📊 Loaded 200 predictions from unified thermal state
2026-05-16 09:03:30,018 - INFO - 🔢 PredictionMetrics initialized with 200 existing predictions
2026-05-16 09:03:30,018 - DEBUG - 📊 Loaded 75 predictions from unified thermal state
2026-05-16 09:03:30,018 - INFO - 🔢 PredictionMetrics initialized with 75 existing predictions
2026-05-16 09:03:30,036 - INFO - 🎯 Model Wrapper initialized with ThermalEquilibriumModel
2026-05-16 09:03:30,036 - INFO -    - Thermal time constant: 4.8h
2026-05-16 09:03:30,036 - INFO -    - Heat loss coefficient: 0.1204
2026-05-16 09:03:30,036 - INFO -    - Outlet effectiveness: 0.8283
2026-05-16 09:03:30,036 - INFO -    - Learning confidence: 5.00
2026-05-16 09:03:30,036 - INFO -    - Current cycle: 5391
2026-05-16 09:03:30,039 - DEBUG - Setting HA state for sensor.ml_model_mae: {'state': '0.0321', 'attributes': {'state_class': 'measurement', 'unique_id': 'ml_heating_model_mae', 'friendly_name': 'ML Model MAE', 'unit_of_measurement': '°C', 'icon': 'mdi:chart-line', 'last_updated': '2026-05-16T07:03:30.039749+00:00'}}
2026-05-16 09:03:30,054 - DEBUG - Setting HA state for sensor.ml_model_rmse: {'state': '0.0490', 'attributes': {'state_class': 'measurement', 'unique_id': 'ml_heating_model_rmse', 'friendly_name': 'ML Model RMSE', 'unit_of_measurement': '°C', 'icon': 'mdi:chart-line', 'last_updated': '2026-05-16T07:03:30.039749+00:00'}}
2026-05-16 09:03:30,069 - DEBUG - Setting HA state for sensor.ml_heating_learning: {'state': '5.000', 'attributes': {'state_class': 'measurement', 'unique_id': 'ml_heating_learning', 'friendly_name': 'ML Adaptive Learning Metrics', 'unit_of_measurement': 'metrics', 'icon': 'mdi:brain', 'thermal_time_constant': 4.8345275867350885, 'heat_loss_coefficient': 0.12035197370821737, 'outlet_effectiveness': 0.8283017284451556, 'pv_heat_weight': 0.0012753685253586132, 'fireplace_heat_weight': 0.17156709601311348, 'tv_heat_weight': 0.44733899208522154, 'solar_lag_minutes': 39.70666677035906, 'slab_time_constant_hours': 4.000456052583566, 'heat_source_channels_enabled': True, 'total_conductance': 0.3, 'equilibrium_ratio': 0.5, 'cycle_count': 5391, 'parameter_updates': 500, 'model_health': 'excellent', 'learning_progress': 1.0, 'is_improving': True, 'improvement_percentage': 5.9540580166876165, 'total_predictions': 200, 'learning_confidence': 5.0, 'last_updated': '2026-05-16T07:03:30.069147+00:00', 'delta_t_floor': 2.4857328190130326, 'cloud_factor_exponent': 1.0, 'solar_decay_tau_hours': 1.0576671598090632, 'fp_heat_output_kw': 0.17156709601311348, 'fp_decay_time_constant': 3.9144707244638868, 'room_spread_delay_minutes': 18.0, 'ch_heat_pump_history_count': 200, 'ch_heat_pump_last_error': 0.015176865717659638, 'ch_pv_history_count': 200, 'ch_pv_last_error': -0.014386990326443083, 'ch_fireplace_history_count': 0, 'ch_fireplace_last_error': 0.0, 'ch_tv_history_count': 0, 'ch_tv_last_error': 0.0}}
2026-05-16 09:03:30,085 - DEBUG - Setting HA state for sensor.ml_model_mae: {'state': '0.0321', 'attributes': {'state_class': 'measurement', 'unique_id': 'ml_heating_model_mae', 'friendly_name': 'ML Model MAE', 'unit_of_measurement': '°C', 'icon': 'mdi:chart-line', 'mae_1h': 0.0675037466400985, 'mae_6h': 0.035721720455344635, 'mae_24h': 0.03205569167100664, 'trend_direction': 'improving', 'prediction_count': 200, 'last_updated': '2026-05-16T07:03:30.069147+00:00'}}
2026-05-16 09:03:30,100 - DEBUG - Setting HA state for sensor.ml_model_rmse: {'state': '0.0490', 'attributes': {'state_class': 'measurement', 'unique_id': 'ml_heating_model_rmse', 'friendly_name': 'ML Model RMSE', 'unit_of_measurement': '°C', 'icon': 'mdi:chart-line', 'recent_max_error': 0.2555759466082712, 'std_error': 0.0371, 'mean_bias': 0.0, 'prediction_count': 200, 'last_updated': '2026-05-16T07:03:30.069147+00:00'}}
2026-05-16 09:03:30,114 - DEBUG - Setting HA state for sensor.ml_prediction_accuracy: {'state': '98.1', 'attributes': {'state_class': 'measurement', 'unique_id': 'ml_prediction_accuracy', 'friendly_name': 'ML Prediction Accuracy', 'unit_of_measurement': '%', 'icon': 'mdi:target', 'perfect_accuracy_pct': 0.0, 'tolerable_accuracy_pct': 98.125, 'poor_accuracy_pct': 1.875, 'prediction_count_24h': 0, 'excellent_all_time_pct': 96.5, 'good_all_time_pct': 100.0, 'last_updated': '2026-05-16T07:03:30.069147+00:00'}}
2026-05-16 09:03:30,129 - DEBUG - Logged refactored sensor metrics to HA
2026-05-16 09:03:30,129 - DEBUG - Logging feature importance
2026-05-16 09:03:30,129 - DEBUG - Setting HA state for sensor.ml_feature_importance: {'state': '5', 'attributes': {'state_class': 'measurement', 'unique_id': 'ml_heating_feature_importance', 'friendly_name': 'ML Feature Importance', 'unit_of_measurement': '%', 'icon': 'mdi:format-list-numbered', 'top_features': {'target_temp': 52.8, 'tv_power': 28.51, 'fireplace': 10.94, 'outdoor_temp': 7.67, 'pv_power': 0.08}, 'last_updated': '2026-05-16T07:03:30.129222+00:00'}}
2026-05-16 09:03:30,144 - INFO - ✅ Exported metrics to Home Assistant sensors successfully
2026-05-16 09:03:30,144 - INFO - ✅ Initial metrics exported to HA successfully.
2026-05-16 09:03:30,909 - DEBUG - matplotlib data path: /usr/local/lib/python3.11/site-packages/matplotlib/mpl-data
2026-05-16 09:03:30,923 - DEBUG - CONFIGDIR=/root/.config/matplotlib
2026-05-16 09:03:30,924 - DEBUG - interactive is False
2026-05-16 09:03:30,925 - DEBUG - platform is linux
2026-05-16 09:03:30,983 - INFO - CoolingMLModel: loaded cooling_ml_model.joblib | features=42 threshold=0.4975 AUC=0.9408
2026-05-16 09:03:30,990 - INFO - HeatingCorrectionObservationBuffer: loaded 84 entries (61 labeled) from /config/ml_heating/heating_correction_ml_obs_buffer.json
2026-05-16 09:03:30,991 - DEBUG - 🔄 CYCLE 1 START: 09:03:30 (first cycle)
2026-05-16 09:03:30,991 - DEBUG - ♻️ Reusing existing Model Wrapper instance
2026-05-16 09:03:30,991 - INFO - Successfully loaded operational state from /config/ml_heating/unified_thermal_state.json
2026-05-16 09:03:31,018 - INFO - ✅ All configured sensor entity IDs verified in HA.
2026-05-16 09:03:31,019 - DEBUG - Setting HA state for sensor.ml_heating_cop_realtime: {'state': '0.00', 'attributes': {'state_class': 'measurement', 'unique_id': 'ml_heating_cop_realtime', 'friendly_name': 'ML Heating COP (Realtime)', 'unit_of_measurement': 'COP', 'icon': 'mdi:heat-pump', 'device_class': 'power_factor'}}
2026-05-16 09:03:31,032 - DEBUG - Setting HA state for sensor.ml_heating_thermal_power: {'state': '-0.098', 'attributes': {'state_class': 'measurement', 'unique_id': 'ml_heating_thermal_power', 'friendly_name': 'ML Heating Thermal Power', 'unit_of_measurement': 'kW', 'icon': 'mdi:flash', 'device_class': 'power'}}
2026-05-16 09:03:31,062 - DEBUG - Wrote thermodynamic metrics to InfluxDB
2026-05-16 09:03:31,062 - DEBUG - Thermodynamic sensors updated: COP=0.00, Power=-0.098kW
2026-05-16 09:03:31,062 - DEBUG - ♻️ Reusing existing Model Wrapper instance
2026-05-16 09:03:31,062 - DEBUG - 🎯 ACTIVE MODE LEARNING (trajectory): Verifying ML prediction accuracy for 23.0°C outlet setting
2026-05-16 09:03:31,065 - DEBUG - ☀️ SolarChannel self-learned: avg_error=-0.047, pv_heat_weight=0.00123, solar_lag=39.7min, cloud_exp=1.00, solar_decay_tau=1.06h
2026-05-16 09:03:31,065 - INFO - ☀️ pv parameter update: attributed_error=-0.038681 | pv_heat_weight: 0.001275→0.001229 (Δ-0.000047) | solar_decay_tau_hours: 1.057667→1.057644 (Δ-0.000023) | solar_lag_minutes: 39.706667→39.728149 (Δ+0.021482)
2026-05-16 09:03:31,065 - INFO - Channel routing → [☀️ pv*] | error=-0.0387 | pv_current=8650W pv_smoothed=2821W | params_changed=pv
2026-05-16 09:03:31,253 - DEBUG - 💾 Saved unified thermal state to /config/ml_heating/unified_thermal_state.json
2026-05-16 09:03:31,255 - DEBUG - Skipping legacy global adaptation: channel mode owns recent-window learning
2026-05-16 09:03:31,438 - DEBUG - 💾 Saved unified thermal state to /config/ml_heating/unified_thermal_state.json
2026-05-16 09:03:31,439 - DEBUG - Prediction feedback: error=-0.039°C, confidence=5.000
2026-05-16 09:03:31,620 - DEBUG - 💾 Saved unified thermal state to /config/ml_heating/unified_thermal_state.json
2026-05-16 09:03:31,622 - DEBUG - 💾 Saved 200 predictions to unified thermal state
2026-05-16 09:03:31,622 - DEBUG - Added prediction: pred=22.70, actual=22.66, error=-0.039
2026-05-16 09:03:31,887 - DEBUG - 💾 Saved unified thermal state to /config/ml_heating/unified_thermal_state.json
2026-05-16 09:03:31,891 - DEBUG - Setting HA state for sensor.ml_model_mae: {'state': '0.0322', 'attributes': {'state_class': 'measurement', 'unique_id': 'ml_heating_model_mae', 'friendly_name': 'ML Model MAE', 'unit_of_measurement': '°C', 'icon': 'mdi:chart-line', 'last_updated': '2026-05-16T07:03:31.891033+00:00'}}
2026-05-16 09:03:31,904 - DEBUG - Setting HA state for sensor.ml_model_rmse: {'state': '0.0491', 'attributes': {'state_class': 'measurement', 'unique_id': 'ml_heating_model_rmse', 'friendly_name': 'ML Model RMSE', 'unit_of_measurement': '°C', 'icon': 'mdi:chart-line', 'last_updated': '2026-05-16T07:03:31.891033+00:00'}}
2026-05-16 09:03:31,918 - DEBUG - Setting HA state for sensor.ml_heating_learning: {'state': '5.000', 'attributes': {'state_class': 'measurement', 'unique_id': 'ml_heating_learning', 'friendly_name': 'ML Adaptive Learning Metrics', 'unit_of_measurement': 'metrics', 'icon': 'mdi:brain', 'thermal_time_constant': 4.8345275867350885, 'heat_loss_coefficient': 0.12035197370821737, 'outlet_effectiveness': 0.8283017284451556, 'pv_heat_weight': 0.001228667708213006, 'fireplace_heat_weight': 0.17156709601311348, 'tv_heat_weight': 0.44733899208522154, 'solar_lag_minutes': 39.72814909435624, 'slab_time_constant_hours': 4.000456052583566, 'heat_source_channels_enabled': True, 'total_conductance': 0.3, 'equilibrium_ratio': 0.5, 'cycle_count': 5392, 'parameter_updates': 501, 'model_health': 'excellent', 'learning_progress': 1.0, 'is_improving': True, 'improvement_percentage': 4.728381131235826, 'total_predictions': 200, 'learning_confidence': 5.0, 'last_updated': '2026-05-16T07:03:31.918359+00:00', 'delta_t_floor': 2.4857328190130326, 'cloud_factor_exponent': 1.0, 'solar_decay_tau_hours': 1.0576438094004905, 'fp_heat_output_kw': 0.17156709601311348, 'fp_decay_time_constant': 3.9144707244638868, 'room_spread_delay_minutes': 18.0, 'ch_heat_pump_history_count': 200, 'ch_heat_pump_last_error': 0.015176865717659638, 'ch_pv_history_count': 200, 'ch_pv_last_error': -0.03868143260485368, 'ch_fireplace_history_count': 0, 'ch_fireplace_last_error': 0.0, 'ch_tv_history_count': 0, 'ch_tv_last_error': 0.0}}
2026-05-16 09:03:31,934 - DEBUG - Setting HA state for sensor.ml_model_mae: {'state': '0.0322', 'attributes': {'state_class': 'measurement', 'unique_id': 'ml_heating_model_mae', 'friendly_name': 'ML Model MAE', 'unit_of_measurement': '°C', 'icon': 'mdi:chart-line', 'mae_1h': 0.07033604302458052, 'mae_6h': 0.03596091462655974, 'mae_24h': 0.03216739637987343, 'trend_direction': 'stable', 'prediction_count': 200, 'last_updated': '2026-05-16T07:03:31.918359+00:00'}}
2026-05-16 09:03:31,949 - DEBUG - Setting HA state for sensor.ml_model_rmse: {'state': '0.0491', 'attributes': {'state_class': 'measurement', 'unique_id': 'ml_heating_model_rmse', 'friendly_name': 'ML Model RMSE', 'unit_of_measurement': '°C', 'icon': 'mdi:chart-line', 'recent_max_error': 0.2555759466082712, 'std_error': 0.037, 'mean_bias': 0.0, 'prediction_count': 200, 'last_updated': '2026-05-16T07:03:31.918359+00:00'}}
2026-05-16 09:03:31,963 - DEBUG - Setting HA state for sensor.ml_prediction_accuracy: {'state': '98.1', 'attributes': {'state_class': 'measurement', 'unique_id': 'ml_prediction_accuracy', 'friendly_name': 'ML Prediction Accuracy', 'unit_of_measurement': '%', 'icon': 'mdi:target', 'perfect_accuracy_pct': 0.0, 'tolerable_accuracy_pct': 98.13664596273291, 'poor_accuracy_pct': 1.8633540372670807, 'prediction_count_24h': 0, 'excellent_all_time_pct': 96.5, 'good_all_time_pct': 100.0, 'last_updated': '2026-05-16T07:03:31.918359+00:00'}}
2026-05-16 09:03:31,977 - DEBUG - Logged refactored sensor metrics to HA
2026-05-16 09:03:31,977 - DEBUG - Logging feature importance
2026-05-16 09:03:31,977 - DEBUG - Setting HA state for sensor.ml_feature_importance: {'state': '5', 'attributes': {'state_class': 'measurement', 'unique_id': 'ml_heating_feature_importance', 'friendly_name': 'ML Feature Importance', 'unit_of_measurement': '%', 'icon': 'mdi:format-list-numbered', 'top_features': {'target_temp': 52.8, 'tv_power': 28.51, 'fireplace': 10.94, 'outdoor_temp': 7.67, 'pv_power': 0.08}, 'last_updated': '2026-05-16T07:03:31.977845+00:00'}}
2026-05-16 09:03:31,992 - INFO - ✅ Exported metrics to Home Assistant sensors successfully
2026-05-16 09:03:31,992 - INFO - ✅ Learning cycle 5392: error=0.039°C, confidence=5.000, total_predictions=200
2026-05-16 09:03:31,992 - DEBUG - ✅ Online learning: applied_temp=23.0°C, actual_change=0.030°C, cycle=5392
2026-05-16 09:03:31,992 - DEBUG - 🔥 Heating mode active (state: heat)
2026-05-16 09:03:31,992 - DEBUG - ♻️ Reusing existing Model Wrapper instance
2026-05-16 09:03:32,019 - DEBUG - Fireplace is OFF. Using main indoor temp for prediction.
2026-05-16 09:03:32,162 - DEBUG - PV forecast parsed successfully: [4854.0, 3003.8, 4486.2, 4491.2, 2214.0, 2549.0, 2264.8, 2739.5, 1727.5, 977.2, 181.8, 0.0]W
2026-05-16 09:03:32,162 - DEBUG - Solar correction: enabled=True, percent=100.0%, factor=1.000
2026-05-16 09:03:32,190 - DEBUG - Delta calibration applied: offset=+0.71°C
2026-05-16 09:03:32,190 - DEBUG - Raw forecasts: [8.2, 9.1, 8.6, 10.0, 10.4, 9.5, 10.1, 10.3, 9.8, 9.8, 9.2, 7.0]
2026-05-16 09:03:32,190 - DEBUG - Calibrated forecasts: [8.91, 9.81, 9.31, 10.71, 11.11, 10.21, 10.81, 11.01, 10.51, 10.51, 9.91, 7.71]
2026-05-16 09:03:32,196 - INFO - ☀️ Forecast trajectory: PV=7390W, remaining_pv_hours=11 + min_steps=4 → 12 steps
2026-05-16 09:03:32,202 - DEBUG - Heating obs buffer: resolved 1 new label(s) this cycle
2026-05-16 09:03:32,225 - INFO - 🤖 Heating ML: retrain trigger reached (62 labeled) — starting retrain
2026-05-16 09:03:32,225 - INFO - === HEATING CORRECTION ML CALIBRATION START ===
2026-05-16 09:03:32,226 - INFO - Resolved lookback_hours=8384 from start date '01.06.2025'
2026-05-16 09:03:32,226 - INFO - Calibration params: label_horizon=4h (24 steps), cold_threshold=18.0°C, target=22.6°C, steps_per_hour=6, lookback=8384h, AT_fc=[1, 2, 3, 4], PV_fc=[1, 2, 3, 4], fp_lag=[1.0, 2.0], tv_lag=[0.5, 1.0]
2026-05-16 09:03:32,226 - INFO - === FETCHING 8384 HOURS OF HISTORICAL DATA ===
127.0.0.1 - - [16/May/2026 09:03:32] "GET /health HTTP/1.1" 200 -
2026-05-16 09:03:40,966 - INFO - ✅ Fetched 100490 samples (8374.2 hours) from InfluxDB
2026-05-16 09:03:40,966 - INFO - InfluxDB data missing 1 columns (wind_speed) — attempting to supplement from HA history …
2026-05-16 09:03:40,969 - INFO - Fetching 8384 hours of history from HA for 13 entities …
2026-05-16 09:03:42,781 - INFO - Received history arrays for 12 entities
2026-05-16 09:03:43,863 - INFO - HA history DataFrame: 2940 rows × 14 cols (8384 hours)
2026-05-16 09:03:43,885 - INFO - InfluxDB per-entity coverage gaps detected for 2 entities (requested 8384h):
2026-05-16 09:03:43,885 - INFO -   defrost_wp: missing first 6705.4h (data starts 2026-03-07 08:25:00+00:00)
2026-05-16 09:03:43,885 - INFO -   ml_vorlauftemperatur: missing first 272.2h (data starts 2025-06-12 07:15:00+00:00)
2026-05-16 09:03:43,885 - INFO - Fetching 8384 hours of history from HA for 13 entities …
2026-05-16 09:03:45,556 - INFO - Received history arrays for 12 entities
2026-05-16 09:03:46,637 - INFO - HA history DataFrame: 2940 rows × 14 cols (8384 hours)
2026-05-16 09:03:46,668 - INFO -   ✅ Supplemented 'defrost_wp' with 0 HA values (6705.4h gap)
2026-05-16 09:03:46,677 - INFO -   ✅ Supplemented 'ml_vorlauftemperatur' with 210 HA values (272.2h gap)
2026-05-16 09:03:46,686 - WARNING - ⚠️  Quality-gate column 'defrost_wp' ('defrost') was bfill-filled for 6696.8h at the dataset start — the 'defrost' rejection filter may be inactive for this period.
2026-05-16 09:03:46,686 - INFO - ✅ All required columns present
2026-05-16 09:03:46,687 - INFO - Fetched 100490 rows of historical data
2026-05-16 09:03:46,717 - INFO - After cold-season filter (AT < 18.0°C): 83886 rows
2026-05-16 09:03:46,801 - INFO - S_H estimate: η=0.9527 U=0.1245 τ=4.39h H=4h → S_H=0.5288
2026-05-16 09:03:46,889 - INFO - Training set: 83856 rows, 40 features, label mean=-0.471 std=0.633
[50]	valid_0's l1: 0.164367
[100]	valid_0's l1: 0.14001
/usr/local/lib/python3.11/site-packages/sklearn/utils/validation.py:2691: UserWarning: X does not have valid feature names, but LGBMRegressor was fitted with feature names
  warnings.warn(
2026-05-16 09:03:48,071 - INFO - Val MAE=0.1387°C, Val R²=0.8525
2026-05-16 09:03:48,072 - INFO - === FEATURE IMPORTANCE (LightGBM split-based) ===
2026-05-16 09:03:48,072 - INFO -   indoor_temp                        749
2026-05-16 09:03:48,072 - INFO -   doy_cos                            273
2026-05-16 09:03:48,072 - INFO -   doy_sin                            255
2026-05-16 09:03:48,072 - INFO -   RLT                                241
2026-05-16 09:03:48,072 - INFO -   hour_cos                           182
2026-05-16 09:03:48,072 - INFO -   thermal_power_rolling_1h           156
2026-05-16 09:03:48,072 - INFO -   pv_forecast_4h                     154
2026-05-16 09:03:48,072 - INFO -   hour_sin                           147
2026-05-16 09:03:48,072 - INFO -   AT_roh_2h                          140
2026-05-16 09:03:48,072 - INFO -   AT_roh_3h                          121
2026-05-16 09:03:48,072 - INFO -   indoor_trend_1h                    108
2026-05-16 09:03:48,072 - INFO -   VLT                                 98
2026-05-16 09:03:48,072 - INFO -   AT_roh_4h                           96
2026-05-16 09:03:48,072 - INFO -   PV_Generate                         65
2026-05-16 09:03:48,072 - INFO -   AT                                  63
2026-05-16 09:03:48,072 - INFO -   pv_forecast_2h                      61
2026-05-16 09:03:48,072 - INFO -   pv_forecast_3h                      61
2026-05-16 09:03:48,073 - INFO -   pv_forecast_1h                      58
2026-05-16 09:03:48,073 - INFO -   delta_t                             54
2026-05-16 09:03:48,073 - INFO -   fireplace_lag_2h                    48
2026-05-16 09:03:48,073 - INFO -   AT_roh_1h                           44
2026-05-16 09:03:48,073 - INFO -   outlet_indoor_diff                  42
2026-05-16 09:03:48,073 - INFO -   at_delta_indoor                     30
2026-05-16 09:03:48,073 - INFO -   indoor_margin                       29
2026-05-16 09:03:48,073 - INFO -   fireplace_on                        27
2026-05-16 09:03:48,073 - INFO -   pv_roll_2h                          27
2026-05-16 09:03:48,073 - INFO -   indoor_trend_30m                    18
2026-05-16 09:03:48,073 - INFO -   tv_on                               18
2026-05-16 09:03:48,073 - INFO -   is_weekend                          13
2026-05-16 09:03:48,073 - INFO -   tv_lag_30m                          12
2026-05-16 09:03:48,073 - INFO -   tv_lag_1h                           12
2026-05-16 09:03:48,073 - INFO -   pv_roll_1h                           9
2026-05-16 09:03:48,073 - INFO -   fireplace_lag_1h                     7
2026-05-16 09:03:48,073 - INFO -   indoor_temp_gradient                 2
2026-05-16 09:03:48,073 - INFO -   thermal_power_kw                     0
2026-05-16 09:03:48,073 - INFO -   wind_speed                           0
2026-05-16 09:03:48,073 - INFO -   living_room_temp                     0
2026-05-16 09:03:48,073 - INFO -   is_hp_active                         0
2026-05-16 09:03:48,073 - INFO -   indoor_margin_rate                   0
2026-05-16 09:03:48,073 - INFO -   is_overshoot                         0
/usr/local/lib/python3.11/site-packages/sklearn/utils/validation.py:2691: UserWarning: X does not have valid feature names, but LGBMRegressor was fitted with feature names
  warnings.warn(
/usr/local/lib/python3.11/site-packages/sklearn/utils/validation.py:2691: UserWarning: X does not have valid feature names, but LGBMRegressor was fitted with feature names
  warnings.warn(
/usr/local/lib/python3.11/site-packages/sklearn/utils/validation.py:2691: UserWarning: X does not have valid feature names, but LGBMRegressor was fitted with feature names
  warnings.warn(
/usr/local/lib/python3.11/site-packages/sklearn/utils/validation.py:2691: UserWarning: X does not have valid feature names, but LGBMRegressor was fitted with feature names
  warnings.warn(
/usr/local/lib/python3.11/site-packages/sklearn/utils/validation.py:2691: UserWarning: X does not have valid feature names, but LGBMRegressor was fitted with feature names
  warnings.warn(
/usr/local/lib/python3.11/site-packages/sklearn/utils/validation.py:2691: UserWarning: X does not have valid feature names, but LGBMRegressor was fitted with feature names
  warnings.warn(
/usr/local/lib/python3.11/site-packages/sklearn/utils/validation.py:2691: UserWarning: X does not have valid feature names, but LGBMRegressor was fitted with feature names
  warnings.warn(
/usr/local/lib/python3.11/site-packages/sklearn/utils/validation.py:2691: UserWarning: X does not have valid feature names, but LGBMRegressor was fitted with feature names
  warnings.warn(
/usr/local/lib/python3.11/site-packages/sklearn/utils/validation.py:2691: UserWarning: X does not have valid feature names, but LGBMRegressor was fitted with feature names
  warnings.warn(
/usr/local/lib/python3.11/site-packages/sklearn/utils/validation.py:2691: UserWarning: X does not have valid feature names, but LGBMRegressor was fitted with feature names
  warnings.warn(
/usr/local/lib/python3.11/site-packages/sklearn/utils/validation.py:2691: UserWarning: X does not have valid feature names, but LGBMRegressor was fitted with feature names
  warnings.warn(
/usr/local/lib/python3.11/site-packages/sklearn/utils/validation.py:2691: UserWarning: X does not have valid feature names, but LGBMRegressor was fitted with feature names
  warnings.warn(
/usr/local/lib/python3.11/site-packages/sklearn/utils/validation.py:2691: UserWarning: X does not have valid feature names, but LGBMRegressor was fitted with feature names
  warnings.warn(
/usr/local/lib/python3.11/site-packages/sklearn/utils/validation.py:2691: UserWarning: X does not have valid feature names, but LGBMRegressor was fitted with feature names
  warnings.warn(
/usr/local/lib/python3.11/site-packages/sklearn/utils/validation.py:2691: UserWarning: X does not have valid feature names, but LGBMRegressor was fitted with feature names
  warnings.warn(
/usr/local/lib/python3.11/site-packages/sklearn/utils/validation.py:2691: UserWarning: X does not have valid feature names, but LGBMRegressor was fitted with feature names
  warnings.warn(
/usr/local/lib/python3.11/site-packages/sklearn/utils/validation.py:2691: UserWarning: X does not have valid feature names, but LGBMRegressor was fitted with feature names
  warnings.warn(
/usr/local/lib/python3.11/site-packages/sklearn/utils/validation.py:2691: UserWarning: X does not have valid feature names, but LGBMRegressor was fitted with feature names
  warnings.warn(
/usr/local/lib/python3.11/site-packages/sklearn/utils/validation.py:2691: UserWarning: X does not have valid feature names, but LGBMRegressor was fitted with feature names
  warnings.warn(
/usr/local/lib/python3.11/site-packages/sklearn/utils/validation.py:2691: UserWarning: X does not have valid feature names, but LGBMRegressor was fitted with feature names
  warnings.warn(
/usr/local/lib/python3.11/site-packages/sklearn/utils/validation.py:2691: UserWarning: X does not have valid feature names, but LGBMRegressor was fitted with feature names
  warnings.warn(
/usr/local/lib/python3.11/site-packages/sklearn/utils/validation.py:2691: UserWarning: X does not have valid feature names, but LGBMRegressor was fitted with feature names
  warnings.warn(
/usr/local/lib/python3.11/site-packages/sklearn/utils/validation.py:2691: UserWarning: X does not have valid feature names, but LGBMRegressor was fitted with feature names
  warnings.warn(
/usr/local/lib/python3.11/site-packages/sklearn/utils/validation.py:2691: UserWarning: X does not have valid feature names, but LGBMRegressor was fitted with feature names
  warnings.warn(
/usr/local/lib/python3.11/site-packages/sklearn/utils/validation.py:2691: UserWarning: X does not have valid feature names, but LGBMRegressor was fitted with feature names
  warnings.warn(
/usr/local/lib/python3.11/site-packages/sklearn/utils/validation.py:2691: UserWarning: X does not have valid feature names, but LGBMRegressor was fitted with feature names
  warnings.warn(
/usr/local/lib/python3.11/site-packages/sklearn/utils/validation.py:2691: UserWarning: X does not have valid feature names, but LGBMRegressor was fitted with feature names
  warnings.warn(
/usr/local/lib/python3.11/site-packages/sklearn/utils/validation.py:2691: UserWarning: X does not have valid feature names, but LGBMRegressor was fitted with feature names
  warnings.warn(
/usr/local/lib/python3.11/site-packages/sklearn/utils/validation.py:2691: UserWarning: X does not have valid feature names, but LGBMRegressor was fitted with feature names
  warnings.warn(
/usr/local/lib/python3.11/site-packages/sklearn/utils/validation.py:2691: UserWarning: X does not have valid feature names, but LGBMRegressor was fitted with feature names
  warnings.warn(
/usr/local/lib/python3.11/site-packages/sklearn/utils/validation.py:2691: UserWarning: X does not have valid feature names, but LGBMRegressor was fitted with feature names
  warnings.warn(
/usr/local/lib/python3.11/site-packages/sklearn/utils/validation.py:2691: UserWarning: X does not have valid feature names, but LGBMRegressor was fitted with feature names
  warnings.warn(
/usr/local/lib/python3.11/site-packages/sklearn/utils/validation.py:2691: UserWarning: X does not have valid feature names, but LGBMRegressor was fitted with feature names
  warnings.warn(
/usr/local/lib/python3.11/site-packages/sklearn/utils/validation.py:2691: UserWarning: X does not have valid feature names, but LGBMRegressor was fitted with feature names
  warnings.warn(
/usr/local/lib/python3.11/site-packages/sklearn/utils/validation.py:2691: UserWarning: X does not have valid feature names, but LGBMRegressor was fitted with feature names
  warnings.warn(
/usr/local/lib/python3.11/site-packages/sklearn/utils/validation.py:2691: UserWarning: X does not have valid feature names, but LGBMRegressor was fitted with feature names
  warnings.warn(
/usr/local/lib/python3.11/site-packages/sklearn/utils/validation.py:2691: UserWarning: X does not have valid feature names, but LGBMRegressor was fitted with feature names
  warnings.warn(
/usr/local/lib/python3.11/site-packages/sklearn/utils/validation.py:2691: UserWarning: X does not have valid feature names, but LGBMRegressor was fitted with feature names
  warnings.warn(
/usr/local/lib/python3.11/site-packages/sklearn/utils/validation.py:2691: UserWarning: X does not have valid feature names, but LGBMRegressor was fitted with feature names
  warnings.warn(
/usr/local/lib/python3.11/site-packages/sklearn/utils/validation.py:2691: UserWarning: X does not have valid feature names, but LGBMRegressor was fitted with feature names
  warnings.warn(
/usr/local/lib/python3.11/site-packages/sklearn/utils/validation.py:2691: UserWarning: X does not have valid feature names, but LGBMRegressor was fitted with feature names
  warnings.warn(
/usr/local/lib/python3.11/site-packages/sklearn/utils/validation.py:2691: UserWarning: X does not have valid feature names, but LGBMRegressor was fitted with feature names
  warnings.warn(
/usr/local/lib/python3.11/site-packages/sklearn/utils/validation.py:2691: UserWarning: X does not have valid feature names, but LGBMRegressor was fitted with feature names
  warnings.warn(
/usr/local/lib/python3.11/site-packages/sklearn/utils/validation.py:2691: UserWarning: X does not have valid feature names, but LGBMRegressor was fitted with feature names
  warnings.warn(
/usr/local/lib/python3.11/site-packages/sklearn/utils/validation.py:2691: UserWarning: X does not have valid feature names, but LGBMRegressor was fitted with feature names
  warnings.warn(
/usr/local/lib/python3.11/site-packages/sklearn/utils/validation.py:2691: UserWarning: X does not have valid feature names, but LGBMRegressor was fitted with feature names
  warnings.warn(
/usr/local/lib/python3.11/site-packages/sklearn/utils/validation.py:2691: UserWarning: X does not have valid feature names, but LGBMRegressor was fitted with feature names
  warnings.warn(
/usr/local/lib/python3.11/site-packages/sklearn/utils/validation.py:2691: UserWarning: X does not have valid feature names, but LGBMRegressor was fitted with feature names
  warnings.warn(
/usr/local/lib/python3.11/site-packages/sklearn/utils/validation.py:2691: UserWarning: X does not have valid feature names, but LGBMRegressor was fitted with feature names
  warnings.warn(
/usr/local/lib/python3.11/site-packages/sklearn/utils/validation.py:2691: UserWarning: X does not have valid feature names, but LGBMRegressor was fitted with feature names
  warnings.warn(
/usr/local/lib/python3.11/site-packages/sklearn/utils/validation.py:2691: UserWarning: X does not have valid feature names, but LGBMRegressor was fitted with feature names
  warnings.warn(
/usr/local/lib/python3.11/site-packages/sklearn/utils/validation.py:2691: UserWarning: X does not have valid feature names, but LGBMRegressor was fitted with feature names
  warnings.warn(
/usr/local/lib/python3.11/site-packages/sklearn/utils/validation.py:2691: UserWarning: X does not have valid feature names, but LGBMRegressor was fitted with feature names
  warnings.warn(
/usr/local/lib/python3.11/site-packages/sklearn/utils/validation.py:2691: UserWarning: X does not have valid feature names, but LGBMRegressor was fitted with feature names
  warnings.warn(
/usr/local/lib/python3.11/site-packages/sklearn/utils/validation.py:2691: UserWarning: X does not have valid feature names, but LGBMRegressor was fitted with feature names
  warnings.warn(
/usr/local/lib/python3.11/site-packages/sklearn/utils/validation.py:2691: UserWarning: X does not have valid feature names, but LGBMRegressor was fitted with feature names
  warnings.warn(
/usr/local/lib/python3.11/site-packages/sklearn/utils/validation.py:2691: UserWarning: X does not have valid feature names, but LGBMRegressor was fitted with feature names
  warnings.warn(
/usr/local/lib/python3.11/site-packages/sklearn/utils/validation.py:2691: UserWarning: X does not have valid feature names, but LGBMRegressor was fitted with feature names
  warnings.warn(
/usr/local/lib/python3.11/site-packages/sklearn/utils/validation.py:2691: UserWarning: X does not have valid feature names, but LGBMRegressor was fitted with feature names
  warnings.warn(
/usr/local/lib/python3.11/site-packages/sklearn/utils/validation.py:2691: UserWarning: X does not have valid feature names, but LGBMRegressor was fitted with feature names
  warnings.warn(
/usr/local/lib/python3.11/site-packages/sklearn/utils/validation.py:2691: UserWarning: X does not have valid feature names, but LGBMRegressor was fitted with feature names
  warnings.warn(
/usr/local/lib/python3.11/site-packages/sklearn/utils/validation.py:2691: UserWarning: X does not have valid feature names, but LGBMRegressor was fitted with feature names
  warnings.warn(
/usr/local/lib/python3.11/site-packages/sklearn/utils/validation.py:2691: UserWarning: X does not have valid feature names, but LGBMRegressor was fitted with feature names
  warnings.warn(
/usr/local/lib/python3.11/site-packages/sklearn/utils/validation.py:2691: UserWarning: X does not have valid feature names, but LGBMRegressor was fitted with feature names
  warnings.warn(
/usr/local/lib/python3.11/site-packages/sklearn/utils/validation.py:2691: UserWarning: X does not have valid feature names, but LGBMRegressor was fitted with feature names
  warnings.warn(
/usr/local/lib/python3.11/site-packages/sklearn/utils/validation.py:2691: UserWarning: X does not have valid feature names, but LGBMRegressor was fitted with feature names
  warnings.warn(
/usr/local/lib/python3.11/site-packages/sklearn/utils/validation.py:2691: UserWarning: X does not have valid feature names, but LGBMRegressor was fitted with feature names
  warnings.warn(
/usr/local/lib/python3.11/site-packages/sklearn/utils/validation.py:2691: UserWarning: X does not have valid feature names, but LGBMRegressor was fitted with feature names
  warnings.warn(
/usr/local/lib/python3.11/site-packages/sklearn/utils/validation.py:2691: UserWarning: X does not have valid feature names, but LGBMRegressor was fitted with feature names
  warnings.warn(
/usr/local/lib/python3.11/site-packages/sklearn/utils/validation.py:2691: UserWarning: X does not have valid feature names, but LGBMRegressor was fitted with feature names
  warnings.warn(
/usr/local/lib/python3.11/site-packages/sklearn/utils/validation.py:2691: UserWarning: X does not have valid feature names, but LGBMRegressor was fitted with feature names
  warnings.warn(
/usr/local/lib/python3.11/site-packages/sklearn/utils/validation.py:2691: UserWarning: X does not have valid feature names, but LGBMRegressor was fitted with feature names
  warnings.warn(
/usr/local/lib/python3.11/site-packages/sklearn/utils/validation.py:2691: UserWarning: X does not have valid feature names, but LGBMRegressor was fitted with feature names
  warnings.warn(
/usr/local/lib/python3.11/site-packages/sklearn/utils/validation.py:2691: UserWarning: X does not have valid feature names, but LGBMRegressor was fitted with feature names
  warnings.warn(
/usr/local/lib/python3.11/site-packages/sklearn/utils/validation.py:2691: UserWarning: X does not have valid feature names, but LGBMRegressor was fitted with feature names
  warnings.warn(
/usr/local/lib/python3.11/site-packages/sklearn/utils/validation.py:2691: UserWarning: X does not have valid feature names, but LGBMRegressor was fitted with feature names
  warnings.warn(
/usr/local/lib/python3.11/site-packages/sklearn/utils/validation.py:2691: UserWarning: X does not have valid feature names, but LGBMRegressor was fitted with feature names
  warnings.warn(
/usr/local/lib/python3.11/site-packages/sklearn/utils/validation.py:2691: UserWarning: X does not have valid feature names, but LGBMRegressor was fitted with feature names
  warnings.warn(
/usr/local/lib/python3.11/site-packages/sklearn/utils/validation.py:2691: UserWarning: X does not have valid feature names, but LGBMRegressor was fitted with feature names
  warnings.warn(
/usr/local/lib/python3.11/site-packages/sklearn/utils/validation.py:2691: UserWarning: X does not have valid feature names, but LGBMRegressor was fitted with feature names
  warnings.warn(
/usr/local/lib/python3.11/site-packages/sklearn/utils/validation.py:2691: UserWarning: X does not have valid feature names, but LGBMRegressor was fitted with feature names
  warnings.warn(
/usr/local/lib/python3.11/site-packages/sklearn/utils/validation.py:2691: UserWarning: X does not have valid feature names, but LGBMRegressor was fitted with feature names
  warnings.warn(
/usr/local/lib/python3.11/site-packages/sklearn/utils/validation.py:2691: UserWarning: X does not have valid feature names, but LGBMRegressor was fitted with feature names
  warnings.warn(
/usr/local/lib/python3.11/site-packages/sklearn/utils/validation.py:2691: UserWarning: X does not have valid feature names, but LGBMRegressor was fitted with feature names
  warnings.warn(
/usr/local/lib/python3.11/site-packages/sklearn/utils/validation.py:2691: UserWarning: X does not have valid feature names, but LGBMRegressor was fitted with feature names
  warnings.warn(
/usr/local/lib/python3.11/site-packages/sklearn/utils/validation.py:2691: UserWarning: X does not have valid feature names, but LGBMRegressor was fitted with feature names
  warnings.warn(
/usr/local/lib/python3.11/site-packages/sklearn/utils/validation.py:2691: UserWarning: X does not have valid feature names, but LGBMRegressor was fitted with feature names
  warnings.warn(
/usr/local/lib/python3.11/site-packages/sklearn/utils/validation.py:2691: UserWarning: X does not have valid feature names, but LGBMRegressor was fitted with feature names
  warnings.warn(
/usr/local/lib/python3.11/site-packages/sklearn/utils/validation.py:2691: UserWarning: X does not have valid feature names, but LGBMRegressor was fitted with feature names
  warnings.warn(
/usr/local/lib/python3.11/site-packages/sklearn/utils/validation.py:2691: UserWarning: X does not have valid feature names, but LGBMRegressor was fitted with feature names
  warnings.warn(
/usr/local/lib/python3.11/site-packages/sklearn/utils/validation.py:2691: UserWarning: X does not have valid feature names, but LGBMRegressor was fitted with feature names
  warnings.warn(
/usr/local/lib/python3.11/site-packages/sklearn/utils/validation.py:2691: UserWarning: X does not have valid feature names, but LGBMRegressor was fitted with feature names
  warnings.warn(
/usr/local/lib/python3.11/site-packages/sklearn/utils/validation.py:2691: UserWarning: X does not have valid feature names, but LGBMRegressor was fitted with feature names
  warnings.warn(
/usr/local/lib/python3.11/site-packages/sklearn/utils/validation.py:2691: UserWarning: X does not have valid feature names, but LGBMRegressor was fitted with feature names
  warnings.warn(
/usr/local/lib/python3.11/site-packages/sklearn/utils/validation.py:2691: UserWarning: X does not have valid feature names, but LGBMRegressor was fitted with feature names
  warnings.warn(
/usr/local/lib/python3.11/site-packages/sklearn/utils/validation.py:2691: UserWarning: X does not have valid feature names, but LGBMRegressor was fitted with feature names
  warnings.warn(
/usr/local/lib/python3.11/site-packages/sklearn/utils/validation.py:2691: UserWarning: X does not have valid feature names, but LGBMRegressor was fitted with feature names
  warnings.warn(
/usr/local/lib/python3.11/site-packages/sklearn/utils/validation.py:2691: UserWarning: X does not have valid feature names, but LGBMRegressor was fitted with feature names
  warnings.warn(
/usr/local/lib/python3.11/site-packages/sklearn/utils/validation.py:2691: UserWarning: X does not have valid feature names, but LGBMRegressor was fitted with feature names
  warnings.warn(
/usr/local/lib/python3.11/site-packages/sklearn/utils/validation.py:2691: UserWarning: X does not have valid feature names, but LGBMRegressor was fitted with feature names
  warnings.warn(
/usr/local/lib/python3.11/site-packages/sklearn/utils/validation.py:2691: UserWarning: X does not have valid feature names, but LGBMRegressor was fitted with feature names
  warnings.warn(
/usr/local/lib/python3.11/site-packages/sklearn/utils/validation.py:2691: UserWarning: X does not have valid feature names, but LGBMRegressor was fitted with feature names
  warnings.warn(
/usr/local/lib/python3.11/site-packages/sklearn/utils/validation.py:2691: UserWarning: X does not have valid feature names, but LGBMRegressor was fitted with feature names
  warnings.warn(
/usr/local/lib/python3.11/site-packages/sklearn/utils/validation.py:2691: UserWarning: X does not have valid feature names, but LGBMRegressor was fitted with feature names
  warnings.warn(
/usr/local/lib/python3.11/site-packages/sklearn/utils/validation.py:2691: UserWarning: X does not have valid feature names, but LGBMRegressor was fitted with feature names
  warnings.warn(
/usr/local/lib/python3.11/site-packages/sklearn/utils/validation.py:2691: UserWarning: X does not have valid feature names, but LGBMRegressor was fitted with feature names
  warnings.warn(
/usr/local/lib/python3.11/site-packages/sklearn/utils/validation.py:2691: UserWarning: X does not have valid feature names, but LGBMRegressor was fitted with feature names
  warnings.warn(
/usr/local/lib/python3.11/site-packages/sklearn/utils/validation.py:2691: UserWarning: X does not have valid feature names, but LGBMRegressor was fitted with feature names
  warnings.warn(
/usr/local/lib/python3.11/site-packages/sklearn/utils/validation.py:2691: UserWarning: X does not have valid feature names, but LGBMRegressor was fitted with feature names
  warnings.warn(
/usr/local/lib/python3.11/site-packages/sklearn/utils/validation.py:2691: UserWarning: X does not have valid feature names, but LGBMRegressor was fitted with feature names
  warnings.warn(
/usr/local/lib/python3.11/site-packages/sklearn/utils/validation.py:2691: UserWarning: X does not have valid feature names, but LGBMRegressor was fitted with feature names
  warnings.warn(
/usr/local/lib/python3.11/site-packages/sklearn/utils/validation.py:2691: UserWarning: X does not have valid feature names, but LGBMRegressor was fitted with feature names
  warnings.warn(
/usr/local/lib/python3.11/site-packages/sklearn/utils/validation.py:2691: UserWarning: X does not have valid feature names, but LGBMRegressor was fitted with feature names
  warnings.warn(
/usr/local/lib/python3.11/site-packages/sklearn/utils/validation.py:2691: UserWarning: X does not have valid feature names, but LGBMRegressor was fitted with feature names
  warnings.warn(
/usr/local/lib/python3.11/site-packages/sklearn/utils/validation.py:2691: UserWarning: X does not have valid feature names, but LGBMRegressor was fitted with feature names
  warnings.warn(
/usr/local/lib/python3.11/site-packages/sklearn/utils/validation.py:2691: UserWarning: X does not have valid feature names, but LGBMRegressor was fitted with feature names
  warnings.warn(
/usr/local/lib/python3.11/site-packages/sklearn/utils/validation.py:2691: UserWarning: X does not have valid feature names, but LGBMRegressor was fitted with feature names
  warnings.warn(
/usr/local/lib/python3.11/site-packages/sklearn/utils/validation.py:2691: UserWarning: X does not have valid feature names, but LGBMRegressor was fitted with feature names
  warnings.warn(
/usr/local/lib/python3.11/site-packages/sklearn/utils/validation.py:2691: UserWarning: X does not have valid feature names, but LGBMRegressor was fitted with feature names
  warnings.warn(
/usr/local/lib/python3.11/site-packages/sklearn/utils/validation.py:2691: UserWarning: X does not have valid feature names, but LGBMRegressor was fitted with feature names
  warnings.warn(
/usr/local/lib/python3.11/site-packages/sklearn/utils/validation.py:2691: UserWarning: X does not have valid feature names, but LGBMRegressor was fitted with feature names
  warnings.warn(
/usr/local/lib/python3.11/site-packages/sklearn/utils/validation.py:2691: UserWarning: X does not have valid feature names, but LGBMRegressor was fitted with feature names
  warnings.warn(
/usr/local/lib/python3.11/site-packages/sklearn/utils/validation.py:2691: UserWarning: X does not have valid feature names, but LGBMRegressor was fitted with feature names
  warnings.warn(
/usr/local/lib/python3.11/site-packages/sklearn/utils/validation.py:2691: UserWarning: X does not have valid feature names, but LGBMRegressor was fitted with feature names
  warnings.warn(
/usr/local/lib/python3.11/site-packages/sklearn/utils/validation.py:2691: UserWarning: X does not have valid feature names, but LGBMRegressor was fitted with feature names
  warnings.warn(
/usr/local/lib/python3.11/site-packages/sklearn/utils/validation.py:2691: UserWarning: X does not have valid feature names, but LGBMRegressor was fitted with feature names
  warnings.warn(
/usr/local/lib/python3.11/site-packages/sklearn/utils/validation.py:2691: UserWarning: X does not have valid feature names, but LGBMRegressor was fitted with feature names
  warnings.warn(
/usr/local/lib/python3.11/site-packages/sklearn/utils/validation.py:2691: UserWarning: X does not have valid feature names, but LGBMRegressor was fitted with feature names
  warnings.warn(
/usr/local/lib/python3.11/site-packages/sklearn/utils/validation.py:2691: UserWarning: X does not have valid feature names, but LGBMRegressor was fitted with feature names
  warnings.warn(
/usr/local/lib/python3.11/site-packages/sklearn/utils/validation.py:2691: UserWarning: X does not have valid feature names, but LGBMRegressor was fitted with feature names
  warnings.warn(
/usr/local/lib/python3.11/site-packages/sklearn/utils/validation.py:2691: UserWarning: X does not have valid feature names, but LGBMRegressor was fitted with feature names
  warnings.warn(
/usr/local/lib/python3.11/site-packages/sklearn/utils/validation.py:2691: UserWarning: X does not have valid feature names, but LGBMRegressor was fitted with feature names
  warnings.warn(
/usr/local/lib/python3.11/site-packages/sklearn/utils/validation.py:2691: UserWarning: X does not have valid feature names, but LGBMRegressor was fitted with feature names
  warnings.warn(
/usr/local/lib/python3.11/site-packages/sklearn/utils/validation.py:2691: UserWarning: X does not have valid feature names, but LGBMRegressor was fitted with feature names
  warnings.warn(
/usr/local/lib/python3.11/site-packages/sklearn/utils/validation.py:2691: UserWarning: X does not have valid feature names, but LGBMRegressor was fitted with feature names
  warnings.warn(
/usr/local/lib/python3.11/site-packages/sklearn/utils/validation.py:2691: UserWarning: X does not have valid feature names, but LGBMRegressor was fitted with feature names
  warnings.warn(
/usr/local/lib/python3.11/site-packages/sklearn/utils/validation.py:2691: UserWarning: X does not have valid feature names, but LGBMRegressor was fitted with feature names
  warnings.warn(
/usr/local/lib/python3.11/site-packages/sklearn/utils/validation.py:2691: UserWarning: X does not have valid feature names, but LGBMRegressor was fitted with feature names
  warnings.warn(
/usr/local/lib/python3.11/site-packages/sklearn/utils/validation.py:2691: UserWarning: X does not have valid feature names, but LGBMRegressor was fitted with feature names
  warnings.warn(
/usr/local/lib/python3.11/site-packages/sklearn/utils/validation.py:2691: UserWarning: X does not have valid feature names, but LGBMRegressor was fitted with feature names
  warnings.warn(
/usr/local/lib/python3.11/site-packages/sklearn/utils/validation.py:2691: UserWarning: X does not have valid feature names, but LGBMRegressor was fitted with feature names
  warnings.warn(
/usr/local/lib/python3.11/site-packages/sklearn/utils/validation.py:2691: UserWarning: X does not have valid feature names, but LGBMRegressor was fitted with feature names
  warnings.warn(
/usr/local/lib/python3.11/site-packages/sklearn/utils/validation.py:2691: UserWarning: X does not have valid feature names, but LGBMRegressor was fitted with feature names
  warnings.warn(
/usr/local/lib/python3.11/site-packages/sklearn/utils/validation.py:2691: UserWarning: X does not have valid feature names, but LGBMRegressor was fitted with feature names
  warnings.warn(
/usr/local/lib/python3.11/site-packages/sklearn/utils/validation.py:2691: UserWarning: X does not have valid feature names, but LGBMRegressor was fitted with feature names
  warnings.warn(
/usr/local/lib/python3.11/site-packages/sklearn/utils/validation.py:2691: UserWarning: X does not have valid feature names, but LGBMRegressor was fitted with feature names
  warnings.warn(
/usr/local/lib/python3.11/site-packages/sklearn/utils/validation.py:2691: UserWarning: X does not have valid feature names, but LGBMRegressor was fitted with feature names
  warnings.warn(
/usr/local/lib/python3.11/site-packages/sklearn/utils/validation.py:2691: UserWarning: X does not have valid feature names, but LGBMRegressor was fitted with feature names
  warnings.warn(
/usr/local/lib/python3.11/site-packages/sklearn/utils/validation.py:2691: UserWarning: X does not have valid feature names, but LGBMRegressor was fitted with feature names
  warnings.warn(
/usr/local/lib/python3.11/site-packages/sklearn/utils/validation.py:2691: UserWarning: X does not have valid feature names, but LGBMRegressor was fitted with feature names
  warnings.warn(
/usr/local/lib/python3.11/site-packages/sklearn/utils/validation.py:2691: UserWarning: X does not have valid feature names, but LGBMRegressor was fitted with feature names
  warnings.warn(
/usr/local/lib/python3.11/site-packages/sklearn/utils/validation.py:2691: UserWarning: X does not have valid feature names, but LGBMRegressor was fitted with feature names
  warnings.warn(
/usr/local/lib/python3.11/site-packages/sklearn/utils/validation.py:2691: UserWarning: X does not have valid feature names, but LGBMRegressor was fitted with feature names
  warnings.warn(
/usr/local/lib/python3.11/site-packages/sklearn/utils/validation.py:2691: UserWarning: X does not have valid feature names, but LGBMRegressor was fitted with feature names
  warnings.warn(
/usr/local/lib/python3.11/site-packages/sklearn/utils/validation.py:2691: UserWarning: X does not have valid feature names, but LGBMRegressor was fitted with feature names
  warnings.warn(
/usr/local/lib/python3.11/site-packages/sklearn/utils/validation.py:2691: UserWarning: X does not have valid feature names, but LGBMRegressor was fitted with feature names
  warnings.warn(
/usr/local/lib/python3.11/site-packages/sklearn/utils/validation.py:2691: UserWarning: X does not have valid feature names, but LGBMRegressor was fitted with feature names
  warnings.warn(
/usr/local/lib/python3.11/site-packages/sklearn/utils/validation.py:2691: UserWarning: X does not have valid feature names, but LGBMRegressor was fitted with feature names
  warnings.warn(
/usr/local/lib/python3.11/site-packages/sklearn/utils/validation.py:2691: UserWarning: X does not have valid feature names, but LGBMRegressor was fitted with feature names
  warnings.warn(
/usr/local/lib/python3.11/site-packages/sklearn/utils/validation.py:2691: UserWarning: X does not have valid feature names, but LGBMRegressor was fitted with feature names
  warnings.warn(
/usr/local/lib/python3.11/site-packages/sklearn/utils/validation.py:2691: UserWarning: X does not have valid feature names, but LGBMRegressor was fitted with feature names
  warnings.warn(
/usr/local/lib/python3.11/site-packages/sklearn/utils/validation.py:2691: UserWarning: X does not have valid feature names, but LGBMRegressor was fitted with feature names
  warnings.warn(
/usr/local/lib/python3.11/site-packages/sklearn/utils/validation.py:2691: UserWarning: X does not have valid feature names, but LGBMRegressor was fitted with feature names
  warnings.warn(
/usr/local/lib/python3.11/site-packages/sklearn/utils/validation.py:2691: UserWarning: X does not have valid feature names, but LGBMRegressor was fitted with feature names
  warnings.warn(
/usr/local/lib/python3.11/site-packages/sklearn/utils/validation.py:2691: UserWarning: X does not have valid feature names, but LGBMRegressor was fitted with feature names
  warnings.warn(
/usr/local/lib/python3.11/site-packages/sklearn/utils/validation.py:2691: UserWarning: X does not have valid feature names, but LGBMRegressor was fitted with feature names
  warnings.warn(
/usr/local/lib/python3.11/site-packages/sklearn/utils/validation.py:2691: UserWarning: X does not have valid feature names, but LGBMRegressor was fitted with feature names
  warnings.warn(
/usr/local/lib/python3.11/site-packages/sklearn/utils/validation.py:2691: UserWarning: X does not have valid feature names, but LGBMRegressor was fitted with feature names
  warnings.warn(
/usr/local/lib/python3.11/site-packages/sklearn/utils/validation.py:2691: UserWarning: X does not have valid feature names, but LGBMRegressor was fitted with feature names
  warnings.warn(
/usr/local/lib/python3.11/site-packages/sklearn/utils/validation.py:2691: UserWarning: X does not have valid feature names, but LGBMRegressor was fitted with feature names
  warnings.warn(
/usr/local/lib/python3.11/site-packages/sklearn/utils/validation.py:2691: UserWarning: X does not have valid feature names, but LGBMRegressor was fitted with feature names
  warnings.warn(
/usr/local/lib/python3.11/site-packages/sklearn/utils/validation.py:2691: UserWarning: X does not have valid feature names, but LGBMRegressor was fitted with feature names
  warnings.warn(
/usr/local/lib/python3.11/site-packages/sklearn/utils/validation.py:2691: UserWarning: X does not have valid feature names, but LGBMRegressor was fitted with feature names
  warnings.warn(
/usr/local/lib/python3.11/site-packages/sklearn/utils/validation.py:2691: UserWarning: X does not have valid feature names, but LGBMRegressor was fitted with feature names
  warnings.warn(
/usr/local/lib/python3.11/site-packages/sklearn/utils/validation.py:2691: UserWarning: X does not have valid feature names, but LGBMRegressor was fitted with feature names
  warnings.warn(
/usr/local/lib/python3.11/site-packages/sklearn/utils/validation.py:2691: UserWarning: X does not have valid feature names, but LGBMRegressor was fitted with feature names
  warnings.warn(
/usr/local/lib/python3.11/site-packages/sklearn/utils/validation.py:2691: UserWarning: X does not have valid feature names, but LGBMRegressor was fitted with feature names
  warnings.warn(
/usr/local/lib/python3.11/site-packages/sklearn/utils/validation.py:2691: UserWarning: X does not have valid feature names, but LGBMRegressor was fitted with feature names
  warnings.warn(
/usr/local/lib/python3.11/site-packages/sklearn/utils/validation.py:2691: UserWarning: X does not have valid feature names, but LGBMRegressor was fitted with feature names
  warnings.warn(
/usr/local/lib/python3.11/site-packages/sklearn/utils/validation.py:2691: UserWarning: X does not have valid feature names, but LGBMRegressor was fitted with feature names
  warnings.warn(
/usr/local/lib/python3.11/site-packages/sklearn/utils/validation.py:2691: UserWarning: X does not have valid feature names, but LGBMRegressor was fitted with feature names
  warnings.warn(
/usr/local/lib/python3.11/site-packages/sklearn/utils/validation.py:2691: UserWarning: X does not have valid feature names, but LGBMRegressor was fitted with feature names
  warnings.warn(
/usr/local/lib/python3.11/site-packages/sklearn/utils/validation.py:2691: UserWarning: X does not have valid feature names, but LGBMRegressor was fitted with feature names
  warnings.warn(
/usr/local/lib/python3.11/site-packages/sklearn/utils/validation.py:2691: UserWarning: X does not have valid feature names, but LGBMRegressor was fitted with feature names
  warnings.warn(
/usr/local/lib/python3.11/site-packages/sklearn/utils/validation.py:2691: UserWarning: X does not have valid feature names, but LGBMRegressor was fitted with feature names
  warnings.warn(
/usr/local/lib/python3.11/site-packages/sklearn/utils/validation.py:2691: UserWarning: X does not have valid feature names, but LGBMRegressor was fitted with feature names
  warnings.warn(
/usr/local/lib/python3.11/site-packages/sklearn/utils/validation.py:2691: UserWarning: X does not have valid feature names, but LGBMRegressor was fitted with feature names
  warnings.warn(
/usr/local/lib/python3.11/site-packages/sklearn/utils/validation.py:2691: UserWarning: X does not have valid feature names, but LGBMRegressor was fitted with feature names
  warnings.warn(
/usr/local/lib/python3.11/site-packages/sklearn/utils/validation.py:2691: UserWarning: X does not have valid feature names, but LGBMRegressor was fitted with feature names
  warnings.warn(
/usr/local/lib/python3.11/site-packages/sklearn/utils/validation.py:2691: UserWarning: X does not have valid feature names, but LGBMRegressor was fitted with feature names
  warnings.warn(
/usr/local/lib/python3.11/site-packages/sklearn/utils/validation.py:2691: UserWarning: X does not have valid feature names, but LGBMRegressor was fitted with feature names
  warnings.warn(
/usr/local/lib/python3.11/site-packages/sklearn/utils/validation.py:2691: UserWarning: X does not have valid feature names, but LGBMRegressor was fitted with feature names
  warnings.warn(
/usr/local/lib/python3.11/site-packages/sklearn/utils/validation.py:2691: UserWarning: X does not have valid feature names, but LGBMRegressor was fitted with feature names
  warnings.warn(
/usr/local/lib/python3.11/site-packages/sklearn/utils/validation.py:2691: UserWarning: X does not have valid feature names, but LGBMRegressor was fitted with feature names
  warnings.warn(
/usr/local/lib/python3.11/site-packages/sklearn/utils/validation.py:2691: UserWarning: X does not have valid feature names, but LGBMRegressor was fitted with feature names
  warnings.warn(
/usr/local/lib/python3.11/site-packages/sklearn/utils/validation.py:2691: UserWarning: X does not have valid feature names, but LGBMRegressor was fitted with feature names
  warnings.warn(
/usr/local/lib/python3.11/site-packages/sklearn/utils/validation.py:2691: UserWarning: X does not have valid feature names, but LGBMRegressor was fitted with feature names
  warnings.warn(
/usr/local/lib/python3.11/site-packages/sklearn/utils/validation.py:2691: UserWarning: X does not have valid feature names, but LGBMRegressor was fitted with feature names
  warnings.warn(
/usr/local/lib/python3.11/site-packages/sklearn/utils/validation.py:2691: UserWarning: X does not have valid feature names, but LGBMRegressor was fitted with feature names
  warnings.warn(
/usr/local/lib/python3.11/site-packages/sklearn/utils/validation.py:2691: UserWarning: X does not have valid feature names, but LGBMRegressor was fitted with feature names
  warnings.warn(
/usr/local/lib/python3.11/site-packages/sklearn/utils/validation.py:2691: UserWarning: X does not have valid feature names, but LGBMRegressor was fitted with feature names
  warnings.warn(
/usr/local/lib/python3.11/site-packages/sklearn/utils/validation.py:2691: UserWarning: X does not have valid feature names, but LGBMRegressor was fitted with feature names
  warnings.warn(
/usr/local/lib/python3.11/site-packages/sklearn/utils/validation.py:2691: UserWarning: X does not have valid feature names, but LGBMRegressor was fitted with feature names
  warnings.warn(
/usr/local/lib/python3.11/site-packages/sklearn/utils/validation.py:2691: UserWarning: X does not have valid feature names, but LGBMRegressor was fitted with feature names
  warnings.warn(
/usr/local/lib/python3.11/site-packages/sklearn/utils/validation.py:2691: UserWarning: X does not have valid feature names, but LGBMRegressor was fitted with feature names
  warnings.warn(
/usr/local/lib/python3.11/site-packages/sklearn/utils/validation.py:2691: UserWarning: X does not have valid feature names, but LGBMRegressor was fitted with feature names
  warnings.warn(
/usr/local/lib/python3.11/site-packages/sklearn/utils/validation.py:2691: UserWarning: X does not have valid feature names, but LGBMRegressor was fitted with feature names
  warnings.warn(
/usr/local/lib/python3.11/site-packages/sklearn/utils/validation.py:2691: UserWarning: X does not have valid feature names, but LGBMRegressor was fitted with feature names
  warnings.warn(
/usr/local/lib/python3.11/site-packages/sklearn/utils/validation.py:2691: UserWarning: X does not have valid feature names, but LGBMRegressor was fitted with feature names
  warnings.warn(
/usr/local/lib/python3.11/site-packages/sklearn/utils/validation.py:2691: UserWarning: X does not have valid feature names, but LGBMRegressor was fitted with feature names
  warnings.warn(
/usr/local/lib/python3.11/site-packages/sklearn/utils/validation.py:2691: UserWarning: X does not have valid feature names, but LGBMRegressor was fitted with feature names
  warnings.warn(
/usr/local/lib/python3.11/site-packages/sklearn/utils/validation.py:2691: UserWarning: X does not have valid feature names, but LGBMRegressor was fitted with feature names
  warnings.warn(
/usr/local/lib/python3.11/site-packages/sklearn/utils/validation.py:2691: UserWarning: X does not have valid feature names, but LGBMRegressor was fitted with feature names
  warnings.warn(
/usr/local/lib/python3.11/site-packages/sklearn/utils/validation.py:2691: UserWarning: X does not have valid feature names, but LGBMRegressor was fitted with feature names
  warnings.warn(
/usr/local/lib/python3.11/site-packages/sklearn/utils/validation.py:2691: UserWarning: X does not have valid feature names, but LGBMRegressor was fitted with feature names
  warnings.warn(
/usr/local/lib/python3.11/site-packages/sklearn/utils/validation.py:2691: UserWarning: X does not have valid feature names, but LGBMRegressor was fitted with feature names
  warnings.warn(
/usr/local/lib/python3.11/site-packages/sklearn/utils/validation.py:2691: UserWarning: X does not have valid feature names, but LGBMRegressor was fitted with feature names
  warnings.warn(
/usr/local/lib/python3.11/site-packages/sklearn/utils/validation.py:2691: UserWarning: X does not have valid feature names, but LGBMRegressor was fitted with feature names
  warnings.warn(
/usr/local/lib/python3.11/site-packages/sklearn/utils/validation.py:2691: UserWarning: X does not have valid feature names, but LGBMRegressor was fitted with feature names
  warnings.warn(
/usr/local/lib/python3.11/site-packages/sklearn/utils/validation.py:2691: UserWarning: X does not have valid feature names, but LGBMRegressor was fitted with feature names
  warnings.warn(
/usr/local/lib/python3.11/site-packages/sklearn/utils/validation.py:2691: UserWarning: X does not have valid feature names, but LGBMRegressor was fitted with feature names
  warnings.warn(
/usr/local/lib/python3.11/site-packages/sklearn/utils/validation.py:2691: UserWarning: X does not have valid feature names, but LGBMRegressor was fitted with feature names
  warnings.warn(
/usr/local/lib/python3.11/site-packages/sklearn/utils/validation.py:2691: UserWarning: X does not have valid feature names, but LGBMRegressor was fitted with feature names
  warnings.warn(
/usr/local/lib/python3.11/site-packages/sklearn/utils/validation.py:2691: UserWarning: X does not have valid feature names, but LGBMRegressor was fitted with feature names
  warnings.warn(
/usr/local/lib/python3.11/site-packages/sklearn/utils/validation.py:2691: UserWarning: X does not have valid feature names, but LGBMRegressor was fitted with feature names
  warnings.warn(
/usr/local/lib/python3.11/site-packages/sklearn/utils/validation.py:2691: UserWarning: X does not have valid feature names, but LGBMRegressor was fitted with feature names
  warnings.warn(
/usr/local/lib/python3.11/site-packages/sklearn/utils/validation.py:2691: UserWarning: X does not have valid feature names, but LGBMRegressor was fitted with feature names
  warnings.warn(
/usr/local/lib/python3.11/site-packages/sklearn/utils/validation.py:2691: UserWarning: X does not have valid feature names, but LGBMRegressor was fitted with feature names
  warnings.warn(
/usr/local/lib/python3.11/site-packages/sklearn/utils/validation.py:2691: UserWarning: X does not have valid feature names, but LGBMRegressor was fitted with feature names
  warnings.warn(
/usr/local/lib/python3.11/site-packages/sklearn/utils/validation.py:2691: UserWarning: X does not have valid feature names, but LGBMRegressor was fitted with feature names
  warnings.warn(
/usr/local/lib/python3.11/site-packages/sklearn/utils/validation.py:2691: UserWarning: X does not have valid feature names, but LGBMRegressor was fitted with feature names
  warnings.warn(
/usr/local/lib/python3.11/site-packages/sklearn/utils/validation.py:2691: UserWarning: X does not have valid feature names, but LGBMRegressor was fitted with feature names
  warnings.warn(
/usr/local/lib/python3.11/site-packages/sklearn/utils/validation.py:2691: UserWarning: X does not have valid feature names, but LGBMRegressor was fitted with feature names
  warnings.warn(
/usr/local/lib/python3.11/site-packages/sklearn/utils/validation.py:2691: UserWarning: X does not have valid feature names, but LGBMRegressor was fitted with feature names
  warnings.warn(
/usr/local/lib/python3.11/site-packages/sklearn/utils/validation.py:2691: UserWarning: X does not have valid feature names, but LGBMRegressor was fitted with feature names
  warnings.warn(
/usr/local/lib/python3.11/site-packages/sklearn/utils/validation.py:2691: UserWarning: X does not have valid feature names, but LGBMRegressor was fitted with feature names
  warnings.warn(
/usr/local/lib/python3.11/site-packages/sklearn/utils/validation.py:2691: UserWarning: X does not have valid feature names, but LGBMRegressor was fitted with feature names
  warnings.warn(
/usr/local/lib/python3.11/site-packages/sklearn/utils/validation.py:2691: UserWarning: X does not have valid feature names, but LGBMRegressor was fitted with feature names
  warnings.warn(
/usr/local/lib/python3.11/site-packages/sklearn/utils/validation.py:2691: UserWarning: X does not have valid feature names, but LGBMRegressor was fitted with feature names
  warnings.warn(
/usr/local/lib/python3.11/site-packages/sklearn/utils/validation.py:2691: UserWarning: X does not have valid feature names, but LGBMRegressor was fitted with feature names
  warnings.warn(
/usr/local/lib/python3.11/site-packages/sklearn/utils/validation.py:2691: UserWarning: X does not have valid feature names, but LGBMRegressor was fitted with feature names
  warnings.warn(
/usr/local/lib/python3.11/site-packages/sklearn/utils/validation.py:2691: UserWarning: X does not have valid feature names, but LGBMRegressor was fitted with feature names
  warnings.warn(
/usr/local/lib/python3.11/site-packages/sklearn/utils/validation.py:2691: UserWarning: X does not have valid feature names, but LGBMRegressor was fitted with feature names
  warnings.warn(
/usr/local/lib/python3.11/site-packages/sklearn/utils/validation.py:2691: UserWarning: X does not have valid feature names, but LGBMRegressor was fitted with feature names
  warnings.warn(
/usr/local/lib/python3.11/site-packages/sklearn/utils/validation.py:2691: UserWarning: X does not have valid feature names, but LGBMRegressor was fitted with feature names
  warnings.warn(
/usr/local/lib/python3.11/site-packages/sklearn/utils/validation.py:2691: UserWarning: X does not have valid feature names, but LGBMRegressor was fitted with feature names
  warnings.warn(
/usr/local/lib/python3.11/site-packages/sklearn/utils/validation.py:2691: UserWarning: X does not have valid feature names, but LGBMRegressor was fitted with feature names
  warnings.warn(
/usr/local/lib/python3.11/site-packages/sklearn/utils/validation.py:2691: UserWarning: X does not have valid feature names, but LGBMRegressor was fitted with feature names
  warnings.warn(
/usr/local/lib/python3.11/site-packages/sklearn/utils/validation.py:2691: UserWarning: X does not have valid feature names, but LGBMRegressor was fitted with feature names
  warnings.warn(
/usr/local/lib/python3.11/site-packages/sklearn/utils/validation.py:2691: UserWarning: X does not have valid feature names, but LGBMRegressor was fitted with feature names
  warnings.warn(
/usr/local/lib/python3.11/site-packages/sklearn/utils/validation.py:2691: UserWarning: X does not have valid feature names, but LGBMRegressor was fitted with feature names
  warnings.warn(
/usr/local/lib/python3.11/site-packages/sklearn/utils/validation.py:2691: UserWarning: X does not have valid feature names, but LGBMRegressor was fitted with feature names
  warnings.warn(
/usr/local/lib/python3.11/site-packages/sklearn/utils/validation.py:2691: UserWarning: X does not have valid feature names, but LGBMRegressor was fitted with feature names
  warnings.warn(
/usr/local/lib/python3.11/site-packages/sklearn/utils/validation.py:2691: UserWarning: X does not have valid feature names, but LGBMRegressor was fitted with feature names
  warnings.warn(
/usr/local/lib/python3.11/site-packages/sklearn/utils/validation.py:2691: UserWarning: X does not have valid feature names, but LGBMRegressor was fitted with feature names
  warnings.warn(
/usr/local/lib/python3.11/site-packages/sklearn/utils/validation.py:2691: UserWarning: X does not have valid feature names, but LGBMRegressor was fitted with feature names
  warnings.warn(
/usr/local/lib/python3.11/site-packages/sklearn/utils/validation.py:2691: UserWarning: X does not have valid feature names, but LGBMRegressor was fitted with feature names
  warnings.warn(
/usr/local/lib/python3.11/site-packages/sklearn/utils/validation.py:2691: UserWarning: X does not have valid feature names, but LGBMRegressor was fitted with feature names
  warnings.warn(
/usr/local/lib/python3.11/site-packages/sklearn/utils/validation.py:2691: UserWarning: X does not have valid feature names, but LGBMRegressor was fitted with feature names
  warnings.warn(
/usr/local/lib/python3.11/site-packages/sklearn/utils/validation.py:2691: UserWarning: X does not have valid feature names, but LGBMRegressor was fitted with feature names
  warnings.warn(
/usr/local/lib/python3.11/site-packages/sklearn/utils/validation.py:2691: UserWarning: X does not have valid feature names, but LGBMRegressor was fitted with feature names
  warnings.warn(
/usr/local/lib/python3.11/site-packages/sklearn/utils/validation.py:2691: UserWarning: X does not have valid feature names, but LGBMRegressor was fitted with feature names
  warnings.warn(
/usr/local/lib/python3.11/site-packages/sklearn/utils/validation.py:2691: UserWarning: X does not have valid feature names, but LGBMRegressor was fitted with feature names
  warnings.warn(
/usr/local/lib/python3.11/site-packages/sklearn/utils/validation.py:2691: UserWarning: X does not have valid feature names, but LGBMRegressor was fitted with feature names
  warnings.warn(
/usr/local/lib/python3.11/site-packages/sklearn/utils/validation.py:2691: UserWarning: X does not have valid feature names, but LGBMRegressor was fitted with feature names
  warnings.warn(
/usr/local/lib/python3.11/site-packages/sklearn/utils/validation.py:2691: UserWarning: X does not have valid feature names, but LGBMRegressor was fitted with feature names
  warnings.warn(
/usr/local/lib/python3.11/site-packages/sklearn/utils/validation.py:2691: UserWarning: X does not have valid feature names, but LGBMRegressor was fitted with feature names
  warnings.warn(
/usr/local/lib/python3.11/site-packages/sklearn/utils/validation.py:2691: UserWarning: X does not have valid feature names, but LGBMRegressor was fitted with feature names
  warnings.warn(
/usr/local/lib/python3.11/site-packages/sklearn/utils/validation.py:2691: UserWarning: X does not have valid feature names, but LGBMRegressor was fitted with feature names
  warnings.warn(
/usr/local/lib/python3.11/site-packages/sklearn/utils/validation.py:2691: UserWarning: X does not have valid feature names, but LGBMRegressor was fitted with feature names
  warnings.warn(
/usr/local/lib/python3.11/site-packages/sklearn/utils/validation.py:2691: UserWarning: X does not have valid feature names, but LGBMRegressor was fitted with feature names
  warnings.warn(
/usr/local/lib/python3.11/site-packages/sklearn/utils/validation.py:2691: UserWarning: X does not have valid feature names, but LGBMRegressor was fitted with feature names
  warnings.warn(
/usr/local/lib/python3.11/site-packages/sklearn/utils/validation.py:2691: UserWarning: X does not have valid feature names, but LGBMRegressor was fitted with feature names
  warnings.warn(
/usr/local/lib/python3.11/site-packages/sklearn/utils/validation.py:2691: UserWarning: X does not have valid feature names, but LGBMRegressor was fitted with feature names
  warnings.warn(
/usr/local/lib/python3.11/site-packages/sklearn/utils/validation.py:2691: UserWarning: X does not have valid feature names, but LGBMRegressor was fitted with feature names
  warnings.warn(
/usr/local/lib/python3.11/site-packages/sklearn/utils/validation.py:2691: UserWarning: X does not have valid feature names, but LGBMRegressor was fitted with feature names
  warnings.warn(
/usr/local/lib/python3.11/site-packages/sklearn/utils/validation.py:2691: UserWarning: X does not have valid feature names, but LGBMRegressor was fitted with feature names
  warnings.warn(
/usr/local/lib/python3.11/site-packages/sklearn/utils/validation.py:2691: UserWarning: X does not have valid feature names, but LGBMRegressor was fitted with feature names
  warnings.warn(
/usr/local/lib/python3.11/site-packages/sklearn/utils/validation.py:2691: UserWarning: X does not have valid feature names, but LGBMRegressor was fitted with feature names
  warnings.warn(
/usr/local/lib/python3.11/site-packages/sklearn/utils/validation.py:2691: UserWarning: X does not have valid feature names, but LGBMRegressor was fitted with feature names
  warnings.warn(
/usr/local/lib/python3.11/site-packages/sklearn/utils/validation.py:2691: UserWarning: X does not have valid feature names, but LGBMRegressor was fitted with feature names
  warnings.warn(
/usr/local/lib/python3.11/site-packages/sklearn/utils/validation.py:2691: UserWarning: X does not have valid feature names, but LGBMRegressor was fitted with feature names
  warnings.warn(
/usr/local/lib/python3.11/site-packages/sklearn/utils/validation.py:2691: UserWarning: X does not have valid feature names, but LGBMRegressor was fitted with feature names
  warnings.warn(
/usr/local/lib/python3.11/site-packages/sklearn/utils/validation.py:2691: UserWarning: X does not have valid feature names, but LGBMRegressor was fitted with feature names
  warnings.warn(
/usr/local/lib/python3.11/site-packages/sklearn/utils/validation.py:2691: UserWarning: X does not have valid feature names, but LGBMRegressor was fitted with feature names
  warnings.warn(
/usr/local/lib/python3.11/site-packages/sklearn/utils/validation.py:2691: UserWarning: X does not have valid feature names, but LGBMRegressor was fitted with feature names
  warnings.warn(
/usr/local/lib/python3.11/site-packages/sklearn/utils/validation.py:2691: UserWarning: X does not have valid feature names, but LGBMRegressor was fitted with feature names
  warnings.warn(
/usr/local/lib/python3.11/site-packages/sklearn/utils/validation.py:2691: UserWarning: X does not have valid feature names, but LGBMRegressor was fitted with feature names
  warnings.warn(
/usr/local/lib/python3.11/site-packages/sklearn/utils/validation.py:2691: UserWarning: X does not have valid feature names, but LGBMRegressor was fitted with feature names
  warnings.warn(
/usr/local/lib/python3.11/site-packages/sklearn/utils/validation.py:2691: UserWarning: X does not have valid feature names, but LGBMRegressor was fitted with feature names
  warnings.warn(
/usr/local/lib/python3.11/site-packages/sklearn/utils/validation.py:2691: UserWarning: X does not have valid feature names, but LGBMRegressor was fitted with feature names
  warnings.warn(
/usr/local/lib/python3.11/site-packages/sklearn/utils/validation.py:2691: UserWarning: X does not have valid feature names, but LGBMRegressor was fitted with feature names
  warnings.warn(
/usr/local/lib/python3.11/site-packages/sklearn/utils/validation.py:2691: UserWarning: X does not have valid feature names, but LGBMRegressor was fitted with feature names
  warnings.warn(
/usr/local/lib/python3.11/site-packages/sklearn/utils/validation.py:2691: UserWarning: X does not have valid feature names, but LGBMRegressor was fitted with feature names
  warnings.warn(
/usr/local/lib/python3.11/site-packages/sklearn/utils/validation.py:2691: UserWarning: X does not have valid feature names, but LGBMRegressor was fitted with feature names
  warnings.warn(
/usr/local/lib/python3.11/site-packages/sklearn/utils/validation.py:2691: UserWarning: X does not have valid feature names, but LGBMRegressor was fitted with feature names
  warnings.warn(
/usr/local/lib/python3.11/site-packages/sklearn/utils/validation.py:2691: UserWarning: X does not have valid feature names, but LGBMRegressor was fitted with feature names
  warnings.warn(
/usr/local/lib/python3.11/site-packages/sklearn/utils/validation.py:2691: UserWarning: X does not have valid feature names, but LGBMRegressor was fitted with feature names
  warnings.warn(
/usr/local/lib/python3.11/site-packages/sklearn/utils/validation.py:2691: UserWarning: X does not have valid feature names, but LGBMRegressor was fitted with feature names
  warnings.warn(
/usr/local/lib/python3.11/site-packages/sklearn/utils/validation.py:2691: UserWarning: X does not have valid feature names, but LGBMRegressor was fitted with feature names
  warnings.warn(
/usr/local/lib/python3.11/site-packages/sklearn/utils/validation.py:2691: UserWarning: X does not have valid feature names, but LGBMRegressor was fitted with feature names
  warnings.warn(
/usr/local/lib/python3.11/site-packages/sklearn/utils/validation.py:2691: UserWarning: X does not have valid feature names, but LGBMRegressor was fitted with feature names
  warnings.warn(
/usr/local/lib/python3.11/site-packages/sklearn/utils/validation.py:2691: UserWarning: X does not have valid feature names, but LGBMRegressor was fitted with feature names
  warnings.warn(
/usr/local/lib/python3.11/site-packages/sklearn/utils/validation.py:2691: UserWarning: X does not have valid feature names, but LGBMRegressor was fitted with feature names
  warnings.warn(
/usr/local/lib/python3.11/site-packages/sklearn/utils/validation.py:2691: UserWarning: X does not have valid feature names, but LGBMRegressor was fitted with feature names
  warnings.warn(
/usr/local/lib/python3.11/site-packages/sklearn/utils/validation.py:2691: UserWarning: X does not have valid feature names, but LGBMRegressor was fitted with feature names
  warnings.warn(
/usr/local/lib/python3.11/site-packages/sklearn/utils/validation.py:2691: UserWarning: X does not have valid feature names, but LGBMRegressor was fitted with feature names
  warnings.warn(
/usr/local/lib/python3.11/site-packages/sklearn/utils/validation.py:2691: UserWarning: X does not have valid feature names, but LGBMRegressor was fitted with feature names
  warnings.warn(
/usr/local/lib/python3.11/site-packages/sklearn/utils/validation.py:2691: UserWarning: X does not have valid feature names, but LGBMRegressor was fitted with feature names
  warnings.warn(
/usr/local/lib/python3.11/site-packages/sklearn/utils/validation.py:2691: UserWarning: X does not have valid feature names, but LGBMRegressor was fitted with feature names
  warnings.warn(
/usr/local/lib/python3.11/site-packages/sklearn/utils/validation.py:2691: UserWarning: X does not have valid feature names, but LGBMRegressor was fitted with feature names
  warnings.warn(
/usr/local/lib/python3.11/site-packages/sklearn/utils/validation.py:2691: UserWarning: X does not have valid feature names, but LGBMRegressor was fitted with feature names
  warnings.warn(
/usr/local/lib/python3.11/site-packages/sklearn/utils/validation.py:2691: UserWarning: X does not have valid feature names, but LGBMRegressor was fitted with feature names
  warnings.warn(
/usr/local/lib/python3.11/site-packages/sklearn/utils/validation.py:2691: UserWarning: X does not have valid feature names, but LGBMRegressor was fitted with feature names
  warnings.warn(
/usr/local/lib/python3.11/site-packages/sklearn/utils/validation.py:2691: UserWarning: X does not have valid feature names, but LGBMRegressor was fitted with feature names
  warnings.warn(
/usr/local/lib/python3.11/site-packages/sklearn/utils/validation.py:2691: UserWarning: X does not have valid feature names, but LGBMRegressor was fitted with feature names
  warnings.warn(
/usr/local/lib/python3.11/site-packages/sklearn/utils/validation.py:2691: UserWarning: X does not have valid feature names, but LGBMRegressor was fitted with feature names
  warnings.warn(
/usr/local/lib/python3.11/site-packages/sklearn/utils/validation.py:2691: UserWarning: X does not have valid feature names, but LGBMRegressor was fitted with feature names
  warnings.warn(
/usr/local/lib/python3.11/site-packages/sklearn/utils/validation.py:2691: UserWarning: X does not have valid feature names, but LGBMRegressor was fitted with feature names
  warnings.warn(
/usr/local/lib/python3.11/site-packages/sklearn/utils/validation.py:2691: UserWarning: X does not have valid feature names, but LGBMRegressor was fitted with feature names
  warnings.warn(
/usr/local/lib/python3.11/site-packages/sklearn/utils/validation.py:2691: UserWarning: X does not have valid feature names, but LGBMRegressor was fitted with feature names
  warnings.warn(
/usr/local/lib/python3.11/site-packages/sklearn/utils/validation.py:2691: UserWarning: X does not have valid feature names, but LGBMRegressor was fitted with feature names
  warnings.warn(
/usr/local/lib/python3.11/site-packages/sklearn/utils/validation.py:2691: UserWarning: X does not have valid feature names, but LGBMRegressor was fitted with feature names
  warnings.warn(
/usr/local/lib/python3.11/site-packages/sklearn/utils/validation.py:2691: UserWarning: X does not have valid feature names, but LGBMRegressor was fitted with feature names
  warnings.warn(
/usr/local/lib/python3.11/site-packages/sklearn/utils/validation.py:2691: UserWarning: X does not have valid feature names, but LGBMRegressor was fitted with feature names
  warnings.warn(
/usr/local/lib/python3.11/site-packages/sklearn/utils/validation.py:2691: UserWarning: X does not have valid feature names, but LGBMRegressor was fitted with feature names
  warnings.warn(
/usr/local/lib/python3.11/site-packages/sklearn/utils/validation.py:2691: UserWarning: X does not have valid feature names, but LGBMRegressor was fitted with feature names
  warnings.warn(
/usr/local/lib/python3.11/site-packages/sklearn/utils/validation.py:2691: UserWarning: X does not have valid feature names, but LGBMRegressor was fitted with feature names
  warnings.warn(
/usr/local/lib/python3.11/site-packages/sklearn/utils/validation.py:2691: UserWarning: X does not have valid feature names, but LGBMRegressor was fitted with feature names
  warnings.warn(
/usr/local/lib/python3.11/site-packages/sklearn/utils/validation.py:2691: UserWarning: X does not have valid feature names, but LGBMRegressor was fitted with feature names
  warnings.warn(
/usr/local/lib/python3.11/site-packages/sklearn/utils/validation.py:2691: UserWarning: X does not have valid feature names, but LGBMRegressor was fitted with feature names
  warnings.warn(
/usr/local/lib/python3.11/site-packages/sklearn/utils/validation.py:2691: UserWarning: X does not have valid feature names, but LGBMRegressor was fitted with feature names
  warnings.warn(
/usr/local/lib/python3.11/site-packages/sklearn/utils/validation.py:2691: UserWarning: X does not have valid feature names, but LGBMRegressor was fitted with feature names
  warnings.warn(
/usr/local/lib/python3.11/site-packages/sklearn/utils/validation.py:2691: UserWarning: X does not have valid feature names, but LGBMRegressor was fitted with feature names
  warnings.warn(
/usr/local/lib/python3.11/site-packages/sklearn/utils/validation.py:2691: UserWarning: X does not have valid feature names, but LGBMRegressor was fitted with feature names
  warnings.warn(
/usr/local/lib/python3.11/site-packages/sklearn/utils/validation.py:2691: UserWarning: X does not have valid feature names, but LGBMRegressor was fitted with feature names
  warnings.warn(
/usr/local/lib/python3.11/site-packages/sklearn/utils/validation.py:2691: UserWarning: X does not have valid feature names, but LGBMRegressor was fitted with feature names
  warnings.warn(
/usr/local/lib/python3.11/site-packages/sklearn/utils/validation.py:2691: UserWarning: X does not have valid feature names, but LGBMRegressor was fitted with feature names
  warnings.warn(
/usr/local/lib/python3.11/site-packages/sklearn/utils/validation.py:2691: UserWarning: X does not have valid feature names, but LGBMRegressor was fitted with feature names
  warnings.warn(
/usr/local/lib/python3.11/site-packages/sklearn/utils/validation.py:2691: UserWarning: X does not have valid feature names, but LGBMRegressor was fitted with feature names
  warnings.warn(
/usr/local/lib/python3.11/site-packages/sklearn/utils/validation.py:2691: UserWarning: X does not have valid feature names, but LGBMRegressor was fitted with feature names
  warnings.warn(
/usr/local/lib/python3.11/site-packages/sklearn/utils/validation.py:2691: UserWarning: X does not have valid feature names, but LGBMRegressor was fitted with feature names
  warnings.warn(
/usr/local/lib/python3.11/site-packages/sklearn/utils/validation.py:2691: UserWarning: X does not have valid feature names, but LGBMRegressor was fitted with feature names
  warnings.warn(
/usr/local/lib/python3.11/site-packages/sklearn/utils/validation.py:2691: UserWarning: X does not have valid feature names, but LGBMRegressor was fitted with feature names
  warnings.warn(
/usr/local/lib/python3.11/site-packages/sklearn/utils/validation.py:2691: UserWarning: X does not have valid feature names, but LGBMRegressor was fitted with feature names
  warnings.warn(
/usr/local/lib/python3.11/site-packages/sklearn/utils/validation.py:2691: UserWarning: X does not have valid feature names, but LGBMRegressor was fitted with feature names
  warnings.warn(
/usr/local/lib/python3.11/site-packages/sklearn/utils/validation.py:2691: UserWarning: X does not have valid feature names, but LGBMRegressor was fitted with feature names
  warnings.warn(
/usr/local/lib/python3.11/site-packages/sklearn/utils/validation.py:2691: UserWarning: X does not have valid feature names, but LGBMRegressor was fitted with feature names
  warnings.warn(
/usr/local/lib/python3.11/site-packages/sklearn/utils/validation.py:2691: UserWarning: X does not have valid feature names, but LGBMRegressor was fitted with feature names
  warnings.warn(
/usr/local/lib/python3.11/site-packages/sklearn/utils/validation.py:2691: UserWarning: X does not have valid feature names, but LGBMRegressor was fitted with feature names
  warnings.warn(
/usr/local/lib/python3.11/site-packages/sklearn/utils/validation.py:2691: UserWarning: X does not have valid feature names, but LGBMRegressor was fitted with feature names
  warnings.warn(
/usr/local/lib/python3.11/site-packages/sklearn/utils/validation.py:2691: UserWarning: X does not have valid feature names, but LGBMRegressor was fitted with feature names
  warnings.warn(
/usr/local/lib/python3.11/site-packages/sklearn/utils/validation.py:2691: UserWarning: X does not have valid feature names, but LGBMRegressor was fitted with feature names
  warnings.warn(
/usr/local/lib/python3.11/site-packages/sklearn/utils/validation.py:2691: UserWarning: X does not have valid feature names, but LGBMRegressor was fitted with feature names
  warnings.warn(
/usr/local/lib/python3.11/site-packages/sklearn/utils/validation.py:2691: UserWarning: X does not have valid feature names, but LGBMRegressor was fitted with feature names
  warnings.warn(
/usr/local/lib/python3.11/site-packages/sklearn/utils/validation.py:2691: UserWarning: X does not have valid feature names, but LGBMRegressor was fitted with feature names
  warnings.warn(
/usr/local/lib/python3.11/site-packages/sklearn/utils/validation.py:2691: UserWarning: X does not have valid feature names, but LGBMRegressor was fitted with feature names
  warnings.warn(
/usr/local/lib/python3.11/site-packages/sklearn/utils/validation.py:2691: UserWarning: X does not have valid feature names, but LGBMRegressor was fitted with feature names
  warnings.warn(
/usr/local/lib/python3.11/site-packages/sklearn/utils/validation.py:2691: UserWarning: X does not have valid feature names, but LGBMRegressor was fitted with feature names
  warnings.warn(
/usr/local/lib/python3.11/site-packages/sklearn/utils/validation.py:2691: UserWarning: X does not have valid feature names, but LGBMRegressor was fitted with feature names
  warnings.warn(
/usr/local/lib/python3.11/site-packages/sklearn/utils/validation.py:2691: UserWarning: X does not have valid feature names, but LGBMRegressor was fitted with feature names
  warnings.warn(
/usr/local/lib/python3.11/site-packages/sklearn/utils/validation.py:2691: UserWarning: X does not have valid feature names, but LGBMRegressor was fitted with feature names
  warnings.warn(
/usr/local/lib/python3.11/site-packages/sklearn/utils/validation.py:2691: UserWarning: X does not have valid feature names, but LGBMRegressor was fitted with feature names
  warnings.warn(
/usr/local/lib/python3.11/site-packages/sklearn/utils/validation.py:2691: UserWarning: X does not have valid feature names, but LGBMRegressor was fitted with feature names
  warnings.warn(
/usr/local/lib/python3.11/site-packages/sklearn/utils/validation.py:2691: UserWarning: X does not have valid feature names, but LGBMRegressor was fitted with feature names
  warnings.warn(
/usr/local/lib/python3.11/site-packages/sklearn/utils/validation.py:2691: UserWarning: X does not have valid feature names, but LGBMRegressor was fitted with feature names
  warnings.warn(
/usr/local/lib/python3.11/site-packages/sklearn/utils/validation.py:2691: UserWarning: X does not have valid feature names, but LGBMRegressor was fitted with feature names
  warnings.warn(
/usr/local/lib/python3.11/site-packages/sklearn/utils/validation.py:2691: UserWarning: X does not have valid feature names, but LGBMRegressor was fitted with feature names
  warnings.warn(
/usr/local/lib/python3.11/site-packages/sklearn/utils/validation.py:2691: UserWarning: X does not have valid feature names, but LGBMRegressor was fitted with feature names
  warnings.warn(
/usr/local/lib/python3.11/site-packages/sklearn/utils/validation.py:2691: UserWarning: X does not have valid feature names, but LGBMRegressor was fitted with feature names
  warnings.warn(
/usr/local/lib/python3.11/site-packages/sklearn/utils/validation.py:2691: UserWarning: X does not have valid feature names, but LGBMRegressor was fitted with feature names
  warnings.warn(
/usr/local/lib/python3.11/site-packages/sklearn/utils/validation.py:2691: UserWarning: X does not have valid feature names, but LGBMRegressor was fitted with feature names
  warnings.warn(
/usr/local/lib/python3.11/site-packages/sklearn/utils/validation.py:2691: UserWarning: X does not have valid feature names, but LGBMRegressor was fitted with feature names
  warnings.warn(
/usr/local/lib/python3.11/site-packages/sklearn/utils/validation.py:2691: UserWarning: X does not have valid feature names, but LGBMRegressor was fitted with feature names
  warnings.warn(
/usr/local/lib/python3.11/site-packages/sklearn/utils/validation.py:2691: UserWarning: X does not have valid feature names, but LGBMRegressor was fitted with feature names
  warnings.warn(
/usr/local/lib/python3.11/site-packages/sklearn/utils/validation.py:2691: UserWarning: X does not have valid feature names, but LGBMRegressor was fitted with feature names
  warnings.warn(
/usr/local/lib/python3.11/site-packages/sklearn/utils/validation.py:2691: UserWarning: X does not have valid feature names, but LGBMRegressor was fitted with feature names
  warnings.warn(
/usr/local/lib/python3.11/site-packages/sklearn/utils/validation.py:2691: UserWarning: X does not have valid feature names, but LGBMRegressor was fitted with feature names
  warnings.warn(
/usr/local/lib/python3.11/site-packages/sklearn/utils/validation.py:2691: UserWarning: X does not have valid feature names, but LGBMRegressor was fitted with feature names
  warnings.warn(
/usr/local/lib/python3.11/site-packages/sklearn/utils/validation.py:2691: UserWarning: X does not have valid feature names, but LGBMRegressor was fitted with feature names
  warnings.warn(
/usr/local/lib/python3.11/site-packages/sklearn/utils/validation.py:2691: UserWarning: X does not have valid feature names, but LGBMRegressor was fitted with feature names
  warnings.warn(
/usr/local/lib/python3.11/site-packages/sklearn/utils/validation.py:2691: UserWarning: X does not have valid feature names, but LGBMRegressor was fitted with feature names
  warnings.warn(
/usr/local/lib/python3.11/site-packages/sklearn/utils/validation.py:2691: UserWarning: X does not have valid feature names, but LGBMRegressor was fitted with feature names
  warnings.warn(
/usr/local/lib/python3.11/site-packages/sklearn/utils/validation.py:2691: UserWarning: X does not have valid feature names, but LGBMRegressor was fitted with feature names
  warnings.warn(
127.0.0.1 - - [16/May/2026 09:04:02] "GET /health HTTP/1.1" 200 -
/usr/local/lib/python3.11/site-packages/sklearn/utils/validation.py:2691: UserWarning: X does not have valid feature names, but LGBMRegressor was fitted with feature names
  warnings.warn(
/usr/local/lib/python3.11/site-packages/sklearn/utils/validation.py:2691: UserWarning: X does not have valid feature names, but LGBMRegressor was fitted with feature names
  warnings.warn(
/usr/local/lib/python3.11/site-packages/sklearn/utils/validation.py:2691: UserWarning: X does not have valid feature names, but LGBMRegressor was fitted with feature names
  warnings.warn(
/usr/local/lib/python3.11/site-packages/sklearn/utils/validation.py:2691: UserWarning: X does not have valid feature names, but LGBMRegressor was fitted with feature names
  warnings.warn(
/usr/local/lib/python3.11/site-packages/sklearn/utils/validation.py:2691: UserWarning: X does not have valid feature names, but LGBMRegressor was fitted with feature names
  warnings.warn(
/usr/local/lib/python3.11/site-packages/sklearn/utils/validation.py:2691: UserWarning: X does not have valid feature names, but LGBMRegressor was fitted with feature names
  warnings.warn(
/usr/local/lib/python3.11/site-packages/sklearn/utils/validation.py:2691: UserWarning: X does not have valid feature names, but LGBMRegressor was fitted with feature names
  warnings.warn(
/usr/local/lib/python3.11/site-packages/sklearn/utils/validation.py:2691: UserWarning: X does not have valid feature names, but LGBMRegressor was fitted with feature names
  warnings.warn(
/usr/local/lib/python3.11/site-packages/sklearn/utils/validation.py:2691: UserWarning: X does not have valid feature names, but LGBMRegressor was fitted with feature names
  warnings.warn(
/usr/local/lib/python3.11/site-packages/sklearn/utils/validation.py:2691: UserWarning: X does not have valid feature names, but LGBMRegressor was fitted with feature names
  warnings.warn(
/usr/local/lib/python3.11/site-packages/sklearn/utils/validation.py:2691: UserWarning: X does not have valid feature names, but LGBMRegressor was fitted with feature names
  warnings.warn(
/usr/local/lib/python3.11/site-packages/sklearn/utils/validation.py:2691: UserWarning: X does not have valid feature names, but LGBMRegressor was fitted with feature names
  warnings.warn(
/usr/local/lib/python3.11/site-packages/sklearn/utils/validation.py:2691: UserWarning: X does not have valid feature names, but LGBMRegressor was fitted with feature names
  warnings.warn(
/usr/local/lib/python3.11/site-packages/sklearn/utils/validation.py:2691: UserWarning: X does not have valid feature names, but LGBMRegressor was fitted with feature names
  warnings.warn(
/usr/local/lib/python3.11/site-packages/sklearn/utils/validation.py:2691: UserWarning: X does not have valid feature names, but LGBMRegressor was fitted with feature names
  warnings.warn(
/usr/local/lib/python3.11/site-packages/sklearn/utils/validation.py:2691: UserWarning: X does not have valid feature names, but LGBMRegressor was fitted with feature names
  warnings.warn(
/usr/local/lib/python3.11/site-packages/sklearn/utils/validation.py:2691: UserWarning: X does not have valid feature names, but LGBMRegressor was fitted with feature names
  warnings.warn(
2026-05-16 09:04:03,680 - INFO - === PERMUTATION IMPORTANCE (val set, 10 repeats) ===
2026-05-16 09:04:03,681 - INFO -   indoor_temp                     0.4614
2026-05-16 09:04:03,681 - INFO -   pv_forecast_1h                  0.0128
2026-05-16 09:04:03,681 - INFO -   pv_forecast_2h                  0.0078
2026-05-16 09:04:03,681 - INFO -   hour_cos                        0.0061
2026-05-16 09:04:03,681 - INFO -   indoor_trend_1h                 0.0057
2026-05-16 09:04:03,681 - INFO -   AT_roh_2h                       0.0052
2026-05-16 09:04:03,682 - INFO -   PV_Generate                     0.0038
2026-05-16 09:04:03,682 - INFO -   thermal_power_rolling_1h        0.0035
2026-05-16 09:04:03,682 - INFO -   AT                              0.0023
2026-05-16 09:04:03,682 - INFO -   AT_roh_3h                       0.0022
2026-05-16 09:04:03,682 - INFO -   hour_sin                        0.0021
2026-05-16 09:04:03,682 - INFO -   pv_forecast_4h                  0.0020
2026-05-16 09:04:03,682 - INFO -   AT_roh_1h                       0.0018
2026-05-16 09:04:03,683 - INFO -   AT_roh_4h                       0.0016
2026-05-16 09:04:03,683 - INFO -   pv_forecast_3h                  0.0014
2026-05-16 09:04:03,683 - INFO -   RLT                             0.0014
2026-05-16 09:04:03,683 - INFO -   indoor_margin                   0.0013
2026-05-16 09:04:03,683 - INFO -   indoor_trend_30m                0.0009
2026-05-16 09:04:03,683 - INFO -   fireplace_on                    0.0008
2026-05-16 09:04:03,683 - INFO -   doy_cos                         0.0007
2026-05-16 09:04:03,684 - INFO -   VLT                             0.0007
2026-05-16 09:04:03,684 - INFO -   at_delta_indoor                 0.0006
2026-05-16 09:04:03,684 - INFO -   fireplace_lag_2h                0.0005
2026-05-16 09:04:03,684 - INFO -   tv_lag_1h                       0.0002
2026-05-16 09:04:03,684 - INFO -   pv_roll_1h                      0.0002
2026-05-16 09:04:03,684 - INFO -   outlet_indoor_diff              0.0001
2026-05-16 09:04:03,684 - INFO -   pv_roll_2h                      0.0001
2026-05-16 09:04:03,685 - INFO -   is_weekend                      0.0001
2026-05-16 09:04:03,685 - INFO -   tv_on                           0.0001
2026-05-16 09:04:03,685 - INFO -   delta_t                         0.0001
2026-05-16 09:04:03,685 - INFO -   fireplace_lag_1h                0.0001
2026-05-16 09:04:03,685 - INFO -   indoor_temp_gradient            0.0000
2026-05-16 09:04:03,685 - INFO -   doy_sin                         0.0000
2026-05-16 09:04:03,685 - INFO -   thermal_power_kw                0.0000
2026-05-16 09:04:03,686 - INFO -   wind_speed                      0.0000
2026-05-16 09:04:03,686 - INFO -   living_room_temp                0.0000
2026-05-16 09:04:03,686 - INFO -   is_hp_active                    0.0000
2026-05-16 09:04:03,686 - INFO -   indoor_margin_rate              0.0000
2026-05-16 09:04:03,686 - INFO -   is_overshoot                    0.0000
2026-05-16 09:04:03,686 - INFO -   tv_lag_30m                      -0.0001
2026-05-16 09:04:03,697 - INFO - === HEATING CORRECTION ML CALIBRATION COMPLETE: model → /config/ml_heating/heating_correction_ml_model.joblib | MAE=0.1387 R²=0.8525 ===
2026-05-16 09:04:03,701 - INFO - ✅ Heating correction ML model retrained and reloaded
2026-05-16 09:04:03,726 - DEBUG - ♻️ Reusing existing Model Wrapper instance
2026-05-16 09:04:03,733 - INFO - DEBUG: Wrapper params: U=0.12035197370821737, eff=0.8283017284451556, tau=4.8345275867350885
2026-05-16 09:04:03,733 - INFO - ☀️ PV surplus 7390W (threshold 1500W): target 22.6 → 23.1°C (CHEAP ramp offset +0.50)
2026-05-16 09:04:03,734 - DEBUG - 🔧 Using natural bounds: outlet_min=23.0°C, outlet_max=35.0°C
2026-05-16 09:04:03,734 - INFO - 🌡️ Using cycle-aligned forecast (10min): outdoor=8.9°C (vs current 8.9°C), PV=3258W (vs current 3113W)
2026-05-16 09:04:03,734 - DEBUG - DEBUG: Using PV history (len=18) instead of scalar 3257.7268518518517
2026-05-16 09:04:03,734 - INFO - 🔄 HP off (delta_t=-0.10, mode=heating): simulating HP-on delta_t=2.49 for binary search
2026-05-16 09:04:03,734 - DEBUG - 🎯 Binary search start: target=23.1°C, current=22.6°C, range=23.0-35.0°C
2026-05-16 09:04:03,734 - DEBUG - 🔍 Binary search features: inlet_temp=23.8, delta_t_floor=2.49, indoor_temp_delta_60m=0.0208, horizon=12.0h, outlet_mid=29.0°C
2026-05-16 09:04:03,737 - DEBUG - ✅ Binary search trajectory OK (iter 1): outlet=29.0°C → predicted=26.53°C (steps=72, start=22.75→end=26.53)
2026-05-16 09:04:03,737 - DEBUG -    Iteration 1: outlet=29.0°C → predicted=26.53°C, error=3.426°C (range: 23.0-35.0°C)
2026-05-16 09:04:03,737 - DEBUG -      → Heating: Predicted too high, lowering maximum to 29.0°C
2026-05-16 09:04:03,739 - DEBUG -    Iteration 2: outlet=26.0°C → predicted=24.40°C, error=1.302°C (range: 23.0-29.0°C)
2026-05-16 09:04:03,739 - DEBUG -      → Heating: Predicted too high, lowering maximum to 26.0°C
2026-05-16 09:04:03,741 - DEBUG -    Iteration 3: outlet=24.5°C → predicted=23.34°C, error=0.239°C (range: 23.0-26.0°C)
2026-05-16 09:04:03,741 - DEBUG -      → Heating: Predicted too high, lowering maximum to 24.5°C
2026-05-16 09:04:03,744 - DEBUG -    Iteration 4: outlet=23.8°C → predicted=22.82°C, error=-0.283°C (range: 23.0-24.5°C)
2026-05-16 09:04:03,744 - DEBUG -      → Heating: Predicted too low, raising minimum to 23.8°C
2026-05-16 09:04:03,746 - DEBUG -    Iteration 5: outlet=24.1°C → predicted=23.07°C, error=-0.027°C (range: 23.8-24.5°C)
2026-05-16 09:04:03,746 - DEBUG -      → Heating: Predicted too low, raising minimum to 24.1°C
2026-05-16 09:04:03,748 - DEBUG -    Iteration 6: outlet=24.3°C → predicted=23.21°C, error=0.106°C (range: 24.1-24.5°C)
2026-05-16 09:04:03,748 - DEBUG -      → Heating: Predicted too high, lowering maximum to 24.3°C
2026-05-16 09:04:03,751 - DEBUG -    Iteration 7: outlet=24.2°C → predicted=23.14°C, error=0.040°C (range: 24.1-24.3°C)
2026-05-16 09:04:03,751 - DEBUG -      → Heating: Predicted too high, lowering maximum to 24.2°C
2026-05-16 09:04:03,753 - DEBUG -    Iteration 8: outlet=24.2°C → predicted=23.11°C, error=0.007°C (range: 24.1-24.2°C)
2026-05-16 09:04:03,753 - INFO - ✅ Binary search converged after 8 iterations: 24.2°C → 23.11°C (target: 23.1°C, error: 0.007°C)
2026-05-16 09:04:03,753 - DEBUG - 🔬 Equilibrium physics: outlet=24.2°C, outdoor=8.9°C, heat_loss_coeff=0.120, outlet_eff=0.828, equilibrium=24.99°C
2026-05-16 09:04:03,754 - DEBUG - 🔍 Multi-horizon predictions for target 23.1°C:
2026-05-16 09:04:03,755 - DEBUG -         current: 22.1°C → 23.1°C (error: +0.03°C, outdoor: 8.9°C, PV: 3113W) 
2026-05-16 09:04:03,755 - DEBUG -    cycle(10min): 22.1°C → 23.2°C (error: +0.07°C, outdoor: 8.9°C, PV: 3258W) ← NEW: Cycle-aligned
2026-05-16 09:04:03,755 - DEBUG -              1h: 21.7°C → 23.1°C (error: -0.01°C, outdoor: 8.9°C, PV: 4854W) 
2026-05-16 09:04:03,755 - DEBUG -              2h: 21.9°C → 23.0°C (error: -0.09°C, outdoor: 9.8°C, PV: 3004W) 
2026-05-16 09:04:03,755 - DEBUG -              3h: 21.7°C → 23.1°C (error: -0.00°C, outdoor: 9.3°C, PV: 4486W) 
2026-05-16 09:04:03,755 - DEBUG -              4h: 21.4°C → 23.1°C (error: -0.02°C, outdoor: 10.7°C, PV: 4491W) 
2026-05-16 09:04:03,755 - DEBUG -             avg: 22.3°C → 23.2°C (error: +0.07°C, outdoor: 10.0°C, PV: 2457W) 
2026-05-16 09:04:03,758 - DEBUG - Slab: inlet=23.8°C, outlet=24.2°C, Δ=+0.4°C, τ=4.00h
2026-05-16 09:04:03,758 - DEBUG - 🔍 Trajectory prediction using forecast arrays: outdoor=[8.909677419354841, 8.91, 9.81, 9.31, 10.71, 11.11, 10.21, 10.81, 11.01, 10.51, 10.51, 9.91, 7.71], PV=[3112.6111111111113, 4854.0, 3003.8, 4486.2, 4491.2, 2214.0, 2549.0, 2264.8, 2739.5, 1727.5, 977.2, 181.8, 0.0]
2026-05-16 09:04:03,758 - DEBUG - 🔍 Trajectory DEBUG: outlet=24.2°C → 0.2h_prediction=22.67°C (vs target 23.1°C, error: -0.429°C), reaches_target_at=1.1666666666666665h, cycle_time=0.2h
2026-05-16 09:04:03,758 - DEBUG - 🔍 Trajectory predictions for target 23.1°C:
2026-05-16 09:04:03,758 - DEBUG -     0.2h: 22.67°C → target 23.10°C (error: -0.43°C)
2026-05-16 09:04:03,759 - DEBUG -     0.3h: 22.74°C → target 23.10°C (error: -0.36°C)
2026-05-16 09:04:03,759 - DEBUG -     0.5h: 22.80°C → target 23.10°C (error: -0.30°C)
2026-05-16 09:04:03,759 - DEBUG -     0.7h: 22.85°C → target 23.10°C (error: -0.25°C)
2026-05-16 09:04:03,759 - DEBUG -     0.8h: 22.91°C → target 23.10°C (error: -0.19°C)
2026-05-16 09:04:03,759 - DEBUG -     1.0h: 22.96°C → target 23.10°C (error: -0.14°C)
2026-05-16 09:04:03,759 - DEBUG -     1.2h: 23.02°C → target 23.10°C (error: -0.08°C)
2026-05-16 09:04:03,759 - DEBUG -     1.3h: 23.07°C → target 23.10°C (error: -0.03°C)
2026-05-16 09:04:03,759 - DEBUG -     1.5h: 23.12°C → target 23.10°C (error: +0.02°C)
2026-05-16 09:04:03,759 - DEBUG -     1.7h: 23.17°C → target 23.10°C (error: +0.07°C)
2026-05-16 09:04:03,759 - DEBUG -     1.8h: 23.21°C → target 23.10°C (error: +0.11°C)
2026-05-16 09:04:03,759 - DEBUG -     2.0h: 23.25°C → target 23.10°C (error: +0.15°C)
2026-05-16 09:04:03,759 - DEBUG -     2.2h: 23.29°C → target 23.10°C (error: +0.19°C)
2026-05-16 09:04:03,760 - DEBUG -     2.3h: 23.33°C → target 23.10°C (error: +0.23°C)
2026-05-16 09:04:03,760 - DEBUG -     2.5h: 23.36°C → target 23.10°C (error: +0.26°C)
2026-05-16 09:04:03,763 - DEBUG -     2.7h: 23.40°C → target 23.10°C (error: +0.30°C)
2026-05-16 09:04:03,763 - DEBUG -     2.8h: 23.43°C → target 23.10°C (error: +0.33°C)
2026-05-16 09:04:03,763 - DEBUG -     3.0h: 23.46°C → target 23.10°C (error: +0.36°C)
2026-05-16 09:04:03,763 - DEBUG -     3.2h: 23.49°C → target 23.10°C (error: +0.39°C)
2026-05-16 09:04:03,763 - DEBUG -     3.3h: 23.53°C → target 23.10°C (error: +0.43°C)
2026-05-16 09:04:03,764 - DEBUG -     3.5h: 23.56°C → target 23.10°C (error: +0.46°C)
2026-05-16 09:04:03,764 - DEBUG -     3.7h: 23.59°C → target 23.10°C (error: +0.49°C)
2026-05-16 09:04:03,764 - DEBUG -     3.8h: 23.62°C → target 23.10°C (error: +0.52°C)
2026-05-16 09:04:03,764 - DEBUG -     4.0h: 23.66°C → target 23.10°C (error: +0.56°C)
2026-05-16 09:04:03,764 - DEBUG -     4.2h: 23.69°C → target 23.10°C (error: +0.59°C)
2026-05-16 09:04:03,764 - DEBUG -     4.3h: 23.72°C → target 23.10°C (error: +0.62°C)
2026-05-16 09:04:03,764 - DEBUG -     4.5h: 23.74°C → target 23.10°C (error: +0.64°C)
2026-05-16 09:04:03,764 - DEBUG -     4.7h: 23.77°C → target 23.10°C (error: +0.67°C)
2026-05-16 09:04:03,764 - DEBUG -     4.8h: 23.79°C → target 23.10°C (error: +0.69°C)
2026-05-16 09:04:03,764 - DEBUG -     5.0h: 23.81°C → target 23.10°C (error: +0.71°C)
2026-05-16 09:04:03,764 - DEBUG -     5.2h: 23.82°C → target 23.10°C (error: +0.72°C)
2026-05-16 09:04:03,764 - DEBUG -     5.3h: 23.83°C → target 23.10°C (error: +0.73°C)
2026-05-16 09:04:03,764 - DEBUG -     5.5h: 23.83°C → target 23.10°C (error: +0.73°C)
2026-05-16 09:04:03,764 - DEBUG -     5.7h: 23.83°C → target 23.10°C (error: +0.73°C)
2026-05-16 09:04:03,764 - DEBUG -     5.8h: 23.83°C → target 23.10°C (error: +0.73°C)
2026-05-16 09:04:03,764 - DEBUG -     6.0h: 23.84°C → target 23.10°C (error: +0.74°C)
2026-05-16 09:04:03,764 - DEBUG -     6.2h: 23.84°C → target 23.10°C (error: +0.74°C)
2026-05-16 09:04:03,764 - DEBUG -     6.3h: 23.84°C → target 23.10°C (error: +0.74°C)
2026-05-16 09:04:03,764 - DEBUG -     6.5h: 23.85°C → target 23.10°C (error: +0.75°C)
2026-05-16 09:04:03,764 - DEBUG -     6.7h: 23.85°C → target 23.10°C (error: +0.75°C)
2026-05-16 09:04:03,764 - DEBUG -     6.8h: 23.85°C → target 23.10°C (error: +0.75°C)
2026-05-16 09:04:03,764 - DEBUG -     7.0h: 23.85°C → target 23.10°C (error: +0.75°C)
2026-05-16 09:04:03,764 - DEBUG -     7.2h: 23.86°C → target 23.10°C (error: +0.76°C)
2026-05-16 09:04:03,764 - DEBUG -     7.3h: 23.86°C → target 23.10°C (error: +0.76°C)
2026-05-16 09:04:03,764 - DEBUG -     7.5h: 23.86°C → target 23.10°C (error: +0.76°C)
2026-05-16 09:04:03,764 - DEBUG -     7.7h: 23.86°C → target 23.10°C (error: +0.76°C)
2026-05-16 09:04:03,764 - DEBUG -     7.8h: 23.86°C → target 23.10°C (error: +0.76°C)
2026-05-16 09:04:03,764 - DEBUG -     8.0h: 23.87°C → target 23.10°C (error: +0.77°C)
2026-05-16 09:04:03,764 - DEBUG -     8.2h: 23.87°C → target 23.10°C (error: +0.77°C)
2026-05-16 09:04:03,764 - DEBUG -     8.3h: 23.88°C → target 23.10°C (error: +0.78°C)
2026-05-16 09:04:03,764 - DEBUG -     8.5h: 23.88°C → target 23.10°C (error: +0.78°C)
2026-05-16 09:04:03,764 - DEBUG -     8.7h: 23.88°C → target 23.10°C (error: +0.78°C)
2026-05-16 09:04:03,765 - DEBUG -     8.8h: 23.87°C → target 23.10°C (error: +0.77°C)
2026-05-16 09:04:03,765 - DEBUG -     9.0h: 23.87°C → target 23.10°C (error: +0.77°C)
2026-05-16 09:04:03,765 - DEBUG -     9.2h: 23.85°C → target 23.10°C (error: +0.75°C)
2026-05-16 09:04:03,765 - DEBUG -     9.3h: 23.84°C → target 23.10°C (error: +0.74°C)
2026-05-16 09:04:03,765 - DEBUG -     9.5h: 23.82°C → target 23.10°C (error: +0.72°C)
2026-05-16 09:04:03,765 - DEBUG -     9.7h: 23.80°C → target 23.10°C (error: +0.70°C)
2026-05-16 09:04:03,765 - DEBUG -     9.8h: 23.77°C → target 23.10°C (error: +0.67°C)
2026-05-16 09:04:03,765 - DEBUG -     10.0h: 23.74°C → target 23.10°C (error: +0.64°C)
2026-05-16 09:04:03,765 - DEBUG -     10.2h: 23.71°C → target 23.10°C (error: +0.61°C)
2026-05-16 09:04:03,765 - DEBUG -     10.3h: 23.67°C → target 23.10°C (error: +0.57°C)
2026-05-16 09:04:03,765 - DEBUG -     10.5h: 23.63°C → target 23.10°C (error: +0.53°C)
2026-05-16 09:04:03,765 - DEBUG -     10.7h: 23.59°C → target 23.10°C (error: +0.49°C)
2026-05-16 09:04:03,765 - DEBUG -     10.8h: 23.54°C → target 23.10°C (error: +0.44°C)
2026-05-16 09:04:03,765 - DEBUG -     11.0h: 23.48°C → target 23.10°C (error: +0.38°C)
2026-05-16 09:04:03,765 - DEBUG -     11.2h: 23.43°C → target 23.10°C (error: +0.33°C)
2026-05-16 09:04:03,765 - DEBUG -     11.3h: 23.37°C → target 23.10°C (error: +0.27°C)
2026-05-16 09:04:03,765 - DEBUG -     11.5h: 23.30°C → target 23.10°C (error: +0.20°C)
2026-05-16 09:04:03,765 - DEBUG -     11.7h: 23.24°C → target 23.10°C (error: +0.14°C)
2026-05-16 09:04:03,765 - DEBUG -     11.8h: 23.17°C → target 23.10°C (error: +0.07°C)
2026-05-16 09:04:03,765 - DEBUG -     12.0h: 23.11°C → target 23.10°C (error: +0.01°C)
2026-05-16 09:04:03,765 - INFO - ⚠️ Target will NOT be reached within 0.2h cycle (+tolerance) - applying physics-based correction
2026-05-16 09:04:03,765 - INFO - 🔄 [Newton] Skipping overshoot correction (both violated, max wins): projected indoor 22.61°C < target+0.1 (23.2°C) — house self-correcting
2026-05-16 09:04:03,775 - INFO - HeatingCorrectionMLModel: loaded heating_correction_ml_model.joblib | features=40 R²=0.8525 MAE=0.1387
2026-05-16 09:04:03,778 - DEBUG - HeatingCorrectionMLModel: raw ΔT_outlet=-0.001°C (R²=0.8525)
2026-05-16 09:04:03,778 - INFO - 🤖 [ML correction] R²=0.852 w=0.852 Δphysics=+0.000°C Δml=-0.001°C Δblend=-0.001°C → outlet=24.2°C
2026-05-16 09:04:03,778 - DEBUG - 🧠 Smart rounding is using cycle-aligned forecast: PV=3258W (caller sent PV=3113W)
2026-05-16 09:04:03,779 - INFO - 🎯 Prediction: Current 22.66°C → Target 22.6°C | Calculated outlet: 24.2°C (before smart rounding) (confidence: 5.000)
2026-05-16 09:04:03,779 - DEBUG - Model Wrapper: temp=24.2°C, error=0.060°C, confidence=5.000
2026-05-16 09:04:03,779 - DEBUG - EMA smoothing: 24.17°C → 23.6°C (last=23.0, α=0.50)
2026-05-16 09:04:03,779 - DEBUG - ♻️ Reusing existing Model Wrapper instance
2026-05-16 09:04:03,779 - INFO - 🌡️ Using cycle-aligned forecast (10min): outdoor=9.8°C (vs current 9.9°C), PV=3258W (vs current 3113W)
2026-05-16 09:04:03,779 - DEBUG - 🧠 Smart rounding is using cycle-aligned forecast: PV=3258W (caller sent PV=3258W)
2026-05-16 09:04:03,779 - DEBUG - 🧠 Smart rounding is using cycle-aligned forecast: PV=3258W (caller sent PV=3258W)
2026-05-16 09:04:03,780 - DEBUG - Smart rounding: 23.60°C → 23°C (chose floor: floor→22.70°C [err=0.104], ceiling→22.73°C [err=0.132], target=22.6°C)
2026-05-16 09:04:03,780 - DEBUG - Setting target outlet temp
2026-05-16 09:04:03,780 - DEBUG - Setting HA state for sensor.ml_vorlauftemperatur: {'state': '23.6', 'attributes': {'state_class': 'measurement', 'unique_id': 'ml_heating_target_outlet_temp', 'friendly_name': 'ML Target Outlet Temp', 'unit_of_measurement': '°C', 'device_class': 'temperature', 'icon': 'mdi:thermometer-water'}}
2026-05-16 09:04:03,872 - DEBUG - Logging thermal model metrics
2026-05-16 09:04:03,872 - DEBUG - Setting HA state for sensor.ml_heating_state: {'state': '0', 'attributes': {'state_class': 'measurement', 'unique_id': 'ml_heating_state', 'friendly_name': 'ML Heating State', 'unit_of_measurement': 'state', 'icon': 'mdi:information-outline', 'state_description': 'OK - Prediction done', 'confidence': 5.0, 'suggested_temp': 24.17, 'final_temp': 23.6, 'predicted_indoor': 22.66, 'last_prediction_time': '2026-05-16T07:04:03.872586+00:00', 'temperature_error': 0.06, 'pre_cool_active': False, 'pre_cool_peak_temp': None, 'pre_cool_peak_hour': None}}
2026-05-16 09:04:03,889 - DEBUG - ✅ ACTIVE MODE: ML controlling heating via input_boolean.ml_heating
2026-05-16 09:04:03,889 - DEBUG - 🧠 Smart rounding is using cycle-aligned forecast: PV=3258W (caller sent PV=3113W)
2026-05-16 09:04:03,889 - DEBUG - Target: 22.6°C | Suggested: 24.2°C | Applied: 23.6°C | Actual Indoor: 22.66°C | Predicted Indoor: 22.72°C | Confidence: 5.000
2026-05-16 09:04:03,890 - INFO - Target: 22.6°C | Suggested: 24.2°C | Applied: 23.6°C | Actual Indoor: 22.66°C | Predicted Indoor: 22.72°C | Confidence: 5.000
2026-05-16 09:04:04,070 - DEBUG - 💾 Saved unified thermal state to /config/ml_heating/unified_thermal_state.json
2026-05-16 09:04:04,072 - DEBUG - Operational state saved to /config/ml_heating/unified_thermal_state.json; updated keys: ['last_run_features', 'last_indoor_temp', 'last_avg_other_rooms_temp', 'last_fireplace_on', 'last_final_temp', 'last_climate_mode', 'last_target_indoor_temp', 'last_predicted_indoor', 'last_is_blocking', 'last_blocking_reasons', 'setpoint_hold_cycles_remaining']
2026-05-16 09:04:04,072 - DEBUG - Setting HA state for sensor.ml_heating_features: {'state': '22.62', 'attributes': {'state_class': 'measurement', 'unique_id': 'ml_heating_features', 'friendly_name': 'ML Heating Features', 'unit_of_measurement': '°C', 'device_class': 'temperature', 'icon': 'mdi:feature-search-outline', 'living_room_temp': 22.62, 'outlet_temp': 23.7, 'indoor_temp_lag_30m': 22.582, 'target_temp': 22.6, 'outdoor_temp': 8.909677419354841, 'dhw_heating': 0.0, 'dhw_disinfection': 0.0, 'dhw_boost_heater': 0.0, 'defrosting': 0.0, 'pv_now': 7390.0, 'pv_now_electrical': 7390.0, 'solar_correction_percent': 100.0, 'solar_correction_factor': 1.0, 'solar_correction_enabled': 1.0, 'fireplace_on': 0.0, 'tv_on': 0.0, 'temp_forecast_1h': 8.91, 'temp_forecast_2h': 9.81, 'temp_forecast_3h': 9.31, 'temp_forecast_4h': 10.71, 'temp_forecast_5h': 11.11, 'temp_forecast_6h': 10.21, 'temp_forecast_7h': 10.81, 'temp_forecast_8h': 11.01, 'temp_forecast_9h': 10.51, 'temp_forecast_10h': 10.51, 'temp_forecast_11h': 9.91, 'temp_forecast_12h': 7.71, 'pv_forecast_1h': 4854.0, 'pv_forecast_2h': 3003.8, 'pv_forecast_3h': 4486.2, 'pv_forecast_4h': 4491.2, 'pv_forecast_5h': 2214.0, 'pv_forecast_6h': 2549.0, 'pv_forecast_7h': 2264.8, 'pv_forecast_8h': 2739.5, 'pv_forecast_9h': 1727.5, 'pv_forecast_10h': 977.2, 'pv_forecast_11h': 181.8, 'pv_forecast_12h': 0.0, 'pv_forecast_electrical_1h': 4854.0, 'pv_forecast_electrical_2h': 3003.8, 'pv_forecast_electrical_3h': 4486.2, 'pv_forecast_electrical_4h': 4491.2, 'pv_forecast_electrical_5h': 2214.0, 'pv_forecast_electrical_6h': 2549.0, 'pv_forecast_electrical_7h': 2264.8, 'pv_forecast_electrical_8h': 2739.5, 'pv_forecast_electrical_9h': 1727.5, 'pv_forecast_electrical_10h': 977.2, 'pv_forecast_electrical_11h': 181.8, 'pv_forecast_electrical_12h': 0.0, 'cloud_cover_forecast_1h': 0.0, 'cloud_cover_forecast_2h': 0.0, 'cloud_cover_forecast_3h': 0.0, 'cloud_cover_forecast_4h': 0.0, 'cloud_cover_forecast_5h': 0.0, 'cloud_cover_forecast_6h': 0.0, 'cloud_cover_forecast_7h': 0.0, 'cloud_cover_forecast_8h': 0.0, 'cloud_cover_forecast_9h': 0.0, 'cloud_cover_forecast_10h': 0.0, 'cloud_cover_forecast_11h': 0.0, 'cloud_cover_forecast_12h': 0.0, 'temp_diff_indoor_outdoor': 13.734072580645163, 'indoor_temp_gradient': -0.08549999999998192, 'outlet_indoor_diff': 1.056249999999995, 'indoor_temp_lag_10m': 22.677500000000002, 'indoor_temp_lag_60m': 22.623, 'outlet_temp_lag_30m': 23.699999999999996, 'outlet_temp_change': 0.0, 'indoor_temp_delta_10m': -0.033749999999997726, 'indoor_temp_delta_30m': 0.061750000000003524, 'indoor_temp_delta_60m': 0.020750000000003155, 'hour_sin': 0.7071067811865476, 'hour_cos': -0.7071067811865475, 'month_sin': 0.8660254037844387, 'month_cos': -0.4999999999999998, 'outlet_effectiveness_ratio': 0.04142011834319815, 'inlet_temp': 23.8, 'flow_rate': 14.0, 'power_consumption': 19.0, 'delta_t': -0.10000000000000142, 'thermal_power_kw': -0.09767333333333472, 'cop_realtime': 0.0, 'temp_trend_forecast': 0.45008064516129, 'heating_demand_forecast': 1.189, 'combined_forecast_thermal_load': -3.3022, 'pv_power_history': [488.0, 980.0, 1111.0, 1638.0, 2246.0, 2745.0, 2378.0, 1918.0, 1972.0, 3854.0, 4008.0, 4244.0, 3265.0, 2919.0, 3657.0, 6052.0, 7352.0, 5200.0], 'pv_power_history_electrical': [488.0, 980.0, 1111.0, 1638.0, 2246.0, 2745.0, 2378.0, 1918.0, 1972.0, 3854.0, 4008.0, 4244.0, 3265.0, 2919.0, 3657.0, 6052.0, 7352.0, 5200.0], 'wind_speed': 14.3, 'is_weekend': 1.0, 'indoor_margin_rate': 0.0, 'last_updated': '2026-05-16T07:04:04.072179+00:00'}}
2026-05-16 09:04:04,101 - DEBUG - Published 93 features to sensor.ml_heating_features
2026-05-16 09:04:04,102 - DEBUG - ✅ CYCLE 1 END: 09:04:04 (duration: 33.1s)
2026-05-16 09:04:04,102 - DEBUG - 💤 POLLING START: Waiting 30min until next cycle...
2026-05-16 09:04:04,127 - DEBUG - Active sampling: buffered 6 readings
127.0.0.1 - - [16/May/2026 09:04:33] "GET /health HTTP/1.1" 200 -
127.0.0.1 - - [16/May/2026 09:05:03] "GET /health HTTP/1.1" 200 -
2026-05-16 09:05:04,156 - DEBUG - Active sampling: buffered 6 readings
127.0.0.1 - - [16/May/2026 09:05:33] "GET /health HTTP/1.1" 200 -
127.0.0.1 - - [16/May/2026 09:06:03] "GET /health HTTP/1.1" 200 -
2026-05-16 09:06:04,185 - DEBUG - Active sampling: buffered 6 readings
127.0.0.1 - - [16/May/2026 09:06:33] "GET /health HTTP/1.1" 200 -
127.0.0.1 - - [16/May/2026 09:07:03] "GET /health HTTP/1.1" 200 -
2026-05-16 09:07:04,215 - DEBUG - Active sampling: buffered 6 readings
127.0.0.1 - - [16/May/2026 09:07:33] "GET /health HTTP/1.1" 200 -
