
[INFO] Starting ML Heating Control Add-on...
[INFO] Running in Home Assistant addon environment with bashio support
[INFO] Initializing configuration...
[INFO] ML Heating Add-on Configuration Adapter Starting...
[INFO] Initializing ML Heating Add-on environment...
[INFO] Add-on configuration loaded successfully
[INFO] Configuration validation passed
[INFO] Created directory: /data/models
[INFO] Created directory: /data/backups
[INFO] Created directory: /data/logs
[INFO] Created directory: /data/config
[INFO] Created directory: /config/ml_heating
[INFO] Configuration backup saved to /data/config/addon_config_backup.json
[INFO] Environment file written to /data/config/env_vars
[INFO] Set 164 environment variables
[INFO] Add-on environment initialized successfully
[INFO] Configuration adapter completed successfully
[INFO] Add-on configuration loaded successfully
[INFO] === Configuration Summary ===
[INFO] Target Indoor Temp Entity: input_number.soll_rt
[INFO] Indoor Temp Entity: sensor.rt_mittelwert
[INFO] Outdoor Temp Entity: sensor.nibe_bt1_outdoor_temperature
[INFO] Learning Rate: 0.01
[INFO] Cycle Interval: 10 minutes
[INFO] =============================
[INFO] Sourced environment variables from /data/config/env_vars
[INFO] Starting ML heating system...
[INFO] Starting health check server on port 3002...
[INFO] Starting Streamlit dashboard on port 3001 (ingress)...
[INFO] Starting ML backend...
Health check server starting on port 3002...
2026-05-03 15:04:22.347 Uvicorn server started on 0.0.0.0:3001

  You can now view your Streamlit app in your browser.

  Local URL: http://localhost:3001
  Network URL: http://172.30.33.2:3001
  External URL: http://92.209.174.223:3001

2026-05-03 15:04:22,585 - DEBUG - HLC session learner: loaded 0 session records from /config/ml_heating/hlc_sessions.json (session_active=False, session_cycles=0)
2026-05-03 15:04:22,585 - INFO - 📡 HLC session learner: started fresh (no prior records)
2026-05-03 15:04:22,922 - INFO - ✅ InfluxDB write permission verified for bucket 'ml_heating_features'
2026-05-03 15:04:22,922 - INFO - 💧 Hydrating sensor buffer from InfluxDB...
2026-05-03 15:04:23,281 - INFO - ✅ Sensor buffer hydrated successfully
2026-05-03 15:04:23,281 - INFO - 🎯 ACTIVE MODE: ML actively controls heating system
2026-05-03 15:04:23,281 - INFO - 🔧 Creating new Model Wrapper instance (singleton)
2026-05-03 15:04:23,401 - DEBUG - 💾 Saved unified thermal state to /config/ml_heating/unified_thermal_state.json
2026-05-03 15:04:23,402 - INFO - ✅ Loaded unified thermal state from /config/ml_heating/unified_thermal_state.json
2026-05-03 15:04:23,428 - DEBUG - 💾 Saved cooling thermal state to /config/ml_heating/unified_thermal_state_cooling.json
2026-05-03 15:04:23,428 - INFO - ✅ Loaded cooling thermal state from /config/ml_heating/unified_thermal_state_cooling.json
2026-05-03 15:04:23,428 - INFO - 🎯 Loading CALIBRATED thermal parameters (baseline + learning adjustments):
2026-05-03 15:04:23,428 - INFO -    heat_loss_coefficient: 0.1201 + 0.00000 = 0.1201
2026-05-03 15:04:23,428 - INFO -    outlet_effectiveness: 0.953 + 0.000 = 0.953
2026-05-03 15:04:23,428 - INFO -    pv_heat_weight: 0.0021
2026-05-03 15:04:23,429 - DEBUG - Schema validation not available
2026-05-03 15:04:23,429 - INFO -    - Restored learning confidence: 3.000
2026-05-03 15:04:23,429 - INFO -    - Restored prediction history: 200 records
2026-05-03 15:04:23,429 - INFO -    - Restored parameter history: 500 records
2026-05-03 15:04:23,444 - INFO - 🔥 Restored heat-source channel state from unified thermal state
2026-05-03 15:04:23,444 - INFO - ⚙️ Loading DEFAULT config parameters (no calibration found)
2026-05-03 15:04:23,446 - INFO - 🔥 Restored heat-source channel state from unified thermal state
2026-05-03 15:04:23,446 - DEBUG - 📊 Loaded 200 predictions from unified thermal state
2026-05-03 15:04:23,446 - INFO - 🔢 PredictionMetrics initialized with 200 existing predictions
2026-05-03 15:04:23,446 - DEBUG - 📊 Loaded 31 predictions from unified thermal state
2026-05-03 15:04:23,446 - INFO - 🔢 PredictionMetrics initialized with 31 existing predictions
2026-05-03 15:04:23,449 - INFO - 🎯 Model Wrapper initialized with ThermalEquilibriumModel
2026-05-03 15:04:23,449 - INFO -    - Thermal time constant: 4.4h
2026-05-03 15:04:23,449 - INFO -    - Heat loss coefficient: 0.1194
2026-05-03 15:04:23,449 - INFO -    - Outlet effectiveness: 0.9588
2026-05-03 15:04:23,449 - INFO -    - Learning confidence: 3.00
2026-05-03 15:04:23,449 - INFO -    - Current cycle: 3369
2026-05-03 15:04:23,452 - DEBUG - Setting HA state for sensor.ml_model_mae: {'state': '0.0326', 'attributes': {'state_class': 'measurement', 'unique_id': 'ml_heating_model_mae', 'friendly_name': 'ML Model MAE', 'unit_of_measurement': '°C', 'icon': 'mdi:chart-line', 'last_updated': '2026-05-03T13:04:23.452048+00:00'}}
2026-05-03 15:04:23,468 - DEBUG - Setting HA state for sensor.ml_model_rmse: {'state': '0.0437', 'attributes': {'state_class': 'measurement', 'unique_id': 'ml_heating_model_rmse', 'friendly_name': 'ML Model RMSE', 'unit_of_measurement': '°C', 'icon': 'mdi:chart-line', 'last_updated': '2026-05-03T13:04:23.452048+00:00'}}
2026-05-03 15:04:23,482 - DEBUG - Setting HA state for sensor.ml_heating_learning: {'state': '3.000', 'attributes': {'state_class': 'measurement', 'unique_id': 'ml_heating_learning', 'friendly_name': 'ML Adaptive Learning Metrics', 'unit_of_measurement': 'metrics', 'icon': 'mdi:brain', 'thermal_time_constant': 4.387489913469333, 'heat_loss_coefficient': 0.1194477097670764, 'outlet_effectiveness': 0.9588018877551874, 'pv_heat_weight': 0.0019560936218471444, 'fireplace_heat_weight': 0.387, 'tv_heat_weight': 0.35, 'solar_lag_minutes': 45.02945951712922, 'slab_time_constant_hours': 3.191225916110605, 'heat_source_channels_enabled': True, 'total_conductance': 0.3, 'equilibrium_ratio': 0.5, 'cycle_count': 3369, 'parameter_updates': 500, 'model_health': 'good', 'learning_progress': 1.0, 'is_improving': True, 'improvement_percentage': 7.420548471544179, 'total_predictions': 200, 'learning_confidence': 3.0, 'last_updated': '2026-05-03T13:04:23.482594+00:00', 'delta_t_floor': 2.3, 'cloud_factor_exponent': 1.0, 'solar_decay_tau_hours': 0.9999428143456636, 'fp_heat_output_kw': 0.387, 'fp_decay_time_constant': 3.9144707244638868, 'room_spread_delay_minutes': 18.0, 'ch_heat_pump_history_count': 25, 'ch_heat_pump_last_error': 0.013106248882245097, 'ch_pv_history_count': 25, 'ch_pv_last_error': -0.04915789510232926, 'ch_fireplace_history_count': 0, 'ch_fireplace_last_error': 0.0, 'ch_tv_history_count': 0, 'ch_tv_last_error': 0.0}}
2026-05-03 15:04:23,497 - DEBUG - Setting HA state for sensor.ml_model_mae: {'state': '0.0326', 'attributes': {'state_class': 'measurement', 'unique_id': 'ml_heating_model_mae', 'friendly_name': 'ML Model MAE', 'unit_of_measurement': '°C', 'icon': 'mdi:chart-line', 'mae_1h': 0.04848450085619138, 'mae_6h': 0.0338551236566366, 'mae_24h': 0.032621608208742554, 'trend_direction': 'improving', 'prediction_count': 200, 'last_updated': '2026-05-03T13:04:23.482594+00:00'}}
2026-05-03 15:04:23,512 - DEBUG - Setting HA state for sensor.ml_model_rmse: {'state': '0.0437', 'attributes': {'state_class': 'measurement', 'unique_id': 'ml_heating_model_rmse', 'friendly_name': 'ML Model RMSE', 'unit_of_measurement': '°C', 'icon': 'mdi:chart-line', 'recent_max_error': 0.09859290724490677, 'std_error': 0.0291, 'mean_bias': 0.0, 'prediction_count': 200, 'last_updated': '2026-05-03T13:04:23.482594+00:00'}}
2026-05-03 15:04:23,525 - DEBUG - Setting HA state for sensor.ml_prediction_accuracy: {'state': '100.0', 'attributes': {'state_class': 'measurement', 'unique_id': 'ml_prediction_accuracy', 'friendly_name': 'ML Prediction Accuracy', 'unit_of_measurement': '%', 'icon': 'mdi:target', 'perfect_accuracy_pct': 0.0, 'tolerable_accuracy_pct': 100.0, 'poor_accuracy_pct': 0.0, 'prediction_count_24h': 0, 'excellent_all_time_pct': 97.0, 'good_all_time_pct': 100.0, 'last_updated': '2026-05-03T13:04:23.482594+00:00'}}
2026-05-03 15:04:23,540 - DEBUG - Logged refactored sensor metrics to HA
2026-05-03 15:04:23,540 - DEBUG - Logging feature importance
2026-05-03 15:04:23,541 - DEBUG - Setting HA state for sensor.ml_feature_importance: {'state': '5', 'attributes': {'state_class': 'measurement', 'unique_id': 'ml_heating_feature_importance', 'friendly_name': 'ML Feature Importance', 'unit_of_measurement': '%', 'icon': 'mdi:format-list-numbered', 'top_features': {'target_temp': 52.76, 'fireplace': 21.3, 'tv_power': 19.26, 'outdoor_temp': 6.57, 'pv_power': 0.11}, 'last_updated': '2026-05-03T13:04:23.540862+00:00'}}
2026-05-03 15:04:23,580 - INFO - ✅ Exported metrics to Home Assistant sensors successfully
2026-05-03 15:04:23,580 - INFO - ✅ Initial metrics exported to HA successfully.
2026-05-03 15:04:23,581 - DEBUG - 🔄 CYCLE 1 START: 15:04:23 (first cycle)
2026-05-03 15:04:23,581 - DEBUG - ♻️ Reusing existing Model Wrapper instance
2026-05-03 15:04:23,581 - INFO - Successfully loaded operational state from /config/ml_heating/unified_thermal_state.json
2026-05-03 15:04:23,607 - INFO - ✅ All configured sensor entity IDs verified in HA.
2026-05-03 15:04:23,607 - DEBUG - Setting HA state for sensor.ml_heating_cop_realtime: {'state': '-7.75', 'attributes': {'state_class': 'measurement', 'unique_id': 'ml_heating_cop_realtime', 'friendly_name': 'ML Heating COP (Realtime)', 'unit_of_measurement': 'COP', 'icon': 'mdi:heat-pump', 'device_class': 'power_factor'}}
2026-05-03 15:04:23,620 - DEBUG - Setting HA state for sensor.ml_heating_thermal_power: {'state': '-2.735', 'attributes': {'state_class': 'measurement', 'unique_id': 'ml_heating_thermal_power', 'friendly_name': 'ML Heating Thermal Power', 'unit_of_measurement': 'kW', 'icon': 'mdi:flash', 'device_class': 'power'}}
2026-05-03 15:04:23,648 - DEBUG - Wrote thermodynamic metrics to InfluxDB
2026-05-03 15:04:23,648 - DEBUG - Thermodynamic sensors updated: COP=-7.75, Power=-2.735kW
2026-05-03 15:04:23,648 - DEBUG - ♻️ Reusing existing Model Wrapper instance
2026-05-03 15:04:23,648 - DEBUG - 🎯 ACTIVE MODE LEARNING (trajectory): Verifying ML prediction accuracy for 19.3°C outlet setting
2026-05-03 15:04:23,651 - DEBUG - ☀️ SolarChannel self-learned: avg_error=-0.042, pv_heat_weight=0.00191, solar_lag=45.0min, cloud_exp=1.00, solar_decay_tau=1.00h
2026-05-03 15:04:23,651 - INFO - ☀️ pv parameter update: attributed_error=+0.031308 | pv_heat_weight: 0.001956→0.001914 (Δ-0.000042) | solar_decay_tau_hours: 0.999943→0.999922 (Δ-0.000021) | solar_lag_minutes: 45.02946→45.036632 (Δ+0.007172)
2026-05-03 15:04:23,651 - INFO - Channel routing → [☀️ pv*] | error=+0.0313 | pv_current=3710W pv_smoothed=2957W | params_changed=pv
2026-05-03 15:04:23,759 - DEBUG - 💾 Saved unified thermal state to /config/ml_heating/unified_thermal_state.json
2026-05-03 15:04:23,760 - DEBUG - Skipping legacy global adaptation: channel mode owns recent-window learning
2026-05-03 15:04:23,863 - DEBUG - 💾 Saved unified thermal state to /config/ml_heating/unified_thermal_state.json
2026-05-03 15:04:23,864 - DEBUG - Prediction feedback: error=0.031°C, confidence=3.300
2026-05-03 15:04:23,969 - DEBUG - 💾 Saved unified thermal state to /config/ml_heating/unified_thermal_state.json
2026-05-03 15:04:23,970 - DEBUG - 💾 Saved 200 predictions to unified thermal state
2026-05-03 15:04:23,970 - DEBUG - Added prediction: pred=23.43, actual=23.46, error=0.031
2026-05-03 15:04:24,074 - DEBUG - 💾 Saved unified thermal state to /config/ml_heating/unified_thermal_state.json
2026-05-03 15:04:24,171 - DEBUG - Wrote prediction metrics to InfluxDB bucket 'ml_heating_features' with MAE(1h)=0.046
2026-05-03 15:04:24,171 - DEBUG - ✅ Exported prediction metrics to InfluxDB
2026-05-03 15:04:24,181 - DEBUG - Wrote thermal learning metrics to InfluxDB: effectiveness=0.959, confidence=3.30
2026-05-03 15:04:24,181 - DEBUG - ✅ Exported thermal learning metrics to InfluxDB
2026-05-03 15:04:24,189 - DEBUG - Wrote feature importances to Influx bucket 'ml_heating_features' (measurement=feature_importance) with timestamp 2026-05-03T13:04:24.181456+00:00
2026-05-03 15:04:24,189 - DEBUG - ✅ Exported feature importance to InfluxDB
2026-05-03 15:04:24,201 - DEBUG - Wrote learning phase metrics to InfluxDB: phase=high_confidence, stability=0.66
2026-05-03 15:04:24,201 - DEBUG - ✅ Exported learning phase metrics to InfluxDB
2026-05-03 15:04:24,213 - DEBUG - Wrote trajectory prediction metrics to InfluxDB: horizon=4h, mae_1h=0.046
2026-05-03 15:04:24,213 - DEBUG - ✅ Exported trajectory prediction metrics to InfluxDB
2026-05-03 15:04:24,213 - INFO - 📊 Exported all adaptive learning metrics to InfluxDB (cycle 3370)
2026-05-03 15:04:24,217 - DEBUG - Setting HA state for sensor.ml_model_mae: {'state': '0.0327', 'attributes': {'state_class': 'measurement', 'unique_id': 'ml_heating_model_mae', 'friendly_name': 'ML Model MAE', 'unit_of_measurement': '°C', 'icon': 'mdi:chart-line', 'last_updated': '2026-05-03T13:04:24.217340+00:00'}}
2026-05-03 15:04:24,232 - DEBUG - Setting HA state for sensor.ml_model_rmse: {'state': '0.0437', 'attributes': {'state_class': 'measurement', 'unique_id': 'ml_heating_model_rmse', 'friendly_name': 'ML Model RMSE', 'unit_of_measurement': '°C', 'icon': 'mdi:chart-line', 'last_updated': '2026-05-03T13:04:24.217340+00:00'}}
2026-05-03 15:04:24,246 - DEBUG - Setting HA state for sensor.ml_heating_learning: {'state': '3.300', 'attributes': {'state_class': 'measurement', 'unique_id': 'ml_heating_learning', 'friendly_name': 'ML Adaptive Learning Metrics', 'unit_of_measurement': 'metrics', 'icon': 'mdi:brain', 'thermal_time_constant': 4.387489913469333, 'heat_loss_coefficient': 0.1194477097670764, 'outlet_effectiveness': 0.9588018877551874, 'pv_heat_weight': 0.0019142858318179014, 'fireplace_heat_weight': 0.387, 'tv_heat_weight': 0.35, 'solar_lag_minutes': 45.03663174802821, 'slab_time_constant_hours': 3.191225916110605, 'heat_source_channels_enabled': True, 'total_conductance': 0.3, 'equilibrium_ratio': 0.5, 'cycle_count': 3370, 'parameter_updates': 501, 'model_health': 'good', 'learning_progress': 1.0, 'is_improving': True, 'improvement_percentage': 6.099293923013707, 'total_predictions': 200, 'learning_confidence': 3.3000000000000003, 'last_updated': '2026-05-03T13:04:24.246371+00:00', 'delta_t_floor': 2.3, 'cloud_factor_exponent': 1.0, 'solar_decay_tau_hours': 0.9999219104506489, 'fp_heat_output_kw': 0.387, 'fp_decay_time_constant': 3.9144707244638868, 'room_spread_delay_minutes': 18.0, 'ch_heat_pump_history_count': 25, 'ch_heat_pump_last_error': 0.013106248882245097, 'ch_pv_history_count': 26, 'ch_pv_last_error': 0.031308187297433676, 'ch_fireplace_history_count': 0, 'ch_fireplace_last_error': 0.0, 'ch_tv_history_count': 0, 'ch_tv_last_error': 0.0}}
2026-05-03 15:04:24,260 - DEBUG - Setting HA state for sensor.ml_model_mae: {'state': '0.0327', 'attributes': {'state_class': 'measurement', 'unique_id': 'ml_heating_model_mae', 'friendly_name': 'ML Model MAE', 'unit_of_measurement': '°C', 'icon': 'mdi:chart-line', 'mae_1h': 0.046158449808986944, 'mae_6h': 0.03389499855955864, 'mae_24h': 0.03269629150788548, 'trend_direction': 'improving', 'prediction_count': 200, 'last_updated': '2026-05-03T13:04:24.246371+00:00'}}
2026-05-03 15:04:24,278 - DEBUG - Setting HA state for sensor.ml_model_rmse: {'state': '0.0437', 'attributes': {'state_class': 'measurement', 'unique_id': 'ml_heating_model_rmse', 'friendly_name': 'ML Model RMSE', 'unit_of_measurement': '°C', 'icon': 'mdi:chart-line', 'recent_max_error': 0.09859290724490677, 'std_error': 0.029, 'mean_bias': 0.0, 'prediction_count': 200, 'last_updated': '2026-05-03T13:04:24.246371+00:00'}}
2026-05-03 15:04:24,294 - DEBUG - Setting HA state for sensor.ml_prediction_accuracy: {'state': '100.0', 'attributes': {'state_class': 'measurement', 'unique_id': 'ml_prediction_accuracy', 'friendly_name': 'ML Prediction Accuracy', 'unit_of_measurement': '%', 'icon': 'mdi:target', 'perfect_accuracy_pct': 0.0, 'tolerable_accuracy_pct': 100.0, 'poor_accuracy_pct': 0.0, 'prediction_count_24h': 0, 'excellent_all_time_pct': 97.0, 'good_all_time_pct': 100.0, 'last_updated': '2026-05-03T13:04:24.246371+00:00'}}
2026-05-03 15:04:24,309 - DEBUG - Logged refactored sensor metrics to HA
2026-05-03 15:04:24,309 - DEBUG - Logging feature importance
2026-05-03 15:04:24,309 - DEBUG - Setting HA state for sensor.ml_feature_importance: {'state': '5', 'attributes': {'state_class': 'measurement', 'unique_id': 'ml_heating_feature_importance', 'friendly_name': 'ML Feature Importance', 'unit_of_measurement': '%', 'icon': 'mdi:format-list-numbered', 'top_features': {'target_temp': 52.76, 'fireplace': 21.3, 'tv_power': 19.26, 'outdoor_temp': 6.57, 'pv_power': 0.11}, 'last_updated': '2026-05-03T13:04:24.309809+00:00'}}
2026-05-03 15:04:24,324 - INFO - ✅ Exported metrics to Home Assistant sensors successfully
2026-05-03 15:04:24,324 - INFO - ✅ Learning cycle 3370: error=0.031°C, confidence=3.300, total_predictions=200
2026-05-03 15:04:24,324 - DEBUG - ✅ Online learning: applied_temp=19.3°C, actual_change=0.090°C, cycle=3370
2026-05-03 15:04:24,324 - INFO - ❄️ Cooling mode active (state: cool)
2026-05-03 15:04:24,324 - DEBUG - ♻️ Reusing existing Model Wrapper instance
2026-05-03 15:04:24,327 - INFO - 🔄 Climate mode switched to 'cooling' — state manager: /config/ml_heating/unified_thermal_state_cooling.json
2026-05-03 15:04:24,327 - INFO - Successfully loaded operational state from /config/ml_heating/unified_thermal_state_cooling.json
2026-05-03 15:04:24,328 - INFO - ♻️ Climate mode transition → reloaded operational state from /config/ml_heating/unified_thermal_state_cooling.json
2026-05-03 15:04:24,328 - INFO - ❄️ COOLING MODE: ML will calculate cooling outlet temperature (outlet < inlet) — using cooling state /config/ml_heating/unified_thermal_state_cooling.json
2026-05-03 15:04:24,355 - DEBUG - Fireplace is OFF. Using main indoor temp for prediction.
2026-05-03 15:04:24,488 - DEBUG - PV forecast parsed successfully: [3053.0, 2509.0, 1350.5, 462.5, 20.8, 0.0, 0.0, 0.0, 0.0, 0.0, 0.0, 0.0]W
2026-05-03 15:04:24,489 - DEBUG - Solar correction: enabled=True, percent=100.0%, factor=1.000
2026-05-03 15:04:24,515 - DEBUG - Delta calibration applied: offset=+1.98°C
2026-05-03 15:04:24,516 - DEBUG - Raw forecasts: [22.1, 21.7, 21.6, 20.9, 18.3, 15.8, 14.1, 13.1, 12.8, 12.5, 12.6, 12.1]
2026-05-03 15:04:24,516 - DEBUG - Calibrated forecasts: [24.08, 23.68, 23.58, 22.88, 20.28, 17.78, 16.08, 15.08, 14.78, 14.48, 14.58, 14.08]
2026-05-03 15:04:24,521 - INFO - ☀️ Forecast trajectory: PV=6630W, remaining_pv_hours=4 + min_steps=6 → 10 steps
2026-05-03 15:04:24,521 - DEBUG - ♻️ Reusing existing Model Wrapper instance
2026-05-03 15:04:24,527 - INFO - DEBUG: Wrapper params: U=0.1245214561975565, eff=0.9526723072021629, tau=4.390554703745845
2026-05-03 15:04:24,527 - DEBUG - ❄️ Cooling: tightened outlet_max to 19.5°C (inlet=21.5°C − delta=2.0°C)
2026-05-03 15:04:24,527 - INFO - ❄️ Cooling mode bounds: outlet 18.3–19.5°C (indoor=23.4°C, target=22.6°C)
2026-05-03 15:04:24,528 - DEBUG - 🔧 Using natural bounds: outlet_min=18.3°C, outlet_max=19.5°C
2026-05-03 15:04:24,528 - INFO - 🌡️ Using cycle-aligned forecast (10min): outdoor=24.1°C (vs current 24.1°C), PV=8424W (vs current 8912W)
2026-05-03 15:04:24,528 - DEBUG - DEBUG: Using PV history (len=18) instead of scalar 8423.953703703704
2026-05-03 15:04:24,528 - INFO - 🔄 HP off (delta_t=-2.70): simulating HP-on delta_t=2.30 for binary search
2026-05-03 15:04:24,528 - DEBUG - 🎯 Binary search start: target=22.6°C, current=23.4°C, range=18.3-19.5°C
2026-05-03 15:04:24,528 - DEBUG - 🔍 Binary search features: inlet_temp=21.483333333333334, delta_t_floor=2.30, indoor_temp_delta_60m=0.0419, horizon=10.0h, outlet_mid=18.9°C
2026-05-03 15:04:24,530 - DEBUG - ✅ Binary search trajectory OK (iter 1): outlet=18.9°C → predicted=22.67°C (steps=60, start=23.45→end=22.67)
2026-05-03 15:04:24,530 - DEBUG -    Iteration 1: outlet=18.9°C → predicted=22.67°C, error=0.067°C (range: 18.3-19.5°C)
2026-05-03 15:04:24,530 - DEBUG -      → Cooling: Predicted above target, lowering maximum to 18.9°C
2026-05-03 15:04:24,532 - DEBUG -    Iteration 2: outlet=18.6°C → predicted=22.67°C, error=0.067°C (range: 18.3-18.9°C)
2026-05-03 15:04:24,532 - DEBUG -      → Cooling: Predicted above target, lowering maximum to 18.6°C
2026-05-03 15:04:24,534 - DEBUG -    Iteration 3: outlet=18.4°C → predicted=22.67°C, error=0.067°C (range: 18.3-18.6°C)
2026-05-03 15:04:24,534 - DEBUG -      → Cooling: Predicted above target, lowering maximum to 18.4°C
2026-05-03 15:04:24,535 - DEBUG -    Iteration 4: outlet=18.4°C → predicted=22.67°C, error=0.067°C (range: 18.3-18.4°C)
2026-05-03 15:04:24,536 - DEBUG -      → Cooling: Predicted above target, lowering maximum to 18.4°C
2026-05-03 15:04:24,537 - DEBUG -    Iteration 5: outlet=18.3°C → predicted=22.67°C, error=0.067°C (range: 18.3-18.4°C)
2026-05-03 15:04:24,537 - DEBUG -      → Cooling: Predicted above target, lowering maximum to 18.3°C
2026-05-03 15:04:24,537 - INFO - 🔄 Binary search early exit after 6 iterations: range collapsed to 0.037°C, using 18.3°C
2026-05-03 15:04:24,537 - DEBUG - 🧠 Smart rounding is using cycle-aligned forecast: PV=8424W (caller sent PV=8912W)
2026-05-03 15:04:24,538 - INFO - 🎯 Prediction: Current 23.46°C → Target 22.6°C | Calculated outlet: 18.3°C (before smart rounding) (confidence: 3.000)
2026-05-03 15:04:24,538 - DEBUG - Model Wrapper: temp=18.3°C, error=0.860°C, confidence=3.000
2026-05-03 15:04:24,538 - DEBUG - EMA smoothing: 18.32°C → 18.8°C (last=19.3, α=0.50)
2026-05-03 15:04:24,538 - DEBUG - ♻️ Reusing existing Model Wrapper instance
2026-05-03 15:04:24,538 - INFO - 🌡️ Using cycle-aligned forecast (10min): outdoor=24.2°C (vs current 24.2°C), PV=8424W (vs current 8912W)
2026-05-03 15:04:24,538 - DEBUG - 🧠 Smart rounding is using cycle-aligned forecast: PV=8424W (caller sent PV=8424W)
2026-05-03 15:04:24,538 - DEBUG - 🧠 Smart rounding is using cycle-aligned forecast: PV=8424W (caller sent PV=8424W)
2026-05-03 15:04:24,538 - DEBUG - Smart rounding: 18.80°C → 18°C (chose floor: floor→23.39°C [err=0.793], ceiling→23.42°C [err=0.825], target=22.6°C)
2026-05-03 15:04:24,538 - DEBUG - Setting target outlet temp
2026-05-03 15:04:24,538 - DEBUG - Setting HA state for sensor.ml_vorlauftemperatur: {'state': '18.8', 'attributes': {'state_class': 'measurement', 'unique_id': 'ml_heating_target_outlet_temp', 'friendly_name': 'ML Target Outlet Temp', 'unit_of_measurement': '°C', 'device_class': 'temperature', 'icon': 'mdi:thermometer-water'}}
2026-05-03 15:04:24,551 - DEBUG - Logging thermal model metrics
2026-05-03 15:04:24,551 - DEBUG - Setting HA state for sensor.ml_heating_state: {'state': '0', 'attributes': {'state_class': 'measurement', 'unique_id': 'ml_heating_state', 'friendly_name': 'ML Heating State', 'unit_of_measurement': 'state', 'icon': 'mdi:information-outline', 'state_description': 'OK - Prediction done', 'confidence': 3.0, 'suggested_temp': 18.32, 'final_temp': 18.8, 'predicted_indoor': 23.36, 'last_prediction_time': '2026-05-03T13:04:24.551776+00:00', 'temperature_error': 0.86}}
2026-05-03 15:04:24,567 - DEBUG - ✅ ACTIVE MODE: ML controlling heating via input_boolean.ml_heating
2026-05-03 15:04:24,568 - DEBUG - 🧠 Smart rounding is using cycle-aligned forecast: PV=8424W (caller sent PV=8912W)
2026-05-03 15:04:24,568 - DEBUG - Target: 22.6°C | Suggested: 18.3°C | Applied: 18.8°C | Actual Indoor: 23.46°C | Predicted Indoor: 23.42°C | Confidence: 3.000
2026-05-03 15:04:24,568 - INFO - Target: 22.6°C | Suggested: 18.3°C | Applied: 18.8°C | Actual Indoor: 23.46°C | Predicted Indoor: 23.42°C | Confidence: 3.000
2026-05-03 15:04:24,591 - DEBUG - 💾 Saved cooling thermal state to /config/ml_heating/unified_thermal_state_cooling.json
2026-05-03 15:04:24,591 - DEBUG - Operational state saved to /config/ml_heating/unified_thermal_state_cooling.json; updated keys: ['last_run_features', 'last_indoor_temp', 'last_avg_other_rooms_temp', 'last_fireplace_on', 'last_final_temp', 'last_predicted_indoor', 'last_is_blocking', 'last_blocking_reasons', 'setpoint_hold_cycles_remaining']
2026-05-03 15:04:24,592 - DEBUG - Setting HA state for sensor.ml_heating_features: {'state': '23.52', 'attributes': {'state_class': 'measurement', 'unique_id': 'ml_heating_features', 'friendly_name': 'ML Heating Features', 'unit_of_measurement': '°C', 'device_class': 'temperature', 'icon': 'mdi:feature-search-outline', 'living_room_temp': 23.52, 'outlet_temp': 18.783333333333335, 'indoor_temp_lag_30m': 23.416000000000004, 'target_temp': 22.6, 'outdoor_temp': 24.083870967741934, 'dhw_heating': 0.0, 'dhw_disinfection': 0.0, 'dhw_boost_heater': 0.0, 'defrosting': 0.0, 'pv_now': 6630.0, 'pv_now_electrical': 6630.0, 'solar_correction_percent': 100.0, 'solar_correction_factor': 1.0, 'solar_correction_enabled': 1.0, 'fireplace_on': 0.0, 'tv_on': 0.0, 'temp_forecast_1h': 24.08, 'temp_forecast_2h': 23.68, 'temp_forecast_3h': 23.58, 'temp_forecast_4h': 22.88, 'temp_forecast_5h': 20.28, 'temp_forecast_6h': 17.78, 'temp_forecast_7h': 16.08, 'temp_forecast_8h': 15.08, 'temp_forecast_9h': 14.78, 'temp_forecast_10h': 14.48, 'temp_forecast_11h': 14.58, 'temp_forecast_12h': 14.08, 'pv_forecast_1h': 3053.0, 'pv_forecast_2h': 2509.0, 'pv_forecast_3h': 1350.5, 'pv_forecast_4h': 462.5, 'pv_forecast_5h': 20.8, 'pv_forecast_6h': 0.0, 'pv_forecast_7h': 0.0, 'pv_forecast_8h': 0.0, 'pv_forecast_9h': 0.0, 'pv_forecast_10h': 0.0, 'pv_forecast_11h': 0.0, 'pv_forecast_12h': 0.0, 'pv_forecast_electrical_1h': 3053.0, 'pv_forecast_electrical_2h': 2509.0, 'pv_forecast_electrical_3h': 1350.5, 'pv_forecast_electrical_4h': 462.5, 'pv_forecast_electrical_5h': 20.8, 'pv_forecast_electrical_6h': 0.0, 'pv_forecast_electrical_7h': 0.0, 'pv_forecast_electrical_8h': 0.0, 'pv_forecast_electrical_9h': 0.0, 'pv_forecast_electrical_10h': 0.0, 'pv_forecast_electrical_11h': 0.0, 'pv_forecast_electrical_12h': 0.0, 'cloud_cover_forecast_1h': 0.0, 'cloud_cover_forecast_2h': 0.0, 'cloud_cover_forecast_3h': 0.0, 'cloud_cover_forecast_4h': 0.0, 'cloud_cover_forecast_5h': 0.0, 'cloud_cover_forecast_6h': 0.0, 'cloud_cover_forecast_7h': 0.0, 'cloud_cover_forecast_8h': 0.0, 'cloud_cover_forecast_9h': 0.0, 'cloud_cover_forecast_10h': 0.0, 'cloud_cover_forecast_11h': 0.0, 'cloud_cover_forecast_12h': 0.0, 'temp_diff_indoor_outdoor': -0.6469959677419368, 'indoor_temp_gradient': 0.4192499999999768, 'outlet_indoor_diff': -4.653541666666662, 'indoor_temp_lag_10m': 23.46, 'indoor_temp_lag_60m': 23.395000000000003, 'outlet_temp_lag_30m': 18.810000000000002, 'outlet_temp_change': -0.01666666666666572, 'indoor_temp_delta_10m': -0.023125000000003837, 'indoor_temp_delta_30m': 0.020874999999993094, 'indoor_temp_delta_60m': 0.04187499999999389, 'hour_sin': -0.7071067811865471, 'hour_cos': -0.7071067811865479, 'month_sin': 0.8660254037844387, 'month_cos': -0.4999999999999998, 'outlet_effectiveness_ratio': 8.368749999999956, 'inlet_temp': 21.483333333333334, 'flow_rate': 14.0, 'power_consumption': 353.0, 'delta_t': -2.6999999999999993, 'thermal_power_kw': -2.6371799999999994, 'cop_realtime': -7.470764872521245, 'temp_trend_forecast': -1.050645161290322, 'heating_demand_forecast': 0.3219999999999999, 'combined_forecast_thermal_load': 0.3219999999999999, 'pv_power_history': [9988.0, 8639.0, 9090.0, 10275.0, 10028.0, 10579.0, 10376.0, 9512.0, 10112.0, 7981.0, 7337.0, 7566.0, 9549.0, 8827.0, 7523.0, 8170.0, 8020.0, 6848.0], 'last_updated': '2026-05-03T13:04:24.592026+00:00'}}
2026-05-03 15:04:24,606 - DEBUG - Published 89 features to sensor.ml_heating_features
2026-05-03 15:04:24,606 - DEBUG - ✅ CYCLE 1 END: 15:04:24 (duration: 1.0s)
2026-05-03 15:04:24,606 - DEBUG - 💤 POLLING START: Waiting 30min until next cycle...
2026-05-03 15:04:24,633 - DEBUG - Active sampling: buffered 6 readings
127.0.0.1 - - [03/May/2026 15:04:26] "GET /health HTTP/1.1" 200 -
127.0.0.1 - - [03/May/2026 15:04:56] "GET /health HTTP/1.1" 200 -
2026-05-03 15:05:24,663 - DEBUG - Active sampling: buffered 6 readings
127.0.0.1 - - [03/May/2026 15:05:26] "GET /health HTTP/1.1" 200 -
127.0.0.1 - - [03/May/2026 15:05:56] "GET /health HTTP/1.1" 200 -
2026-05-03 15:06:24,693 - DEBUG - Active sampling: buffered 6 readings
127.0.0.1 - - [03/May/2026 15:06:26] "GET /health HTTP/1.1" 200 -
127.0.0.1 - - [03/May/2026 15:06:56] "GET /health HTTP/1.1" 200 -
2026-05-03 15:07:24,723 - DEBUG - Active sampling: buffered 6 readings
127.0.0.1 - - [03/May/2026 15:07:26] "GET /health HTTP/1.1" 200 -
127.0.0.1 - - [03/May/2026 15:07:56] "GET /health HTTP/1.1" 200 -
2026-05-03 15:08:24,753 - DEBUG - Active sampling: buffered 6 readings
127.0.0.1 - - [03/May/2026 15:08:26] "GET /health HTTP/1.1" 200 -
127.0.0.1 - - [03/May/2026 15:08:56] "GET /health HTTP/1.1" 200 -
2026-05-03 15:09:24,783 - DEBUG - Active sampling: buffered 6 readings
127.0.0.1 - - [03/May/2026 15:09:26] "GET /health HTTP/1.1" 200 -
127.0.0.1 - - [03/May/2026 15:09:56] "GET /health HTTP/1.1" 200 -
2026-05-03 15:10:24,813 - DEBUG - Active sampling: buffered 6 readings
127.0.0.1 - - [03/May/2026 15:10:26] "GET /health HTTP/1.1" 200 -
127.0.0.1 - - [03/May/2026 15:10:56] "GET /health HTTP/1.1" 200 -
2026-05-03 15:11:24,842 - DEBUG - Active sampling: buffered 6 readings
127.0.0.1 - - [03/May/2026 15:11:26] "GET /health HTTP/1.1" 200 -
127.0.0.1 - - [03/May/2026 15:11:56] "GET /health HTTP/1.1" 200 -
2026-05-03 15:12:24,871 - DEBUG - Active sampling: buffered 6 readings
127.0.0.1 - - [03/May/2026 15:12:26] "GET /health HTTP/1.1" 200 -
127.0.0.1 - - [03/May/2026 15:12:56] "GET /health HTTP/1.1" 200 -
2026-05-03 15:13:24,900 - DEBUG - Active sampling: buffered 6 readings
127.0.0.1 - - [03/May/2026 15:13:26] "GET /health HTTP/1.1" 200 -
127.0.0.1 - - [03/May/2026 15:13:57] "GET /health HTTP/1.1" 200 -
2026-05-03 15:14:24,901 - DEBUG - ⏰ POLLING END: Waited 10.0min, starting next cycle...
2026-05-03 15:14:24,902 - DEBUG - 🔄 CYCLE 2 START: 15:14:24 (interval: 10.0min since last cycle)
2026-05-03 15:14:24,902 - DEBUG - ♻️ Reusing existing Model Wrapper instance
2026-05-03 15:14:24,902 - INFO - Successfully loaded operational state from /config/ml_heating/unified_thermal_state_cooling.json
2026-05-03 15:14:24,930 - DEBUG - Setting HA state for sensor.ml_heating_cop_realtime: {'state': '-7.19', 'attributes': {'state_class': 'measurement', 'unique_id': 'ml_heating_cop_realtime', 'friendly_name': 'ML Heating COP (Realtime)', 'unit_of_measurement': 'COP', 'icon': 'mdi:heat-pump', 'device_class': 'power_factor'}}
2026-05-03 15:14:24,943 - DEBUG - Setting HA state for sensor.ml_heating_thermal_power: {'state': '-2.637', 'attributes': {'state_class': 'measurement', 'unique_id': 'ml_heating_thermal_power', 'friendly_name': 'ML Heating Thermal Power', 'unit_of_measurement': 'kW', 'icon': 'mdi:flash', 'device_class': 'power'}}
2026-05-03 15:14:24,988 - DEBUG - Wrote thermodynamic metrics to InfluxDB
2026-05-03 15:14:24,988 - DEBUG - Thermodynamic sensors updated: COP=-7.19, Power=-2.637kW
2026-05-03 15:14:24,988 - DEBUG - ♻️ Reusing existing Model Wrapper instance
2026-05-03 15:14:24,989 - DEBUG - 🎯 ACTIVE MODE LEARNING (trajectory): Verifying ML prediction accuracy for 18.8°C outlet setting
2026-05-03 15:14:24,993 - DEBUG - ☀️ SolarChannel self-learned: avg_error=0.006, pv_heat_weight=0.00152, solar_lag=45.1min, cloud_exp=1.00, solar_decay_tau=1.00h
2026-05-03 15:14:24,994 - INFO - ☀️ pv parameter update: attributed_error=-0.033238 | pv_heat_weight: 0.001519→0.001525 (Δ+0.000006) | solar_decay_tau_hours: 0.999724→0.999727 (Δ+0.000003) | solar_lag_minutes: 45.118672→45.118628 (Δ-0.000044)
2026-05-03 15:14:24,994 - INFO - Channel routing → [☀️ pv*] | error=-0.0332 | pv_current=6630W pv_smoothed=8912W | params_changed=pv
2026-05-03 15:14:25,020 - DEBUG - 💾 Saved cooling thermal state to /config/ml_heating/unified_thermal_state_cooling.json
2026-05-03 15:14:25,021 - DEBUG - Prediction feedback: error=-0.033°C, confidence=3.000
2026-05-03 15:14:25,044 - DEBUG - 💾 Saved cooling thermal state to /config/ml_heating/unified_thermal_state_cooling.json
2026-05-03 15:14:25,044 - DEBUG - 💾 Saved 32 predictions to unified thermal state
2026-05-03 15:14:25,044 - DEBUG - Added prediction: pred=23.48, actual=23.45, error=-0.033
2026-05-03 15:14:25,067 - DEBUG - 💾 Saved cooling thermal state to /config/ml_heating/unified_thermal_state_cooling.json
2026-05-03 15:14:25,068 - DEBUG - Setting HA state for sensor.ml_model_mae: {'state': '0.0388', 'attributes': {'state_class': 'measurement', 'unique_id': 'ml_heating_model_mae', 'friendly_name': 'ML Model MAE', 'unit_of_measurement': '°C', 'icon': 'mdi:chart-line', 'last_updated': '2026-05-03T13:14:25.068687+00:00'}}
2026-05-03 15:14:25,082 - DEBUG - Setting HA state for sensor.ml_model_rmse: {'state': '0.0510', 'attributes': {'state_class': 'measurement', 'unique_id': 'ml_heating_model_rmse', 'friendly_name': 'ML Model RMSE', 'unit_of_measurement': '°C', 'icon': 'mdi:chart-line', 'last_updated': '2026-05-03T13:14:25.068687+00:00'}}
2026-05-03 15:14:25,095 - DEBUG - Setting HA state for sensor.ml_heating_learning: {'state': '3.000', 'attributes': {'state_class': 'measurement', 'unique_id': 'ml_heating_learning', 'friendly_name': 'ML Adaptive Learning Metrics', 'unit_of_measurement': 'metrics', 'icon': 'mdi:brain', 'thermal_time_constant': 4.390554703745845, 'heat_loss_coefficient': 0.1245214561975565, 'outlet_effectiveness': 0.9526723072021629, 'pv_heat_weight': 0.0015249772291618456, 'fireplace_heat_weight': 0.387, 'tv_heat_weight': 0.35, 'solar_lag_minutes': 45.118627858588624, 'slab_time_constant_hours': 3.19, 'heat_source_channels_enabled': True, 'total_conductance': 0.3, 'equilibrium_ratio': 0.5, 'cycle_count': 31, 'parameter_updates': 1, 'model_health': 'good', 'learning_progress': 0.31, 'is_improving': True, 'improvement_percentage': 62.794618003335025, 'total_predictions': 32, 'learning_confidence': 3.0, 'last_updated': '2026-05-03T13:14:25.095724+00:00', 'delta_t_floor': 2.3, 'cloud_factor_exponent': 1.0, 'solar_decay_tau_hours': 0.9997272561493208, 'fp_heat_output_kw': 0.387, 'fp_decay_time_constant': 3.9144707244638868, 'room_spread_delay_minutes': 18.0, 'ch_heat_pump_history_count': 0, 'ch_heat_pump_last_error': 0.0, 'ch_pv_history_count': 29, 'ch_pv_last_error': -0.033238454368486714, 'ch_fireplace_history_count': 0, 'ch_fireplace_last_error': 0.0, 'ch_tv_history_count': 0, 'ch_tv_last_error': 0.0}}
2026-05-03 15:14:25,109 - DEBUG - Setting HA state for sensor.ml_model_mae: {'state': '0.0388', 'attributes': {'state_class': 'measurement', 'unique_id': 'ml_heating_model_mae', 'friendly_name': 'ML Model MAE', 'unit_of_measurement': '°C', 'icon': 'mdi:chart-line', 'mae_1h': 0.017620671912977375, 'mae_6h': 0.03875111506272444, 'mae_24h': 0.03875111506272444, 'trend_direction': 'improving', 'prediction_count': 32, 'last_updated': '2026-05-03T13:14:25.095724+00:00'}}
2026-05-03 15:14:25,125 - DEBUG - Setting HA state for sensor.ml_model_rmse: {'state': '0.0510', 'attributes': {'state_class': 'measurement', 'unique_id': 'ml_heating_model_rmse', 'friendly_name': 'ML Model RMSE', 'unit_of_measurement': '°C', 'icon': 'mdi:chart-line', 'recent_max_error': 0.033238454368486714, 'std_error': 0.0332, 'mean_bias': 0.0, 'prediction_count': 32, 'last_updated': '2026-05-03T13:14:25.095724+00:00'}}
2026-05-03 15:14:25,139 - DEBUG - Setting HA state for sensor.ml_prediction_accuracy: {'state': '100.0', 'attributes': {'state_class': 'measurement', 'unique_id': 'ml_prediction_accuracy', 'friendly_name': 'ML Prediction Accuracy', 'unit_of_measurement': '%', 'icon': 'mdi:target', 'perfect_accuracy_pct': 0.0, 'tolerable_accuracy_pct': 100.0, 'poor_accuracy_pct': 0.0, 'prediction_count_24h': 0, 'excellent_all_time_pct': 93.75, 'good_all_time_pct': 100.0, 'last_updated': '2026-05-03T13:14:25.095724+00:00'}}
2026-05-03 15:14:25,153 - DEBUG - Logged refactored sensor metrics to HA
2026-05-03 15:14:25,154 - DEBUG - Logging feature importance
2026-05-03 15:14:25,154 - DEBUG - Setting HA state for sensor.ml_feature_importance: {'state': '5', 'attributes': {'state_class': 'measurement', 'unique_id': 'ml_heating_feature_importance', 'friendly_name': 'ML Feature Importance', 'unit_of_measurement': '%', 'icon': 'mdi:format-list-numbered', 'top_features': {'target_temp': 52.47, 'fireplace': 21.31, 'tv_power': 19.28, 'outdoor_temp': 6.86, 'pv_power': 0.08}, 'last_updated': '2026-05-03T13:14:25.154162+00:00'}}
2026-05-03 15:14:25,189 - INFO - ✅ Exported metrics to Home Assistant sensors successfully
2026-05-03 15:14:25,189 - INFO - ✅ Learning cycle 31: error=0.033°C, confidence=3.000, total_predictions=32
2026-05-03 15:14:25,189 - DEBUG - ✅ Online learning: applied_temp=18.8°C, actual_change=-0.010°C, cycle=31
2026-05-03 15:14:25,190 - INFO - ❄️ Cooling mode active (state: cool)
2026-05-03 15:14:25,190 - DEBUG - ♻️ Reusing existing Model Wrapper instance
2026-05-03 15:14:25,190 - INFO - ❄️ COOLING MODE: ML will calculate cooling outlet temperature (outlet < inlet) — using cooling state /config/ml_heating/unified_thermal_state_cooling.json
2026-05-03 15:14:25,275 - DEBUG - Fireplace is OFF. Using main indoor temp for prediction.
2026-05-03 15:14:25,406 - DEBUG - PV forecast parsed successfully: [2997.2, 2480.2, 1340.8, 460.8, 20.8, 0.0, 0.0, 0.0, 0.0, 0.0, 0.0, 0.0]W
2026-05-03 15:14:25,407 - DEBUG - Solar correction: enabled=True, percent=100.0%, factor=1.000
2026-05-03 15:14:25,435 - DEBUG - Delta calibration applied: offset=+2.02°C
2026-05-03 15:14:25,435 - DEBUG - Raw forecasts: [22.1, 21.7, 21.6, 20.9, 18.3, 15.8, 14.1, 13.1, 12.8, 12.5, 12.6, 12.1]
2026-05-03 15:14:25,435 - DEBUG - Calibrated forecasts: [24.12, 23.72, 23.62, 22.92, 20.32, 17.82, 16.12, 15.12, 14.82, 14.52, 14.62, 14.12]
2026-05-03 15:14:25,439 - INFO - ☀️ Forecast trajectory: PV=6900W, remaining_pv_hours=4 + min_steps=6 → 10 steps
2026-05-03 15:14:25,439 - DEBUG - ♻️ Reusing existing Model Wrapper instance
2026-05-03 15:14:25,444 - INFO - DEBUG: Wrapper params: U=0.1245214561975565, eff=0.9526723072021629, tau=4.390554703745845
2026-05-03 15:14:25,444 - DEBUG - ❄️ Cooling: tightened outlet_max to 19.4°C (inlet=21.4°C − delta=2.0°C)
2026-05-03 15:14:25,444 - INFO - ❄️ Cooling mode bounds: outlet 18.3–19.4°C (indoor=23.4°C, target=22.6°C)
2026-05-03 15:14:25,444 - DEBUG - 🔧 Using natural bounds: outlet_min=18.3°C, outlet_max=19.4°C
2026-05-03 15:14:25,445 - INFO - 🌡️ Using cycle-aligned forecast (10min): outdoor=24.1°C (vs current 24.1°C), PV=8257W (vs current 8736W)
2026-05-03 15:14:25,445 - DEBUG - DEBUG: Using PV history (len=18) instead of scalar 8257.410185185185
2026-05-03 15:14:25,445 - INFO - 🔄 HP off (delta_t=-2.68): simulating HP-on delta_t=2.30 for binary search
2026-05-03 15:14:25,445 - DEBUG - 🎯 Binary search start: target=22.6°C, current=23.4°C, range=18.3-19.4°C
2026-05-03 15:14:25,445 - DEBUG - 🔍 Binary search features: inlet_temp=21.4, delta_t_floor=2.30, indoor_temp_delta_60m=0.0718, horizon=10.0h, outlet_mid=18.9°C
2026-05-03 15:14:25,447 - DEBUG - ✅ Binary search trajectory OK (iter 1): outlet=18.9°C → predicted=22.69°C (steps=60, start=23.46→end=22.69)
2026-05-03 15:14:25,448 - DEBUG -    Iteration 1: outlet=18.9°C → predicted=22.69°C, error=0.092°C (range: 18.3-19.4°C)
2026-05-03 15:14:25,448 - DEBUG -      → Cooling: Predicted above target, lowering maximum to 18.9°C
2026-05-03 15:14:25,450 - DEBUG -    Iteration 2: outlet=18.6°C → predicted=22.69°C, error=0.092°C (range: 18.3-18.9°C)
2026-05-03 15:14:25,450 - DEBUG -      → Cooling: Predicted above target, lowering maximum to 18.6°C
2026-05-03 15:14:25,452 - DEBUG -    Iteration 3: outlet=18.4°C → predicted=22.69°C, error=0.092°C (range: 18.3-18.6°C)
2026-05-03 15:14:25,452 - DEBUG -      → Cooling: Predicted above target, lowering maximum to 18.4°C
2026-05-03 15:14:25,455 - DEBUG -    Iteration 4: outlet=18.4°C → predicted=22.69°C, error=0.092°C (range: 18.3-18.4°C)
2026-05-03 15:14:25,455 - DEBUG -      → Cooling: Predicted above target, lowering maximum to 18.4°C
2026-05-03 15:14:25,457 - DEBUG -    Iteration 5: outlet=18.3°C → predicted=22.69°C, error=0.092°C (range: 18.3-18.4°C)
2026-05-03 15:14:25,457 - DEBUG -      → Cooling: Predicted above target, lowering maximum to 18.3°C
2026-05-03 15:14:25,457 - INFO - 🔄 Binary search early exit after 6 iterations: range collapsed to 0.034°C, using 18.3°C
2026-05-03 15:14:25,457 - DEBUG - 🧠 Smart rounding is using cycle-aligned forecast: PV=8257W (caller sent PV=8736W)
2026-05-03 15:14:25,457 - INFO - 🎯 Prediction: Current 23.45°C → Target 22.6°C | Calculated outlet: 18.3°C (before smart rounding) (confidence: 3.000)
2026-05-03 15:14:25,457 - DEBUG - Model Wrapper: temp=18.3°C, error=0.850°C, confidence=3.000
2026-05-03 15:14:25,457 - DEBUG - EMA smoothing: 18.32°C → 18.6°C (last=18.8, α=0.50)
2026-05-03 15:14:25,457 - DEBUG - ♻️ Reusing existing Model Wrapper instance
2026-05-03 15:14:25,457 - INFO - 🌡️ Using cycle-aligned forecast (10min): outdoor=24.3°C (vs current 24.3°C), PV=8257W (vs current 8736W)
2026-05-03 15:14:25,457 - DEBUG - 🧠 Smart rounding is using cycle-aligned forecast: PV=8257W (caller sent PV=8257W)
2026-05-03 15:14:25,458 - DEBUG - 🧠 Smart rounding is using cycle-aligned forecast: PV=8257W (caller sent PV=8257W)
2026-05-03 15:14:25,458 - DEBUG - Smart rounding: 18.60°C → 18°C (chose floor: floor→23.38°C [err=0.784], ceiling→23.42°C [err=0.815], target=22.6°C)
2026-05-03 15:14:25,458 - DEBUG - Setting target outlet temp
2026-05-03 15:14:25,458 - DEBUG - Setting HA state for sensor.ml_vorlauftemperatur: {'state': '18.6', 'attributes': {'state_class': 'measurement', 'unique_id': 'ml_heating_target_outlet_temp', 'friendly_name': 'ML Target Outlet Temp', 'unit_of_measurement': '°C', 'device_class': 'temperature', 'icon': 'mdi:thermometer-water'}}
2026-05-03 15:14:25,471 - DEBUG - Logging thermal model metrics
2026-05-03 15:14:25,471 - DEBUG - Setting HA state for sensor.ml_heating_state: {'state': '0', 'attributes': {'state_class': 'measurement', 'unique_id': 'ml_heating_state', 'friendly_name': 'ML Heating State', 'unit_of_measurement': 'state', 'icon': 'mdi:information-outline', 'state_description': 'OK - Prediction done', 'confidence': 3.0, 'suggested_temp': 18.32, 'final_temp': 18.6, 'predicted_indoor': 23.37, 'last_prediction_time': '2026-05-03T13:14:25.471200+00:00', 'temperature_error': 0.85}}
2026-05-03 15:14:25,487 - DEBUG - ✅ ACTIVE MODE: ML controlling heating via input_boolean.ml_heating
2026-05-03 15:14:25,488 - DEBUG - 🧠 Smart rounding is using cycle-aligned forecast: PV=8257W (caller sent PV=8736W)
2026-05-03 15:14:25,488 - DEBUG - Target: 22.6°C | Suggested: 18.3°C | Applied: 18.6°C | Actual Indoor: 23.45°C | Predicted Indoor: 23.40°C | Confidence: 3.000
2026-05-03 15:14:25,488 - INFO - Target: 22.6°C | Suggested: 18.3°C | Applied: 18.6°C | Actual Indoor: 23.45°C | Predicted Indoor: 23.40°C | Confidence: 3.000
2026-05-03 15:14:25,514 - DEBUG - 💾 Saved cooling thermal state to /config/ml_heating/unified_thermal_state_cooling.json
2026-05-03 15:14:25,514 - DEBUG - Operational state saved to /config/ml_heating/unified_thermal_state_cooling.json; updated keys: ['last_run_features', 'last_indoor_temp', 'last_avg_other_rooms_temp', 'last_fireplace_on', 'last_final_temp', 'last_predicted_indoor', 'last_is_blocking', 'last_blocking_reasons', 'setpoint_hold_cycles_remaining']
2026-05-03 15:14:25,514 - DEBUG - Setting HA state for sensor.ml_heating_features: {'state': '23.50', 'attributes': {'state_class': 'measurement', 'unique_id': 'ml_heating_features', 'friendly_name': 'ML Heating Features', 'unit_of_measurement': '°C', 'device_class': 'temperature', 'icon': 'mdi:feature-search-outline', 'living_room_temp': 23.5, 'outlet_temp': 18.720000000000002, 'indoor_temp_lag_30m': 23.423000000000002, 'target_temp': 22.6, 'outdoor_temp': 24.11562500000001, 'dhw_heating': 0.0, 'dhw_disinfection': 0.0, 'dhw_boost_heater': 0.0, 'defrosting': 0.0, 'pv_now': 6900.0, 'pv_now_electrical': 6900.0, 'solar_correction_percent': 100.0, 'solar_correction_factor': 1.0, 'solar_correction_enabled': 1.0, 'fireplace_on': 0.0, 'tv_on': 0.0, 'temp_forecast_1h': 24.12, 'temp_forecast_2h': 23.72, 'temp_forecast_3h': 23.62, 'temp_forecast_4h': 22.92, 'temp_forecast_5h': 20.32, 'temp_forecast_6h': 17.82, 'temp_forecast_7h': 16.12, 'temp_forecast_8h': 15.12, 'temp_forecast_9h': 14.82, 'temp_forecast_10h': 14.52, 'temp_forecast_11h': 14.62, 'temp_forecast_12h': 14.12, 'pv_forecast_1h': 2997.2, 'pv_forecast_2h': 2480.2, 'pv_forecast_3h': 1340.8, 'pv_forecast_4h': 460.8, 'pv_forecast_5h': 20.8, 'pv_forecast_6h': 0.0, 'pv_forecast_7h': 0.0, 'pv_forecast_8h': 0.0, 'pv_forecast_9h': 0.0, 'pv_forecast_10h': 0.0, 'pv_forecast_11h': 0.0, 'pv_forecast_12h': 0.0, 'pv_forecast_electrical_1h': 2997.2, 'pv_forecast_electrical_2h': 2480.2, 'pv_forecast_electrical_3h': 1340.8, 'pv_forecast_electrical_4h': 460.8, 'pv_forecast_electrical_5h': 20.8, 'pv_forecast_electrical_6h': 0.0, 'pv_forecast_electrical_7h': 0.0, 'pv_forecast_electrical_8h': 0.0, 'pv_forecast_electrical_9h': 0.0, 'pv_forecast_electrical_10h': 0.0, 'pv_forecast_electrical_11h': 0.0, 'pv_forecast_electrical_12h': 0.0, 'cloud_cover_forecast_1h': 0.0, 'cloud_cover_forecast_2h': 0.0, 'cloud_cover_forecast_3h': 0.0, 'cloud_cover_forecast_4h': 0.0, 'cloud_cover_forecast_5h': 0.0, 'cloud_cover_forecast_6h': 0.0, 'cloud_cover_forecast_7h': 0.0, 'cloud_cover_forecast_8h': 0.0, 'cloud_cover_forecast_9h': 0.0, 'cloud_cover_forecast_10h': 0.0, 'cloud_cover_forecast_11h': 0.0, 'cloud_cover_forecast_12h': 0.0, 'temp_diff_indoor_outdoor': -0.6538602941176599, 'indoor_temp_gradient': 0.5685882352941078, 'outlet_indoor_diff': -4.741764705882346, 'indoor_temp_lag_10m': 23.46, 'indoor_temp_lag_60m': 23.389999999999997, 'outlet_temp_lag_30m': 18.830000000000002, 'outlet_temp_change': 0.020000000000003126, 'indoor_temp_delta_10m': 0.0017647058823477835, 'indoor_temp_delta_30m': 0.03876470588234682, 'indoor_temp_delta_60m': 0.07176470588235162, 'hour_sin': -0.7071067811865471, 'hour_cos': -0.7071067811865479, 'month_sin': 0.8660254037844387, 'month_cos': -0.4999999999999998, 'outlet_effectiveness_ratio': 8.617647058823472, 'inlet_temp': 21.4, 'flow_rate': 14.0, 'power_consumption': 367.0, 'delta_t': -2.679999999999996, 'thermal_power_kw': -2.61764533333333, 'cop_realtime': -7.132548592188909, 'temp_trend_forecast': -0.9595625000000009, 'heating_demand_forecast': 0.6480000000000001, 'combined_forecast_thermal_load': 0.6480000000000001, 'pv_power_history': [8639.0, 9090.0, 10275.0, 10028.0, 10579.0, 10376.0, 9512.0, 10112.0, 7981.0, 7337.0, 7566.0, 9549.0, 8827.0, 7523.0, 8170.0, 8020.0, 6733.0, 6924.0], 'last_updated': '2026-05-03T13:14:25.514683+00:00'}}
2026-05-03 15:14:25,528 - DEBUG - Published 89 features to sensor.ml_heating_features
2026-05-03 15:14:25,528 - DEBUG - ✅ CYCLE 2 END: 15:14:25 (duration: 0.6s)
2026-05-03 15:14:25,528 - DEBUG - 💤 POLLING START: Waiting 30min until next cycle...
2026-05-03 15:14:25,555 - DEBUG - Active sampling: buffered 6 readings
127.0.0.1 - - [03/May/2026 15:14:27] "GET /health HTTP/1.1" 200 -
127.0.0.1 - - [03/May/2026 15:14:57] "GET /health HTTP/1.1" 200 -
2026-05-03 15:15:25,585 - DEBUG - Active sampling: buffered 6 readings
127.0.0.1 - - [03/May/2026 15:15:27] "GET /health HTTP/1.1" 200 -
127.0.0.1 - - [03/May/2026 15:15:57] "GET /health HTTP/1.1" 200 -
2026-05-03 15:16:25,615 - DEBUG - Active sampling: buffered 6 readings
127.0.0.1 - - [03/May/2026 15:16:27] "GET /health HTTP/1.1" 200 -
127.0.0.1 - - [03/May/2026 15:16:57] "GET /health HTTP/1.1" 200 -
2026-05-03 15:17:25,647 - DEBUG - Active sampling: buffered 6 readings
127.0.0.1 - - [03/May/2026 15:17:27] "GET /health HTTP/1.1" 200 -
127.0.0.1 - - [03/May/2026 15:17:57] "GET /health HTTP/1.1" 200 -
2026-05-03 15:18:25,686 - DEBUG - Active sampling: buffered 6 readings
127.0.0.1 - - [03/May/2026 15:18:27] "GET /health HTTP/1.1" 200 -
127.0.0.1 - - [03/May/2026 15:18:57] "GET /health HTTP/1.1" 200 -
2026-05-03 15:19:25,105 - DEBUG - Active sampling: buffered 6 readings
127.0.0.1 - - [03/May/2026 15:19:27] "GET /health HTTP/1.1" 200 -
127.0.0.1 - - [03/May/2026 15:19:57] "GET /health HTTP/1.1" 200 -
2026-05-03 15:20:25,136 - DEBUG - Active sampling: buffered 6 readings
127.0.0.1 - - [03/May/2026 15:20:27] "GET /health HTTP/1.1" 200 -
127.0.0.1 - - [03/May/2026 15:20:57] "GET /health HTTP/1.1" 200 -
2026-05-03 15:21:25,166 - DEBUG - Active sampling: buffered 6 readings
127.0.0.1 - - [03/May/2026 15:21:27] "GET /health HTTP/1.1" 200 -
127.0.0.1 - - [03/May/2026 15:21:57] "GET /health HTTP/1.1" 200 -
2026-05-03 15:22:25,195 - DEBUG - Active sampling: buffered 6 readings
127.0.0.1 - - [03/May/2026 15:22:27] "GET /health HTTP/1.1" 200 -
127.0.0.1 - - [03/May/2026 15:22:57] "GET /health HTTP/1.1" 200 -
2026-05-03 15:23:25,227 - DEBUG - Active sampling: buffered 6 readings
127.0.0.1 - - [03/May/2026 15:23:27] "GET /health HTTP/1.1" 200 -
127.0.0.1 - - [03/May/2026 15:23:57] "GET /health HTTP/1.1" 200 -
2026-05-03 15:24:25,257 - DEBUG - Active sampling: buffered 6 readings
127.0.0.1 - - [03/May/2026 15:24:27] "GET /health HTTP/1.1" 200 -
127.0.0.1 - - [03/May/2026 15:24:57] "GET /health HTTP/1.1" 200 -
2026-05-03 15:25:25,258 - DEBUG - ⏰ POLLING END: Waited 11.0min, starting next cycle...
2026-05-03 15:25:25,258 - DEBUG - 🔄 CYCLE 3 START: 15:25:25 (interval: 11.0min since last cycle)
2026-05-03 15:25:25,259 - DEBUG - ♻️ Reusing existing Model Wrapper instance
2026-05-03 15:25:25,259 - INFO - Successfully loaded operational state from /config/ml_heating/unified_thermal_state_cooling.json
2026-05-03 15:25:25,288 - DEBUG - Setting HA state for sensor.ml_heating_cop_realtime: {'state': '-7.68', 'attributes': {'state_class': 'measurement', 'unique_id': 'ml_heating_cop_realtime', 'friendly_name': 'ML Heating COP (Realtime)', 'unit_of_measurement': 'COP', 'icon': 'mdi:heat-pump', 'device_class': 'power_factor'}}
2026-05-03 15:25:25,302 - DEBUG - Setting HA state for sensor.ml_heating_thermal_power: {'state': '-2.735', 'attributes': {'state_class': 'measurement', 'unique_id': 'ml_heating_thermal_power', 'friendly_name': 'ML Heating Thermal Power', 'unit_of_measurement': 'kW', 'icon': 'mdi:flash', 'device_class': 'power'}}
2026-05-03 15:25:25,345 - DEBUG - Wrote thermodynamic metrics to InfluxDB
2026-05-03 15:25:25,345 - DEBUG - Thermodynamic sensors updated: COP=-7.68, Power=-2.735kW
2026-05-03 15:25:25,345 - DEBUG - ♻️ Reusing existing Model Wrapper instance
2026-05-03 15:25:25,345 - DEBUG - 🎯 ACTIVE MODE LEARNING (trajectory): Verifying ML prediction accuracy for 18.6°C outlet setting
2026-05-03 15:25:25,350 - DEBUG - ☀️ pv received observation (error=-0.0148) — no parameter delta
2026-05-03 15:25:25,350 - INFO - Channel routing → [☀️ pv] | error=-0.0148 | pv_current=6900W pv_smoothed=8736W | params_changed=none
2026-05-03 15:25:25,378 - DEBUG - 💾 Saved cooling thermal state to /config/ml_heating/unified_thermal_state_cooling.json
2026-05-03 15:25:25,378 - DEBUG - Prediction feedback: error=-0.015°C, confidence=3.000
2026-05-03 15:25:25,402 - DEBUG - 💾 Saved cooling thermal state to /config/ml_heating/unified_thermal_state_cooling.json
2026-05-03 15:25:25,402 - DEBUG - 💾 Saved 33 predictions to unified thermal state
2026-05-03 15:25:25,402 - DEBUG - Added prediction: pred=23.47, actual=23.46, error=-0.015
2026-05-03 15:25:25,425 - DEBUG - 💾 Saved cooling thermal state to /config/ml_heating/unified_thermal_state_cooling.json
2026-05-03 15:25:25,427 - DEBUG - Setting HA state for sensor.ml_model_mae: {'state': '0.0380', 'attributes': {'state_class': 'measurement', 'unique_id': 'ml_heating_model_mae', 'friendly_name': 'ML Model MAE', 'unit_of_measurement': '°C', 'icon': 'mdi:chart-line', 'last_updated': '2026-05-03T13:25:25.427101+00:00'}}
2026-05-03 15:25:25,454 - DEBUG - Setting HA state for sensor.ml_model_rmse: {'state': '0.0503', 'attributes': {'state_class': 'measurement', 'unique_id': 'ml_heating_model_rmse', 'friendly_name': 'ML Model RMSE', 'unit_of_measurement': '°C', 'icon': 'mdi:chart-line', 'last_updated': '2026-05-03T13:25:25.427101+00:00'}}
2026-05-03 15:25:25,468 - DEBUG - Setting HA state for sensor.ml_heating_learning: {'state': '3.000', 'attributes': {'state_class': 'measurement', 'unique_id': 'ml_heating_learning', 'friendly_name': 'ML Adaptive Learning Metrics', 'unit_of_measurement': 'metrics', 'icon': 'mdi:brain', 'thermal_time_constant': 4.390554703745845, 'heat_loss_coefficient': 0.1245214561975565, 'outlet_effectiveness': 0.9526723072021629, 'pv_heat_weight': 0.0015249772291618456, 'fireplace_heat_weight': 0.387, 'tv_heat_weight': 0.35, 'solar_lag_minutes': 45.118627858588624, 'slab_time_constant_hours': 3.19, 'heat_source_channels_enabled': True, 'total_conductance': 0.3, 'equilibrium_ratio': 0.5, 'cycle_count': 32, 'parameter_updates': 1, 'model_health': 'good', 'learning_progress': 0.32, 'is_improving': True, 'improvement_percentage': 63.44258339782438, 'total_predictions': 33, 'learning_confidence': 3.0, 'last_updated': '2026-05-03T13:25:25.467960+00:00', 'delta_t_floor': 2.3, 'cloud_factor_exponent': 1.0, 'solar_decay_tau_hours': 0.9997272561493208, 'fp_heat_output_kw': 0.387, 'fp_decay_time_constant': 3.9144707244638868, 'room_spread_delay_minutes': 18.0, 'ch_heat_pump_history_count': 0, 'ch_heat_pump_last_error': 0.0, 'ch_pv_history_count': 30, 'ch_pv_last_error': -0.01479374259874433, 'ch_fireplace_history_count': 0, 'ch_fireplace_last_error': 0.0, 'ch_tv_history_count': 0, 'ch_tv_last_error': 0.0}}
2026-05-03 15:25:25,482 - DEBUG - Setting HA state for sensor.ml_model_mae: {'state': '0.0380', 'attributes': {'state_class': 'measurement', 'unique_id': 'ml_heating_model_mae', 'friendly_name': 'ML Model MAE', 'unit_of_measurement': '°C', 'icon': 'mdi:chart-line', 'mae_1h': 0.014148593063756524, 'mae_6h': 0.03802513407896747, 'mae_24h': 0.03802513407896747, 'trend_direction': 'improving', 'prediction_count': 33, 'last_updated': '2026-05-03T13:25:25.467960+00:00'}}
2026-05-03 15:25:25,497 - DEBUG - Setting HA state for sensor.ml_model_rmse: {'state': '0.0503', 'attributes': {'state_class': 'measurement', 'unique_id': 'ml_heating_model_rmse', 'friendly_name': 'ML Model RMSE', 'unit_of_measurement': '°C', 'icon': 'mdi:chart-line', 'recent_max_error': 0.033238454368486714, 'std_error': 0.0329, 'mean_bias': 0.0, 'prediction_count': 33, 'last_updated': '2026-05-03T13:25:25.467960+00:00'}}
2026-05-03 15:25:25,511 - DEBUG - Setting HA state for sensor.ml_prediction_accuracy: {'state': '100.0', 'attributes': {'state_class': 'measurement', 'unique_id': 'ml_prediction_accuracy', 'friendly_name': 'ML Prediction Accuracy', 'unit_of_measurement': '%', 'icon': 'mdi:target', 'perfect_accuracy_pct': 0.0, 'tolerable_accuracy_pct': 100.0, 'poor_accuracy_pct': 0.0, 'prediction_count_24h': 0, 'excellent_all_time_pct': 93.93939393939394, 'good_all_time_pct': 100.0, 'last_updated': '2026-05-03T13:25:25.467960+00:00'}}
2026-05-03 15:25:25,530 - DEBUG - Logged refactored sensor metrics to HA
2026-05-03 15:25:25,531 - DEBUG - Logging feature importance
2026-05-03 15:25:25,531 - DEBUG - Setting HA state for sensor.ml_feature_importance: {'state': '5', 'attributes': {'state_class': 'measurement', 'unique_id': 'ml_heating_feature_importance', 'friendly_name': 'ML Feature Importance', 'unit_of_measurement': '%', 'icon': 'mdi:format-list-numbered', 'top_features': {'target_temp': 52.47, 'fireplace': 21.31, 'tv_power': 19.28, 'outdoor_temp': 6.86, 'pv_power': 0.08}, 'last_updated': '2026-05-03T13:25:25.531028+00:00'}}
2026-05-03 15:25:25,545 - INFO - ✅ Exported metrics to Home Assistant sensors successfully
2026-05-03 15:25:25,545 - INFO - ✅ Learning cycle 32: error=0.015°C, confidence=3.000, total_predictions=33
2026-05-03 15:25:25,545 - DEBUG - ✅ Online learning: applied_temp=18.6°C, actual_change=0.010°C, cycle=32
2026-05-03 15:25:25,545 - INFO - ❄️ Cooling mode active (state: cool)
2026-05-03 15:25:25,545 - DEBUG - ♻️ Reusing existing Model Wrapper instance
2026-05-03 15:25:25,545 - INFO - ❄️ COOLING MODE: ML will calculate cooling outlet temperature (outlet < inlet) — using cooling state /config/ml_heating/unified_thermal_state_cooling.json
2026-05-03 15:25:25,573 - DEBUG - Fireplace is OFF. Using main indoor temp for prediction.
2026-05-03 15:25:25,780 - DEBUG - PV forecast parsed successfully: [2880.5, 2236.8, 1062.2, 293.2, 2.0, 0.0, 0.0, 0.0, 0.0, 0.0, 0.0, 0.0]W
2026-05-03 15:25:25,780 - DEBUG - Solar correction: enabled=True, percent=100.0%, factor=1.000
2026-05-03 15:25:25,811 - DEBUG - Delta calibration applied: offset=+2.11°C
2026-05-03 15:25:25,811 - DEBUG - Raw forecasts: [22.1, 21.7, 21.6, 20.9, 18.3, 15.8, 14.1, 13.1, 12.8, 12.5, 12.6, 12.1]
2026-05-03 15:25:25,811 - DEBUG - Calibrated forecasts: [24.21, 23.81, 23.71, 23.01, 20.41, 17.91, 16.21, 15.21, 14.91, 14.61, 14.71, 14.21]
2026-05-03 15:25:25,814 - INFO - ☀️ Forecast trajectory: PV=4770W, remaining_pv_hours=4 + min_steps=6 → 10 steps
2026-05-03 15:25:25,814 - DEBUG - ♻️ Reusing existing Model Wrapper instance
2026-05-03 15:25:25,819 - INFO - DEBUG: Wrapper params: U=0.1245214561975565, eff=0.9526723072021629, tau=4.390554703745845
2026-05-03 15:25:25,819 - DEBUG - ❄️ Cooling: tightened outlet_max to 19.4°C (inlet=21.4°C − delta=2.0°C)
2026-05-03 15:25:25,819 - INFO - ❄️ Cooling mode bounds: outlet 18.3–19.4°C (indoor=23.5°C, target=22.6°C)
2026-05-03 15:25:25,819 - DEBUG - 🔧 Using natural bounds: outlet_min=18.3°C, outlet_max=19.4°C
2026-05-03 15:25:25,819 - INFO - 🌡️ Using cycle-aligned forecast (10min): outdoor=24.2°C (vs current 24.2°C), PV=8066W (vs current 8538W)
2026-05-03 15:25:25,820 - DEBUG - DEBUG: Using PV history (len=18) instead of scalar 8066.490740740742
2026-05-03 15:25:25,820 - INFO - 🔄 HP off (delta_t=-2.80): simulating HP-on delta_t=2.30 for binary search
2026-05-03 15:25:25,820 - DEBUG - 🎯 Binary search start: target=22.6°C, current=23.5°C, range=18.3-19.4°C
2026-05-03 15:25:25,820 - DEBUG - 🔍 Binary search features: inlet_temp=21.4, delta_t_floor=2.30, indoor_temp_delta_60m=0.0637, horizon=10.0h, outlet_mid=18.9°C
2026-05-03 15:25:25,822 - DEBUG - ✅ Binary search trajectory OK (iter 1): outlet=18.9°C → predicted=22.71°C (steps=60, start=23.50→end=22.71)
2026-05-03 15:25:25,822 - DEBUG -    Iteration 1: outlet=18.9°C → predicted=22.71°C, error=0.110°C (range: 18.3-19.4°C)
2026-05-03 15:25:25,822 - DEBUG -      → Cooling: Predicted above target, lowering maximum to 18.9°C
2026-05-03 15:25:25,824 - DEBUG -    Iteration 2: outlet=18.6°C → predicted=22.71°C, error=0.110°C (range: 18.3-18.9°C)
2026-05-03 15:25:25,824 - DEBUG -      → Cooling: Predicted above target, lowering maximum to 18.6°C
2026-05-03 15:25:25,826 - DEBUG -    Iteration 3: outlet=18.4°C → predicted=22.71°C, error=0.110°C (range: 18.3-18.6°C)
2026-05-03 15:25:25,826 - DEBUG -      → Cooling: Predicted above target, lowering maximum to 18.4°C
2026-05-03 15:25:25,828 - DEBUG -    Iteration 4: outlet=18.4°C → predicted=22.71°C, error=0.110°C (range: 18.3-18.4°C)
2026-05-03 15:25:25,828 - DEBUG -      → Cooling: Predicted above target, lowering maximum to 18.4°C
2026-05-03 15:25:25,830 - DEBUG -    Iteration 5: outlet=18.3°C → predicted=22.71°C, error=0.110°C (range: 18.3-18.4°C)
2026-05-03 15:25:25,830 - DEBUG -      → Cooling: Predicted above target, lowering maximum to 18.3°C
2026-05-03 15:25:25,830 - INFO - 🔄 Binary search early exit after 6 iterations: range collapsed to 0.034°C, using 18.3°C
2026-05-03 15:25:25,830 - DEBUG - 🧠 Smart rounding is using cycle-aligned forecast: PV=8066W (caller sent PV=8538W)
2026-05-03 15:25:25,830 - INFO - 🎯 Prediction: Current 23.46°C → Target 22.6°C | Calculated outlet: 18.3°C (before smart rounding) (confidence: 3.000)
2026-05-03 15:25:25,830 - DEBUG - Model Wrapper: temp=18.3°C, error=0.860°C, confidence=3.000
2026-05-03 15:25:25,830 - DEBUG - EMA smoothing: 18.32°C → 18.5°C (last=18.6, α=0.50)
2026-05-03 15:25:25,830 - DEBUG - ♻️ Reusing existing Model Wrapper instance
2026-05-03 15:25:25,831 - INFO - 🌡️ Using cycle-aligned forecast (10min): outdoor=24.2°C (vs current 24.2°C), PV=8066W (vs current 8538W)
2026-05-03 15:25:25,831 - DEBUG - 🧠 Smart rounding is using cycle-aligned forecast: PV=8066W (caller sent PV=8066W)
2026-05-03 15:25:25,831 - DEBUG - 🧠 Smart rounding is using cycle-aligned forecast: PV=8066W (caller sent PV=8066W)
2026-05-03 15:25:25,831 - DEBUG - Smart rounding: 18.50°C → 18°C (chose floor: floor→23.39°C [err=0.794], ceiling→23.43°C [err=0.825], target=22.6°C)
2026-05-03 15:25:25,831 - DEBUG - Setting target outlet temp
2026-05-03 15:25:25,831 - DEBUG - Setting HA state for sensor.ml_vorlauftemperatur: {'state': '18.5', 'attributes': {'state_class': 'measurement', 'unique_id': 'ml_heating_target_outlet_temp', 'friendly_name': 'ML Target Outlet Temp', 'unit_of_measurement': '°C', 'device_class': 'temperature', 'icon': 'mdi:thermometer-water'}}
2026-05-03 15:25:25,844 - DEBUG - Logging thermal model metrics
2026-05-03 15:25:25,844 - DEBUG - Setting HA state for sensor.ml_heating_state: {'state': '0', 'attributes': {'state_class': 'measurement', 'unique_id': 'ml_heating_state', 'friendly_name': 'ML Heating State', 'unit_of_measurement': 'state', 'icon': 'mdi:information-outline', 'state_description': 'OK - Prediction done', 'confidence': 3.0, 'suggested_temp': 18.32, 'final_temp': 18.5, 'predicted_indoor': 23.41, 'last_prediction_time': '2026-05-03T13:25:25.844330+00:00', 'temperature_error': 0.86}}
2026-05-03 15:25:25,860 - DEBUG - ✅ ACTIVE MODE: ML controlling heating via input_boolean.ml_heating
2026-05-03 15:25:25,861 - DEBUG - 🧠 Smart rounding is using cycle-aligned forecast: PV=8066W (caller sent PV=8538W)
2026-05-03 15:25:25,861 - DEBUG - Target: 22.6°C | Suggested: 18.3°C | Applied: 18.5°C | Actual Indoor: 23.46°C | Predicted Indoor: 23.41°C | Confidence: 3.000
2026-05-03 15:25:25,861 - INFO - Target: 22.6°C | Suggested: 18.3°C | Applied: 18.5°C | Actual Indoor: 23.46°C | Predicted Indoor: 23.41°C | Confidence: 3.000
2026-05-03 15:25:25,886 - DEBUG - 💾 Saved cooling thermal state to /config/ml_heating/unified_thermal_state_cooling.json
2026-05-03 15:25:25,886 - DEBUG - Operational state saved to /config/ml_heating/unified_thermal_state_cooling.json; updated keys: ['last_run_features', 'last_indoor_temp', 'last_avg_other_rooms_temp', 'last_fireplace_on', 'last_final_temp', 'last_predicted_indoor', 'last_is_blocking', 'last_blocking_reasons', 'setpoint_hold_cycles_remaining']
2026-05-03 15:25:25,886 - DEBUG - Setting HA state for sensor.ml_heating_features: {'state': '23.52', 'attributes': {'state_class': 'measurement', 'unique_id': 'ml_heating_features', 'friendly_name': 'ML Heating Features', 'unit_of_measurement': '°C', 'device_class': 'temperature', 'icon': 'mdi:feature-search-outline', 'living_room_temp': 23.52, 'outlet_temp': 18.6, 'indoor_temp_lag_30m': 23.463, 'target_temp': 22.6, 'outdoor_temp': 24.209090909090897, 'dhw_heating': 0.0, 'dhw_disinfection': 0.0, 'dhw_boost_heater': 0.0, 'defrosting': 0.0, 'pv_now': 4770.0, 'pv_now_electrical': 4770.0, 'solar_correction_percent': 100.0, 'solar_correction_factor': 1.0, 'solar_correction_enabled': 1.0, 'fireplace_on': 0.0, 'tv_on': 0.0, 'temp_forecast_1h': 24.21, 'temp_forecast_2h': 23.81, 'temp_forecast_3h': 23.71, 'temp_forecast_4h': 23.01, 'temp_forecast_5h': 20.41, 'temp_forecast_6h': 17.91, 'temp_forecast_7h': 16.21, 'temp_forecast_8h': 15.21, 'temp_forecast_9h': 14.91, 'temp_forecast_10h': 14.61, 'temp_forecast_11h': 14.71, 'temp_forecast_12h': 14.21, 'pv_forecast_1h': 2880.5, 'pv_forecast_2h': 2236.8, 'pv_forecast_3h': 1062.2, 'pv_forecast_4h': 293.2, 'pv_forecast_5h': 2.0, 'pv_forecast_6h': 0.0, 'pv_forecast_7h': 0.0, 'pv_forecast_8h': 0.0, 'pv_forecast_9h': 0.0, 'pv_forecast_10h': 0.0, 'pv_forecast_11h': 0.0, 'pv_forecast_12h': 0.0, 'pv_forecast_electrical_1h': 2880.5, 'pv_forecast_electrical_2h': 2236.8, 'pv_forecast_electrical_3h': 1062.2, 'pv_forecast_electrical_4h': 293.2, 'pv_forecast_electrical_5h': 2.0, 'pv_forecast_electrical_6h': 0.0, 'pv_forecast_electrical_7h': 0.0, 'pv_forecast_electrical_8h': 0.0, 'pv_forecast_electrical_9h': 0.0, 'pv_forecast_electrical_10h': 0.0, 'pv_forecast_electrical_11h': 0.0, 'pv_forecast_electrical_12h': 0.0, 'cloud_cover_forecast_1h': 0.0, 'cloud_cover_forecast_2h': 0.0, 'cloud_cover_forecast_3h': 0.0, 'cloud_cover_forecast_4h': 0.0, 'cloud_cover_forecast_5h': 0.0, 'cloud_cover_forecast_6h': 0.0, 'cloud_cover_forecast_7h': 0.0, 'cloud_cover_forecast_8h': 0.0, 'cloud_cover_forecast_9h': 0.0, 'cloud_cover_forecast_10h': 0.0, 'cloud_cover_forecast_11h': 0.0, 'cloud_cover_forecast_12h': 0.0, 'temp_diff_indoor_outdoor': -0.7453409090908991, 'indoor_temp_gradient': 0.5384999999999707, 'outlet_indoor_diff': -4.863749999999996, 'indoor_temp_lag_10m': 23.465, 'indoor_temp_lag_60m': 23.4, 'outlet_temp_lag_30m': 18.79, 'outlet_temp_change': -0.016666666666662167, 'indoor_temp_delta_10m': -0.0012500000000024158, 'indoor_temp_delta_30m': 0.0007499999999964757, 'indoor_temp_delta_60m': 0.06374999999999886, 'hour_sin': -0.7071067811865471, 'hour_cos': -0.7071067811865479, 'month_sin': 0.8660254037844387, 'month_cos': -0.4999999999999998, 'outlet_effectiveness_ratio': 8.63749999999996, 'inlet_temp': 21.4, 'flow_rate': 14.0, 'power_consumption': 356.0, 'delta_t': -2.799999999999997, 'thermal_power_kw': -2.7348533333333305, 'cop_realtime': -7.682172284644187, 'temp_trend_forecast': -0.9599090909090897, 'heating_demand_forecast': 0.6390000000000001, 'combined_forecast_thermal_load': 0.6390000000000001, 'pv_power_history': [9090.0, 10275.0, 10028.0, 10579.0, 10376.0, 9512.0, 10112.0, 7981.0, 7337.0, 7566.0, 9549.0, 8827.0, 7523.0, 8170.0, 8020.0, 6733.0, 6690.0, 5315.0], 'last_updated': '2026-05-03T13:25:25.886770+00:00'}}
2026-05-03 15:25:25,900 - DEBUG - Published 89 features to sensor.ml_heating_features
2026-05-03 15:25:25,900 - DEBUG - ✅ CYCLE 3 END: 15:25:25 (duration: 0.6s)
2026-05-03 15:25:25,900 - DEBUG - 💤 POLLING START: Waiting 30min until next cycle...
2026-05-03 15:25:25,927 - DEBUG - Active sampling: buffered 6 readings
127.0.0.1 - - [03/May/2026 15:25:27] "GET /health HTTP/1.1" 200 -
127.0.0.1 - - [03/May/2026 15:25:57] "GET /health HTTP/1.1" 200 -
2026-05-03 15:26:25,958 - DEBUG - Active sampling: buffered 6 readings
127.0.0.1 - - [03/May/2026 15:26:27] "GET /health HTTP/1.1" 200 -
127.0.0.1 - - [03/May/2026 15:26:57] "GET /health HTTP/1.1" 200 -
2026-05-03 15:27:25,988 - DEBUG - Active sampling: buffered 6 readings
127.0.0.1 - - [03/May/2026 15:27:27] "GET /health HTTP/1.1" 200 -
127.0.0.1 - - [03/May/2026 15:27:57] "GET /health HTTP/1.1" 200 -
2026-05-03 15:28:26,023 - DEBUG - Active sampling: buffered 6 readings
127.0.0.1 - - [03/May/2026 15:28:27] "GET /health HTTP/1.1" 200 -
127.0.0.1 - - [03/May/2026 15:28:58] "GET /health HTTP/1.1" 200 -
2026-05-03 15:29:26,056 - DEBUG - Active sampling: buffered 6 readings
127.0.0.1 - - [03/May/2026 15:29:28] "GET /health HTTP/1.1" 200 -
127.0.0.1 - - [03/May/2026 15:29:58] "GET /health HTTP/1.1" 200 -
2026-05-03 15:30:26,087 - DEBUG - Active sampling: buffered 6 readings
127.0.0.1 - - [03/May/2026 15:30:28] "GET /health HTTP/1.1" 200 -
127.0.0.1 - - [03/May/2026 15:30:58] "GET /health HTTP/1.1" 200 -
2026-05-03 15:31:26,118 - DEBUG - Active sampling: buffered 6 readings
127.0.0.1 - - [03/May/2026 15:31:28] "GET /health HTTP/1.1" 200 -
127.0.0.1 - - [03/May/2026 15:31:58] "GET /health HTTP/1.1" 200 -
2026-05-03 15:32:26,148 - DEBUG - Active sampling: buffered 6 readings
127.0.0.1 - - [03/May/2026 15:32:28] "GET /health HTTP/1.1" 200 -
127.0.0.1 - - [03/May/2026 15:32:58] "GET /health HTTP/1.1" 200 -
2026-05-03 15:33:26,182 - DEBUG - Active sampling: buffered 6 readings
127.0.0.1 - - [03/May/2026 15:33:28] "GET /health HTTP/1.1" 200 -
127.0.0.1 - - [03/May/2026 15:33:58] "GET /health HTTP/1.1" 200 -
2026-05-03 15:34:26,212 - DEBUG - Active sampling: buffered 6 readings
127.0.0.1 - - [03/May/2026 15:34:28] "GET /health HTTP/1.1" 200 -
127.0.0.1 - - [03/May/2026 15:34:58] "GET /health HTTP/1.1" 200 -
2026-05-03 15:35:26,213 - DEBUG - ⏰ POLLING END: Waited 10.0min, starting next cycle...
2026-05-03 15:35:26,213 - DEBUG - 🔄 CYCLE 4 START: 15:35:26 (interval: 10.0min since last cycle)
2026-05-03 15:35:26,213 - DEBUG - ♻️ Reusing existing Model Wrapper instance
2026-05-03 15:35:26,213 - INFO - Successfully loaded operational state from /config/ml_heating/unified_thermal_state_cooling.json
2026-05-03 15:35:26,243 - DEBUG - Setting HA state for sensor.ml_heating_cop_realtime: {'state': '-7.51', 'attributes': {'state_class': 'measurement', 'unique_id': 'ml_heating_cop_realtime', 'friendly_name': 'ML Heating COP (Realtime)', 'unit_of_measurement': 'COP', 'icon': 'mdi:heat-pump', 'device_class': 'power_factor'}}
2026-05-03 15:35:26,256 - DEBUG - Setting HA state for sensor.ml_heating_thermal_power: {'state': '-2.735', 'attributes': {'state_class': 'measurement', 'unique_id': 'ml_heating_thermal_power', 'friendly_name': 'ML Heating Thermal Power', 'unit_of_measurement': 'kW', 'icon': 'mdi:flash', 'device_class': 'power'}}
2026-05-03 15:35:26,295 - DEBUG - Wrote thermodynamic metrics to InfluxDB
2026-05-03 15:35:26,295 - DEBUG - Thermodynamic sensors updated: COP=-7.51, Power=-2.735kW
2026-05-03 15:35:26,295 - DEBUG - ♻️ Reusing existing Model Wrapper instance
2026-05-03 15:35:26,295 - DEBUG - 🎯 ACTIVE MODE LEARNING (trajectory): Verifying ML prediction accuracy for 18.5°C outlet setting
2026-05-03 15:35:26,300 - DEBUG - ☀️ pv received observation (error=+0.0021) — no parameter delta
2026-05-03 15:35:26,300 - INFO - Channel routing → [☀️ pv] | error=+0.0021 | pv_current=4770W pv_smoothed=8538W | params_changed=none
2026-05-03 15:35:26,329 - DEBUG - 💾 Saved cooling thermal state to /config/ml_heating/unified_thermal_state_cooling.json
2026-05-03 15:35:26,330 - DEBUG - Prediction feedback: error=0.002°C, confidence=3.000
2026-05-03 15:35:26,354 - DEBUG - 💾 Saved cooling thermal state to /config/ml_heating/unified_thermal_state_cooling.json
2026-05-03 15:35:26,355 - DEBUG - 💾 Saved 34 predictions to unified thermal state
2026-05-03 15:35:26,355 - DEBUG - Added prediction: pred=23.49, actual=23.49, error=0.002
2026-05-03 15:35:26,378 - DEBUG - 💾 Saved cooling thermal state to /config/ml_heating/unified_thermal_state_cooling.json
2026-05-03 15:35:26,379 - DEBUG - Setting HA state for sensor.ml_model_mae: {'state': '0.0370', 'attributes': {'state_class': 'measurement', 'unique_id': 'ml_heating_model_mae', 'friendly_name': 'ML Model MAE', 'unit_of_measurement': '°C', 'icon': 'mdi:chart-line', 'last_updated': '2026-05-03T13:35:26.379790+00:00'}}
2026-05-03 15:35:26,392 - DEBUG - Setting HA state for sensor.ml_model_rmse: {'state': '0.0496', 'attributes': {'state_class': 'measurement', 'unique_id': 'ml_heating_model_rmse', 'friendly_name': 'ML Model RMSE', 'unit_of_measurement': '°C', 'icon': 'mdi:chart-line', 'last_updated': '2026-05-03T13:35:26.379790+00:00'}}
2026-05-03 15:35:26,406 - DEBUG - Setting HA state for sensor.ml_heating_learning: {'state': '3.000', 'attributes': {'state_class': 'measurement', 'unique_id': 'ml_heating_learning', 'friendly_name': 'ML Adaptive Learning Metrics', 'unit_of_measurement': 'metrics', 'icon': 'mdi:brain', 'thermal_time_constant': 4.390554703745845, 'heat_loss_coefficient': 0.1245214561975565, 'outlet_effectiveness': 0.9526723072021629, 'pv_heat_weight': 0.0015249772291618456, 'fireplace_heat_weight': 0.387, 'tv_heat_weight': 0.35, 'solar_lag_minutes': 45.118627858588624, 'slab_time_constant_hours': 3.19, 'heat_source_channels_enabled': True, 'total_conductance': 0.3, 'equilibrium_ratio': 0.5, 'cycle_count': 33, 'parameter_updates': 1, 'model_health': 'good', 'learning_progress': 0.33, 'is_improving': True, 'improvement_percentage': 62.36051394699674, 'total_predictions': 34, 'learning_confidence': 3.0, 'last_updated': '2026-05-03T13:35:26.406441+00:00', 'delta_t_floor': 2.3, 'cloud_factor_exponent': 1.0, 'solar_decay_tau_hours': 0.9997272561493208, 'fp_heat_output_kw': 0.387, 'fp_decay_time_constant': 3.9144707244638868, 'room_spread_delay_minutes': 18.0, 'ch_heat_pump_history_count': 0, 'ch_heat_pump_last_error': 0.0, 'ch_pv_history_count': 31, 'ch_pv_last_error': 0.002097251180376958, 'ch_fireplace_history_count': 0, 'ch_fireplace_last_error': 0.0, 'ch_tv_history_count': 0, 'ch_tv_last_error': 0.0}}
2026-05-03 15:35:26,421 - DEBUG - Setting HA state for sensor.ml_model_mae: {'state': '0.0370', 'attributes': {'state_class': 'measurement', 'unique_id': 'ml_heating_model_mae', 'friendly_name': 'ML Model MAE', 'unit_of_measurement': '°C', 'icon': 'mdi:chart-line', 'mae_1h': 0.014190726381487847, 'mae_6h': 0.036968431640773625, 'mae_24h': 0.036968431640773625, 'trend_direction': 'improving', 'prediction_count': 34, 'last_updated': '2026-05-03T13:35:26.406441+00:00'}}
2026-05-03 15:35:26,435 - DEBUG - Setting HA state for sensor.ml_model_rmse: {'state': '0.0496', 'attributes': {'state_class': 'measurement', 'unique_id': 'ml_heating_model_rmse', 'friendly_name': 'ML Model RMSE', 'unit_of_measurement': '°C', 'icon': 'mdi:chart-line', 'recent_max_error': 0.033238454368486714, 'std_error': 0.033, 'mean_bias': 0.0, 'prediction_count': 34, 'last_updated': '2026-05-03T13:35:26.406441+00:00'}}
2026-05-03 15:35:26,449 - DEBUG - Setting HA state for sensor.ml_prediction_accuracy: {'state': '100.0', 'attributes': {'state_class': 'measurement', 'unique_id': 'ml_prediction_accuracy', 'friendly_name': 'ML Prediction Accuracy', 'unit_of_measurement': '%', 'icon': 'mdi:target', 'perfect_accuracy_pct': 0.0, 'tolerable_accuracy_pct': 100.0, 'poor_accuracy_pct': 0.0, 'prediction_count_24h': 0, 'excellent_all_time_pct': 94.11764705882352, 'good_all_time_pct': 99.99999999999999, 'last_updated': '2026-05-03T13:35:26.406441+00:00'}}
2026-05-03 15:35:26,464 - DEBUG - Logged refactored sensor metrics to HA
2026-05-03 15:35:26,464 - DEBUG - Logging feature importance
2026-05-03 15:35:26,464 - DEBUG - Setting HA state for sensor.ml_feature_importance: {'state': '5', 'attributes': {'state_class': 'measurement', 'unique_id': 'ml_heating_feature_importance', 'friendly_name': 'ML Feature Importance', 'unit_of_measurement': '%', 'icon': 'mdi:format-list-numbered', 'top_features': {'target_temp': 52.47, 'fireplace': 21.31, 'tv_power': 19.28, 'outdoor_temp': 6.86, 'pv_power': 0.08}, 'last_updated': '2026-05-03T13:35:26.464479+00:00'}}
2026-05-03 15:35:26,499 - INFO - ✅ Exported metrics to Home Assistant sensors successfully
2026-05-03 15:35:26,499 - INFO - ✅ Learning cycle 33: error=0.002°C, confidence=3.000, total_predictions=34
2026-05-03 15:35:26,499 - DEBUG - ✅ Online learning: applied_temp=18.5°C, actual_change=0.030°C, cycle=33
2026-05-03 15:35:26,499 - INFO - ❄️ Cooling mode active (state: cool)
2026-05-03 15:35:26,499 - DEBUG - ♻️ Reusing existing Model Wrapper instance
2026-05-03 15:35:26,500 - INFO - ❄️ COOLING MODE: ML will calculate cooling outlet temperature (outlet < inlet) — using cooling state /config/ml_heating/unified_thermal_state_cooling.json
2026-05-03 15:35:26,527 - DEBUG - Fireplace is OFF. Using main indoor temp for prediction.
2026-05-03 15:35:26,677 - DEBUG - PV forecast parsed successfully: [2747.2, 1909.8, 828.2, 155.2, 0.0, 0.0, 0.0, 0.0, 0.0, 0.0, 0.0, 0.0]W
2026-05-03 15:35:26,677 - DEBUG - Solar correction: enabled=True, percent=100.0%, factor=1.000
2026-05-03 15:35:26,694 - DEBUG - Delta calibration applied: offset=+2.16°C
2026-05-03 15:35:26,694 - DEBUG - Raw forecasts: [22.1, 21.7, 21.6, 20.9, 18.3, 15.8, 14.1, 13.1, 12.8, 12.5, 12.6, 12.1]
2026-05-03 15:35:26,694 - DEBUG - Calibrated forecasts: [24.26, 23.86, 23.76, 23.06, 20.46, 17.96, 16.26, 15.26, 14.96, 14.66, 14.76, 14.26]
2026-05-03 15:35:26,698 - INFO - ☀️ Forecast trajectory: PV=4320W, remaining_pv_hours=4 + min_steps=6 → 10 steps
2026-05-03 15:35:26,698 - DEBUG - ♻️ Reusing existing Model Wrapper instance
2026-05-03 15:35:26,703 - INFO - DEBUG: Wrapper params: U=0.1245214561975565, eff=0.9526723072021629, tau=4.390554703745845
2026-05-03 15:35:26,703 - DEBUG - ❄️ Cooling: tightened outlet_max to 19.3°C (inlet=21.3°C − delta=2.0°C)
2026-05-03 15:35:26,703 - INFO - ❄️ Cooling mode bounds: outlet 18.3–19.3°C (indoor=23.5°C, target=22.6°C)
2026-05-03 15:35:26,703 - DEBUG - 🔧 Using natural bounds: outlet_min=18.3°C, outlet_max=19.3°C
2026-05-03 15:35:26,703 - INFO - 🌡️ Using cycle-aligned forecast (10min): outdoor=24.3°C (vs current 24.3°C), PV=7818W (vs current 8279W)
2026-05-03 15:35:26,703 - DEBUG - DEBUG: Using PV history (len=18) instead of scalar 7818.237345679012
2026-05-03 15:35:26,703 - INFO - 🔄 HP off (delta_t=-2.72): simulating HP-on delta_t=2.30 for binary search
2026-05-03 15:35:26,703 - DEBUG - 🎯 Binary search start: target=22.6°C, current=23.5°C, range=18.3-19.3°C
2026-05-03 15:35:26,703 - DEBUG - 🔍 Binary search features: inlet_temp=21.3, delta_t_floor=2.30, indoor_temp_delta_60m=0.0596, horizon=10.0h, outlet_mid=18.8°C
2026-05-03 15:35:26,705 - DEBUG - ✅ Binary search trajectory OK (iter 1): outlet=18.8°C → predicted=22.70°C (steps=60, start=23.50→end=22.70)
2026-05-03 15:35:26,705 - DEBUG -    Iteration 1: outlet=18.8°C → predicted=22.70°C, error=0.104°C (range: 18.3-19.3°C)
2026-05-03 15:35:26,705 - DEBUG -      → Cooling: Predicted above target, lowering maximum to 18.8°C
2026-05-03 15:35:26,707 - DEBUG -    Iteration 2: outlet=18.6°C → predicted=22.70°C, error=0.104°C (range: 18.3-18.8°C)
2026-05-03 15:35:26,707 - DEBUG -      → Cooling: Predicted above target, lowering maximum to 18.6°C
2026-05-03 15:35:26,709 - DEBUG -    Iteration 3: outlet=18.4°C → predicted=22.70°C, error=0.104°C (range: 18.3-18.6°C)
2026-05-03 15:35:26,709 - DEBUG -      → Cooling: Predicted above target, lowering maximum to 18.4°C
2026-05-03 15:35:26,711 - DEBUG -    Iteration 4: outlet=18.4°C → predicted=22.70°C, error=0.104°C (range: 18.3-18.4°C)
2026-05-03 15:35:26,711 - DEBUG -      → Cooling: Predicted above target, lowering maximum to 18.4°C
2026-05-03 15:35:26,713 - DEBUG -    Iteration 5: outlet=18.3°C → predicted=22.70°C, error=0.104°C (range: 18.3-18.4°C)
2026-05-03 15:35:26,713 - DEBUG -      → Cooling: Predicted above target, lowering maximum to 18.3°C
2026-05-03 15:35:26,713 - INFO - 🔄 Binary search early exit after 6 iterations: range collapsed to 0.031°C, using 18.3°C
2026-05-03 15:35:26,713 - DEBUG - 🧠 Smart rounding is using cycle-aligned forecast: PV=7818W (caller sent PV=8279W)
2026-05-03 15:35:26,713 - INFO - 🎯 Prediction: Current 23.49°C → Target 22.6°C | Calculated outlet: 18.3°C (before smart rounding) (confidence: 3.000)
2026-05-03 15:35:26,713 - DEBUG - Model Wrapper: temp=18.3°C, error=0.890°C, confidence=3.000
2026-05-03 15:35:26,713 - DEBUG - EMA smoothing: 18.32°C → 18.4°C (last=18.5, α=0.50)
2026-05-03 15:35:26,713 - DEBUG - ♻️ Reusing existing Model Wrapper instance
2026-05-03 15:35:26,713 - INFO - 🌡️ Using cycle-aligned forecast (10min): outdoor=24.5°C (vs current 24.5°C), PV=7818W (vs current 8279W)
2026-05-03 15:35:26,714 - DEBUG - 🧠 Smart rounding is using cycle-aligned forecast: PV=7818W (caller sent PV=7818W)
2026-05-03 15:35:26,714 - DEBUG - 🧠 Smart rounding is using cycle-aligned forecast: PV=7818W (caller sent PV=7818W)
2026-05-03 15:35:26,714 - DEBUG - Smart rounding: 18.40°C → 18°C (chose floor: floor→23.42°C [err=0.823], ceiling→23.45°C [err=0.855], target=22.6°C)
2026-05-03 15:35:26,714 - DEBUG - Setting target outlet temp
2026-05-03 15:35:26,714 - DEBUG - Setting HA state for sensor.ml_vorlauftemperatur: {'state': '18.4', 'attributes': {'state_class': 'measurement', 'unique_id': 'ml_heating_target_outlet_temp', 'friendly_name': 'ML Target Outlet Temp', 'unit_of_measurement': '°C', 'device_class': 'temperature', 'icon': 'mdi:thermometer-water'}}
2026-05-03 15:35:26,726 - DEBUG - Logging thermal model metrics
2026-05-03 15:35:26,727 - DEBUG - Setting HA state for sensor.ml_heating_state: {'state': '0', 'attributes': {'state_class': 'measurement', 'unique_id': 'ml_heating_state', 'friendly_name': 'ML Heating State', 'unit_of_measurement': 'state', 'icon': 'mdi:information-outline', 'state_description': 'OK - Prediction done', 'confidence': 3.0, 'suggested_temp': 18.32, 'final_temp': 18.4, 'predicted_indoor': 23.41, 'last_prediction_time': '2026-05-03T13:35:26.727169+00:00', 'temperature_error': 0.89}}
2026-05-03 15:35:26,780 - DEBUG - ✅ ACTIVE MODE: ML controlling heating via input_boolean.ml_heating
2026-05-03 15:35:26,782 - DEBUG - 🧠 Smart rounding is using cycle-aligned forecast: PV=7818W (caller sent PV=8279W)
2026-05-03 15:35:26,782 - DEBUG - Target: 22.6°C | Suggested: 18.3°C | Applied: 18.4°C | Actual Indoor: 23.49°C | Predicted Indoor: 23.44°C | Confidence: 3.000
2026-05-03 15:35:26,782 - INFO - Target: 22.6°C | Suggested: 18.3°C | Applied: 18.4°C | Actual Indoor: 23.49°C | Predicted Indoor: 23.44°C | Confidence: 3.000
2026-05-03 15:35:26,807 - DEBUG - 💾 Saved cooling thermal state to /config/ml_heating/unified_thermal_state_cooling.json
2026-05-03 15:35:26,808 - DEBUG - Operational state saved to /config/ml_heating/unified_thermal_state_cooling.json; updated keys: ['last_run_features', 'last_indoor_temp', 'last_avg_other_rooms_temp', 'last_fireplace_on', 'last_final_temp', 'last_predicted_indoor', 'last_is_blocking', 'last_blocking_reasons', 'setpoint_hold_cycles_remaining']
2026-05-03 15:35:26,808 - DEBUG - Setting HA state for sensor.ml_heating_features: {'state': '23.56', 'attributes': {'state_class': 'measurement', 'unique_id': 'ml_heating_features', 'friendly_name': 'ML Heating Features', 'unit_of_measurement': '°C', 'device_class': 'temperature', 'icon': 'mdi:feature-search-outline', 'living_room_temp': 23.56, 'outlet_temp': 18.580000000000002, 'indoor_temp_lag_30m': 23.464, 'target_temp': 22.6, 'outdoor_temp': 24.26249999999999, 'dhw_heating': 0.0, 'dhw_disinfection': 0.0, 'dhw_boost_heater': 0.0, 'defrosting': 0.0, 'pv_now': 4320.0, 'pv_now_electrical': 4320.0, 'solar_correction_percent': 100.0, 'solar_correction_factor': 1.0, 'solar_correction_enabled': 1.0, 'fireplace_on': 0.0, 'tv_on': 0.0, 'temp_forecast_1h': 24.26, 'temp_forecast_2h': 23.86, 'temp_forecast_3h': 23.76, 'temp_forecast_4h': 23.06, 'temp_forecast_5h': 20.46, 'temp_forecast_6h': 17.96, 'temp_forecast_7h': 16.26, 'temp_forecast_8h': 15.26, 'temp_forecast_9h': 14.96, 'temp_forecast_10h': 14.66, 'temp_forecast_11h': 14.76, 'temp_forecast_12h': 14.26, 'pv_forecast_1h': 2747.2, 'pv_forecast_2h': 1909.8, 'pv_forecast_3h': 828.2, 'pv_forecast_4h': 155.2, 'pv_forecast_5h': 0.0, 'pv_forecast_6h': 0.0, 'pv_forecast_7h': 0.0, 'pv_forecast_8h': 0.0, 'pv_forecast_9h': 0.0, 'pv_forecast_10h': 0.0, 'pv_forecast_11h': 0.0, 'pv_forecast_12h': 0.0, 'pv_forecast_electrical_1h': 2747.2, 'pv_forecast_electrical_2h': 1909.8, 'pv_forecast_electrical_3h': 828.2, 'pv_forecast_electrical_4h': 155.2, 'pv_forecast_electrical_5h': 0.0, 'pv_forecast_electrical_6h': 0.0, 'pv_forecast_electrical_7h': 0.0, 'pv_forecast_electrical_8h': 0.0, 'pv_forecast_electrical_9h': 0.0, 'pv_forecast_electrical_10h': 0.0, 'pv_forecast_electrical_11h': 0.0, 'pv_forecast_electrical_12h': 0.0, 'cloud_cover_forecast_1h': 0.0, 'cloud_cover_forecast_2h': 0.0, 'cloud_cover_forecast_3h': 0.0, 'cloud_cover_forecast_4h': 0.0, 'cloud_cover_forecast_5h': 0.0, 'cloud_cover_forecast_6h': 0.0, 'cloud_cover_forecast_7h': 0.0, 'cloud_cover_forecast_8h': 0.0, 'cloud_cover_forecast_9h': 0.0, 'cloud_cover_forecast_10h': 0.0, 'cloud_cover_forecast_11h': 0.0, 'cloud_cover_forecast_12h': 0.0, 'temp_diff_indoor_outdoor': -0.7868749999999878, 'indoor_temp_gradient': 0.519750000000009, 'outlet_indoor_diff': -4.895624999999999, 'indoor_temp_lag_10m': 23.483333333333334, 'indoor_temp_lag_60m': 23.416000000000004, 'outlet_temp_lag_30m': 18.699999999999996, 'outlet_temp_change': -0.0033333333333303017, 'indoor_temp_delta_10m': -0.007708333333333428, 'indoor_temp_delta_30m': 0.011625000000002217, 'indoor_temp_delta_60m': 0.05962499999999693, 'hour_sin': -0.7071067811865471, 'hour_cos': -0.7071067811865479, 'month_sin': 0.8660254037844387, 'month_cos': -0.4999999999999998, 'outlet_effectiveness_ratio': 8.756249999999994, 'inlet_temp': 21.3, 'flow_rate': 14.0, 'power_consumption': 364.0, 'delta_t': -2.719999999999999, 'thermal_power_kw': -2.6567146666666654, 'cop_realtime': -7.298666666666663, 'temp_trend_forecast': -0.9602499999999988, 'heating_demand_forecast': 0.634, 'combined_forecast_thermal_load': 0.634, 'pv_power_history': [10275.0, 10028.0, 10579.0, 10376.0, 9512.0, 10112.0, 7981.0, 7337.0, 7566.0, 9549.0, 8827.0, 7523.0, 8170.0, 8020.0, 6733.0, 6690.0, 5155.0, 4593.333333333333], 'last_updated': '2026-05-03T13:35:26.808098+00:00'}}
2026-05-03 15:35:26,821 - DEBUG - Published 89 features to sensor.ml_heating_features
2026-05-03 15:35:26,821 - DEBUG - ✅ CYCLE 4 END: 15:35:26 (duration: 0.6s)
2026-05-03 15:35:26,822 - DEBUG - 💤 POLLING START: Waiting 30min until next cycle...
2026-05-03 15:35:26,848 - DEBUG - Active sampling: buffered 6 readings
127.0.0.1 - - [03/May/2026 15:35:28] "GET /health HTTP/1.1" 200 -
127.0.0.1 - - [03/May/2026 15:35:58] "GET /health HTTP/1.1" 200 -
2026-05-03 15:36:26,880 - DEBUG - Active sampling: buffered 6 readings
127.0.0.1 - - [03/May/2026 15:36:28] "GET /health HTTP/1.1" 200 -
127.0.0.1 - - [03/May/2026 15:36:58] "GET /health HTTP/1.1" 200 -
2026-05-03 15:37:26,910 - DEBUG - Active sampling: buffered 6 readings
127.0.0.1 - - [03/May/2026 15:37:28] "GET /health HTTP/1.1" 200 -
127.0.0.1 - - [03/May/2026 15:37:58] "GET /health HTTP/1.1" 200 -
2026-05-03 15:38:26,942 - DEBUG - Active sampling: buffered 6 readings
127.0.0.1 - - [03/May/2026 15:38:28] "GET /health HTTP/1.1" 200 -
127.0.0.1 - - [03/May/2026 15:38:59] "GET /health HTTP/1.1" 200 -
2026-05-03 15:39:26,973 - DEBUG - Active sampling: buffered 6 readings
127.0.0.1 - - [03/May/2026 15:39:29] "GET /health HTTP/1.1" 200 -
127.0.0.1 - - [03/May/2026 15:39:59] "GET /health HTTP/1.1" 200 -
2026-05-03 15:40:27,003 - DEBUG - Active sampling: buffered 6 readings
127.0.0.1 - - [03/May/2026 15:40:29] "GET /health HTTP/1.1" 200 -
127.0.0.1 - - [03/May/2026 15:40:59] "GET /health HTTP/1.1" 200 -
2026-05-03 15:41:27,033 - DEBUG - Active sampling: buffered 6 readings
127.0.0.1 - - [03/May/2026 15:41:29] "GET /health HTTP/1.1" 200 -
127.0.0.1 - - [03/May/2026 15:41:59] "GET /health HTTP/1.1" 200 -
2026-05-03 15:42:27,063 - DEBUG - Active sampling: buffered 6 readings
127.0.0.1 - - [03/May/2026 15:42:29] "GET /health HTTP/1.1" 200 -
127.0.0.1 - - [03/May/2026 15:42:59] "GET /health HTTP/1.1" 200 -
2026-05-03 15:43:27,095 - DEBUG - Active sampling: buffered 6 readings
127.0.0.1 - - [03/May/2026 15:43:29] "GET /health HTTP/1.1" 200 -
127.0.0.1 - - [03/May/2026 15:43:59] "GET /health HTTP/1.1" 200 -
2026-05-03 15:44:27,126 - DEBUG - Active sampling: buffered 6 readings
127.0.0.1 - - [03/May/2026 15:44:29] "GET /health HTTP/1.1" 200 -
127.0.0.1 - - [03/May/2026 15:44:59] "GET /health HTTP/1.1" 200 -
2026-05-03 15:45:27,127 - DEBUG - ⏰ POLLING END: Waited 10.0min, starting next cycle...
2026-05-03 15:45:27,127 - DEBUG - 🔄 CYCLE 5 START: 15:45:27 (interval: 10.0min since last cycle)
2026-05-03 15:45:27,127 - DEBUG - ♻️ Reusing existing Model Wrapper instance
2026-05-03 15:45:27,127 - INFO - Successfully loaded operational state from /config/ml_heating/unified_thermal_state_cooling.json
2026-05-03 15:45:27,156 - DEBUG - Setting HA state for sensor.ml_heating_cop_realtime: {'state': '-7.15', 'attributes': {'state_class': 'measurement', 'unique_id': 'ml_heating_cop_realtime', 'friendly_name': 'ML Heating COP (Realtime)', 'unit_of_measurement': 'COP', 'icon': 'mdi:heat-pump', 'device_class': 'power_factor'}}
2026-05-03 15:45:27,170 - DEBUG - Setting HA state for sensor.ml_heating_thermal_power: {'state': '-2.637', 'attributes': {'state_class': 'measurement', 'unique_id': 'ml_heating_thermal_power', 'friendly_name': 'ML Heating Thermal Power', 'unit_of_measurement': 'kW', 'icon': 'mdi:flash', 'device_class': 'power'}}
2026-05-03 15:45:27,212 - DEBUG - Wrote thermodynamic metrics to InfluxDB
2026-05-03 15:45:27,212 - DEBUG - Thermodynamic sensors updated: COP=-7.15, Power=-2.637kW
2026-05-03 15:45:27,212 - DEBUG - ♻️ Reusing existing Model Wrapper instance
2026-05-03 15:45:27,212 - DEBUG - 🎯 ACTIVE MODE LEARNING (trajectory): Verifying ML prediction accuracy for 18.4°C outlet setting
2026-05-03 15:45:27,216 - DEBUG - ☀️ SolarChannel self-learned: avg_error=-0.003, pv_heat_weight=0.00152, solar_lag=45.1min, cloud_exp=1.00, solar_decay_tau=1.00h
2026-05-03 15:45:27,216 - INFO - ☀️ pv parameter update: attributed_error=-0.008775 | pv_heat_weight: 0.001525→0.001522 (Δ-0.000003) | solar_decay_tau_hours: 0.999727→0.999726 (Δ-0.000001) | solar_lag_minutes: 45.118628→45.118637 (Δ+0.000009)
2026-05-03 15:45:27,217 - INFO - Channel routing → [☀️ pv*] | error=-0.0088 | pv_current=4320W pv_smoothed=8279W | params_changed=pv
2026-05-03 15:45:27,250 - DEBUG - 💾 Saved cooling thermal state to /config/ml_heating/unified_thermal_state_cooling.json
2026-05-03 15:45:27,250 - DEBUG - Prediction feedback: error=-0.009°C, confidence=3.000
2026-05-03 15:45:27,275 - DEBUG - 💾 Saved cooling thermal state to /config/ml_heating/unified_thermal_state_cooling.json
2026-05-03 15:45:27,275 - DEBUG - 💾 Saved 35 predictions to unified thermal state
2026-05-03 15:45:27,275 - DEBUG - Added prediction: pred=23.52, actual=23.51, error=-0.009
2026-05-03 15:45:27,300 - DEBUG - 💾 Saved cooling thermal state to /config/ml_heating/unified_thermal_state_cooling.json
2026-05-03 15:45:27,301 - DEBUG - Setting HA state for sensor.ml_model_mae: {'state': '0.0362', 'attributes': {'state_class': 'measurement', 'unique_id': 'ml_heating_model_mae', 'friendly_name': 'ML Model MAE', 'unit_of_measurement': '°C', 'icon': 'mdi:chart-line', 'last_updated': '2026-05-03T13:45:27.301343+00:00'}}
2026-05-03 15:45:27,314 - DEBUG - Setting HA state for sensor.ml_model_rmse: {'state': '0.0489', 'attributes': {'state_class': 'measurement', 'unique_id': 'ml_heating_model_rmse', 'friendly_name': 'ML Model RMSE', 'unit_of_measurement': '°C', 'icon': 'mdi:chart-line', 'last_updated': '2026-05-03T13:45:27.301343+00:00'}}
2026-05-03 15:45:27,329 - DEBUG - Setting HA state for sensor.ml_heating_learning: {'state': '3.000', 'attributes': {'state_class': 'measurement', 'unique_id': 'ml_heating_learning', 'friendly_name': 'ML Adaptive Learning Metrics', 'unit_of_measurement': 'metrics', 'icon': 'mdi:brain', 'thermal_time_constant': 4.390554703745845, 'heat_loss_coefficient': 0.1245214561975565, 'outlet_effectiveness': 0.9526723072021629, 'pv_heat_weight': 0.0015220897856841773, 'fireplace_heat_weight': 0.387, 'tv_heat_weight': 0.35, 'solar_lag_minutes': 45.11863712808425, 'slab_time_constant_hours': 3.19, 'heat_source_channels_enabled': True, 'total_conductance': 0.3, 'equilibrium_ratio': 0.5, 'cycle_count': 34, 'parameter_updates': 2, 'model_health': 'good', 'learning_progress': 0.34, 'is_improving': True, 'improvement_percentage': 63.54410561653403, 'total_predictions': 35, 'learning_confidence': 3.0, 'last_updated': '2026-05-03T13:45:27.329262+00:00', 'delta_t_floor': 2.3, 'cloud_factor_exponent': 1.0, 'solar_decay_tau_hours': 0.999725812427582, 'fp_heat_output_kw': 0.387, 'fp_decay_time_constant': 3.9144707244638868, 'room_spread_delay_minutes': 18.0, 'ch_heat_pump_history_count': 0, 'ch_heat_pump_last_error': 0.0, 'ch_pv_history_count': 32, 'ch_pv_last_error': -0.008774709720231755, 'ch_fireplace_history_count': 0, 'ch_fireplace_last_error': 0.0, 'ch_tv_history_count': 0, 'ch_tv_last_error': 0.0}}
2026-05-03 15:45:27,343 - DEBUG - Setting HA state for sensor.ml_model_mae: {'state': '0.0362', 'attributes': {'state_class': 'measurement', 'unique_id': 'ml_heating_model_mae', 'friendly_name': 'ML Model MAE', 'unit_of_measurement': '°C', 'icon': 'mdi:chart-line', 'mae_1h': 0.01394328587012783, 'mae_6h': 0.036162896728758144, 'mae_24h': 0.036162896728758144, 'trend_direction': 'improving', 'prediction_count': 35, 'last_updated': '2026-05-03T13:45:27.329262+00:00'}}
2026-05-03 15:45:27,364 - DEBUG - Setting HA state for sensor.ml_model_rmse: {'state': '0.0489', 'attributes': {'state_class': 'measurement', 'unique_id': 'ml_heating_model_rmse', 'friendly_name': 'ML Model RMSE', 'unit_of_measurement': '°C', 'icon': 'mdi:chart-line', 'recent_max_error': 0.033238454368486714, 'std_error': 0.0329, 'mean_bias': 0.0, 'prediction_count': 35, 'last_updated': '2026-05-03T13:45:27.329262+00:00'}}
2026-05-03 15:45:27,378 - DEBUG - Setting HA state for sensor.ml_prediction_accuracy: {'state': '100.0', 'attributes': {'state_class': 'measurement', 'unique_id': 'ml_prediction_accuracy', 'friendly_name': 'ML Prediction Accuracy', 'unit_of_measurement': '%', 'icon': 'mdi:target', 'perfect_accuracy_pct': 0.0, 'tolerable_accuracy_pct': 100.0, 'poor_accuracy_pct': 0.0, 'prediction_count_24h': 0, 'excellent_all_time_pct': 94.28571428571428, 'good_all_time_pct': 99.99999999999999, 'last_updated': '2026-05-03T13:45:27.329262+00:00'}}
2026-05-03 15:45:27,416 - DEBUG - Logged refactored sensor metrics to HA
2026-05-03 15:45:27,416 - DEBUG - Logging feature importance
2026-05-03 15:45:27,416 - DEBUG - Setting HA state for sensor.ml_feature_importance: {'state': '5', 'attributes': {'state_class': 'measurement', 'unique_id': 'ml_heating_feature_importance', 'friendly_name': 'ML Feature Importance', 'unit_of_measurement': '%', 'icon': 'mdi:format-list-numbered', 'top_features': {'target_temp': 52.47, 'fireplace': 21.31, 'tv_power': 19.28, 'outdoor_temp': 6.86, 'pv_power': 0.08}, 'last_updated': '2026-05-03T13:45:27.416497+00:00'}}
2026-05-03 15:45:27,433 - INFO - ✅ Exported metrics to Home Assistant sensors successfully
2026-05-03 15:45:27,433 - INFO - ✅ Learning cycle 34: error=0.009°C, confidence=3.000, total_predictions=35
2026-05-03 15:45:27,433 - DEBUG - ✅ Online learning: applied_temp=18.4°C, actual_change=0.020°C, cycle=34
2026-05-03 15:45:27,433 - INFO - ❄️ Cooling mode active (state: cool)
2026-05-03 15:45:27,434 - DEBUG - ♻️ Reusing existing Model Wrapper instance
2026-05-03 15:45:27,434 - INFO - ❄️ COOLING MODE: ML will calculate cooling outlet temperature (outlet < inlet) — using cooling state /config/ml_heating/unified_thermal_state_cooling.json
2026-05-03 15:45:27,462 - DEBUG - Fireplace is OFF. Using main indoor temp for prediction.
2026-05-03 15:45:27,646 - DEBUG - PV forecast parsed successfully: [2372.8, 1182.5, 599.0, 52.0, 0.0, 0.0, 0.0, 0.0, 0.0, 0.0, 0.0, 0.0]W
2026-05-03 15:45:27,646 - DEBUG - Solar correction: enabled=True, percent=100.0%, factor=1.000
2026-05-03 15:45:27,672 - DEBUG - Delta calibration applied: offset=+1.88°C
2026-05-03 15:45:27,672 - DEBUG - Raw forecasts: [22.5, 22.0, 21.5, 20.7, 18.8, 15.9, 14.4, 13.6, 12.9, 12.3, 11.6, 11.7]
2026-05-03 15:45:27,672 - DEBUG - Calibrated forecasts: [24.38, 23.88, 23.38, 22.58, 20.68, 17.78, 16.28, 15.48, 14.78, 14.18, 13.48, 13.58]
2026-05-03 15:45:27,675 - INFO - ☀️ Forecast trajectory: PV=3810W, remaining_pv_hours=4 + min_steps=6 → 10 steps
2026-05-03 15:45:27,675 - DEBUG - ♻️ Reusing existing Model Wrapper instance
2026-05-03 15:45:27,681 - INFO - DEBUG: Wrapper params: U=0.1245214561975565, eff=0.9526723072021629, tau=4.390554703745845
2026-05-03 15:45:27,681 - DEBUG - ❄️ Cooling: tightened outlet_max to 19.3°C (inlet=21.3°C − delta=2.0°C)
2026-05-03 15:45:27,681 - INFO - ❄️ Cooling mode bounds: outlet 18.3–19.3°C (indoor=23.5°C, target=22.6°C)
2026-05-03 15:45:27,681 - DEBUG - 🔧 Using natural bounds: outlet_min=18.3°C, outlet_max=19.3°C
2026-05-03 15:45:27,681 - INFO - 🌡️ Using cycle-aligned forecast (10min): outdoor=24.4°C (vs current 24.4°C), PV=7452W (vs current 7914W)
2026-05-03 15:45:27,681 - DEBUG - DEBUG: Using PV history (len=18) instead of scalar 7451.876851851852
2026-05-03 15:45:27,681 - INFO - 🔄 HP off (delta_t=-2.76): simulating HP-on delta_t=2.30 for binary search
2026-05-03 15:45:27,681 - DEBUG - 🎯 Binary search start: target=22.6°C, current=23.5°C, range=18.3-19.3°C
2026-05-03 15:45:27,681 - DEBUG - 🔍 Binary search features: inlet_temp=21.26, delta_t_floor=2.30, indoor_temp_delta_60m=0.0726, horizon=10.0h, outlet_mid=18.8°C
2026-05-03 15:45:27,683 - DEBUG - ✅ Binary search trajectory OK (iter 1): outlet=18.8°C → predicted=22.66°C (steps=60, start=23.52→end=22.66)
2026-05-03 15:45:27,683 - DEBUG -    Iteration 1: outlet=18.8°C → predicted=22.66°C, error=0.056°C (range: 18.3-19.3°C)
2026-05-03 15:45:27,683 - DEBUG -      → Cooling: Predicted above target, lowering maximum to 18.8°C
2026-05-03 15:45:27,685 - DEBUG -    Iteration 2: outlet=18.5°C → predicted=22.66°C, error=0.056°C (range: 18.3-18.8°C)
2026-05-03 15:45:27,685 - DEBUG -      → Cooling: Predicted above target, lowering maximum to 18.5°C
2026-05-03 15:45:27,687 - DEBUG -    Iteration 3: outlet=18.4°C → predicted=22.66°C, error=0.056°C (range: 18.3-18.5°C)
2026-05-03 15:45:27,687 - DEBUG -      → Cooling: Predicted above target, lowering maximum to 18.4°C
2026-05-03 15:45:27,689 - DEBUG -    Iteration 4: outlet=18.4°C → predicted=22.66°C, error=0.056°C (range: 18.3-18.4°C)
2026-05-03 15:45:27,689 - DEBUG -      → Cooling: Predicted above target, lowering maximum to 18.4°C
2026-05-03 15:45:27,691 - DEBUG -    Iteration 5: outlet=18.3°C → predicted=22.66°C, error=0.056°C (range: 18.3-18.4°C)
2026-05-03 15:45:27,691 - DEBUG -      → Cooling: Predicted above target, lowering maximum to 18.3°C
2026-05-03 15:45:27,691 - INFO - 🔄 Binary search early exit after 6 iterations: range collapsed to 0.030°C, using 18.3°C
2026-05-03 15:45:27,691 - DEBUG - 🧠 Smart rounding is using cycle-aligned forecast: PV=7452W (caller sent PV=7914W)
2026-05-03 15:45:27,691 - INFO - 🎯 Prediction: Current 23.51°C → Target 22.6°C | Calculated outlet: 18.3°C (before smart rounding) (confidence: 3.000)
2026-05-03 15:45:27,691 - DEBUG - Model Wrapper: temp=18.3°C, error=0.910°C, confidence=3.000
2026-05-03 15:45:27,691 - DEBUG - EMA smoothing: 18.31°C → 18.4°C (last=18.4, α=0.50)
2026-05-03 15:45:27,691 - DEBUG - ♻️ Reusing existing Model Wrapper instance
2026-05-03 15:45:27,691 - INFO - 🌡️ Using cycle-aligned forecast (10min): outdoor=24.4°C (vs current 24.4°C), PV=7452W (vs current 7914W)
2026-05-03 15:45:27,691 - DEBUG - 🧠 Smart rounding is using cycle-aligned forecast: PV=7452W (caller sent PV=7452W)
2026-05-03 15:45:27,691 - DEBUG - 🧠 Smart rounding is using cycle-aligned forecast: PV=7452W (caller sent PV=7452W)
2026-05-03 15:45:27,692 - DEBUG - Smart rounding: 18.40°C → 18°C (chose floor: floor→23.44°C [err=0.843], ceiling→23.47°C [err=0.874], target=22.6°C)
2026-05-03 15:45:27,692 - DEBUG - Setting target outlet temp
2026-05-03 15:45:27,692 - DEBUG - Setting HA state for sensor.ml_vorlauftemperatur: {'state': '18.4', 'attributes': {'state_class': 'measurement', 'unique_id': 'ml_heating_target_outlet_temp', 'friendly_name': 'ML Target Outlet Temp', 'unit_of_measurement': '°C', 'device_class': 'temperature', 'icon': 'mdi:thermometer-water'}}
2026-05-03 15:45:27,704 - DEBUG - Logging thermal model metrics
2026-05-03 15:45:27,705 - DEBUG - Setting HA state for sensor.ml_heating_state: {'state': '0', 'attributes': {'state_class': 'measurement', 'unique_id': 'ml_heating_state', 'friendly_name': 'ML Heating State', 'unit_of_measurement': 'state', 'icon': 'mdi:information-outline', 'state_description': 'OK - Prediction done', 'confidence': 3.0, 'suggested_temp': 18.31, 'final_temp': 18.4, 'predicted_indoor': 23.42, 'last_prediction_time': '2026-05-03T13:45:27.704980+00:00', 'temperature_error': 0.91}}
2026-05-03 15:45:27,719 - DEBUG - ✅ ACTIVE MODE: ML controlling heating via input_boolean.ml_heating
2026-05-03 15:45:27,720 - DEBUG - 🧠 Smart rounding is using cycle-aligned forecast: PV=7452W (caller sent PV=7914W)
2026-05-03 15:45:27,720 - DEBUG - Target: 22.6°C | Suggested: 18.3°C | Applied: 18.4°C | Actual Indoor: 23.51°C | Predicted Indoor: 23.46°C | Confidence: 3.000
2026-05-03 15:45:27,721 - INFO - Target: 22.6°C | Suggested: 18.3°C | Applied: 18.4°C | Actual Indoor: 23.51°C | Predicted Indoor: 23.46°C | Confidence: 3.000
2026-05-03 15:45:27,747 - DEBUG - 💾 Saved cooling thermal state to /config/ml_heating/unified_thermal_state_cooling.json
2026-05-03 15:45:27,747 - DEBUG - Operational state saved to /config/ml_heating/unified_thermal_state_cooling.json; updated keys: ['last_run_features', 'last_indoor_temp', 'last_avg_other_rooms_temp', 'last_fireplace_on', 'last_final_temp', 'last_predicted_indoor', 'last_is_blocking', 'last_blocking_reasons', 'setpoint_hold_cycles_remaining']
2026-05-03 15:45:27,747 - DEBUG - Setting HA state for sensor.ml_heating_features: {'state': '23.58', 'attributes': {'state_class': 'measurement', 'unique_id': 'ml_heating_features', 'friendly_name': 'ML Heating Features', 'unit_of_measurement': '°C', 'device_class': 'temperature', 'icon': 'mdi:feature-search-outline', 'living_room_temp': 23.58, 'outlet_temp': 18.5, 'indoor_temp_lag_30m': 23.470999999999997, 'target_temp': 22.6, 'outdoor_temp': 24.378124999999997, 'dhw_heating': 0.0, 'dhw_disinfection': 0.0, 'dhw_boost_heater': 0.0, 'defrosting': 0.0, 'pv_now': 3810.0, 'pv_now_electrical': 3810.0, 'solar_correction_percent': 100.0, 'solar_correction_factor': 1.0, 'solar_correction_enabled': 1.0, 'fireplace_on': 0.0, 'tv_on': 0.0, 'temp_forecast_1h': 24.38, 'temp_forecast_2h': 23.88, 'temp_forecast_3h': 23.38, 'temp_forecast_4h': 22.58, 'temp_forecast_5h': 20.68, 'temp_forecast_6h': 17.78, 'temp_forecast_7h': 16.28, 'temp_forecast_8h': 15.48, 'temp_forecast_9h': 14.78, 'temp_forecast_10h': 14.18, 'temp_forecast_11h': 13.48, 'temp_forecast_12h': 13.58, 'pv_forecast_1h': 2372.8, 'pv_forecast_2h': 1182.5, 'pv_forecast_3h': 599.0, 'pv_forecast_4h': 52.0, 'pv_forecast_5h': 0.0, 'pv_forecast_6h': 0.0, 'pv_forecast_7h': 0.0, 'pv_forecast_8h': 0.0, 'pv_forecast_9h': 0.0, 'pv_forecast_10h': 0.0, 'pv_forecast_11h': 0.0, 'pv_forecast_12h': 0.0, 'pv_forecast_electrical_1h': 2372.8, 'pv_forecast_electrical_2h': 1182.5, 'pv_forecast_electrical_3h': 599.0, 'pv_forecast_electrical_4h': 52.0, 'pv_forecast_electrical_5h': 0.0, 'pv_forecast_electrical_6h': 0.0, 'pv_forecast_electrical_7h': 0.0, 'pv_forecast_electrical_8h': 0.0, 'pv_forecast_electrical_9h': 0.0, 'pv_forecast_electrical_10h': 0.0, 'pv_forecast_electrical_11h': 0.0, 'pv_forecast_electrical_12h': 0.0, 'cloud_cover_forecast_1h': 0.0, 'cloud_cover_forecast_2h': 0.0, 'cloud_cover_forecast_3h': 0.0, 'cloud_cover_forecast_4h': 0.0, 'cloud_cover_forecast_5h': 0.0, 'cloud_cover_forecast_6h': 0.0, 'cloud_cover_forecast_7h': 0.0, 'cloud_cover_forecast_8h': 0.0, 'cloud_cover_forecast_9h': 0.0, 'cloud_cover_forecast_10h': 0.0, 'cloud_cover_forecast_11h': 0.0, 'cloud_cover_forecast_12h': 0.0, 'temp_diff_indoor_outdoor': -0.8825000000000003, 'indoor_temp_gradient': 0.8857499999999661, 'outlet_indoor_diff': -4.995624999999997, 'indoor_temp_lag_10m': 23.501666666666665, 'indoor_temp_lag_60m': 23.423000000000002, 'outlet_temp_lag_30m': 18.609999999999996, 'outlet_temp_change': 0.0, 'indoor_temp_delta_10m': -0.006041666666668277, 'indoor_temp_delta_30m': 0.02462500000000034, 'indoor_temp_delta_60m': 0.07262499999999505, 'hour_sin': -0.7071067811865471, 'hour_cos': -0.7071067811865479, 'month_sin': 0.8660254037844387, 'month_cos': -0.4999999999999998, 'outlet_effectiveness_ratio': 8.956249999999955, 'inlet_temp': 21.26, 'flow_rate': 14.0, 'power_consumption': 369.0, 'delta_t': -2.7600000000000016, 'thermal_power_kw': -2.6957840000000015, 'cop_realtime': -7.305647696476969, 'temp_trend_forecast': -1.0198124999999998, 'heating_demand_forecast': 0.682, 'combined_forecast_thermal_load': 0.682, 'pv_power_history': [10028.0, 10579.0, 10376.0, 9512.0, 10112.0, 7981.0, 7337.0, 7566.0, 9549.0, 8827.0, 7523.0, 8170.0, 8020.0, 6733.0, 6690.0, 5155.0, 4427.0, 3860.0], 'last_updated': '2026-05-03T13:45:27.747671+00:00'}}
2026-05-03 15:45:27,761 - DEBUG - Published 89 features to sensor.ml_heating_features
2026-05-03 15:45:27,761 - DEBUG - ✅ CYCLE 5 END: 15:45:27 (duration: 0.6s)
2026-05-03 15:45:27,761 - DEBUG - 💤 POLLING START: Waiting 30min until next cycle...
2026-05-03 15:45:27,788 - DEBUG - Active sampling: buffered 6 readings
127.0.0.1 - - [03/May/2026 15:45:29] "GET /health HTTP/1.1" 200 -
127.0.0.1 - - [03/May/2026 15:45:59] "GET /health HTTP/1.1" 200 -
2026-05-03 15:46:27,820 - DEBUG - Active sampling: buffered 6 readings
127.0.0.1 - - [03/May/2026 15:46:29] "GET /health HTTP/1.1" 200 -
127.0.0.1 - - [03/May/2026 15:46:59] "GET /health HTTP/1.1" 200 -
2026-05-03 15:47:27,849 - DEBUG - Active sampling: buffered 6 readings
127.0.0.1 - - [03/May/2026 15:47:29] "GET /health HTTP/1.1" 200 -
127.0.0.1 - - [03/May/2026 15:47:59] "GET /health HTTP/1.1" 200 -
2026-05-03 15:48:27,880 - DEBUG - Active sampling: buffered 6 readings
127.0.0.1 - - [03/May/2026 15:48:30] "GET /health HTTP/1.1" 200 -
127.0.0.1 - - [03/May/2026 15:49:00] "GET /health HTTP/1.1" 200 -
2026-05-03 15:49:27,910 - DEBUG - Active sampling: buffered 6 readings
127.0.0.1 - - [03/May/2026 15:49:30] "GET /health HTTP/1.1" 200 -
127.0.0.1 - - [03/May/2026 15:50:00] "GET /health HTTP/1.1" 200 -
2026-05-03 15:50:27,941 - DEBUG - Active sampling: buffered 6 readings
127.0.0.1 - - [03/May/2026 15:50:30] "GET /health HTTP/1.1" 200 -
127.0.0.1 - - [03/May/2026 15:51:00] "GET /health HTTP/1.1" 200 -
2026-05-03 15:51:27,972 - DEBUG - Active sampling: buffered 6 readings
127.0.0.1 - - [03/May/2026 15:51:30] "GET /health HTTP/1.1" 200 -
127.0.0.1 - - [03/May/2026 15:52:00] "GET /health HTTP/1.1" 200 -
2026-05-03 15:52:28,003 - DEBUG - Active sampling: buffered 6 readings
127.0.0.1 - - [03/May/2026 15:52:30] "GET /health HTTP/1.1" 200 -
127.0.0.1 - - [03/May/2026 15:53:00] "GET /health HTTP/1.1" 200 -
2026-05-03 15:53:28,034 - DEBUG - Active sampling: buffered 6 readings
127.0.0.1 - - [03/May/2026 15:53:30] "GET /health HTTP/1.1" 200 -
127.0.0.1 - - [03/May/2026 15:54:00] "GET /health HTTP/1.1" 200 -
2026-05-03 15:54:28,066 - DEBUG - Active sampling: buffered 6 readings
127.0.0.1 - - [03/May/2026 15:54:30] "GET /health HTTP/1.1" 200 -
127.0.0.1 - - [03/May/2026 15:55:00] "GET /health HTTP/1.1" 200 -
2026-05-03 15:55:28,067 - DEBUG - ⏰ POLLING END: Waited 10.0min, starting next cycle...
2026-05-03 15:55:28,067 - DEBUG - 🔄 CYCLE 6 START: 15:55:28 (interval: 10.0min since last cycle)
2026-05-03 15:55:28,067 - DEBUG - ♻️ Reusing existing Model Wrapper instance
2026-05-03 15:55:28,068 - INFO - Successfully loaded operational state from /config/ml_heating/unified_thermal_state_cooling.json
2026-05-03 15:55:28,097 - DEBUG - Setting HA state for sensor.ml_heating_cop_realtime: {'state': '-7.31', 'attributes': {'state_class': 'measurement', 'unique_id': 'ml_heating_cop_realtime', 'friendly_name': 'ML Heating COP (Realtime)', 'unit_of_measurement': 'COP', 'icon': 'mdi:heat-pump', 'device_class': 'power_factor'}}
2026-05-03 15:55:28,112 - DEBUG - Setting HA state for sensor.ml_heating_thermal_power: {'state': '-2.637', 'attributes': {'state_class': 'measurement', 'unique_id': 'ml_heating_thermal_power', 'friendly_name': 'ML Heating Thermal Power', 'unit_of_measurement': 'kW', 'icon': 'mdi:flash', 'device_class': 'power'}}
2026-05-03 15:55:28,149 - DEBUG - Wrote thermodynamic metrics to InfluxDB
2026-05-03 15:55:28,149 - DEBUG - Thermodynamic sensors updated: COP=-7.31, Power=-2.637kW
2026-05-03 15:55:28,150 - DEBUG - ♻️ Reusing existing Model Wrapper instance
2026-05-03 15:55:28,150 - DEBUG - 🎯 ACTIVE MODE LEARNING (trajectory): Verifying ML prediction accuracy for 18.4°C outlet setting
2026-05-03 15:55:28,154 - DEBUG - ☀️ SolarChannel self-learned: avg_error=-0.013, pv_heat_weight=0.00151, solar_lag=45.1min, cloud_exp=1.00, solar_decay_tau=1.00h
2026-05-03 15:55:28,155 - INFO - ☀️ pv parameter update: attributed_error=-0.092337 | pv_heat_weight: 0.001522→0.001509 (Δ-0.000013) | solar_decay_tau_hours: 0.999726→0.999719 (Δ-0.000007) | solar_lag_minutes: 45.118637→45.118679 (Δ+0.000042)
2026-05-03 15:55:28,155 - INFO - Channel routing → [☀️ pv*] | error=-0.0923 | pv_current=3810W pv_smoothed=7914W | params_changed=pv
2026-05-03 15:55:28,185 - DEBUG - 💾 Saved cooling thermal state to /config/ml_heating/unified_thermal_state_cooling.json
2026-05-03 15:55:28,185 - DEBUG - Prediction feedback: error=-0.092°C, confidence=3.000
2026-05-03 15:55:28,211 - DEBUG - 💾 Saved cooling thermal state to /config/ml_heating/unified_thermal_state_cooling.json
2026-05-03 15:55:28,211 - DEBUG - 💾 Saved 36 predictions to unified thermal state
2026-05-03 15:55:28,211 - DEBUG - Added prediction: pred=23.54, actual=23.45, error=-0.092
2026-05-03 15:55:28,236 - DEBUG - 💾 Saved cooling thermal state to /config/ml_heating/unified_thermal_state_cooling.json
2026-05-03 15:55:28,259 - DEBUG - Wrote prediction metrics to InfluxDB bucket 'ml_heating_features' with MAE(1h)=0.021
2026-05-03 15:55:28,259 - DEBUG - ✅ Exported prediction metrics to InfluxDB
2026-05-03 15:55:28,271 - DEBUG - Wrote thermal learning metrics to InfluxDB: effectiveness=0.953, confidence=3.00
2026-05-03 15:55:28,271 - DEBUG - ✅ Exported thermal learning metrics to InfluxDB
2026-05-03 15:55:28,283 - DEBUG - Wrote feature importances to Influx bucket 'ml_heating_features' (measurement=feature_importance) with timestamp 2026-05-03T13:55:28.271831+00:00
2026-05-03 15:55:28,283 - DEBUG - ✅ Exported feature importance to InfluxDB
2026-05-03 15:55:28,292 - DEBUG - Wrote learning phase metrics to InfluxDB: phase=high_confidence, stability=0.60
2026-05-03 15:55:28,292 - DEBUG - ✅ Exported learning phase metrics to InfluxDB
2026-05-03 15:55:28,304 - DEBUG - Wrote trajectory prediction metrics to InfluxDB: horizon=4h, mae_1h=0.021
2026-05-03 15:55:28,304 - DEBUG - ✅ Exported trajectory prediction metrics to InfluxDB
2026-05-03 15:55:28,304 - INFO - 📊 Exported all adaptive learning metrics to InfluxDB (cycle 35)
2026-05-03 15:55:28,305 - DEBUG - Setting HA state for sensor.ml_model_mae: {'state': '0.0377', 'attributes': {'state_class': 'measurement', 'unique_id': 'ml_heating_model_mae', 'friendly_name': 'ML Model MAE', 'unit_of_measurement': '°C', 'icon': 'mdi:chart-line', 'last_updated': '2026-05-03T13:55:28.305648+00:00'}}
2026-05-03 15:55:28,321 - DEBUG - Setting HA state for sensor.ml_model_rmse: {'state': '0.0506', 'attributes': {'state_class': 'measurement', 'unique_id': 'ml_heating_model_rmse', 'friendly_name': 'ML Model RMSE', 'unit_of_measurement': '°C', 'icon': 'mdi:chart-line', 'last_updated': '2026-05-03T13:55:28.305648+00:00'}}
2026-05-03 15:55:28,366 - DEBUG - Setting HA state for sensor.ml_heating_learning: {'state': '3.000', 'attributes': {'state_class': 'measurement', 'unique_id': 'ml_heating_learning', 'friendly_name': 'ML Adaptive Learning Metrics', 'unit_of_measurement': 'metrics', 'icon': 'mdi:brain', 'thermal_time_constant': 4.390554703745845, 'heat_loss_coefficient': 0.1245214561975565, 'outlet_effectiveness': 0.9526723072021629, 'pv_heat_weight': 0.0015089737756019122, 'fireplace_heat_weight': 0.387, 'tv_heat_weight': 0.35, 'solar_lag_minutes': 45.11867923411995, 'slab_time_constant_hours': 3.19, 'heat_source_channels_enabled': True, 'total_conductance': 0.3, 'equilibrium_ratio': 0.5, 'cycle_count': 35, 'parameter_updates': 3, 'model_health': 'good', 'learning_progress': 0.35, 'is_improving': True, 'improvement_percentage': 52.806921755062994, 'total_predictions': 36, 'learning_confidence': 3.0, 'last_updated': '2026-05-03T13:55:28.366009+00:00', 'delta_t_floor': 2.3, 'cloud_factor_exponent': 1.0, 'solar_decay_tau_hours': 0.9997192544225408, 'fp_heat_output_kw': 0.387, 'fp_decay_time_constant': 3.9144707244638868, 'room_spread_delay_minutes': 18.0, 'ch_heat_pump_history_count': 0, 'ch_heat_pump_last_error': 0.0, 'ch_pv_history_count': 33, 'ch_pv_last_error': -0.09233662767104178, 'ch_fireplace_history_count': 0, 'ch_fireplace_last_error': 0.0, 'ch_tv_history_count': 0, 'ch_tv_last_error': 0.0}}
2026-05-03 15:55:28,380 - DEBUG - Setting HA state for sensor.ml_model_mae: {'state': '0.0377', 'attributes': {'state_class': 'measurement', 'unique_id': 'ml_heating_model_mae', 'friendly_name': 'ML Model MAE', 'unit_of_measurement': '°C', 'icon': 'mdi:chart-line', 'mae_1h': 0.020659338521335318, 'mae_6h': 0.03772327814382158, 'mae_24h': 0.03772327814382158, 'trend_direction': 'improving', 'prediction_count': 36, 'last_updated': '2026-05-03T13:55:28.366009+00:00'}}
2026-05-03 15:55:28,397 - DEBUG - Setting HA state for sensor.ml_model_rmse: {'state': '0.0506', 'attributes': {'state_class': 'measurement', 'unique_id': 'ml_heating_model_rmse', 'friendly_name': 'ML Model RMSE', 'unit_of_measurement': '°C', 'icon': 'mdi:chart-line', 'recent_max_error': 0.09233662767104178, 'std_error': 0.0337, 'mean_bias': 0.0, 'prediction_count': 36, 'last_updated': '2026-05-03T13:55:28.366009+00:00'}}
2026-05-03 15:55:28,412 - DEBUG - Setting HA state for sensor.ml_prediction_accuracy: {'state': '100.0', 'attributes': {'state_class': 'measurement', 'unique_id': 'ml_prediction_accuracy', 'friendly_name': 'ML Prediction Accuracy', 'unit_of_measurement': '%', 'icon': 'mdi:target', 'perfect_accuracy_pct': 0.0, 'tolerable_accuracy_pct': 100.0, 'poor_accuracy_pct': 0.0, 'prediction_count_24h': 0, 'excellent_all_time_pct': 94.44444444444444, 'good_all_time_pct': 100.0, 'last_updated': '2026-05-03T13:55:28.366009+00:00'}}
2026-05-03 15:55:28,425 - DEBUG - Logged refactored sensor metrics to HA
2026-05-03 15:55:28,426 - DEBUG - Logging feature importance
2026-05-03 15:55:28,426 - DEBUG - Setting HA state for sensor.ml_feature_importance: {'state': '5', 'attributes': {'state_class': 'measurement', 'unique_id': 'ml_heating_feature_importance', 'friendly_name': 'ML Feature Importance', 'unit_of_measurement': '%', 'icon': 'mdi:format-list-numbered', 'top_features': {'target_temp': 52.47, 'fireplace': 21.31, 'tv_power': 19.28, 'outdoor_temp': 6.86, 'pv_power': 0.08}, 'last_updated': '2026-05-03T13:55:28.426129+00:00'}}
2026-05-03 15:55:28,439 - INFO - ✅ Exported metrics to Home Assistant sensors successfully
2026-05-03 15:55:28,439 - INFO - ✅ Learning cycle 35: error=0.092°C, confidence=3.000, total_predictions=36
2026-05-03 15:55:28,439 - DEBUG - ✅ Online learning: applied_temp=18.4°C, actual_change=-0.060°C, cycle=35
2026-05-03 15:55:28,439 - INFO - ❄️ Cooling mode active (state: cool)
2026-05-03 15:55:28,439 - DEBUG - ♻️ Reusing existing Model Wrapper instance
2026-05-03 15:55:28,440 - INFO - ❄️ COOLING MODE: ML will calculate cooling outlet temperature (outlet < inlet) — using cooling state /config/ml_heating/unified_thermal_state_cooling.json
2026-05-03 15:55:28,469 - DEBUG - Fireplace is OFF. Using main indoor temp for prediction.
2026-05-03 15:55:28,622 - DEBUG - PV forecast parsed successfully: [2359.2, 1177.5, 597.2, 52.0, 0.0, 0.0, 0.0, 0.0, 0.0, 0.0, 0.0, 0.0]W
2026-05-03 15:55:28,622 - DEBUG - Solar correction: enabled=True, percent=100.0%, factor=1.000
2026-05-03 15:55:28,640 - DEBUG - Delta calibration applied: offset=+1.93°C
2026-05-03 15:55:28,640 - DEBUG - Raw forecasts: [22.5, 22.0, 21.5, 20.7, 18.8, 15.9, 14.4, 13.6, 12.9, 12.3, 11.6, 11.7]
2026-05-03 15:55:28,640 - DEBUG - Calibrated forecasts: [24.43, 23.93, 23.43, 22.63, 20.73, 17.83, 16.33, 15.53, 14.83, 14.23, 13.53, 13.63]
2026-05-03 15:55:28,644 - INFO - ☀️ Forecast trajectory: PV=4050W, remaining_pv_hours=4 + min_steps=6 → 10 steps
2026-05-03 15:55:28,644 - DEBUG - ♻️ Reusing existing Model Wrapper instance
2026-05-03 15:55:28,650 - INFO - DEBUG: Wrapper params: U=0.1245214561975565, eff=0.9526723072021629, tau=4.390554703745845
2026-05-03 15:55:28,650 - DEBUG - ❄️ Cooling: tightened outlet_max to 19.2°C (inlet=21.2°C − delta=2.0°C)
2026-05-03 15:55:28,650 - INFO - ❄️ Cooling mode bounds: outlet 18.3–19.2°C (indoor=23.5°C, target=22.6°C)
2026-05-03 15:55:28,650 - DEBUG - 🔧 Using natural bounds: outlet_min=18.3°C, outlet_max=19.2°C
2026-05-03 15:55:28,651 - INFO - 🌡️ Using cycle-aligned forecast (10min): outdoor=24.4°C (vs current 24.4°C), PV=7146W (vs current 7582W)
2026-05-03 15:55:28,651 - DEBUG - DEBUG: Using PV history (len=18) instead of scalar 7146.444135802469
2026-05-03 15:55:28,651 - INFO - 🔄 HP off (delta_t=-2.70): simulating HP-on delta_t=2.30 for binary search
2026-05-03 15:55:28,651 - DEBUG - 🎯 Binary search start: target=22.6°C, current=23.5°C, range=18.3-19.2°C
2026-05-03 15:55:28,651 - DEBUG - 🔍 Binary search features: inlet_temp=21.2, delta_t_floor=2.30, indoor_temp_delta_60m=0.0282, horizon=10.0h, outlet_mid=18.8°C
2026-05-03 15:55:28,653 - DEBUG - ✅ Binary search trajectory OK (iter 1): outlet=18.8°C → predicted=22.65°C (steps=60, start=23.53→end=22.65)
2026-05-03 15:55:28,653 - DEBUG -    Iteration 1: outlet=18.8°C → predicted=22.65°C, error=0.045°C (range: 18.3-19.2°C)
2026-05-03 15:55:28,653 - DEBUG -      → Cooling: Predicted above target, lowering maximum to 18.8°C
2026-05-03 15:55:28,655 - DEBUG -    Iteration 2: outlet=18.5°C → predicted=22.65°C, error=0.045°C (range: 18.3-18.8°C)
2026-05-03 15:55:28,655 - DEBUG -      → Cooling: Predicted above target, lowering maximum to 18.5°C
2026-05-03 15:55:28,657 - DEBUG -    Iteration 3: outlet=18.4°C → predicted=22.65°C, error=0.045°C (range: 18.3-18.5°C)
2026-05-03 15:55:28,657 - DEBUG -      → Cooling: Predicted above target, lowering maximum to 18.4°C
2026-05-03 15:55:28,659 - DEBUG -    Iteration 4: outlet=18.4°C → predicted=22.65°C, error=0.045°C (range: 18.3-18.4°C)
2026-05-03 15:55:28,659 - DEBUG -      → Cooling: Predicted above target, lowering maximum to 18.4°C
2026-05-03 15:55:28,661 - DEBUG -    Iteration 5: outlet=18.3°C → predicted=22.65°C, error=0.045°C (range: 18.3-18.4°C)
2026-05-03 15:55:28,661 - DEBUG -      → Cooling: Predicted above target, lowering maximum to 18.3°C
2026-05-03 15:55:28,661 - INFO - 🔄 Binary search early exit after 6 iterations: range collapsed to 0.028°C, using 18.3°C
2026-05-03 15:55:28,662 - DEBUG - 🧠 Smart rounding is using cycle-aligned forecast: PV=7146W (caller sent PV=7582W)
2026-05-03 15:55:28,662 - INFO - 🎯 Prediction: Current 23.45°C → Target 22.6°C | Calculated outlet: 18.3°C (before smart rounding) (confidence: 3.000)
2026-05-03 15:55:28,662 - DEBUG - Model Wrapper: temp=18.3°C, error=0.850°C, confidence=3.000
2026-05-03 15:55:28,662 - DEBUG - EMA smoothing: 18.31°C → 18.4°C (last=18.4, α=0.50)
2026-05-03 15:55:28,662 - DEBUG - ♻️ Reusing existing Model Wrapper instance
2026-05-03 15:55:28,662 - INFO - 🌡️ Using cycle-aligned forecast (10min): outdoor=24.4°C (vs current 24.4°C), PV=7146W (vs current 7582W)
2026-05-03 15:55:28,662 - DEBUG - 🧠 Smart rounding is using cycle-aligned forecast: PV=7146W (caller sent PV=7146W)
2026-05-03 15:55:28,663 - DEBUG - 🧠 Smart rounding is using cycle-aligned forecast: PV=7146W (caller sent PV=7146W)
2026-05-03 15:55:28,663 - DEBUG - Smart rounding: 18.40°C → 18°C (chose floor: floor→23.38°C [err=0.785], ceiling→23.42°C [err=0.817], target=22.6°C)
2026-05-03 15:55:28,663 - DEBUG - Setting target outlet temp
2026-05-03 15:55:28,663 - DEBUG - Setting HA state for sensor.ml_vorlauftemperatur: {'state': '18.4', 'attributes': {'state_class': 'measurement', 'unique_id': 'ml_heating_target_outlet_temp', 'friendly_name': 'ML Target Outlet Temp', 'unit_of_measurement': '°C', 'device_class': 'temperature', 'icon': 'mdi:thermometer-water'}}
2026-05-03 15:55:28,675 - DEBUG - Logging thermal model metrics
2026-05-03 15:55:28,675 - DEBUG - Setting HA state for sensor.ml_heating_state: {'state': '0', 'attributes': {'state_class': 'measurement', 'unique_id': 'ml_heating_state', 'friendly_name': 'ML Heating State', 'unit_of_measurement': 'state', 'icon': 'mdi:information-outline', 'state_description': 'OK - Prediction done', 'confidence': 3.0, 'suggested_temp': 18.31, 'final_temp': 18.4, 'predicted_indoor': 23.43, 'last_prediction_time': '2026-05-03T13:55:28.675795+00:00', 'temperature_error': 0.85}}
2026-05-03 15:55:28,690 - DEBUG - ✅ ACTIVE MODE: ML controlling heating via input_boolean.ml_heating
2026-05-03 15:55:28,691 - DEBUG - 🧠 Smart rounding is using cycle-aligned forecast: PV=7146W (caller sent PV=7582W)
2026-05-03 15:55:28,691 - DEBUG - Target: 22.6°C | Suggested: 18.3°C | Applied: 18.4°C | Actual Indoor: 23.45°C | Predicted Indoor: 23.40°C | Confidence: 3.000
2026-05-03 15:55:28,692 - INFO - Target: 22.6°C | Suggested: 18.3°C | Applied: 18.4°C | Actual Indoor: 23.45°C | Predicted Indoor: 23.40°C | Confidence: 3.000
2026-05-03 15:55:28,719 - DEBUG - 💾 Saved cooling thermal state to /config/ml_heating/unified_thermal_state_cooling.json
2026-05-03 15:55:28,719 - DEBUG - Operational state saved to /config/ml_heating/unified_thermal_state_cooling.json; updated keys: ['last_run_features', 'last_indoor_temp', 'last_avg_other_rooms_temp', 'last_fireplace_on', 'last_final_temp', 'last_predicted_indoor', 'last_is_blocking', 'last_blocking_reasons', 'setpoint_hold_cycles_remaining']
2026-05-03 15:55:28,719 - DEBUG - Setting HA state for sensor.ml_heating_features: {'state': '23.52', 'attributes': {'state_class': 'measurement', 'unique_id': 'ml_heating_features', 'friendly_name': 'ML Heating Features', 'unit_of_measurement': '°C', 'device_class': 'temperature', 'icon': 'mdi:feature-search-outline', 'living_room_temp': 23.52, 'outlet_temp': 18.5, 'indoor_temp_lag_30m': 23.491, 'target_temp': 22.6, 'outdoor_temp': 24.428124999999994, 'dhw_heating': 0.0, 'dhw_disinfection': 0.0, 'dhw_boost_heater': 0.0, 'defrosting': 0.0, 'pv_now': 4050.0, 'pv_now_electrical': 4050.0, 'solar_correction_percent': 100.0, 'solar_correction_factor': 1.0, 'solar_correction_enabled': 1.0, 'fireplace_on': 0.0, 'tv_on': 0.0, 'temp_forecast_1h': 24.43, 'temp_forecast_2h': 23.93, 'temp_forecast_3h': 23.43, 'temp_forecast_4h': 22.63, 'temp_forecast_5h': 20.73, 'temp_forecast_6h': 17.83, 'temp_forecast_7h': 16.33, 'temp_forecast_8h': 15.53, 'temp_forecast_9h': 14.83, 'temp_forecast_10h': 14.23, 'temp_forecast_11h': 13.53, 'temp_forecast_12h': 13.63, 'pv_forecast_1h': 2359.2, 'pv_forecast_2h': 1177.5, 'pv_forecast_3h': 597.2, 'pv_forecast_4h': 52.0, 'pv_forecast_5h': 0.0, 'pv_forecast_6h': 0.0, 'pv_forecast_7h': 0.0, 'pv_forecast_8h': 0.0, 'pv_forecast_9h': 0.0, 'pv_forecast_10h': 0.0, 'pv_forecast_11h': 0.0, 'pv_forecast_12h': 0.0, 'pv_forecast_electrical_1h': 2359.2, 'pv_forecast_electrical_2h': 1177.5, 'pv_forecast_electrical_3h': 597.2, 'pv_forecast_electrical_4h': 52.0, 'pv_forecast_electrical_5h': 0.0, 'pv_forecast_electrical_6h': 0.0, 'pv_forecast_electrical_7h': 0.0, 'pv_forecast_electrical_8h': 0.0, 'pv_forecast_electrical_9h': 0.0, 'pv_forecast_electrical_10h': 0.0, 'pv_forecast_electrical_11h': 0.0, 'pv_forecast_electrical_12h': 0.0, 'cloud_cover_forecast_1h': 0.0, 'cloud_cover_forecast_2h': 0.0, 'cloud_cover_forecast_3h': 0.0, 'cloud_cover_forecast_4h': 0.0, 'cloud_cover_forecast_5h': 0.0, 'cloud_cover_forecast_6h': 0.0, 'cloud_cover_forecast_7h': 0.0, 'cloud_cover_forecast_8h': 0.0, 'cloud_cover_forecast_9h': 0.0, 'cloud_cover_forecast_10h': 0.0, 'cloud_cover_forecast_11h': 0.0, 'cloud_cover_forecast_12h': 0.0, 'temp_diff_indoor_outdoor': -0.936874999999997, 'indoor_temp_gradient': 0.9314999999999714, 'outlet_indoor_diff': -4.991249999999997, 'indoor_temp_lag_10m': 23.468333333333334, 'indoor_temp_lag_60m': 23.463, 'outlet_temp_lag_30m': 18.55, 'outlet_temp_change': 0.03333333333333144, 'indoor_temp_delta_10m': 0.022916666666663588, 'indoor_temp_delta_30m': 0.000249999999997641, 'indoor_temp_delta_60m': 0.028249999999996334, 'hour_sin': -0.7071067811865471, 'hour_cos': -0.7071067811865479, 'month_sin': 0.8660254037844387, 'month_cos': -0.4999999999999998, 'outlet_effectiveness_ratio': 8.912499999999959, 'inlet_temp': 21.2, 'flow_rate': 14.0, 'power_consumption': 361.0, 'delta_t': -2.6999999999999993, 'thermal_power_kw': -2.6371799999999994, 'cop_realtime': -7.305207756232686, 'temp_trend_forecast': -1.0198124999999993, 'heating_demand_forecast': 0.677, 'combined_forecast_thermal_load': 0.677, 'pv_power_history': [10579.0, 10376.0, 9512.0, 10112.0, 7981.0, 7337.0, 7566.0, 9549.0, 8827.0, 7523.0, 8170.0, 8020.0, 6733.0, 6690.0, 5155.0, 4427.0, 3851.0, 4061.6666666666665], 'last_updated': '2026-05-03T13:55:28.719760+00:00'}}
2026-05-03 15:55:28,733 - DEBUG - Published 89 features to sensor.ml_heating_features
2026-05-03 15:55:28,733 - DEBUG - ✅ CYCLE 6 END: 15:55:28 (duration: 0.7s)
2026-05-03 15:55:28,733 - DEBUG - 💤 POLLING START: Waiting 30min until next cycle...
2026-05-03 15:55:28,760 - DEBUG - Active sampling: buffered 6 readings
127.0.0.1 - - [03/May/2026 15:55:30] "GET /health HTTP/1.1" 200 -
127.0.0.1 - - [03/May/2026 15:56:00] "GET /health HTTP/1.1" 200 -
2026-05-03 15:56:28,790 - DEBUG - Active sampling: buffered 6 readings
127.0.0.1 - - [03/May/2026 15:56:30] "GET /health HTTP/1.1" 200 -
127.0.0.1 - - [03/May/2026 15:57:00] "GET /health HTTP/1.1" 200 -
2026-05-03 15:57:28,821 - DEBUG - Active sampling: buffered 6 readings
127.0.0.1 - - [03/May/2026 15:57:31] "GET /health HTTP/1.1" 200 -
127.0.0.1 - - [03/May/2026 15:58:01] "GET /health HTTP/1.1" 200 -
2026-05-03 15:58:28,852 - DEBUG - Active sampling: buffered 6 readings
127.0.0.1 - - [03/May/2026 15:58:31] "GET /health HTTP/1.1" 200 -
127.0.0.1 - - [03/May/2026 15:59:01] "GET /health HTTP/1.1" 200 -
2026-05-03 15:59:28,883 - DEBUG - Active sampling: buffered 6 readings
127.0.0.1 - - [03/May/2026 15:59:31] "GET /health HTTP/1.1" 200 -
127.0.0.1 - - [03/May/2026 16:00:01] "GET /health HTTP/1.1" 200 -
2026-05-03 16:00:28,915 - DEBUG - Active sampling: buffered 6 readings
127.0.0.1 - - [03/May/2026 16:00:31] "GET /health HTTP/1.1" 200 -
127.0.0.1 - - [03/May/2026 16:01:01] "GET /health HTTP/1.1" 200 -
2026-05-03 16:01:28,946 - DEBUG - Active sampling: buffered 6 readings
127.0.0.1 - - [03/May/2026 16:01:31] "GET /health HTTP/1.1" 200 -
127.0.0.1 - - [03/May/2026 16:02:01] "GET /health HTTP/1.1" 200 -
2026-05-03 16:02:28,978 - DEBUG - Active sampling: buffered 6 readings
127.0.0.1 - - [03/May/2026 16:02:31] "GET /health HTTP/1.1" 200 -
127.0.0.1 - - [03/May/2026 16:03:01] "GET /health HTTP/1.1" 200 -
2026-05-03 16:03:29,010 - DEBUG - Active sampling: buffered 6 readings
127.0.0.1 - - [03/May/2026 16:03:31] "GET /health HTTP/1.1" 200 -
127.0.0.1 - - [03/May/2026 16:04:01] "GET /health HTTP/1.1" 200 -
2026-05-03 16:04:29,048 - DEBUG - Active sampling: buffered 6 readings
127.0.0.1 - - [03/May/2026 16:04:31] "GET /health HTTP/1.1" 200 -
127.0.0.1 - - [03/May/2026 16:05:01] "GET /health HTTP/1.1" 200 -
2026-05-03 16:05:29,049 - DEBUG - ⏰ POLLING END: Waited 10.0min, starting next cycle...
2026-05-03 16:05:29,049 - DEBUG - 🔄 CYCLE 7 START: 16:05:29 (interval: 10.0min since last cycle)
2026-05-03 16:05:29,049 - DEBUG - ♻️ Reusing existing Model Wrapper instance
2026-05-03 16:05:29,049 - INFO - Successfully loaded operational state from /config/ml_heating/unified_thermal_state_cooling.json
2026-05-03 16:05:29,079 - DEBUG - Setting HA state for sensor.ml_heating_cop_realtime: {'state': '-7.55', 'attributes': {'state_class': 'measurement', 'unique_id': 'ml_heating_cop_realtime', 'friendly_name': 'ML Heating COP (Realtime)', 'unit_of_measurement': 'COP', 'icon': 'mdi:heat-pump', 'device_class': 'power_factor'}}
2026-05-03 16:05:29,092 - DEBUG - Setting HA state for sensor.ml_heating_thermal_power: {'state': '-2.735', 'attributes': {'state_class': 'measurement', 'unique_id': 'ml_heating_thermal_power', 'friendly_name': 'ML Heating Thermal Power', 'unit_of_measurement': 'kW', 'icon': 'mdi:flash', 'device_class': 'power'}}
2026-05-03 16:05:29,137 - DEBUG - Wrote thermodynamic metrics to InfluxDB
2026-05-03 16:05:29,137 - DEBUG - Thermodynamic sensors updated: COP=-7.55, Power=-2.735kW
2026-05-03 16:05:29,137 - DEBUG - ♻️ Reusing existing Model Wrapper instance
2026-05-03 16:05:29,137 - DEBUG - 🎯 ACTIVE MODE LEARNING (trajectory): Verifying ML prediction accuracy for 18.4°C outlet setting
2026-05-03 16:05:29,142 - DEBUG - ☀️ SolarChannel self-learned: avg_error=-0.013, pv_heat_weight=0.00150, solar_lag=45.1min, cloud_exp=1.00, solar_decay_tau=1.00h
2026-05-03 16:05:29,142 - INFO - ☀️ pv parameter update: attributed_error=+0.003734 | pv_heat_weight: 0.001509→0.001496 (Δ-0.000013) | solar_decay_tau_hours: 0.999719→0.999713 (Δ-0.000007)
2026-05-03 16:05:29,142 - INFO - Channel routing → [☀️ pv*] | error=+0.0037 | pv_current=4050W pv_smoothed=7582W | params_changed=pv
2026-05-03 16:05:29,173 - DEBUG - 💾 Saved cooling thermal state to /config/ml_heating/unified_thermal_state_cooling.json
2026-05-03 16:05:29,174 - DEBUG - Prediction feedback: error=0.004°C, confidence=3.000
2026-05-03 16:05:29,200 - DEBUG - 💾 Saved cooling thermal state to /config/ml_heating/unified_thermal_state_cooling.json
2026-05-03 16:05:29,200 - DEBUG - 💾 Saved 37 predictions to unified thermal state
2026-05-03 16:05:29,200 - DEBUG - Added prediction: pred=23.49, actual=23.49, error=0.004
2026-05-03 16:05:29,226 - DEBUG - 💾 Saved cooling thermal state to /config/ml_heating/unified_thermal_state_cooling.json
2026-05-03 16:05:29,227 - DEBUG - Setting HA state for sensor.ml_model_mae: {'state': '0.0368', 'attributes': {'state_class': 'measurement', 'unique_id': 'ml_heating_model_mae', 'friendly_name': 'ML Model MAE', 'unit_of_measurement': '°C', 'icon': 'mdi:chart-line', 'last_updated': '2026-05-03T14:05:29.227581+00:00'}}
2026-05-03 16:05:29,241 - DEBUG - Setting HA state for sensor.ml_model_rmse: {'state': '0.0499', 'attributes': {'state_class': 'measurement', 'unique_id': 'ml_heating_model_rmse', 'friendly_name': 'ML Model RMSE', 'unit_of_measurement': '°C', 'icon': 'mdi:chart-line', 'last_updated': '2026-05-03T14:05:29.227581+00:00'}}
2026-05-03 16:05:29,255 - DEBUG - Setting HA state for sensor.ml_heating_learning: {'state': '3.000', 'attributes': {'state_class': 'measurement', 'unique_id': 'ml_heating_learning', 'friendly_name': 'ML Adaptive Learning Metrics', 'unit_of_measurement': 'metrics', 'icon': 'mdi:brain', 'thermal_time_constant': 4.390554703745845, 'heat_loss_coefficient': 0.1245214561975565, 'outlet_effectiveness': 0.9526723072021629, 'pv_heat_weight': 0.0014959564333467958, 'fireplace_heat_weight': 0.387, 'tv_heat_weight': 0.35, 'solar_lag_minutes': 45.11867923411995, 'slab_time_constant_hours': 3.19, 'heat_source_channels_enabled': True, 'total_conductance': 0.3, 'equilibrium_ratio': 0.5, 'cycle_count': 36, 'parameter_updates': 4, 'model_health': 'good', 'learning_progress': 0.36, 'is_improving': True, 'improvement_percentage': 54.90737610494721, 'total_predictions': 37, 'learning_confidence': 3.0, 'last_updated': '2026-05-03T14:05:29.255809+00:00', 'delta_t_floor': 2.3, 'cloud_factor_exponent': 1.0, 'solar_decay_tau_hours': 0.9997127457514133, 'fp_heat_output_kw': 0.387, 'fp_decay_time_constant': 3.9144707244638868, 'room_spread_delay_minutes': 18.0, 'ch_heat_pump_history_count': 0, 'ch_heat_pump_last_error': 0.0, 'ch_pv_history_count': 34, 'ch_pv_last_error': 0.0037337783904085597, 'ch_fireplace_history_count': 0, 'ch_fireplace_last_error': 0.0, 'ch_tv_history_count': 0, 'ch_tv_last_error': 0.0}}
2026-05-03 16:05:29,272 - DEBUG - Setting HA state for sensor.ml_model_mae: {'state': '0.0368', 'attributes': {'state_class': 'measurement', 'unique_id': 'ml_heating_model_mae', 'friendly_name': 'ML Model MAE', 'unit_of_measurement': '°C', 'icon': 'mdi:chart-line', 'mae_1h': 0.020141400189292114, 'mae_6h': 0.036804643015350955, 'mae_24h': 0.036804643015350955, 'trend_direction': 'improving', 'prediction_count': 37, 'last_updated': '2026-05-03T14:05:29.255809+00:00'}}
2026-05-03 16:05:29,287 - DEBUG - Setting HA state for sensor.ml_model_rmse: {'state': '0.0499', 'attributes': {'state_class': 'measurement', 'unique_id': 'ml_heating_model_rmse', 'friendly_name': 'ML Model RMSE', 'unit_of_measurement': '°C', 'icon': 'mdi:chart-line', 'recent_max_error': 0.09233662767104178, 'std_error': 0.0337, 'mean_bias': 0.0, 'prediction_count': 37, 'last_updated': '2026-05-03T14:05:29.255809+00:00'}}
2026-05-03 16:05:29,301 - DEBUG - Setting HA state for sensor.ml_prediction_accuracy: {'state': '100.0', 'attributes': {'state_class': 'measurement', 'unique_id': 'ml_prediction_accuracy', 'friendly_name': 'ML Prediction Accuracy', 'unit_of_measurement': '%', 'icon': 'mdi:target', 'perfect_accuracy_pct': 0.0, 'tolerable_accuracy_pct': 100.0, 'poor_accuracy_pct': 0.0, 'prediction_count_24h': 0, 'excellent_all_time_pct': 94.5945945945946, 'good_all_time_pct': 100.0, 'last_updated': '2026-05-03T14:05:29.255809+00:00'}}
2026-05-03 16:05:29,316 - DEBUG - Logged refactored sensor metrics to HA
2026-05-03 16:05:29,316 - DEBUG - Logging feature importance
2026-05-03 16:05:29,316 - DEBUG - Setting HA state for sensor.ml_feature_importance: {'state': '5', 'attributes': {'state_class': 'measurement', 'unique_id': 'ml_heating_feature_importance', 'friendly_name': 'ML Feature Importance', 'unit_of_measurement': '%', 'icon': 'mdi:format-list-numbered', 'top_features': {'target_temp': 52.47, 'fireplace': 21.31, 'tv_power': 19.28, 'outdoor_temp': 6.86, 'pv_power': 0.08}, 'last_updated': '2026-05-03T14:05:29.316372+00:00'}}
2026-05-03 16:05:29,329 - INFO - ✅ Exported metrics to Home Assistant sensors successfully
2026-05-03 16:05:29,329 - INFO - ✅ Learning cycle 36: error=0.004°C, confidence=3.000, total_predictions=37
2026-05-03 16:05:29,329 - DEBUG - ✅ Online learning: applied_temp=18.4°C, actual_change=0.040°C, cycle=36
2026-05-03 16:05:29,330 - INFO - ❄️ Cooling mode active (state: cool)
2026-05-03 16:05:29,330 - DEBUG - ♻️ Reusing existing Model Wrapper instance
2026-05-03 16:05:29,330 - INFO - ❄️ COOLING MODE: ML will calculate cooling outlet temperature (outlet < inlet) — using cooling state /config/ml_heating/unified_thermal_state_cooling.json
2026-05-03 16:05:29,358 - DEBUG - Fireplace is OFF. Using main indoor temp for prediction.
2026-05-03 16:05:29,520 - DEBUG - PV forecast parsed successfully: [2028.8, 1019.5, 435.8, 18.2, 0.0, 0.0, 0.0, 0.0, 0.0, 0.0, 0.0, 0.0]W
2026-05-03 16:05:29,521 - DEBUG - Solar correction: enabled=True, percent=100.0%, factor=1.000
2026-05-03 16:05:29,538 - DEBUG - Delta calibration applied: offset=+2.39°C
2026-05-03 16:05:29,538 - DEBUG - Raw forecasts: [22.0, 21.5, 20.7, 18.8, 15.9, 14.4, 13.6, 12.9, 12.3, 11.6, 11.7, 11.6]
2026-05-03 16:05:29,538 - DEBUG - Calibrated forecasts: [24.39, 23.89, 23.09, 21.19, 18.29, 16.79, 15.99, 15.29, 14.69, 13.99, 14.09, 13.99]
2026-05-03 16:05:29,541 - INFO - ☀️ Forecast trajectory: PV=3520W, remaining_pv_hours=3 + min_steps=6 → 9 steps
2026-05-03 16:05:29,541 - DEBUG - ♻️ Reusing existing Model Wrapper instance
2026-05-03 16:05:29,547 - INFO - DEBUG: Wrapper params: U=0.1245214561975565, eff=0.9526723072021629, tau=4.390554703745845
2026-05-03 16:05:29,548 - DEBUG - ❄️ Cooling: tightened outlet_max to 19.2°C (inlet=21.2°C − delta=2.0°C)
2026-05-03 16:05:29,548 - INFO - ❄️ Cooling mode bounds: outlet 18.3–19.2°C (indoor=23.5°C, target=22.6°C)
2026-05-03 16:05:29,548 - DEBUG - 🔧 Using natural bounds: outlet_min=18.3°C, outlet_max=19.2°C
2026-05-03 16:05:29,548 - INFO - 🌡️ Using cycle-aligned forecast (10min): outdoor=24.4°C (vs current 24.4°C), PV=6764W (vs current 7194W)
2026-05-03 16:05:29,548 - DEBUG - DEBUG: Using PV history (len=18) instead of scalar 6763.838271604937
2026-05-03 16:05:29,548 - INFO - 🔄 HP off (delta_t=-2.80): simulating HP-on delta_t=2.30 for binary search
2026-05-03 16:05:29,548 - DEBUG - 🎯 Binary search start: target=22.6°C, current=23.5°C, range=18.3-19.2°C
2026-05-03 16:05:29,548 - DEBUG - 🔍 Binary search features: inlet_temp=21.2, delta_t_floor=2.30, indoor_temp_delta_60m=0.0123, horizon=9.0h, outlet_mid=18.8°C
2026-05-03 16:05:29,550 - DEBUG - ✅ Binary search trajectory OK (iter 1): outlet=18.8°C → predicted=22.68°C (steps=54, start=23.54→end=22.68)
2026-05-03 16:05:29,550 - DEBUG -    Iteration 1: outlet=18.8°C → predicted=22.68°C, error=0.077°C (range: 18.3-19.2°C)
2026-05-03 16:05:29,550 - DEBUG -      → Cooling: Predicted above target, lowering maximum to 18.8°C
2026-05-03 16:05:29,552 - DEBUG -    Iteration 2: outlet=18.5°C → predicted=22.68°C, error=0.077°C (range: 18.3-18.8°C)
2026-05-03 16:05:29,552 - DEBUG -      → Cooling: Predicted above target, lowering maximum to 18.5°C
2026-05-03 16:05:29,553 - DEBUG -    Iteration 3: outlet=18.4°C → predicted=22.68°C, error=0.077°C (range: 18.3-18.5°C)
2026-05-03 16:05:29,553 - DEBUG -      → Cooling: Predicted above target, lowering maximum to 18.4°C
2026-05-03 16:05:29,555 - DEBUG -    Iteration 4: outlet=18.4°C → predicted=22.68°C, error=0.077°C (range: 18.3-18.4°C)
2026-05-03 16:05:29,555 - DEBUG -      → Cooling: Predicted above target, lowering maximum to 18.4°C
2026-05-03 16:05:29,557 - DEBUG -    Iteration 5: outlet=18.3°C → predicted=22.68°C, error=0.077°C (range: 18.3-18.4°C)
2026-05-03 16:05:29,557 - DEBUG -      → Cooling: Predicted above target, lowering maximum to 18.3°C
2026-05-03 16:05:29,557 - INFO - 🔄 Binary search early exit after 6 iterations: range collapsed to 0.028°C, using 18.3°C
2026-05-03 16:05:29,557 - DEBUG - 🧠 Smart rounding is using cycle-aligned forecast: PV=6764W (caller sent PV=7194W)
2026-05-03 16:05:29,557 - INFO - 🎯 Prediction: Current 23.49°C → Target 22.6°C | Calculated outlet: 18.3°C (before smart rounding) (confidence: 3.000)
2026-05-03 16:05:29,557 - DEBUG - Model Wrapper: temp=18.3°C, error=0.890°C, confidence=3.000
2026-05-03 16:05:29,557 - DEBUG - EMA smoothing: 18.31°C → 18.4°C (last=18.4, α=0.50)
2026-05-03 16:05:29,557 - DEBUG - ♻️ Reusing existing Model Wrapper instance
2026-05-03 16:05:29,557 - INFO - 🌡️ Using cycle-aligned forecast (10min): outdoor=24.2°C (vs current 24.2°C), PV=6764W (vs current 7194W)
2026-05-03 16:05:29,557 - DEBUG - 🧠 Smart rounding is using cycle-aligned forecast: PV=6764W (caller sent PV=6764W)
2026-05-03 16:05:29,557 - DEBUG - 🧠 Smart rounding is using cycle-aligned forecast: PV=6764W (caller sent PV=6764W)
2026-05-03 16:05:29,558 - DEBUG - Smart rounding: 18.40°C → 18°C (chose floor: floor→23.42°C [err=0.823], ceiling→23.45°C [err=0.855], target=22.6°C)
2026-05-03 16:05:29,558 - DEBUG - Setting target outlet temp
2026-05-03 16:05:29,558 - DEBUG - Setting HA state for sensor.ml_vorlauftemperatur: {'state': '18.4', 'attributes': {'state_class': 'measurement', 'unique_id': 'ml_heating_target_outlet_temp', 'friendly_name': 'ML Target Outlet Temp', 'unit_of_measurement': '°C', 'device_class': 'temperature', 'icon': 'mdi:thermometer-water'}}
2026-05-03 16:05:29,570 - DEBUG - Logging thermal model metrics
2026-05-03 16:05:29,570 - DEBUG - Setting HA state for sensor.ml_heating_state: {'state': '0', 'attributes': {'state_class': 'measurement', 'unique_id': 'ml_heating_state', 'friendly_name': 'ML Heating State', 'unit_of_measurement': 'state', 'icon': 'mdi:information-outline', 'state_description': 'OK - Prediction done', 'confidence': 3.0, 'suggested_temp': 18.31, 'final_temp': 18.4, 'predicted_indoor': 23.45, 'last_prediction_time': '2026-05-03T14:05:29.570260+00:00', 'temperature_error': 0.89}}
2026-05-03 16:05:29,584 - DEBUG - ✅ ACTIVE MODE: ML controlling heating via input_boolean.ml_heating
2026-05-03 16:05:29,585 - DEBUG - 🧠 Smart rounding is using cycle-aligned forecast: PV=6764W (caller sent PV=7194W)
2026-05-03 16:05:29,586 - DEBUG - Target: 22.6°C | Suggested: 18.3°C | Applied: 18.4°C | Actual Indoor: 23.49°C | Predicted Indoor: 23.44°C | Confidence: 3.000
2026-05-03 16:05:29,586 - INFO - Target: 22.6°C | Suggested: 18.3°C | Applied: 18.4°C | Actual Indoor: 23.49°C | Predicted Indoor: 23.44°C | Confidence: 3.000
2026-05-03 16:05:29,614 - DEBUG - 💾 Saved cooling thermal state to /config/ml_heating/unified_thermal_state_cooling.json
2026-05-03 16:05:29,615 - DEBUG - Operational state saved to /config/ml_heating/unified_thermal_state_cooling.json; updated keys: ['last_run_features', 'last_indoor_temp', 'last_avg_other_rooms_temp', 'last_fireplace_on', 'last_final_temp', 'last_predicted_indoor', 'last_is_blocking', 'last_blocking_reasons', 'setpoint_hold_cycles_remaining']
2026-05-03 16:05:29,615 - DEBUG - Setting HA state for sensor.ml_heating_features: {'state': '23.56', 'attributes': {'state_class': 'measurement', 'unique_id': 'ml_heating_features', 'friendly_name': 'ML Heating Features', 'unit_of_measurement': '°C', 'device_class': 'temperature', 'icon': 'mdi:feature-search-outline', 'living_room_temp': 23.56, 'outlet_temp': 18.4, 'indoor_temp_lag_30m': 23.502999999999997, 'target_temp': 22.6, 'outdoor_temp': 24.390625, 'dhw_heating': 0.0, 'dhw_disinfection': 0.0, 'dhw_boost_heater': 0.0, 'defrosting': 0.0, 'pv_now': 3520.0, 'pv_now_electrical': 3520.0, 'solar_correction_percent': 100.0, 'solar_correction_factor': 1.0, 'solar_correction_enabled': 1.0, 'fireplace_on': 0.0, 'tv_on': 0.0, 'temp_forecast_1h': 24.39, 'temp_forecast_2h': 23.89, 'temp_forecast_3h': 23.09, 'temp_forecast_4h': 21.19, 'temp_forecast_5h': 18.29, 'temp_forecast_6h': 16.79, 'temp_forecast_7h': 15.99, 'temp_forecast_8h': 15.29, 'temp_forecast_9h': 14.69, 'temp_forecast_10h': 13.99, 'temp_forecast_11h': 14.09, 'temp_forecast_12h': 13.99, 'pv_forecast_1h': 2028.8, 'pv_forecast_2h': 1019.5, 'pv_forecast_3h': 435.8, 'pv_forecast_4h': 18.2, 'pv_forecast_5h': 0.0, 'pv_forecast_6h': 0.0, 'pv_forecast_7h': 0.0, 'pv_forecast_8h': 0.0, 'pv_forecast_9h': 0.0, 'pv_forecast_10h': 0.0, 'pv_forecast_11h': 0.0, 'pv_forecast_12h': 0.0, 'pv_forecast_electrical_1h': 2028.8, 'pv_forecast_electrical_2h': 1019.5, 'pv_forecast_electrical_3h': 435.8, 'pv_forecast_electrical_4h': 18.2, 'pv_forecast_electrical_5h': 0.0, 'pv_forecast_electrical_6h': 0.0, 'pv_forecast_electrical_7h': 0.0, 'pv_forecast_electrical_8h': 0.0, 'pv_forecast_electrical_9h': 0.0, 'pv_forecast_electrical_10h': 0.0, 'pv_forecast_electrical_11h': 0.0, 'pv_forecast_electrical_12h': 0.0, 'cloud_cover_forecast_1h': 0.0, 'cloud_cover_forecast_2h': 0.0, 'cloud_cover_forecast_3h': 0.0, 'cloud_cover_forecast_4h': 0.0, 'cloud_cover_forecast_5h': 0.0, 'cloud_cover_forecast_6h': 0.0, 'cloud_cover_forecast_7h': 0.0, 'cloud_cover_forecast_8h': 0.0, 'cloud_cover_forecast_9h': 0.0, 'cloud_cover_forecast_10h': 0.0, 'cloud_cover_forecast_11h': 0.0, 'cloud_cover_forecast_12h': 0.0, 'temp_diff_indoor_outdoor': -0.9143749999999997, 'indoor_temp_gradient': 0.7155000000000058, 'outlet_indoor_diff': -5.076250000000002, 'indoor_temp_lag_10m': 23.49, 'indoor_temp_lag_60m': 23.464, 'outlet_temp_lag_30m': 18.5, 'outlet_temp_change': -3.552713678800501e-15, 'indoor_temp_delta_10m': -0.013749999999998153, 'indoor_temp_delta_30m': -0.026749999999996277, 'indoor_temp_delta_60m': 0.012250000000001648, 'hour_sin': -0.8660254037844385, 'hour_cos': -0.5000000000000004, 'month_sin': 0.8660254037844387, 'month_cos': -0.4999999999999998, 'outlet_effectiveness_ratio': 8.762499999999989, 'inlet_temp': 21.2, 'flow_rate': 14.0, 'power_consumption': 362.0, 'delta_t': -2.8000000000000007, 'thermal_power_kw': -2.734853333333334, 'cop_realtime': -7.5548434622467795, 'temp_trend_forecast': -1.0400625, 'heating_demand_forecast': 0.7010000000000001, 'combined_forecast_thermal_load': 0.7010000000000001, 'pv_power_history': [10376.0, 9512.0, 10112.0, 7981.0, 7337.0, 7566.0, 9549.0, 8827.0, 7523.0, 8170.0, 8020.0, 6733.0, 6690.0, 5155.0, 4427.0, 3851.0, 4015.0, 3653.3333333333335], 'last_updated': '2026-05-03T14:05:29.615268+00:00'}}
2026-05-03 16:05:29,669 - DEBUG - Published 89 features to sensor.ml_heating_features
2026-05-03 16:05:29,669 - DEBUG - ✅ CYCLE 7 END: 16:05:29 (duration: 0.6s)
2026-05-03 16:05:29,669 - DEBUG - 💤 POLLING START: Waiting 30min until next cycle...
2026-05-03 16:05:29,700 - DEBUG - Active sampling: buffered 6 readings
127.0.0.1 - - [03/May/2026 16:05:31] "GET /health HTTP/1.1" 200 -
127.0.0.1 - - [03/May/2026 16:06:01] "GET /health HTTP/1.1" 200 -
2026-05-03 16:06:29,732 - DEBUG - Active sampling: buffered 6 readings
127.0.0.1 - - [03/May/2026 16:06:32] "GET /health HTTP/1.1" 200 -
127.0.0.1 - - [03/May/2026 16:07:02] "GET /health HTTP/1.1" 200 -
2026-05-03 16:07:29,763 - DEBUG - Active sampling: buffered 6 readings
127.0.0.1 - - [03/May/2026 16:07:32] "GET /health HTTP/1.1" 200 -
127.0.0.1 - - [03/May/2026 16:08:02] "GET /health HTTP/1.1" 200 -
2026-05-03 16:08:29,793 - DEBUG - Active sampling: buffered 6 readings
127.0.0.1 - - [03/May/2026 16:08:32] "GET /health HTTP/1.1" 200 -
127.0.0.1 - - [03/May/2026 16:09:02] "GET /health HTTP/1.1" 200 -
2026-05-03 16:09:29,822 - DEBUG - Active sampling: buffered 6 readings
127.0.0.1 - - [03/May/2026 16:09:32] "GET /health HTTP/1.1" 200 -
127.0.0.1 - - [03/May/2026 16:10:02] "GET /health HTTP/1.1" 200 -
2026-05-03 16:10:29,862 - DEBUG - Active sampling: buffered 6 readings
127.0.0.1 - - [03/May/2026 16:10:32] "GET /health HTTP/1.1" 200 -
127.0.0.1 - - [03/May/2026 16:11:02] "GET /health HTTP/1.1" 200 -
2026-05-03 16:11:29,897 - DEBUG - Active sampling: buffered 6 readings
127.0.0.1 - - [03/May/2026 16:11:32] "GET /health HTTP/1.1" 200 -
127.0.0.1 - - [03/May/2026 16:12:02] "GET /health HTTP/1.1" 200 -
2026-05-03 16:12:29,986 - DEBUG - Active sampling: buffered 6 readings
127.0.0.1 - - [03/May/2026 16:12:32] "GET /health HTTP/1.1" 200 -
127.0.0.1 - - [03/May/2026 16:13:02] "GET /health HTTP/1.1" 200 -
2026-05-03 16:13:30,019 - DEBUG - Active sampling: buffered 6 readings
127.0.0.1 - - [03/May/2026 16:13:32] "GET /health HTTP/1.1" 200 -
127.0.0.1 - - [03/May/2026 16:14:02] "GET /health HTTP/1.1" 200 -
2026-05-03 16:14:30,050 - DEBUG - Active sampling: buffered 6 readings
127.0.0.1 - - [03/May/2026 16:14:32] "GET /health HTTP/1.1" 200 -
127.0.0.1 - - [03/May/2026 16:15:02] "GET /health HTTP/1.1" 200 -
2026-05-03 16:15:30,051 - DEBUG - ⏰ POLLING END: Waited 10.0min, starting next cycle...
2026-05-03 16:15:30,051 - DEBUG - 🔄 CYCLE 8 START: 16:15:30 (interval: 10.0min since last cycle)
2026-05-03 16:15:30,051 - DEBUG - ♻️ Reusing existing Model Wrapper instance
2026-05-03 16:15:30,052 - INFO - Successfully loaded operational state from /config/ml_heating/unified_thermal_state_cooling.json
2026-05-03 16:15:30,082 - DEBUG - Setting HA state for sensor.ml_heating_cop_realtime: {'state': '-7.35', 'attributes': {'state_class': 'measurement', 'unique_id': 'ml_heating_cop_realtime', 'friendly_name': 'ML Heating COP (Realtime)', 'unit_of_measurement': 'COP', 'icon': 'mdi:heat-pump', 'device_class': 'power_factor'}}
2026-05-03 16:15:30,095 - DEBUG - Setting HA state for sensor.ml_heating_thermal_power: {'state': '-2.637', 'attributes': {'state_class': 'measurement', 'unique_id': 'ml_heating_thermal_power', 'friendly_name': 'ML Heating Thermal Power', 'unit_of_measurement': 'kW', 'icon': 'mdi:flash', 'device_class': 'power'}}
2026-05-03 16:15:30,128 - DEBUG - Wrote thermodynamic metrics to InfluxDB
2026-05-03 16:15:30,129 - DEBUG - Thermodynamic sensors updated: COP=-7.35, Power=-2.637kW
2026-05-03 16:15:30,129 - DEBUG - ♻️ Reusing existing Model Wrapper instance
2026-05-03 16:15:30,129 - DEBUG - 🎯 ACTIVE MODE LEARNING (trajectory): Verifying ML prediction accuracy for 18.4°C outlet setting
2026-05-03 16:15:30,133 - DEBUG - ☀️ SolarChannel self-learned: avg_error=-0.015, pv_heat_weight=0.00148, solar_lag=45.1min, cloud_exp=1.00, solar_decay_tau=1.00h
2026-05-03 16:15:30,133 - INFO - ☀️ pv parameter update: attributed_error=-0.013547 | pv_heat_weight: 0.001496→0.001481 (Δ-0.000015) | solar_decay_tau_hours: 0.999713→0.999705 (Δ-0.000007)
2026-05-03 16:15:30,133 - INFO - Channel routing → [☀️ pv*] | error=-0.0135 | pv_current=3520W pv_smoothed=7194W | params_changed=pv
2026-05-03 16:15:30,166 - DEBUG - 💾 Saved cooling thermal state to /config/ml_heating/unified_thermal_state_cooling.json
2026-05-03 16:15:30,166 - DEBUG - Prediction feedback: error=-0.014°C, confidence=3.000
2026-05-03 16:15:30,193 - DEBUG - 💾 Saved cooling thermal state to /config/ml_heating/unified_thermal_state_cooling.json
2026-05-03 16:15:30,194 - DEBUG - 💾 Saved 38 predictions to unified thermal state
2026-05-03 16:15:30,194 - DEBUG - Added prediction: pred=23.52, actual=23.51, error=-0.014
2026-05-03 16:15:30,221 - DEBUG - 💾 Saved cooling thermal state to /config/ml_heating/unified_thermal_state_cooling.json
2026-05-03 16:15:30,222 - DEBUG - Setting HA state for sensor.ml_model_mae: {'state': '0.0362', 'attributes': {'state_class': 'measurement', 'unique_id': 'ml_heating_model_mae', 'friendly_name': 'ML Model MAE', 'unit_of_measurement': '°C', 'icon': 'mdi:chart-line', 'last_updated': '2026-05-03T14:15:30.222215+00:00'}}
2026-05-03 16:15:30,234 - DEBUG - Setting HA state for sensor.ml_model_rmse: {'state': '0.0493', 'attributes': {'state_class': 'measurement', 'unique_id': 'ml_heating_model_rmse', 'friendly_name': 'ML Model RMSE', 'unit_of_measurement': '°C', 'icon': 'mdi:chart-line', 'last_updated': '2026-05-03T14:15:30.222215+00:00'}}
2026-05-03 16:15:30,251 - DEBUG - Setting HA state for sensor.ml_heating_learning: {'state': '3.000', 'attributes': {'state_class': 'measurement', 'unique_id': 'ml_heating_learning', 'friendly_name': 'ML Adaptive Learning Metrics', 'unit_of_measurement': 'metrics', 'icon': 'mdi:brain', 'thermal_time_constant': 4.390554703745845, 'heat_loss_coefficient': 0.1245214561975565, 'outlet_effectiveness': 0.9526723072021629, 'pv_heat_weight': 0.00148125710585231, 'fireplace_heat_weight': 0.387, 'tv_heat_weight': 0.35, 'solar_lag_minutes': 45.11867923411995, 'slab_time_constant_hours': 3.19, 'heat_source_channels_enabled': True, 'total_conductance': 0.3, 'equilibrium_ratio': 0.5, 'cycle_count': 37, 'parameter_updates': 5, 'model_health': 'good', 'learning_progress': 0.37, 'is_improving': True, 'improvement_percentage': 56.530616743993676, 'total_predictions': 38, 'learning_confidence': 3.0, 'last_updated': '2026-05-03T14:15:30.251584+00:00', 'delta_t_floor': 2.3, 'cloud_factor_exponent': 1.0, 'solar_decay_tau_hours': 0.9997053960876661, 'fp_heat_output_kw': 0.387, 'fp_decay_time_constant': 3.9144707244638868, 'room_spread_delay_minutes': 18.0, 'ch_heat_pump_history_count': 0, 'ch_heat_pump_last_error': 0.0, 'ch_pv_history_count': 35, 'ch_pv_last_error': -0.013547214164120192, 'ch_fireplace_history_count': 0, 'ch_fireplace_last_error': 0.0, 'ch_tv_history_count': 0, 'ch_tv_last_error': 0.0}}
2026-05-03 16:15:30,266 - DEBUG - Setting HA state for sensor.ml_model_mae: {'state': '0.0362', 'attributes': {'state_class': 'measurement', 'unique_id': 'ml_heating_model_mae', 'friendly_name': 'ML Model MAE', 'unit_of_measurement': '°C', 'icon': 'mdi:chart-line', 'mae_1h': 0.02104140969305875, 'mae_6h': 0.03619260541400278, 'mae_24h': 0.03619260541400278, 'trend_direction': 'improving', 'prediction_count': 38, 'last_updated': '2026-05-03T14:15:30.251584+00:00'}}
2026-05-03 16:15:30,282 - DEBUG - Setting HA state for sensor.ml_model_rmse: {'state': '0.0493', 'attributes': {'state_class': 'measurement', 'unique_id': 'ml_heating_model_rmse', 'friendly_name': 'ML Model RMSE', 'unit_of_measurement': '°C', 'icon': 'mdi:chart-line', 'recent_max_error': 0.09233662767104178, 'std_error': 0.0335, 'mean_bias': 0.0, 'prediction_count': 38, 'last_updated': '2026-05-03T14:15:30.251584+00:00'}}
2026-05-03 16:15:30,296 - DEBUG - Setting HA state for sensor.ml_prediction_accuracy: {'state': '100.0', 'attributes': {'state_class': 'measurement', 'unique_id': 'ml_prediction_accuracy', 'friendly_name': 'ML Prediction Accuracy', 'unit_of_measurement': '%', 'icon': 'mdi:target', 'perfect_accuracy_pct': 0.0, 'tolerable_accuracy_pct': 100.0, 'poor_accuracy_pct': 0.0, 'prediction_count_24h': 0, 'excellent_all_time_pct': 94.73684210526315, 'good_all_time_pct': 99.99999999999999, 'last_updated': '2026-05-03T14:15:30.251584+00:00'}}
2026-05-03 16:15:30,310 - DEBUG - Logged refactored sensor metrics to HA
2026-05-03 16:15:30,311 - DEBUG - Logging feature importance
2026-05-03 16:15:30,311 - DEBUG - Setting HA state for sensor.ml_feature_importance: {'state': '5', 'attributes': {'state_class': 'measurement', 'unique_id': 'ml_heating_feature_importance', 'friendly_name': 'ML Feature Importance', 'unit_of_measurement': '%', 'icon': 'mdi:format-list-numbered', 'top_features': {'target_temp': 52.47, 'fireplace': 21.31, 'tv_power': 19.28, 'outdoor_temp': 6.86, 'pv_power': 0.08}, 'last_updated': '2026-05-03T14:15:30.311124+00:00'}}
2026-05-03 16:15:30,345 - INFO - ✅ Exported metrics to Home Assistant sensors successfully
2026-05-03 16:15:30,345 - INFO - ✅ Learning cycle 37: error=0.014°C, confidence=3.000, total_predictions=38
2026-05-03 16:15:30,345 - DEBUG - ✅ Online learning: applied_temp=18.4°C, actual_change=0.020°C, cycle=37
2026-05-03 16:15:30,345 - INFO - ❄️ Cooling mode active (state: cool)
2026-05-03 16:15:30,345 - DEBUG - ♻️ Reusing existing Model Wrapper instance
2026-05-03 16:15:30,345 - INFO - ❄️ COOLING MODE: ML will calculate cooling outlet temperature (outlet < inlet) — using cooling state /config/ml_heating/unified_thermal_state_cooling.json
2026-05-03 16:15:30,373 - DEBUG - Fireplace is OFF. Using main indoor temp for prediction.
2026-05-03 16:15:30,513 - DEBUG - PV forecast parsed successfully: [1713.0, 854.8, 278.5, 2.0, 0.0, 0.0, 0.0, 0.0, 0.0, 0.0, 0.0, 0.0]W
2026-05-03 16:15:30,513 - DEBUG - Solar correction: enabled=True, percent=100.0%, factor=1.000
2026-05-03 16:15:30,530 - DEBUG - Delta calibration applied: offset=+2.33°C
2026-05-03 16:15:30,530 - DEBUG - Raw forecasts: [22.0, 21.5, 20.7, 18.8, 15.9, 14.4, 13.6, 12.9, 12.3, 11.6, 11.7, 11.6]
2026-05-03 16:15:30,530 - DEBUG - Calibrated forecasts: [24.33, 23.83, 23.03, 21.13, 18.23, 16.73, 15.93, 15.23, 14.63, 13.93, 14.03, 13.93]
2026-05-03 16:15:30,534 - INFO - ☀️ Forecast trajectory: PV=3520W, remaining_pv_hours=3 + min_steps=6 → 9 steps
2026-05-03 16:15:30,534 - DEBUG - ♻️ Reusing existing Model Wrapper instance
2026-05-03 16:15:30,540 - INFO - DEBUG: Wrapper params: U=0.1245214561975565, eff=0.9526723072021629, tau=4.390554703745845
2026-05-03 16:15:30,540 - DEBUG - ❄️ Cooling: tightened outlet_max to 19.1°C (inlet=21.1°C − delta=2.0°C)
2026-05-03 16:15:30,540 - INFO - ❄️ Cooling mode bounds: outlet 18.3–19.1°C (indoor=23.5°C, target=22.6°C)
2026-05-03 16:15:30,540 - DEBUG - 🔧 Using natural bounds: outlet_min=18.3°C, outlet_max=19.1°C
2026-05-03 16:15:30,540 - INFO - 🌡️ Using cycle-aligned forecast (10min): outdoor=24.3°C (vs current 24.3°C), PV=6383W (vs current 6808W)
2026-05-03 16:15:30,540 - DEBUG - DEBUG: Using PV history (len=18) instead of scalar 6383.009259259259
2026-05-03 16:15:30,540 - INFO - 🔄 HP off (delta_t=-2.70): simulating HP-on delta_t=2.30 for binary search
2026-05-03 16:15:30,540 - DEBUG - 🎯 Binary search start: target=22.6°C, current=23.5°C, range=18.3-19.1°C
2026-05-03 16:15:30,540 - DEBUG - 🔍 Binary search features: inlet_temp=21.1, delta_t_floor=2.30, indoor_temp_delta_60m=0.0278, horizon=9.0h, outlet_mid=18.7°C
2026-05-03 16:15:30,542 - DEBUG - ✅ Binary search trajectory OK (iter 1): outlet=18.7°C → predicted=22.60°C (steps=54, start=23.50→end=22.60)
2026-05-03 16:15:30,542 - DEBUG -    Iteration 1: outlet=18.7°C → predicted=22.60°C, error=0.003°C (range: 18.3-19.1°C)
2026-05-03 16:15:30,542 - INFO - ✅ Binary search converged after 1 iterations: 18.7°C → 22.60°C (target: 22.6°C, error: 0.003°C)
2026-05-03 16:15:30,542 - DEBUG - 🔬 Equilibrium physics: outlet=18.7°C, outdoor=24.3°C, heat_loss_coeff=0.125, outlet_eff=0.953, equilibrium=22.13°C
2026-05-03 16:15:30,543 - DEBUG - 🔍 Multi-horizon predictions for target 22.6°C:
2026-05-03 16:15:30,543 - DEBUG -         current: 19.2°C → 22.6°C (error: -0.04°C, outdoor: 24.3°C, PV: 6808W) 
2026-05-03 16:15:30,543 - DEBUG -    cycle(10min): 19.2°C → 22.6°C (error: -0.04°C, outdoor: 24.3°C, PV: 6383W) ← NEW: Cycle-aligned
2026-05-03 16:15:30,543 - DEBUG -              1h: 20.3°C → 22.6°C (error: +0.05°C, outdoor: 24.3°C, PV: 1713W) 
2026-05-03 16:15:30,543 - DEBUG -              2h: 21.1°C → 22.6°C (error: -0.03°C, outdoor: 23.8°C, PV: 855W) 
2026-05-03 16:15:30,543 - DEBUG -              3h: 22.2°C → 22.7°C (error: +0.09°C, outdoor: 23.0°C, PV: 278W) 
2026-05-03 16:15:30,543 - DEBUG -              4h: 22.8°C → 22.6°C (error: -0.03°C, outdoor: 21.1°C, PV: 2W) 
2026-05-03 16:15:30,543 - DEBUG -             avg: 22.6°C → 22.6°C (error: +0.02°C, outdoor: 19.2°C, PV: 316W) 
2026-05-03 16:15:30,543 - WARNING - ⚠️ Forecast vs current difference: forecast avg outlet +3.4°C higher than current conditions
2026-05-03 16:15:30,545 - DEBUG - Slab: inlet=21.1°C, outlet=18.7°C, Δ=-2.4°C, τ=3.19h
2026-05-03 16:15:30,545 - DEBUG - 🔍 Trajectory prediction using forecast arrays: outdoor=[24.331249999999997, 24.33, 23.83, 23.03, 21.13, 18.23, 16.73, 15.93, 15.23, 14.63], PV=[6807.555555555556, 1713.0, 854.8, 278.5, 2.0, 0.0, 0.0, 0.0, 0.0, 0.0]
2026-05-03 16:15:30,545 - DEBUG - 🔍 Trajectory DEBUG: outlet=18.7°C → 0.2h_prediction=23.50°C (vs target 22.6°C, error: +0.905°C), reaches_target_at=8.5h, cycle_time=0.2h
2026-05-03 16:15:30,545 - DEBUG - 🔍 Trajectory predictions for target 22.6°C:
2026-05-03 16:15:30,545 - DEBUG -     0.2h: 23.50°C → target 22.60°C (error: +0.90°C)
2026-05-03 16:15:30,545 - DEBUG -     0.3h: 23.53°C → target 22.60°C (error: +0.93°C)
2026-05-03 16:15:30,546 - DEBUG -     0.5h: 23.56°C → target 22.60°C (error: +0.96°C)
2026-05-03 16:15:30,546 - DEBUG -     0.7h: 23.58°C → target 22.60°C (error: +0.98°C)
2026-05-03 16:15:30,546 - DEBUG -     0.8h: 23.61°C → target 22.60°C (error: +1.01°C)
2026-05-03 16:15:30,546 - DEBUG -     1.0h: 23.63°C → target 22.60°C (error: +1.03°C)
2026-05-03 16:15:30,546 - DEBUG -     1.2h: 23.66°C → target 22.60°C (error: +1.06°C)
2026-05-03 16:15:30,546 - DEBUG -     1.3h: 23.68°C → target 22.60°C (error: +1.08°C)
2026-05-03 16:15:30,546 - DEBUG -     1.5h: 23.69°C → target 22.60°C (error: +1.09°C)
2026-05-03 16:15:30,546 - DEBUG -     1.7h: 23.70°C → target 22.60°C (error: +1.10°C)
2026-05-03 16:15:30,546 - DEBUG -     1.8h: 23.71°C → target 22.60°C (error: +1.11°C)
2026-05-03 16:15:30,546 - DEBUG -     2.0h: 23.71°C → target 22.60°C (error: +1.11°C)
2026-05-03 16:15:30,546 - DEBUG -     2.2h: 23.71°C → target 22.60°C (error: +1.11°C)
2026-05-03 16:15:30,546 - DEBUG -     2.3h: 23.70°C → target 22.60°C (error: +1.10°C)
2026-05-03 16:15:30,546 - DEBUG -     2.5h: 23.70°C → target 22.60°C (error: +1.10°C)
2026-05-03 16:15:30,546 - DEBUG -     2.7h: 23.69°C → target 22.60°C (error: +1.09°C)
2026-05-03 16:15:30,546 - DEBUG -     2.8h: 23.67°C → target 22.60°C (error: +1.07°C)
2026-05-03 16:15:30,546 - DEBUG -     3.0h: 23.65°C → target 22.60°C (error: +1.05°C)
2026-05-03 16:15:30,546 - DEBUG -     3.2h: 23.63°C → target 22.60°C (error: +1.03°C)
2026-05-03 16:15:30,546 - DEBUG -     3.3h: 23.60°C → target 22.60°C (error: +1.00°C)
2026-05-03 16:15:30,546 - DEBUG -     3.5h: 23.58°C → target 22.60°C (error: +0.98°C)
2026-05-03 16:15:30,546 - DEBUG -     3.7h: 23.55°C → target 22.60°C (error: +0.95°C)
2026-05-03 16:15:30,546 - DEBUG -     3.8h: 23.52°C → target 22.60°C (error: +0.92°C)
2026-05-03 16:15:30,546 - DEBUG -     4.0h: 23.49°C → target 22.60°C (error: +0.89°C)
2026-05-03 16:15:30,546 - DEBUG -     4.2h: 23.46°C → target 22.60°C (error: +0.86°C)
2026-05-03 16:15:30,546 - DEBUG -     4.3h: 23.43°C → target 22.60°C (error: +0.83°C)
2026-05-03 16:15:30,546 - DEBUG -     4.5h: 23.40°C → target 22.60°C (error: +0.80°C)
2026-05-03 16:15:30,546 - DEBUG -     4.7h: 23.36°C → target 22.60°C (error: +0.76°C)
2026-05-03 16:15:30,547 - DEBUG -     4.8h: 23.33°C → target 22.60°C (error: +0.73°C)
2026-05-03 16:15:30,547 - DEBUG -     5.0h: 23.30°C → target 22.60°C (error: +0.70°C)
2026-05-03 16:15:30,547 - DEBUG -     5.2h: 23.26°C → target 22.60°C (error: +0.66°C)
2026-05-03 16:15:30,547 - DEBUG -     5.3h: 23.23°C → target 22.60°C (error: +0.63°C)
2026-05-03 16:15:30,547 - DEBUG -     5.5h: 23.20°C → target 22.60°C (error: +0.60°C)
2026-05-03 16:15:30,547 - DEBUG -     5.7h: 23.16°C → target 22.60°C (error: +0.56°C)
2026-05-03 16:15:30,547 - DEBUG -     5.8h: 23.13°C → target 22.60°C (error: +0.53°C)
2026-05-03 16:15:30,547 - DEBUG -     6.0h: 23.10°C → target 22.60°C (error: +0.50°C)
2026-05-03 16:15:30,547 - DEBUG -     6.2h: 23.07°C → target 22.60°C (error: +0.47°C)
2026-05-03 16:15:30,547 - DEBUG -     6.3h: 23.04°C → target 22.60°C (error: +0.44°C)
2026-05-03 16:15:30,547 - DEBUG -     6.5h: 23.01°C → target 22.60°C (error: +0.41°C)
2026-05-03 16:15:30,547 - DEBUG -     6.7h: 22.98°C → target 22.60°C (error: +0.38°C)
2026-05-03 16:15:30,547 - DEBUG -     6.8h: 22.95°C → target 22.60°C (error: +0.35°C)
2026-05-03 16:15:30,547 - DEBUG -     7.0h: 22.92°C → target 22.60°C (error: +0.32°C)
2026-05-03 16:15:30,547 - DEBUG -     7.2h: 22.89°C → target 22.60°C (error: +0.29°C)
2026-05-03 16:15:30,547 - DEBUG -     7.3h: 22.86°C → target 22.60°C (error: +0.26°C)
2026-05-03 16:15:30,547 - DEBUG -     7.5h: 22.84°C → target 22.60°C (error: +0.24°C)
2026-05-03 16:15:30,547 - DEBUG -     7.7h: 22.81°C → target 22.60°C (error: +0.21°C)
2026-05-03 16:15:30,547 - DEBUG -     7.8h: 22.78°C → target 22.60°C (error: +0.18°C)
2026-05-03 16:15:30,547 - DEBUG -     8.0h: 22.76°C → target 22.60°C (error: +0.16°C)
2026-05-03 16:15:30,547 - DEBUG -     8.2h: 22.73°C → target 22.60°C (error: +0.13°C)
2026-05-03 16:15:30,547 - DEBUG -     8.3h: 22.70°C → target 22.60°C (error: +0.10°C)
2026-05-03 16:15:30,547 - DEBUG -     8.5h: 22.68°C → target 22.60°C (error: +0.08°C)
2026-05-03 16:15:30,547 - DEBUG -     8.7h: 22.65°C → target 22.60°C (error: +0.05°C)
2026-05-03 16:15:30,547 - DEBUG -     8.8h: 22.63°C → target 22.60°C (error: +0.03°C)
2026-05-03 16:15:30,547 - DEBUG -     9.0h: 22.60°C → target 22.60°C (error: +0.00°C)
2026-05-03 16:15:30,547 - INFO - ⚠️ Target will NOT be reached within 0.2h cycle (+tolerance) - applying physics-based correction
2026-05-03 16:15:30,547 - INFO -    Gentle correction for overshoot: dampening=0.31 (slab_tau=3.19h)
2026-05-03 16:15:30,548 - INFO - 🎯 Corrected outlet: 18.3°C (18.7°C + -1.2°C) (deviation: 0.9°C, temp_error: -1.11°C)
2026-05-03 16:15:30,548 - DEBUG - 🧠 Smart rounding is using cycle-aligned forecast: PV=6383W (caller sent PV=6808W)
2026-05-03 16:15:30,548 - INFO - 🎯 Prediction: Current 23.51°C → Target 22.6°C | Calculated outlet: 18.3°C (before smart rounding) (confidence: 3.000)
2026-05-03 16:15:30,548 - DEBUG - Model Wrapper: temp=18.3°C, error=0.910°C, confidence=3.000
2026-05-03 16:15:30,548 - DEBUG - EMA smoothing: 18.30°C → 18.4°C (last=18.4, α=0.50)
2026-05-03 16:15:30,548 - DEBUG - ♻️ Reusing existing Model Wrapper instance
2026-05-03 16:15:30,548 - INFO - 🌡️ Using cycle-aligned forecast (10min): outdoor=24.3°C (vs current 24.3°C), PV=6383W (vs current 6808W)
2026-05-03 16:15:30,548 - DEBUG - 🧠 Smart rounding is using cycle-aligned forecast: PV=6383W (caller sent PV=6383W)
2026-05-03 16:15:30,548 - DEBUG - 🧠 Smart rounding is using cycle-aligned forecast: PV=6383W (caller sent PV=6383W)
2026-05-03 16:15:30,549 - DEBUG - Smart rounding: 18.40°C → 18°C (chose floor: floor→23.44°C [err=0.842], ceiling→23.47°C [err=0.874], target=22.6°C)
2026-05-03 16:15:30,549 - DEBUG - Setting target outlet temp
2026-05-03 16:15:30,549 - DEBUG - Setting HA state for sensor.ml_vorlauftemperatur: {'state': '18.4', 'attributes': {'state_class': 'measurement', 'unique_id': 'ml_heating_target_outlet_temp', 'friendly_name': 'ML Target Outlet Temp', 'unit_of_measurement': '°C', 'device_class': 'temperature', 'icon': 'mdi:thermometer-water'}}
2026-05-03 16:15:30,561 - DEBUG - Logging thermal model metrics
2026-05-03 16:15:30,561 - DEBUG - Setting HA state for sensor.ml_heating_state: {'state': '0', 'attributes': {'state_class': 'measurement', 'unique_id': 'ml_heating_state', 'friendly_name': 'ML Heating State', 'unit_of_measurement': 'state', 'icon': 'mdi:information-outline', 'state_description': 'OK - Prediction done', 'confidence': 3.0, 'suggested_temp': 18.3, 'final_temp': 18.4, 'predicted_indoor': 23.41, 'last_prediction_time': '2026-05-03T14:15:30.561765+00:00', 'temperature_error': 0.91}}
2026-05-03 16:15:30,575 - DEBUG - ✅ ACTIVE MODE: ML controlling heating via input_boolean.ml_heating
2026-05-03 16:15:30,576 - DEBUG - 🧠 Smart rounding is using cycle-aligned forecast: PV=6383W (caller sent PV=6808W)
2026-05-03 16:15:30,581 - DEBUG - Target: 22.6°C | Suggested: 18.3°C | Applied: 18.4°C | Actual Indoor: 23.51°C | Predicted Indoor: 23.45°C | Confidence: 3.000
2026-05-03 16:15:30,581 - INFO - Target: 22.6°C | Suggested: 18.3°C | Applied: 18.4°C | Actual Indoor: 23.51°C | Predicted Indoor: 23.45°C | Confidence: 3.000
2026-05-03 16:15:30,611 - DEBUG - 💾 Saved cooling thermal state to /config/ml_heating/unified_thermal_state_cooling.json
2026-05-03 16:15:30,612 - DEBUG - Operational state saved to /config/ml_heating/unified_thermal_state_cooling.json; updated keys: ['last_run_features', 'last_indoor_temp', 'last_avg_other_rooms_temp', 'last_fireplace_on', 'last_final_temp', 'last_predicted_indoor', 'last_is_blocking', 'last_blocking_reasons', 'setpoint_hold_cycles_remaining']
2026-05-03 16:15:30,612 - DEBUG - Setting HA state for sensor.ml_heating_features: {'state': '23.56', 'attributes': {'state_class': 'measurement', 'unique_id': 'ml_heating_features', 'friendly_name': 'ML Heating Features', 'unit_of_measurement': '°C', 'device_class': 'temperature', 'icon': 'mdi:feature-search-outline', 'living_room_temp': 23.56, 'outlet_temp': 18.4, 'indoor_temp_lag_30m': 23.471, 'target_temp': 22.6, 'outdoor_temp': 24.331249999999997, 'dhw_heating': 0.0, 'dhw_disinfection': 0.0, 'dhw_boost_heater': 0.0, 'defrosting': 0.0, 'pv_now': 3520.0, 'pv_now_electrical': 3520.0, 'solar_correction_percent': 100.0, 'solar_correction_factor': 1.0, 'solar_correction_enabled': 1.0, 'fireplace_on': 0.0, 'tv_on': 0.0, 'temp_forecast_1h': 24.33, 'temp_forecast_2h': 23.83, 'temp_forecast_3h': 23.03, 'temp_forecast_4h': 21.13, 'temp_forecast_5h': 18.23, 'temp_forecast_6h': 16.73, 'temp_forecast_7h': 15.93, 'temp_forecast_8h': 15.23, 'temp_forecast_9h': 14.63, 'temp_forecast_10h': 13.93, 'temp_forecast_11h': 14.03, 'temp_forecast_12h': 13.93, 'pv_forecast_1h': 1713.0, 'pv_forecast_2h': 854.8, 'pv_forecast_3h': 278.5, 'pv_forecast_4h': 2.0, 'pv_forecast_5h': 0.0, 'pv_forecast_6h': 0.0, 'pv_forecast_7h': 0.0, 'pv_forecast_8h': 0.0, 'pv_forecast_9h': 0.0, 'pv_forecast_10h': 0.0, 'pv_forecast_11h': 0.0, 'pv_forecast_12h': 0.0, 'pv_forecast_electrical_1h': 1713.0, 'pv_forecast_electrical_2h': 854.8, 'pv_forecast_electrical_3h': 278.5, 'pv_forecast_electrical_4h': 2.0, 'pv_forecast_electrical_5h': 0.0, 'pv_forecast_electrical_6h': 0.0, 'pv_forecast_electrical_7h': 0.0, 'pv_forecast_electrical_8h': 0.0, 'pv_forecast_electrical_9h': 0.0, 'pv_forecast_electrical_10h': 0.0, 'pv_forecast_electrical_11h': 0.0, 'pv_forecast_electrical_12h': 0.0, 'cloud_cover_forecast_1h': 0.0, 'cloud_cover_forecast_2h': 0.0, 'cloud_cover_forecast_3h': 0.0, 'cloud_cover_forecast_4h': 0.0, 'cloud_cover_forecast_5h': 0.0, 'cloud_cover_forecast_6h': 0.0, 'cloud_cover_forecast_7h': 0.0, 'cloud_cover_forecast_8h': 0.0, 'cloud_cover_forecast_9h': 0.0, 'cloud_cover_forecast_10h': 0.0, 'cloud_cover_forecast_11h': 0.0, 'cloud_cover_forecast_12h': 0.0, 'temp_diff_indoor_outdoor': -0.832499999999996, 'indoor_temp_gradient': 0.6045000000000087, 'outlet_indoor_diff': -5.098750000000003, 'indoor_temp_lag_10m': 23.506666666666664, 'indoor_temp_lag_60m': 23.470999999999997, 'outlet_temp_lag_30m': 18.48, 'outlet_temp_change': -3.552713678800501e-15, 'indoor_temp_delta_10m': -0.00791666666666302, 'indoor_temp_delta_30m': 0.02775000000000105, 'indoor_temp_delta_60m': 0.027750000000004604, 'hour_sin': -0.8660254037844385, 'hour_cos': -0.5000000000000004, 'month_sin': 0.8660254037844387, 'month_cos': -0.4999999999999998, 'outlet_effectiveness_ratio': 8.987499999999997, 'inlet_temp': 21.1, 'flow_rate': 14.0, 'power_consumption': 359.0, 'delta_t': -2.700000000000003, 'thermal_power_kw': -2.637180000000003, 'cop_realtime': -7.3459052924791175, 'temp_trend_forecast': -1.0779166666666662, 'heating_demand_forecast': 0.637, 'combined_forecast_thermal_load': 0.637, 'pv_power_history': [9512.0, 10112.0, 7981.0, 7337.0, 7566.0, 9549.0, 8827.0, 7523.0, 8170.0, 8020.0, 6733.0, 6690.0, 5155.0, 4427.0, 3851.0, 4015.0, 3573.0, 3495.0], 'last_updated': '2026-05-03T14:15:30.612194+00:00'}}
2026-05-03 16:15:30,678 - DEBUG - Published 89 features to sensor.ml_heating_features
2026-05-03 16:15:30,678 - DEBUG - ✅ CYCLE 8 END: 16:15:30 (duration: 0.6s)
2026-05-03 16:15:30,678 - DEBUG - 💤 POLLING START: Waiting 30min until next cycle...
2026-05-03 16:15:30,706 - DEBUG - Active sampling: buffered 6 readings
127.0.0.1 - - [03/May/2026 16:15:32] "GET /health HTTP/1.1" 200 -
127.0.0.1 - - [03/May/2026 16:16:03] "GET /health HTTP/1.1" 200 -
2026-05-03 16:16:30,738 - DEBUG - Active sampling: buffered 6 readings
127.0.0.1 - - [03/May/2026 16:16:33] "GET /health HTTP/1.1" 200 -
127.0.0.1 - - [03/May/2026 16:17:03] "GET /health HTTP/1.1" 200 -
2026-05-03 16:17:30,770 - DEBUG - Active sampling: buffered 6 readings
127.0.0.1 - - [03/May/2026 16:17:33] "GET /health HTTP/1.1" 200 -
127.0.0.1 - - [03/May/2026 16:18:03] "GET /health HTTP/1.1" 200 -
2026-05-03 16:18:30,803 - DEBUG - Active sampling: buffered 6 readings
127.0.0.1 - - [03/May/2026 16:18:33] "GET /health HTTP/1.1" 200 -
127.0.0.1 - - [03/May/2026 16:19:03] "GET /health HTTP/1.1" 200 -
2026-05-03 16:19:30,835 - DEBUG - Active sampling: buffered 6 readings
127.0.0.1 - - [03/May/2026 16:19:33] "GET /health HTTP/1.1" 200 -
127.0.0.1 - - [03/May/2026 16:20:03] "GET /health HTTP/1.1" 200 -
2026-05-03 16:20:30,867 - DEBUG - Active sampling: buffered 6 readings
127.0.0.1 - - [03/May/2026 16:20:33] "GET /health HTTP/1.1" 200 -
127.0.0.1 - - [03/May/2026 16:21:03] "GET /health HTTP/1.1" 200 -
2026-05-03 16:21:30,899 - DEBUG - Active sampling: buffered 6 readings
127.0.0.1 - - [03/May/2026 16:21:33] "GET /health HTTP/1.1" 200 -
127.0.0.1 - - [03/May/2026 16:22:03] "GET /health HTTP/1.1" 200 -
2026-05-03 16:22:30,933 - DEBUG - Active sampling: buffered 6 readings
127.0.0.1 - - [03/May/2026 16:22:33] "GET /health HTTP/1.1" 200 -
127.0.0.1 - - [03/May/2026 16:23:03] "GET /health HTTP/1.1" 200 -
2026-05-03 16:23:30,967 - DEBUG - Active sampling: buffered 6 readings
127.0.0.1 - - [03/May/2026 16:23:33] "GET /health HTTP/1.1" 200 -
127.0.0.1 - - [03/May/2026 16:24:03] "GET /health HTTP/1.1" 200 -
2026-05-03 16:24:31,000 - DEBUG - Active sampling: buffered 6 readings
127.0.0.1 - - [03/May/2026 16:24:33] "GET /health HTTP/1.1" 200 -
127.0.0.1 - - [03/May/2026 16:25:04] "GET /health HTTP/1.1" 200 -
2026-05-03 16:25:31,001 - DEBUG - ⏰ POLLING END: Waited 10.0min, starting next cycle...
2026-05-03 16:25:31,001 - DEBUG - 🔄 CYCLE 9 START: 16:25:31 (interval: 10.0min since last cycle)
2026-05-03 16:25:31,002 - DEBUG - ♻️ Reusing existing Model Wrapper instance
2026-05-03 16:25:31,002 - INFO - Successfully loaded operational state from /config/ml_heating/unified_thermal_state_cooling.json
2026-05-03 16:25:31,034 - DEBUG - Setting HA state for sensor.ml_heating_cop_realtime: {'state': '-7.64', 'attributes': {'state_class': 'measurement', 'unique_id': 'ml_heating_cop_realtime', 'friendly_name': 'ML Heating COP (Realtime)', 'unit_of_measurement': 'COP', 'icon': 'mdi:heat-pump', 'device_class': 'power_factor'}}
2026-05-03 16:25:31,048 - DEBUG - Setting HA state for sensor.ml_heating_thermal_power: {'state': '-2.735', 'attributes': {'state_class': 'measurement', 'unique_id': 'ml_heating_thermal_power', 'friendly_name': 'ML Heating Thermal Power', 'unit_of_measurement': 'kW', 'icon': 'mdi:flash', 'device_class': 'power'}}
2026-05-03 16:25:31,082 - DEBUG - Wrote thermodynamic metrics to InfluxDB
2026-05-03 16:25:31,082 - DEBUG - Thermodynamic sensors updated: COP=-7.64, Power=-2.735kW
2026-05-03 16:25:31,083 - DEBUG - ♻️ Reusing existing Model Wrapper instance
2026-05-03 16:25:31,083 - DEBUG - 🎯 ACTIVE MODE LEARNING (trajectory): Verifying ML prediction accuracy for 18.4°C outlet setting
2026-05-03 16:25:31,087 - DEBUG - ☀️ SolarChannel self-learned: avg_error=-0.017, pv_heat_weight=0.00146, solar_lag=45.1min, cloud_exp=1.00, solar_decay_tau=1.00h
2026-05-03 16:25:31,087 - INFO - ☀️ pv parameter update: attributed_error=-0.020081 | pv_heat_weight: 0.001481→0.001464 (Δ-0.000017) | solar_decay_tau_hours: 0.999705→0.999697 (Δ-0.000009)
2026-05-03 16:25:31,087 - INFO - Channel routing → [☀️ pv*] | error=-0.0201 | pv_current=3520W pv_smoothed=6808W | params_changed=pv
2026-05-03 16:25:31,119 - DEBUG - 💾 Saved cooling thermal state to /config/ml_heating/unified_thermal_state_cooling.json
2026-05-03 16:25:31,120 - DEBUG - Prediction feedback: error=-0.020°C, confidence=3.000
2026-05-03 16:25:31,149 - DEBUG - 💾 Saved cooling thermal state to /config/ml_heating/unified_thermal_state_cooling.json
2026-05-03 16:25:31,149 - DEBUG - 💾 Saved 39 predictions to unified thermal state
2026-05-03 16:25:31,149 - DEBUG - Added prediction: pred=23.54, actual=23.52, error=-0.020
2026-05-03 16:25:31,176 - DEBUG - 💾 Saved cooling thermal state to /config/ml_heating/unified_thermal_state_cooling.json
2026-05-03 16:25:31,177 - DEBUG - Setting HA state for sensor.ml_model_mae: {'state': '0.0358', 'attributes': {'state_class': 'measurement', 'unique_id': 'ml_heating_model_mae', 'friendly_name': 'ML Model MAE', 'unit_of_measurement': '°C', 'icon': 'mdi:chart-line', 'last_updated': '2026-05-03T14:25:31.177889+00:00'}}
2026-05-03 16:25:31,191 - DEBUG - Setting HA state for sensor.ml_model_rmse: {'state': '0.0488', 'attributes': {'state_class': 'measurement', 'unique_id': 'ml_heating_model_rmse', 'friendly_name': 'ML Model RMSE', 'unit_of_measurement': '°C', 'icon': 'mdi:chart-line', 'last_updated': '2026-05-03T14:25:31.177889+00:00'}}
2026-05-03 16:25:31,205 - DEBUG - Setting HA state for sensor.ml_heating_learning: {'state': '3.000', 'attributes': {'state_class': 'measurement', 'unique_id': 'ml_heating_learning', 'friendly_name': 'ML Adaptive Learning Metrics', 'unit_of_measurement': 'metrics', 'icon': 'mdi:brain', 'thermal_time_constant': 4.390554703745845, 'heat_loss_coefficient': 0.1245214561975565, 'outlet_effectiveness': 0.9526723072021629, 'pv_heat_weight': 0.0014640885421748125, 'fireplace_heat_weight': 0.387, 'tv_heat_weight': 0.35, 'solar_lag_minutes': 45.11867923411995, 'slab_time_constant_hours': 3.19, 'heat_source_channels_enabled': True, 'total_conductance': 0.3, 'equilibrium_ratio': 0.5, 'cycle_count': 38, 'parameter_updates': 6, 'model_health': 'good', 'learning_progress': 0.38, 'is_improving': True, 'improvement_percentage': 56.71405445713956, 'total_predictions': 39, 'learning_confidence': 3.0, 'last_updated': '2026-05-03T14:25:31.205486+00:00', 'delta_t_floor': 2.3, 'cloud_factor_exponent': 1.0, 'solar_decay_tau_hours': 0.9996968118058274, 'fp_heat_output_kw': 0.387, 'fp_decay_time_constant': 3.9144707244638868, 'room_spread_delay_minutes': 18.0, 'ch_heat_pump_history_count': 0, 'ch_heat_pump_last_error': 0.0, 'ch_pv_history_count': 36, 'ch_pv_last_error': -0.020080778597975524, 'ch_fireplace_history_count': 0, 'ch_fireplace_last_error': 0.0, 'ch_tv_history_count': 0, 'ch_tv_last_error': 0.0}}
2026-05-03 16:25:31,220 - DEBUG - Setting HA state for sensor.ml_model_mae: {'state': '0.0358', 'attributes': {'state_class': 'measurement', 'unique_id': 'ml_heating_model_mae', 'friendly_name': 'ML Model MAE', 'unit_of_measurement': '°C', 'icon': 'mdi:chart-line', 'mae_1h': 0.022442088057092136, 'mae_6h': 0.03577948164948926, 'mae_24h': 0.03577948164948926, 'trend_direction': 'improving', 'prediction_count': 39, 'last_updated': '2026-05-03T14:25:31.205486+00:00'}}
2026-05-03 16:25:31,234 - DEBUG - Setting HA state for sensor.ml_model_rmse: {'state': '0.0488', 'attributes': {'state_class': 'measurement', 'unique_id': 'ml_heating_model_rmse', 'friendly_name': 'ML Model RMSE', 'unit_of_measurement': '°C', 'icon': 'mdi:chart-line', 'recent_max_error': 0.09233662767104178, 'std_error': 0.0331, 'mean_bias': 0.0, 'prediction_count': 39, 'last_updated': '2026-05-03T14:25:31.205486+00:00'}}
2026-05-03 16:25:31,249 - DEBUG - Setting HA state for sensor.ml_prediction_accuracy: {'state': '100.0', 'attributes': {'state_class': 'measurement', 'unique_id': 'ml_prediction_accuracy', 'friendly_name': 'ML Prediction Accuracy', 'unit_of_measurement': '%', 'icon': 'mdi:target', 'perfect_accuracy_pct': 0.0, 'tolerable_accuracy_pct': 100.0, 'poor_accuracy_pct': 0.0, 'prediction_count_24h': 0, 'excellent_all_time_pct': 94.87179487179486, 'good_all_time_pct': 99.99999999999999, 'last_updated': '2026-05-03T14:25:31.205486+00:00'}}
2026-05-03 16:25:31,264 - DEBUG - Logged refactored sensor metrics to HA
2026-05-03 16:25:31,264 - DEBUG - Logging feature importance
2026-05-03 16:25:31,264 - DEBUG - Setting HA state for sensor.ml_feature_importance: {'state': '5', 'attributes': {'state_class': 'measurement', 'unique_id': 'ml_heating_feature_importance', 'friendly_name': 'ML Feature Importance', 'unit_of_measurement': '%', 'icon': 'mdi:format-list-numbered', 'top_features': {'target_temp': 52.47, 'fireplace': 21.31, 'tv_power': 19.28, 'outdoor_temp': 6.86, 'pv_power': 0.08}, 'last_updated': '2026-05-03T14:25:31.264403+00:00'}}
2026-05-03 16:25:31,302 - INFO - ✅ Exported metrics to Home Assistant sensors successfully
2026-05-03 16:25:31,303 - INFO - ✅ Learning cycle 38: error=0.020°C, confidence=3.000, total_predictions=39
2026-05-03 16:25:31,303 - DEBUG - ✅ Online learning: applied_temp=18.4°C, actual_change=0.010°C, cycle=38
2026-05-03 16:25:31,303 - INFO - ❄️ Cooling mode active (state: cool)
2026-05-03 16:25:31,303 - DEBUG - ♻️ Reusing existing Model Wrapper instance
2026-05-03 16:25:31,303 - INFO - ❄️ COOLING MODE: ML will calculate cooling outlet temperature (outlet < inlet) — using cooling state /config/ml_heating/unified_thermal_state_cooling.json
2026-05-03 16:25:31,332 - DEBUG - Fireplace is OFF. Using main indoor temp for prediction.
2026-05-03 16:25:31,473 - DEBUG - PV forecast parsed successfully: [1667.8, 840.8, 275.0, 2.0, 0.0, 0.0, 0.0, 0.0, 0.0, 0.0, 0.0, 0.0]W
2026-05-03 16:25:31,473 - DEBUG - Solar correction: enabled=True, percent=100.0%, factor=1.000
2026-05-03 16:25:31,491 - DEBUG - Delta calibration applied: offset=+2.23°C
2026-05-03 16:25:31,491 - DEBUG - Raw forecasts: [22.0, 21.5, 20.7, 18.8, 15.9, 14.4, 13.6, 12.9, 12.3, 11.6, 11.7, 11.6]
2026-05-03 16:25:31,491 - DEBUG - Calibrated forecasts: [24.23, 23.73, 22.93, 21.03, 18.13, 16.63, 15.83, 15.13, 14.53, 13.83, 13.93, 13.83]
2026-05-03 16:25:31,495 - INFO - ☀️ Forecast trajectory: PV=3960W, remaining_pv_hours=3 + min_steps=6 → 9 steps
2026-05-03 16:25:31,495 - DEBUG - ♻️ Reusing existing Model Wrapper instance
2026-05-03 16:25:31,500 - INFO - DEBUG: Wrapper params: U=0.1245214561975565, eff=0.9526723072021629, tau=4.390554703745845
2026-05-03 16:25:31,500 - DEBUG - ❄️ Cooling: tightened outlet_max to 19.1°C (inlet=21.1°C − delta=2.0°C)
2026-05-03 16:25:31,500 - INFO - ❄️ Cooling mode bounds: outlet 18.3–19.1°C (indoor=23.5°C, target=22.6°C)
2026-05-03 16:25:31,500 - DEBUG - 🔧 Using natural bounds: outlet_min=18.3°C, outlet_max=19.1°C
2026-05-03 16:25:31,500 - INFO - 🌡️ Using cycle-aligned forecast (10min): outdoor=24.2°C (vs current 24.2°C), PV=6086W (vs current 6488W)
2026-05-03 16:25:31,500 - DEBUG - DEBUG: Using PV history (len=18) instead of scalar 6086.435493827161
2026-05-03 16:25:31,500 - INFO - 🔄 HP off (delta_t=-2.80): simulating HP-on delta_t=2.30 for binary search
2026-05-03 16:25:31,500 - DEBUG - 🎯 Binary search start: target=22.6°C, current=23.5°C, range=18.3-19.1°C
2026-05-03 16:25:31,500 - DEBUG - 🔍 Binary search features: inlet_temp=21.1, delta_t_floor=2.30, indoor_temp_delta_60m=0.0246, horizon=9.0h, outlet_mid=18.7°C
2026-05-03 16:25:31,502 - DEBUG - ✅ Binary search trajectory OK (iter 1): outlet=18.7°C → predicted=22.58°C (steps=54, start=23.52→end=22.58)
2026-05-03 16:25:31,502 - DEBUG -    Iteration 1: outlet=18.7°C → predicted=22.58°C, error=-0.023°C (range: 18.3-19.1°C)
2026-05-03 16:25:31,502 - DEBUG -      → Cooling: Predicted below target, raising minimum to 18.7°C
2026-05-03 16:25:31,504 - DEBUG -    Iteration 2: outlet=18.9°C → predicted=22.58°C, error=-0.023°C (range: 18.7-19.1°C)
2026-05-03 16:25:31,504 - DEBUG -      → Cooling: Predicted below target, raising minimum to 18.9°C
2026-05-03 16:25:31,506 - DEBUG -    Iteration 3: outlet=19.0°C → predicted=22.58°C, error=-0.023°C (range: 18.9-19.1°C)
2026-05-03 16:25:31,506 - DEBUG -      → Cooling: Predicted below target, raising minimum to 19.0°C
2026-05-03 16:25:31,508 - DEBUG -    Iteration 4: outlet=19.1°C → predicted=22.58°C, error=-0.023°C (range: 19.0-19.1°C)
2026-05-03 16:25:31,508 - DEBUG -      → Cooling: Predicted below target, raising minimum to 19.1°C
2026-05-03 16:25:31,509 - DEBUG -    Iteration 5: outlet=19.1°C → predicted=22.58°C, error=-0.023°C (range: 19.1-19.1°C)
2026-05-03 16:25:31,509 - DEBUG -      → Cooling: Predicted below target, raising minimum to 19.1°C
2026-05-03 16:25:31,509 - INFO - 🔄 Binary search early exit after 6 iterations: range collapsed to 0.025°C, using 19.1°C
2026-05-03 16:25:31,510 - DEBUG - 🧠 Smart rounding is using cycle-aligned forecast: PV=6086W (caller sent PV=6488W)
2026-05-03 16:25:31,510 - INFO - 🎯 Prediction: Current 23.52°C → Target 22.6°C | Calculated outlet: 19.1°C (before smart rounding) (confidence: 3.000)
2026-05-03 16:25:31,510 - DEBUG - Model Wrapper: temp=19.1°C, error=0.920°C, confidence=3.000
2026-05-03 16:25:31,510 - DEBUG - EMA smoothing: 19.09°C → 18.7°C (last=18.4, α=0.50)
2026-05-03 16:25:31,510 - DEBUG - ♻️ Reusing existing Model Wrapper instance
2026-05-03 16:25:31,510 - INFO - 🌡️ Using cycle-aligned forecast (10min): outdoor=24.1°C (vs current 24.1°C), PV=6086W (vs current 6488W)
2026-05-03 16:25:31,510 - DEBUG - 🧠 Smart rounding is using cycle-aligned forecast: PV=6086W (caller sent PV=6086W)
2026-05-03 16:25:31,510 - DEBUG - 🧠 Smart rounding is using cycle-aligned forecast: PV=6086W (caller sent PV=6086W)
2026-05-03 16:25:31,510 - DEBUG - Smart rounding: 18.70°C → 18°C (chose floor: floor→23.45°C [err=0.851], ceiling→23.48°C [err=0.883], target=22.6°C)
2026-05-03 16:25:31,510 - DEBUG - Setting target outlet temp
2026-05-03 16:25:31,510 - DEBUG - Setting HA state for sensor.ml_vorlauftemperatur: {'state': '18.7', 'attributes': {'state_class': 'measurement', 'unique_id': 'ml_heating_target_outlet_temp', 'friendly_name': 'ML Target Outlet Temp', 'unit_of_measurement': '°C', 'device_class': 'temperature', 'icon': 'mdi:thermometer-water'}}
2026-05-03 16:25:31,523 - DEBUG - Logging thermal model metrics
2026-05-03 16:25:31,523 - DEBUG - Setting HA state for sensor.ml_heating_state: {'state': '0', 'attributes': {'state_class': 'measurement', 'unique_id': 'ml_heating_state', 'friendly_name': 'ML Heating State', 'unit_of_measurement': 'state', 'icon': 'mdi:information-outline', 'state_description': 'OK - Prediction done', 'confidence': 3.0, 'suggested_temp': 19.09, 'final_temp': 18.7, 'predicted_indoor': 23.46, 'last_prediction_time': '2026-05-03T14:25:31.523823+00:00', 'temperature_error': 0.92}}
2026-05-03 16:25:31,580 - DEBUG - ✅ ACTIVE MODE: ML controlling heating via input_boolean.ml_heating
2026-05-03 16:25:31,581 - DEBUG - 🧠 Smart rounding is using cycle-aligned forecast: PV=6086W (caller sent PV=6488W)
2026-05-03 16:25:31,582 - DEBUG - Target: 22.6°C | Suggested: 19.1°C | Applied: 18.7°C | Actual Indoor: 23.52°C | Predicted Indoor: 23.47°C | Confidence: 3.000
2026-05-03 16:25:31,582 - INFO - Target: 22.6°C | Suggested: 19.1°C | Applied: 18.7°C | Actual Indoor: 23.52°C | Predicted Indoor: 23.47°C | Confidence: 3.000
2026-05-03 16:25:31,612 - DEBUG - 💾 Saved cooling thermal state to /config/ml_heating/unified_thermal_state_cooling.json
2026-05-03 16:25:31,612 - DEBUG - Operational state saved to /config/ml_heating/unified_thermal_state_cooling.json; updated keys: ['last_run_features', 'last_indoor_temp', 'last_avg_other_rooms_temp', 'last_fireplace_on', 'last_final_temp', 'last_predicted_indoor', 'last_is_blocking', 'last_blocking_reasons', 'setpoint_hold_cycles_remaining']
2026-05-03 16:25:31,612 - DEBUG - Setting HA state for sensor.ml_heating_features: {'state': '23.60', 'attributes': {'state_class': 'measurement', 'unique_id': 'ml_heating_features', 'friendly_name': 'ML Heating Features', 'unit_of_measurement': '°C', 'device_class': 'temperature', 'icon': 'mdi:feature-search-outline', 'living_room_temp': 23.6, 'outlet_temp': 18.3, 'indoor_temp_lag_30m': 23.492, 'target_temp': 22.6, 'outdoor_temp': 24.234375000000004, 'dhw_heating': 0.0, 'dhw_disinfection': 0.0, 'dhw_boost_heater': 0.0, 'defrosting': 0.0, 'pv_now': 3960.0, 'pv_now_electrical': 3960.0, 'solar_correction_percent': 100.0, 'solar_correction_factor': 1.0, 'solar_correction_enabled': 1.0, 'fireplace_on': 0.0, 'tv_on': 0.0, 'temp_forecast_1h': 24.23, 'temp_forecast_2h': 23.73, 'temp_forecast_3h': 22.93, 'temp_forecast_4h': 21.03, 'temp_forecast_5h': 18.13, 'temp_forecast_6h': 16.63, 'temp_forecast_7h': 15.83, 'temp_forecast_8h': 15.13, 'temp_forecast_9h': 14.53, 'temp_forecast_10h': 13.83, 'temp_forecast_11h': 13.93, 'temp_forecast_12h': 13.83, 'pv_forecast_1h': 1667.8, 'pv_forecast_2h': 840.8, 'pv_forecast_3h': 275.0, 'pv_forecast_4h': 2.0, 'pv_forecast_5h': 0.0, 'pv_forecast_6h': 0.0, 'pv_forecast_7h': 0.0, 'pv_forecast_8h': 0.0, 'pv_forecast_9h': 0.0, 'pv_forecast_10h': 0.0, 'pv_forecast_11h': 0.0, 'pv_forecast_12h': 0.0, 'pv_forecast_electrical_1h': 1667.8, 'pv_forecast_electrical_2h': 840.8, 'pv_forecast_electrical_3h': 275.0, 'pv_forecast_electrical_4h': 2.0, 'pv_forecast_electrical_5h': 0.0, 'pv_forecast_electrical_6h': 0.0, 'pv_forecast_electrical_7h': 0.0, 'pv_forecast_electrical_8h': 0.0, 'pv_forecast_electrical_9h': 0.0, 'pv_forecast_electrical_10h': 0.0, 'pv_forecast_electrical_11h': 0.0, 'pv_forecast_electrical_12h': 0.0, 'cloud_cover_forecast_1h': 0.0, 'cloud_cover_forecast_2h': 0.0, 'cloud_cover_forecast_3h': 0.0, 'cloud_cover_forecast_4h': 0.0, 'cloud_cover_forecast_5h': 0.0, 'cloud_cover_forecast_6h': 0.0, 'cloud_cover_forecast_7h': 0.0, 'cloud_cover_forecast_8h': 0.0, 'cloud_cover_forecast_9h': 0.0, 'cloud_cover_forecast_10h': 0.0, 'cloud_cover_forecast_11h': 0.0, 'cloud_cover_forecast_12h': 0.0, 'temp_diff_indoor_outdoor': -0.7187500000000071, 'indoor_temp_gradient': 0.6397499999999425, 'outlet_indoor_diff': -5.215624999999996, 'indoor_temp_lag_10m': 23.520000000000007, 'indoor_temp_lag_60m': 23.491, 'outlet_temp_lag_30m': 18.400000000000002, 'outlet_temp_change': 0.0, 'indoor_temp_delta_10m': -0.004375000000010232, 'indoor_temp_delta_30m': 0.023624999999995566, 'indoor_temp_delta_60m': 0.02462499999999679, 'hour_sin': -0.8660254037844385, 'hour_cos': -0.5000000000000004, 'month_sin': 0.8660254037844387, 'month_cos': -0.4999999999999998, 'outlet_effectiveness_ratio': 9.15624999999995, 'inlet_temp': 21.1, 'flow_rate': 14.0, 'power_consumption': 358.0, 'delta_t': -2.8000000000000007, 'thermal_power_kw': -2.734853333333334, 'cop_realtime': -7.639255121042833, 'temp_trend_forecast': -1.0782638888888894, 'heating_demand_forecast': 0.6470000000000001, 'combined_forecast_thermal_load': 0.6470000000000001, 'pv_power_history': [10112.0, 7981.0, 7337.0, 7566.0, 9549.0, 8827.0, 7523.0, 8170.0, 8020.0, 6733.0, 6690.0, 5155.0, 4427.0, 3851.0, 4015.0, 3573.0, 3529.0, 3728.3333333333335], 'last_updated': '2026-05-03T14:25:31.612592+00:00'}}
2026-05-03 16:25:31,627 - DEBUG - Published 89 features to sensor.ml_heating_features
2026-05-03 16:25:31,627 - DEBUG - ✅ CYCLE 9 END: 16:25:31 (duration: 0.6s)
2026-05-03 16:25:31,627 - DEBUG - 💤 POLLING START: Waiting 30min until next cycle...
2026-05-03 16:25:31,654 - DEBUG - Active sampling: buffered 6 readings
127.0.0.1 - - [03/May/2026 16:25:34] "GET /health HTTP/1.1" 200 -
127.0.0.1 - - [03/May/2026 16:26:04] "GET /health HTTP/1.1" 200 -
2026-05-03 16:26:31,687 - DEBUG - Active sampling: buffered 6 readings
127.0.0.1 - - [03/May/2026 16:26:34] "GET /health HTTP/1.1" 200 -
127.0.0.1 - - [03/May/2026 16:27:04] "GET /health HTTP/1.1" 200 -
2026-05-03 16:27:31,719 - DEBUG - Active sampling: buffered 6 readings
127.0.0.1 - - [03/May/2026 16:27:34] "GET /health HTTP/1.1" 200 -
127.0.0.1 - - [03/May/2026 16:28:04] "GET /health HTTP/1.1" 200 -
2026-05-03 16:28:31,752 - DEBUG - Active sampling: buffered 6 readings
127.0.0.1 - - [03/May/2026 16:28:34] "GET /health HTTP/1.1" 200 -
127.0.0.1 - - [03/May/2026 16:29:04] "GET /health HTTP/1.1" 200 -
2026-05-03 16:29:31,784 - DEBUG - Active sampling: buffered 6 readings
127.0.0.1 - - [03/May/2026 16:29:34] "GET /health HTTP/1.1" 200 -
127.0.0.1 - - [03/May/2026 16:30:04] "GET /health HTTP/1.1" 200 -
2026-05-03 16:30:31,816 - DEBUG - Active sampling: buffered 6 readings
127.0.0.1 - - [03/May/2026 16:30:34] "GET /health HTTP/1.1" 200 -
127.0.0.1 - - [03/May/2026 16:31:04] "GET /health HTTP/1.1" 200 -
2026-05-03 16:31:31,848 - DEBUG - Active sampling: buffered 6 readings
127.0.0.1 - - [03/May/2026 16:31:34] "GET /health HTTP/1.1" 200 -
127.0.0.1 - - [03/May/2026 16:32:04] "GET /health HTTP/1.1" 200 -
2026-05-03 16:32:31,879 - DEBUG - Active sampling: buffered 6 readings
127.0.0.1 - - [03/May/2026 16:32:34] "GET /health HTTP/1.1" 200 -
127.0.0.1 - - [03/May/2026 16:33:04] "GET /health HTTP/1.1" 200 -
2026-05-03 16:33:31,911 - DEBUG - Active sampling: buffered 6 readings
127.0.0.1 - - [03/May/2026 16:33:34] "GET /health HTTP/1.1" 200 -
127.0.0.1 - - [03/May/2026 16:34:05] "GET /health HTTP/1.1" 200 -
2026-05-03 16:34:31,944 - DEBUG - Active sampling: buffered 6 readings
127.0.0.1 - - [03/May/2026 16:34:35] "GET /health HTTP/1.1" 200 -
127.0.0.1 - - [03/May/2026 16:35:05] "GET /health HTTP/1.1" 200 -
2026-05-03 16:35:31,946 - DEBUG - ⏰ POLLING END: Waited 10.0min, starting next cycle...
2026-05-03 16:35:31,946 - DEBUG - 🔄 CYCLE 10 START: 16:35:31 (interval: 10.0min since last cycle)
2026-05-03 16:35:31,946 - DEBUG - ♻️ Reusing existing Model Wrapper instance
2026-05-03 16:35:31,946 - INFO - Successfully loaded operational state from /config/ml_heating/unified_thermal_state_cooling.json
2026-05-03 16:35:31,980 - DEBUG - Setting HA state for sensor.ml_heating_cop_realtime: {'state': '-7.26', 'attributes': {'state_class': 'measurement', 'unique_id': 'ml_heating_cop_realtime', 'friendly_name': 'ML Heating COP (Realtime)', 'unit_of_measurement': 'COP', 'icon': 'mdi:heat-pump', 'device_class': 'power_factor'}}
2026-05-03 16:35:31,992 - DEBUG - Setting HA state for sensor.ml_heating_thermal_power: {'state': '-2.637', 'attributes': {'state_class': 'measurement', 'unique_id': 'ml_heating_thermal_power', 'friendly_name': 'ML Heating Thermal Power', 'unit_of_measurement': 'kW', 'icon': 'mdi:flash', 'device_class': 'power'}}
2026-05-03 16:35:32,030 - DEBUG - Wrote thermodynamic metrics to InfluxDB
2026-05-03 16:35:32,030 - DEBUG - Thermodynamic sensors updated: COP=-7.26, Power=-2.637kW
2026-05-03 16:35:32,030 - DEBUG - ♻️ Reusing existing Model Wrapper instance
2026-05-03 16:35:32,030 - DEBUG - 🎯 ACTIVE MODE LEARNING (trajectory): Verifying ML prediction accuracy for 18.7°C outlet setting
2026-05-03 16:35:32,034 - DEBUG - ☀️ SolarChannel self-learned: avg_error=-0.019, pv_heat_weight=0.00145, solar_lag=45.1min, cloud_exp=1.00, solar_decay_tau=1.00h
2026-05-03 16:35:32,034 - INFO - ☀️ pv parameter update: attributed_error=-0.036610 | pv_heat_weight: 0.001464→0.001445 (Δ-0.000019) | solar_decay_tau_hours: 0.999697→0.999687 (Δ-0.000009)
2026-05-03 16:35:32,034 - INFO - Channel routing → [☀️ pv*] | error=-0.0366 | pv_current=3960W pv_smoothed=6488W | params_changed=pv
2026-05-03 16:35:32,068 - DEBUG - 💾 Saved cooling thermal state to /config/ml_heating/unified_thermal_state_cooling.json
2026-05-03 16:35:32,068 - DEBUG - Prediction feedback: error=-0.037°C, confidence=3.000
2026-05-03 16:35:32,097 - DEBUG - 💾 Saved cooling thermal state to /config/ml_heating/unified_thermal_state_cooling.json
2026-05-03 16:35:32,097 - DEBUG - 💾 Saved 40 predictions to unified thermal state
2026-05-03 16:35:32,097 - DEBUG - Added prediction: pred=23.55, actual=23.51, error=-0.037
2026-05-03 16:35:32,126 - DEBUG - 💾 Saved cooling thermal state to /config/ml_heating/unified_thermal_state_cooling.json
2026-05-03 16:35:32,127 - DEBUG - Setting HA state for sensor.ml_model_mae: {'state': '0.0358', 'attributes': {'state_class': 'measurement', 'unique_id': 'ml_heating_model_mae', 'friendly_name': 'ML Model MAE', 'unit_of_measurement': '°C', 'icon': 'mdi:chart-line', 'last_updated': '2026-05-03T14:35:32.127749+00:00'}}
2026-05-03 16:35:32,140 - DEBUG - Setting HA state for sensor.ml_model_rmse: {'state': '0.0485', 'attributes': {'state_class': 'measurement', 'unique_id': 'ml_heating_model_rmse', 'friendly_name': 'ML Model RMSE', 'unit_of_measurement': '°C', 'icon': 'mdi:chart-line', 'last_updated': '2026-05-03T14:35:32.127749+00:00'}}
2026-05-03 16:35:32,155 - DEBUG - Setting HA state for sensor.ml_heating_learning: {'state': '3.000', 'attributes': {'state_class': 'measurement', 'unique_id': 'ml_heating_learning', 'friendly_name': 'ML Adaptive Learning Metrics', 'unit_of_measurement': 'metrics', 'icon': 'mdi:brain', 'thermal_time_constant': 4.390554703745845, 'heat_loss_coefficient': 0.1245214561975565, 'outlet_effectiveness': 0.9526723072021629, 'pv_heat_weight': 0.0014454450561038746, 'fireplace_heat_weight': 0.387, 'tv_heat_weight': 0.35, 'solar_lag_minutes': 45.11867923411995, 'slab_time_constant_hours': 3.19, 'heat_source_channels_enabled': True, 'total_conductance': 0.3, 'equilibrium_ratio': 0.5, 'cycle_count': 39, 'parameter_updates': 7, 'model_health': 'good', 'learning_progress': 0.39, 'is_improving': True, 'improvement_percentage': 60.77905468189208, 'total_predictions': 40, 'learning_confidence': 3.0, 'last_updated': '2026-05-03T14:35:32.154964+00:00', 'delta_t_floor': 2.3, 'cloud_factor_exponent': 1.0, 'solar_decay_tau_hours': 0.9996874900627919, 'fp_heat_output_kw': 0.387, 'fp_decay_time_constant': 3.9144707244638868, 'room_spread_delay_minutes': 18.0, 'ch_heat_pump_history_count': 0, 'ch_heat_pump_last_error': 0.0, 'ch_pv_history_count': 37, 'ch_pv_last_error': -0.036609622338371395, 'ch_fireplace_history_count': 0, 'ch_fireplace_last_error': 0.0, 'ch_tv_history_count': 0, 'ch_tv_last_error': 0.0}}
2026-05-03 16:35:32,169 - DEBUG - Setting HA state for sensor.ml_model_mae: {'state': '0.0358', 'attributes': {'state_class': 'measurement', 'unique_id': 'ml_heating_model_mae', 'friendly_name': 'ML Model MAE', 'unit_of_measurement': '°C', 'icon': 'mdi:chart-line', 'mae_1h': 0.02510859131594471, 'mae_6h': 0.03580023516671131, 'mae_24h': 0.03580023516671131, 'trend_direction': 'improving', 'prediction_count': 40, 'last_updated': '2026-05-03T14:35:32.154964+00:00'}}
2026-05-03 16:35:32,185 - DEBUG - Setting HA state for sensor.ml_model_rmse: {'state': '0.0485', 'attributes': {'state_class': 'measurement', 'unique_id': 'ml_heating_model_rmse', 'friendly_name': 'ML Model RMSE', 'unit_of_measurement': '°C', 'icon': 'mdi:chart-line', 'recent_max_error': 0.09233662767104178, 'std_error': 0.0327, 'mean_bias': 0.0, 'prediction_count': 40, 'last_updated': '2026-05-03T14:35:32.154964+00:00'}}
2026-05-03 16:35:32,199 - DEBUG - Setting HA state for sensor.ml_prediction_accuracy: {'state': '100.0', 'attributes': {'state_class': 'measurement', 'unique_id': 'ml_prediction_accuracy', 'friendly_name': 'ML Prediction Accuracy', 'unit_of_measurement': '%', 'icon': 'mdi:target', 'perfect_accuracy_pct': 0.0, 'tolerable_accuracy_pct': 100.0, 'poor_accuracy_pct': 0.0, 'prediction_count_24h': 0, 'excellent_all_time_pct': 95.0, 'good_all_time_pct': 100.0, 'last_updated': '2026-05-03T14:35:32.154964+00:00'}}
2026-05-03 16:35:32,233 - DEBUG - Logged refactored sensor metrics to HA
2026-05-03 16:35:32,233 - DEBUG - Logging feature importance
2026-05-03 16:35:32,233 - DEBUG - Setting HA state for sensor.ml_feature_importance: {'state': '5', 'attributes': {'state_class': 'measurement', 'unique_id': 'ml_heating_feature_importance', 'friendly_name': 'ML Feature Importance', 'unit_of_measurement': '%', 'icon': 'mdi:format-list-numbered', 'top_features': {'target_temp': 52.47, 'fireplace': 21.31, 'tv_power': 19.28, 'outdoor_temp': 6.86, 'pv_power': 0.08}, 'last_updated': '2026-05-03T14:35:32.233579+00:00'}}
2026-05-03 16:35:32,247 - INFO - ✅ Exported metrics to Home Assistant sensors successfully
2026-05-03 16:35:32,247 - INFO - ✅ Learning cycle 39: error=0.037°C, confidence=3.000, total_predictions=40
2026-05-03 16:35:32,247 - DEBUG - ✅ Online learning: applied_temp=18.7°C, actual_change=-0.010°C, cycle=39
2026-05-03 16:35:32,247 - INFO - ❄️ Cooling mode active (state: cool)
2026-05-03 16:35:32,248 - DEBUG - ♻️ Reusing existing Model Wrapper instance
2026-05-03 16:35:32,248 - INFO - ❄️ COOLING MODE: ML will calculate cooling outlet temperature (outlet < inlet) — using cooling state /config/ml_heating/unified_thermal_state_cooling.json
2026-05-03 16:35:32,276 - DEBUG - Fireplace is OFF. Using main indoor temp for prediction.
2026-05-03 16:35:32,429 - DEBUG - PV forecast parsed successfully: [1347.8, 710.0, 138.8, 0.0, 0.0, 0.0, 0.0, 0.0, 0.0, 0.0, 0.0, 0.0]W
2026-05-03 16:35:32,429 - DEBUG - Solar correction: enabled=True, percent=35.0%, factor=0.350
2026-05-03 16:35:32,447 - DEBUG - Delta calibration applied: offset=+2.19°C
2026-05-03 16:35:32,447 - DEBUG - Raw forecasts: [22.0, 21.5, 20.7, 18.8, 15.9, 14.4, 13.6, 12.9, 12.3, 11.6, 11.7, 11.6]
2026-05-03 16:35:32,447 - DEBUG - Calibrated forecasts: [24.19, 23.69, 22.89, 20.99, 18.09, 16.59, 15.79, 15.09, 14.49, 13.79, 13.89, 13.79]
2026-05-03 16:35:32,450 - INFO - ☀️ Forecast trajectory: PV=6840W, remaining_pv_hours=3 + min_steps=6 → 9 steps
2026-05-03 16:35:32,451 - DEBUG - ♻️ Reusing existing Model Wrapper instance
2026-05-03 16:35:32,458 - INFO - DEBUG: Wrapper params: U=0.1245214561975565, eff=0.9526723072021629, tau=4.390554703745845
2026-05-03 16:35:32,458 - DEBUG - ❄️ Cooling: tightened outlet_max to 19.0°C (inlet=21.0°C − delta=2.0°C)
2026-05-03 16:35:32,458 - INFO - ❄️ Cooling mode bounds: outlet 18.3–19.0°C (indoor=23.5°C, target=22.6°C)
2026-05-03 16:35:32,458 - DEBUG - 🔧 Using natural bounds: outlet_min=18.3°C, outlet_max=19.0°C
2026-05-03 16:35:32,458 - INFO - 🌡️ Using cycle-aligned forecast (10min): outdoor=24.2°C (vs current 24.2°C), PV=2046W (vs current 2189W)
2026-05-03 16:35:32,458 - DEBUG - DEBUG: Using PV history (len=18) instead of scalar 2046.3015740740734
2026-05-03 16:35:32,458 - INFO - 🔄 HP off (delta_t=-2.70): simulating HP-on delta_t=2.30 for binary search
2026-05-03 16:35:32,459 - DEBUG - 🎯 Binary search start: target=22.6°C, current=23.5°C, range=18.3-19.0°C
2026-05-03 16:35:32,459 - DEBUG - 🔍 Binary search features: inlet_temp=21.0, delta_t_floor=2.30, indoor_temp_delta_60m=0.0158, horizon=9.0h, outlet_mid=18.6°C
2026-05-03 16:35:32,460 - DEBUG - ✅ Binary search trajectory OK (iter 1): outlet=18.6°C → predicted=22.28°C (steps=54, start=23.51→end=22.28)
2026-05-03 16:35:32,460 - DEBUG -    Iteration 1: outlet=18.6°C → predicted=22.28°C, error=-0.323°C (range: 18.3-19.0°C)
2026-05-03 16:35:32,460 - DEBUG -      → Cooling: Predicted below target, raising minimum to 18.6°C
2026-05-03 16:35:32,462 - DEBUG -    Iteration 2: outlet=18.8°C → predicted=22.28°C, error=-0.323°C (range: 18.6-19.0°C)
2026-05-03 16:35:32,462 - DEBUG -      → Cooling: Predicted below target, raising minimum to 18.8°C
2026-05-03 16:35:32,464 - DEBUG -    Iteration 3: outlet=18.9°C → predicted=22.28°C, error=-0.323°C (range: 18.8-19.0°C)
2026-05-03 16:35:32,464 - DEBUG -      → Cooling: Predicted below target, raising minimum to 18.9°C
2026-05-03 16:35:32,466 - DEBUG -    Iteration 4: outlet=19.0°C → predicted=22.28°C, error=-0.323°C (range: 18.9-19.0°C)
2026-05-03 16:35:32,466 - DEBUG -      → Cooling: Predicted below target, raising minimum to 19.0°C
2026-05-03 16:35:32,466 - INFO - 🔄 Binary search early exit after 5 iterations: range collapsed to 0.044°C, using 19.0°C
2026-05-03 16:35:32,466 - DEBUG - 🧠 Smart rounding is using cycle-aligned forecast: PV=2046W (caller sent PV=2189W)
2026-05-03 16:35:32,466 - INFO - 🎯 Prediction: Current 23.51°C → Target 22.6°C | Calculated outlet: 19.0°C (before smart rounding) (confidence: 3.000)
2026-05-03 16:35:32,466 - DEBUG - Model Wrapper: temp=19.0°C, error=0.910°C, confidence=3.000
2026-05-03 16:35:32,466 - DEBUG - EMA smoothing: 18.98°C → 18.8°C (last=18.7, α=0.50)
2026-05-03 16:35:32,466 - DEBUG - ♻️ Reusing existing Model Wrapper instance
2026-05-03 16:35:32,466 - INFO - 🌡️ Using cycle-aligned forecast (10min): outdoor=24.1°C (vs current 24.1°C), PV=2046W (vs current 2189W)
2026-05-03 16:35:32,466 - DEBUG - 🧠 Smart rounding is using cycle-aligned forecast: PV=2046W (caller sent PV=2046W)
2026-05-03 16:35:32,467 - DEBUG - 🧠 Smart rounding is using cycle-aligned forecast: PV=2046W (caller sent PV=2046W)
2026-05-03 16:35:32,467 - DEBUG - Smart rounding: 18.80°C → 18°C (chose floor: floor→23.42°C [err=0.817], ceiling→23.45°C [err=0.848], target=22.6°C)
2026-05-03 16:35:32,467 - DEBUG - Setting target outlet temp
2026-05-03 16:35:32,467 - DEBUG - Setting HA state for sensor.ml_vorlauftemperatur: {'state': '18.8', 'attributes': {'state_class': 'measurement', 'unique_id': 'ml_heating_target_outlet_temp', 'friendly_name': 'ML Target Outlet Temp', 'unit_of_measurement': '°C', 'device_class': 'temperature', 'icon': 'mdi:thermometer-water'}}
2026-05-03 16:35:32,480 - DEBUG - Logging thermal model metrics
2026-05-03 16:35:32,480 - DEBUG - Setting HA state for sensor.ml_heating_state: {'state': '0', 'attributes': {'state_class': 'measurement', 'unique_id': 'ml_heating_state', 'friendly_name': 'ML Heating State', 'unit_of_measurement': 'state', 'icon': 'mdi:information-outline', 'state_description': 'OK - Prediction done', 'confidence': 3.0, 'suggested_temp': 18.98, 'final_temp': 18.8, 'predicted_indoor': 23.45, 'last_prediction_time': '2026-05-03T14:35:32.480383+00:00', 'temperature_error': 0.91}}
2026-05-03 16:35:32,499 - DEBUG - ✅ ACTIVE MODE: ML controlling heating via input_boolean.ml_heating
2026-05-03 16:35:32,501 - DEBUG - 🧠 Smart rounding is using cycle-aligned forecast: PV=2046W (caller sent PV=2189W)
2026-05-03 16:35:32,501 - DEBUG - Target: 22.6°C | Suggested: 19.0°C | Applied: 18.8°C | Actual Indoor: 23.51°C | Predicted Indoor: 23.44°C | Confidence: 3.000
2026-05-03 16:35:32,501 - INFO - Target: 22.6°C | Suggested: 19.0°C | Applied: 18.8°C | Actual Indoor: 23.51°C | Predicted Indoor: 23.44°C | Confidence: 3.000
2026-05-03 16:35:32,531 - DEBUG - 💾 Saved cooling thermal state to /config/ml_heating/unified_thermal_state_cooling.json
2026-05-03 16:35:32,532 - DEBUG - Operational state saved to /config/ml_heating/unified_thermal_state_cooling.json; updated keys: ['last_run_features', 'last_indoor_temp', 'last_avg_other_rooms_temp', 'last_fireplace_on', 'last_final_temp', 'last_predicted_indoor', 'last_is_blocking', 'last_blocking_reasons', 'setpoint_hold_cycles_remaining']
2026-05-03 16:35:32,532 - DEBUG - Setting HA state for sensor.ml_heating_features: {'state': '23.58', 'attributes': {'state_class': 'measurement', 'unique_id': 'ml_heating_features', 'friendly_name': 'ML Heating Features', 'unit_of_measurement': '°C', 'device_class': 'temperature', 'icon': 'mdi:feature-search-outline', 'living_room_temp': 23.58, 'outlet_temp': 18.3, 'indoor_temp_lag_30m': 23.512, 'target_temp': 22.6, 'outdoor_temp': 24.18750000000001, 'dhw_heating': 0.0, 'dhw_disinfection': 0.0, 'dhw_boost_heater': 0.0, 'defrosting': 0.0, 'pv_now': 2394.0, 'pv_now_electrical': 6840.0, 'solar_correction_percent': 35.0, 'solar_correction_factor': 0.35, 'solar_correction_enabled': 1.0, 'fireplace_on': 0.0, 'tv_on': 0.0, 'temp_forecast_1h': 24.19, 'temp_forecast_2h': 23.69, 'temp_forecast_3h': 22.89, 'temp_forecast_4h': 20.99, 'temp_forecast_5h': 18.09, 'temp_forecast_6h': 16.59, 'temp_forecast_7h': 15.79, 'temp_forecast_8h': 15.09, 'temp_forecast_9h': 14.49, 'temp_forecast_10h': 13.79, 'temp_forecast_11h': 13.89, 'temp_forecast_12h': 13.79, 'pv_forecast_1h': 471.72999999999996, 'pv_forecast_2h': 248.49999999999997, 'pv_forecast_3h': 48.58, 'pv_forecast_4h': 0.0, 'pv_forecast_5h': 0.0, 'pv_forecast_6h': 0.0, 'pv_forecast_7h': 0.0, 'pv_forecast_8h': 0.0, 'pv_forecast_9h': 0.0, 'pv_forecast_10h': 0.0, 'pv_forecast_11h': 0.0, 'pv_forecast_12h': 0.0, 'pv_forecast_electrical_1h': 1347.8, 'pv_forecast_electrical_2h': 710.0, 'pv_forecast_electrical_3h': 138.8, 'pv_forecast_electrical_4h': 0.0, 'pv_forecast_electrical_5h': 0.0, 'pv_forecast_electrical_6h': 0.0, 'pv_forecast_electrical_7h': 0.0, 'pv_forecast_electrical_8h': 0.0, 'pv_forecast_electrical_9h': 0.0, 'pv_forecast_electrical_10h': 0.0, 'pv_forecast_electrical_11h': 0.0, 'pv_forecast_electrical_12h': 0.0, 'cloud_cover_forecast_1h': 0.0, 'cloud_cover_forecast_2h': 0.0, 'cloud_cover_forecast_3h': 0.0, 'cloud_cover_forecast_4h': 0.0, 'cloud_cover_forecast_5h': 0.0, 'cloud_cover_forecast_6h': 0.0, 'cloud_cover_forecast_7h': 0.0, 'cloud_cover_forecast_8h': 0.0, 'cloud_cover_forecast_9h': 0.0, 'cloud_cover_forecast_10h': 0.0, 'cloud_cover_forecast_11h': 0.0, 'cloud_cover_forecast_12h': 0.0, 'temp_diff_indoor_outdoor': -0.6687500000000135, 'indoor_temp_gradient': 0.7004999999999555, 'outlet_indoor_diff': -5.2187499999999964, 'indoor_temp_lag_10m': 23.518333333333334, 'indoor_temp_lag_60m': 23.502999999999997, 'outlet_temp_lag_30m': 18.390000000000004, 'outlet_temp_change': 0.0, 'indoor_temp_delta_10m': 0.000416666666662735, 'indoor_temp_delta_30m': 0.006749999999996703, 'indoor_temp_delta_60m': 0.015750000000000597, 'hour_sin': -0.8660254037844385, 'hour_cos': -0.5000000000000004, 'month_sin': 0.8660254037844387, 'month_cos': -0.4999999999999998, 'outlet_effectiveness_ratio': 9.187499999999957, 'inlet_temp': 21.0, 'flow_rate': 14.0, 'power_consumption': 363.0, 'delta_t': -2.6999999999999993, 'thermal_power_kw': -2.6371799999999994, 'cop_realtime': -7.264958677685949, 'temp_trend_forecast': -1.0775000000000012, 'heating_demand_forecast': 0.651, 'combined_forecast_thermal_load': 0.651, 'pv_power_history': [2793.35, 2567.95, 2648.1, 3342.1499999999996, 3089.45, 2633.0499999999997, 2859.5, 2807.0, 2356.5499999999997, 2341.5, 1804.2499999999998, 1549.4499999999998, 1347.85, 1405.25, 1250.55, 1235.1499999999999, 1406.6499999999999, 1972.2499999999998], 'last_updated': '2026-05-03T14:35:32.532120+00:00'}}
2026-05-03 16:35:32,546 - DEBUG - Published 89 features to sensor.ml_heating_features
2026-05-03 16:35:32,546 - DEBUG - ✅ CYCLE 10 END: 16:35:32 (duration: 0.6s)
2026-05-03 16:35:32,546 - DEBUG - 💤 POLLING START: Waiting 30min until next cycle...
2026-05-03 16:35:32,573 - DEBUG - Active sampling: buffered 6 readings
127.0.0.1 - - [03/May/2026 16:35:35] "GET /health HTTP/1.1" 200 -
127.0.0.1 - - [03/May/2026 16:36:05] "GET /health HTTP/1.1" 200 -
2026-05-03 16:36:32,605 - DEBUG - Active sampling: buffered 6 readings
127.0.0.1 - - [03/May/2026 16:36:35] "GET /health HTTP/1.1" 200 -
127.0.0.1 - - [03/May/2026 16:37:05] "GET /health HTTP/1.1" 200 -
2026-05-03 16:37:32,638 - DEBUG - Active sampling: buffered 6 readings
127.0.0.1 - - [03/May/2026 16:37:35] "GET /health HTTP/1.1" 200 -
127.0.0.1 - - [03/May/2026 16:38:05] "GET /health HTTP/1.1" 200 -
2026-05-03 16:38:32,671 - DEBUG - Active sampling: buffered 6 readings
127.0.0.1 - - [03/May/2026 16:38:35] "GET /health HTTP/1.1" 200 -
127.0.0.1 - - [03/May/2026 16:39:05] "GET /health HTTP/1.1" 200 -
2026-05-03 16:39:32,705 - DEBUG - Active sampling: buffered 6 readings
127.0.0.1 - - [03/May/2026 16:39:35] "GET /health HTTP/1.1" 200 -
127.0.0.1 - - [03/May/2026 16:40:05] "GET /health HTTP/1.1" 200 -
2026-05-03 16:40:32,737 - DEBUG - Active sampling: buffered 6 readings
127.0.0.1 - - [03/May/2026 16:40:35] "GET /health HTTP/1.1" 200 -
127.0.0.1 - - [03/May/2026 16:41:05] "GET /health HTTP/1.1" 200 -
2026-05-03 16:41:32,770 - DEBUG - Active sampling: buffered 6 readings
127.0.0.1 - - [03/May/2026 16:41:35] "GET /health HTTP/1.1" 200 -
127.0.0.1 - - [03/May/2026 16:42:05] "GET /health HTTP/1.1" 200 -
2026-05-03 16:42:32,802 - DEBUG - Active sampling: buffered 6 readings
127.0.0.1 - - [03/May/2026 16:42:35] "GET /health HTTP/1.1" 200 -
127.0.0.1 - - [03/May/2026 16:43:05] "GET /health HTTP/1.1" 200 -
2026-05-03 16:43:32,836 - DEBUG - Active sampling: buffered 6 readings
127.0.0.1 - - [03/May/2026 16:43:36] "GET /health HTTP/1.1" 200 -
127.0.0.1 - - [03/May/2026 16:44:06] "GET /health HTTP/1.1" 200 -
2026-05-03 16:44:32,869 - DEBUG - Active sampling: buffered 6 readings
127.0.0.1 - - [03/May/2026 16:44:36] "GET /health HTTP/1.1" 200 -
127.0.0.1 - - [03/May/2026 16:45:06] "GET /health HTTP/1.1" 200 -
2026-05-03 16:45:32,870 - DEBUG - ⏰ POLLING END: Waited 10.0min, starting next cycle...
2026-05-03 16:45:32,871 - DEBUG - 🔄 CYCLE 11 START: 16:45:32 (interval: 10.0min since last cycle)
2026-05-03 16:45:32,871 - DEBUG - ♻️ Reusing existing Model Wrapper instance
2026-05-03 16:45:32,871 - INFO - Successfully loaded operational state from /config/ml_heating/unified_thermal_state_cooling.json
2026-05-03 16:45:32,902 - DEBUG - Setting HA state for sensor.ml_heating_cop_realtime: {'state': '-7.73', 'attributes': {'state_class': 'measurement', 'unique_id': 'ml_heating_cop_realtime', 'friendly_name': 'ML Heating COP (Realtime)', 'unit_of_measurement': 'COP', 'icon': 'mdi:heat-pump', 'device_class': 'power_factor'}}
2026-05-03 16:45:32,915 - DEBUG - Setting HA state for sensor.ml_heating_thermal_power: {'state': '-2.735', 'attributes': {'state_class': 'measurement', 'unique_id': 'ml_heating_thermal_power', 'friendly_name': 'ML Heating Thermal Power', 'unit_of_measurement': 'kW', 'icon': 'mdi:flash', 'device_class': 'power'}}
2026-05-03 16:45:32,955 - DEBUG - Wrote thermodynamic metrics to InfluxDB
2026-05-03 16:45:32,955 - DEBUG - Thermodynamic sensors updated: COP=-7.73, Power=-2.735kW
2026-05-03 16:45:32,955 - DEBUG - ♻️ Reusing existing Model Wrapper instance
2026-05-03 16:45:32,955 - DEBUG - 🎯 ACTIVE MODE LEARNING (trajectory): Verifying ML prediction accuracy for 18.8°C outlet setting
2026-05-03 16:45:32,960 - DEBUG - ☀️ SolarChannel self-learned: avg_error=-0.017, pv_heat_weight=0.00143, solar_lag=45.1min, cloud_exp=1.00, solar_decay_tau=1.00h
2026-05-03 16:45:32,960 - INFO - ☀️ pv parameter update: attributed_error=+0.043852 | pv_heat_weight: 0.001445→0.001428 (Δ-0.000017) | solar_decay_tau_hours: 0.999687→0.999679 (Δ-0.000008) | solar_lag_minutes: 45.118679→45.118749 (Δ+0.000069)
2026-05-03 16:45:32,960 - INFO - Channel routing → [☀️ pv*] | error=+0.0439 | pv_current=2394W pv_smoothed=2189W | params_changed=pv
2026-05-03 16:45:32,993 - DEBUG - 💾 Saved cooling thermal state to /config/ml_heating/unified_thermal_state_cooling.json
2026-05-03 16:45:32,994 - DEBUG - Skipping legacy global adaptation: channel mode owns recent-window learning
2026-05-03 16:45:33,025 - DEBUG - 💾 Saved cooling thermal state to /config/ml_heating/unified_thermal_state_cooling.json
2026-05-03 16:45:33,025 - DEBUG - Prediction feedback: error=0.044°C, confidence=3.300
2026-05-03 16:45:33,055 - DEBUG - 💾 Saved cooling thermal state to /config/ml_heating/unified_thermal_state_cooling.json
2026-05-03 16:45:33,055 - DEBUG - 💾 Saved 41 predictions to unified thermal state
2026-05-03 16:45:33,055 - DEBUG - Added prediction: pred=23.51, actual=23.55, error=0.044
2026-05-03 16:45:33,085 - DEBUG - 💾 Saved cooling thermal state to /config/ml_heating/unified_thermal_state_cooling.json
2026-05-03 16:45:33,109 - DEBUG - Wrote prediction metrics to InfluxDB bucket 'ml_heating_features' with MAE(1h)=0.027
2026-05-03 16:45:33,109 - DEBUG - ✅ Exported prediction metrics to InfluxDB
2026-05-03 16:45:33,119 - DEBUG - Wrote thermal learning metrics to InfluxDB: effectiveness=0.953, confidence=3.30
2026-05-03 16:45:33,119 - DEBUG - ✅ Exported thermal learning metrics to InfluxDB
2026-05-03 16:45:33,131 - DEBUG - Wrote feature importances to Influx bucket 'ml_heating_features' (measurement=feature_importance) with timestamp 2026-05-03T14:45:33.120019+00:00
2026-05-03 16:45:33,131 - DEBUG - ✅ Exported feature importance to InfluxDB
2026-05-03 16:45:33,144 - DEBUG - Wrote learning phase metrics to InfluxDB: phase=high_confidence, stability=0.66
2026-05-03 16:45:33,144 - DEBUG - ✅ Exported learning phase metrics to InfluxDB
2026-05-03 16:45:33,155 - DEBUG - Wrote trajectory prediction metrics to InfluxDB: horizon=4h, mae_1h=0.027
2026-05-03 16:45:33,156 - DEBUG - ✅ Exported trajectory prediction metrics to InfluxDB
2026-05-03 16:45:33,156 - INFO - 📊 Exported all adaptive learning metrics to InfluxDB (cycle 40)
2026-05-03 16:45:33,157 - DEBUG - Setting HA state for sensor.ml_model_mae: {'state': '0.0360', 'attributes': {'state_class': 'measurement', 'unique_id': 'ml_heating_model_mae', 'friendly_name': 'ML Model MAE', 'unit_of_measurement': '°C', 'icon': 'mdi:chart-line', 'last_updated': '2026-05-03T14:45:33.157352+00:00'}}
2026-05-03 16:45:33,170 - DEBUG - Setting HA state for sensor.ml_model_rmse: {'state': '0.0484', 'attributes': {'state_class': 'measurement', 'unique_id': 'ml_heating_model_rmse', 'friendly_name': 'ML Model RMSE', 'unit_of_measurement': '°C', 'icon': 'mdi:chart-line', 'last_updated': '2026-05-03T14:45:33.157352+00:00'}}
2026-05-03 16:45:33,185 - DEBUG - Setting HA state for sensor.ml_heating_learning: {'state': '3.300', 'attributes': {'state_class': 'measurement', 'unique_id': 'ml_heating_learning', 'friendly_name': 'ML Adaptive Learning Metrics', 'unit_of_measurement': 'metrics', 'icon': 'mdi:brain', 'thermal_time_constant': 4.390554703745845, 'heat_loss_coefficient': 0.1245214561975565, 'outlet_effectiveness': 0.9526723072021629, 'pv_heat_weight': 0.001428475279798856, 'fireplace_heat_weight': 0.387, 'tv_heat_weight': 0.35, 'solar_lag_minutes': 45.11874865936035, 'slab_time_constant_hours': 3.19, 'heat_source_channels_enabled': True, 'total_conductance': 0.3, 'equilibrium_ratio': 0.5, 'cycle_count': 40, 'parameter_updates': 8, 'model_health': 'good', 'learning_progress': 0.4, 'is_improving': True, 'improvement_percentage': 58.58637924649982, 'total_predictions': 41, 'learning_confidence': 3.3000000000000003, 'last_updated': '2026-05-03T14:45:33.184801+00:00', 'delta_t_floor': 2.3, 'cloud_factor_exponent': 1.0, 'solar_decay_tau_hours': 0.9996790051746394, 'fp_heat_output_kw': 0.387, 'fp_decay_time_constant': 3.9144707244638868, 'room_spread_delay_minutes': 18.0, 'ch_heat_pump_history_count': 0, 'ch_heat_pump_last_error': 0.0, 'ch_pv_history_count': 38, 'ch_pv_last_error': 0.043852356837998485, 'ch_fireplace_history_count': 0, 'ch_fireplace_last_error': 0.0, 'ch_tv_history_count': 0, 'ch_tv_last_error': 0.0}}
2026-05-03 16:45:33,199 - DEBUG - Setting HA state for sensor.ml_model_mae: {'state': '0.0360', 'attributes': {'state_class': 'measurement', 'unique_id': 'ml_heating_model_mae', 'friendly_name': 'ML Model MAE', 'unit_of_measurement': '°C', 'icon': 'mdi:chart-line', 'mae_1h': 0.02694125451878075, 'mae_6h': 0.03599662837820612, 'mae_24h': 0.03599662837820612, 'trend_direction': 'improving', 'prediction_count': 41, 'last_updated': '2026-05-03T14:45:33.184801+00:00'}}
2026-05-03 16:45:33,215 - DEBUG - Setting HA state for sensor.ml_model_rmse: {'state': '0.0484', 'attributes': {'state_class': 'measurement', 'unique_id': 'ml_heating_model_rmse', 'friendly_name': 'ML Model RMSE', 'unit_of_measurement': '°C', 'icon': 'mdi:chart-line', 'recent_max_error': 0.09233662767104178, 'std_error': 0.0323, 'mean_bias': 0.0, 'prediction_count': 41, 'last_updated': '2026-05-03T14:45:33.184801+00:00'}}
2026-05-03 16:45:33,229 - DEBUG - Setting HA state for sensor.ml_prediction_accuracy: {'state': '100.0', 'attributes': {'state_class': 'measurement', 'unique_id': 'ml_prediction_accuracy', 'friendly_name': 'ML Prediction Accuracy', 'unit_of_measurement': '%', 'icon': 'mdi:target', 'perfect_accuracy_pct': 0.0, 'tolerable_accuracy_pct': 100.0, 'poor_accuracy_pct': 0.0, 'prediction_count_24h': 0, 'excellent_all_time_pct': 95.1219512195122, 'good_all_time_pct': 100.0, 'last_updated': '2026-05-03T14:45:33.184801+00:00'}}
2026-05-03 16:45:33,244 - DEBUG - Logged refactored sensor metrics to HA
2026-05-03 16:45:33,244 - DEBUG - Logging feature importance
2026-05-03 16:45:33,244 - DEBUG - Setting HA state for sensor.ml_feature_importance: {'state': '5', 'attributes': {'state_class': 'measurement', 'unique_id': 'ml_heating_feature_importance', 'friendly_name': 'ML Feature Importance', 'unit_of_measurement': '%', 'icon': 'mdi:format-list-numbered', 'top_features': {'target_temp': 52.47, 'fireplace': 21.32, 'tv_power': 19.28, 'outdoor_temp': 6.86, 'pv_power': 0.08}, 'last_updated': '2026-05-03T14:45:33.244649+00:00'}}
2026-05-03 16:45:33,258 - INFO - ✅ Exported metrics to Home Assistant sensors successfully
2026-05-03 16:45:33,258 - INFO - ✅ Learning cycle 40: error=0.044°C, confidence=3.300, total_predictions=41
2026-05-03 16:45:33,259 - DEBUG - ✅ Online learning: applied_temp=18.8°C, actual_change=0.040°C, cycle=40
2026-05-03 16:45:33,259 - INFO - ❄️ Cooling mode active (state: cool)
2026-05-03 16:45:33,259 - DEBUG - ♻️ Reusing existing Model Wrapper instance
2026-05-03 16:45:33,259 - INFO - ❄️ COOLING MODE: ML will calculate cooling outlet temperature (outlet < inlet) — using cooling state /config/ml_heating/unified_thermal_state_cooling.json
2026-05-03 16:45:33,287 - DEBUG - Fireplace is OFF. Using main indoor temp for prediction.
2026-05-03 16:45:33,424 - DEBUG - PV forecast parsed successfully: [1112.0, 576.5, 51.0, 0.0, 0.0, 0.0, 0.0, 0.0, 0.0, 0.0, 0.0, 0.0]W
2026-05-03 16:45:33,424 - DEBUG - Solar correction: enabled=True, percent=60.0%, factor=0.600
2026-05-03 16:45:33,457 - DEBUG - Delta calibration applied: offset=+2.18°C
2026-05-03 16:45:33,458 - DEBUG - Raw forecasts: [22.0, 21.5, 20.7, 18.8, 15.9, 14.4, 13.6, 12.9, 12.3, 11.6, 11.7, 11.6]
2026-05-03 16:45:33,458 - DEBUG - Calibrated forecasts: [24.18, 23.68, 22.88, 20.98, 18.08, 16.58, 15.78, 15.08, 14.48, 13.78, 13.88, 13.78]
2026-05-03 16:45:33,461 - INFO - ☀️ Forecast trajectory: PV=8550W, remaining_pv_hours=3 + min_steps=6 → 9 steps
2026-05-03 16:45:33,461 - DEBUG - ♻️ Reusing existing Model Wrapper instance
2026-05-03 16:45:33,467 - INFO - DEBUG: Wrapper params: U=0.1245214561975565, eff=0.9526723072021629, tau=4.390554703745845
2026-05-03 16:45:33,467 - DEBUG - ❄️ Cooling: tightened outlet_max to 19.0°C (inlet=21.0°C − delta=2.0°C)
2026-05-03 16:45:33,467 - INFO - ❄️ Cooling mode bounds: outlet 18.3–19.0°C (indoor=23.5°C, target=22.6°C)
2026-05-03 16:45:33,467 - DEBUG - 🔧 Using natural bounds: outlet_min=18.3°C, outlet_max=19.0°C
2026-05-03 16:45:33,467 - INFO - 🌡️ Using cycle-aligned forecast (10min): outdoor=24.2°C (vs current 24.2°C), PV=3528W (vs current 3788W)
2026-05-03 16:45:33,467 - DEBUG - DEBUG: Using PV history (len=18) instead of scalar 3527.7805555555556
2026-05-03 16:45:33,467 - INFO - 🔄 HP off (delta_t=-2.78): simulating HP-on delta_t=2.30 for binary search
2026-05-03 16:45:33,467 - DEBUG - 🎯 Binary search start: target=22.6°C, current=23.5°C, range=18.3-19.0°C
2026-05-03 16:45:33,467 - DEBUG - 🔍 Binary search features: inlet_temp=21.0, delta_t_floor=2.30, indoor_temp_delta_60m=0.0603, horizon=9.0h, outlet_mid=18.6°C
2026-05-03 16:45:33,469 - DEBUG - ✅ Binary search trajectory OK (iter 1): outlet=18.6°C → predicted=22.41°C (steps=54, start=23.55→end=22.41)
2026-05-03 16:45:33,469 - DEBUG -    Iteration 1: outlet=18.6°C → predicted=22.41°C, error=-0.192°C (range: 18.3-19.0°C)
2026-05-03 16:45:33,469 - DEBUG -      → Cooling: Predicted below target, raising minimum to 18.6°C
2026-05-03 16:45:33,471 - DEBUG -    Iteration 2: outlet=18.8°C → predicted=22.41°C, error=-0.192°C (range: 18.6-19.0°C)
2026-05-03 16:45:33,471 - DEBUG -      → Cooling: Predicted below target, raising minimum to 18.8°C
2026-05-03 16:45:33,473 - DEBUG -    Iteration 3: outlet=18.9°C → predicted=22.41°C, error=-0.192°C (range: 18.8-19.0°C)
2026-05-03 16:45:33,473 - DEBUG -      → Cooling: Predicted below target, raising minimum to 18.9°C
2026-05-03 16:45:33,475 - DEBUG -    Iteration 4: outlet=19.0°C → predicted=22.41°C, error=-0.192°C (range: 18.9-19.0°C)
2026-05-03 16:45:33,475 - DEBUG -      → Cooling: Predicted below target, raising minimum to 19.0°C
2026-05-03 16:45:33,475 - INFO - 🔄 Binary search early exit after 5 iterations: range collapsed to 0.044°C, using 19.0°C
2026-05-03 16:45:33,475 - DEBUG - 🧠 Smart rounding is using cycle-aligned forecast: PV=3528W (caller sent PV=3788W)
2026-05-03 16:45:33,475 - INFO - 🎯 Prediction: Current 23.55°C → Target 22.6°C | Calculated outlet: 19.0°C (before smart rounding) (confidence: 3.300)
2026-05-03 16:45:33,475 - DEBUG - Model Wrapper: temp=19.0°C, error=0.950°C, confidence=3.300
2026-05-03 16:45:33,475 - DEBUG - EMA smoothing: 18.98°C → 18.9°C (last=18.8, α=0.50)
2026-05-03 16:45:33,475 - DEBUG - ♻️ Reusing existing Model Wrapper instance
2026-05-03 16:45:33,475 - INFO - 🌡️ Using cycle-aligned forecast (10min): outdoor=24.6°C (vs current 24.6°C), PV=3528W (vs current 3788W)
2026-05-03 16:45:33,475 - DEBUG - 🧠 Smart rounding is using cycle-aligned forecast: PV=3528W (caller sent PV=3528W)
2026-05-03 16:45:33,475 - DEBUG - 🧠 Smart rounding is using cycle-aligned forecast: PV=3528W (caller sent PV=3528W)
2026-05-03 16:45:33,475 - DEBUG - Smart rounding: 18.90°C → 18°C (chose floor: floor→23.47°C [err=0.873], ceiling→23.51°C [err=0.905], target=22.6°C)
2026-05-03 16:45:33,476 - DEBUG - Setting target outlet temp
2026-05-03 16:45:33,476 - DEBUG - Setting HA state for sensor.ml_vorlauftemperatur: {'state': '18.9', 'attributes': {'state_class': 'measurement', 'unique_id': 'ml_heating_target_outlet_temp', 'friendly_name': 'ML Target Outlet Temp', 'unit_of_measurement': '°C', 'device_class': 'temperature', 'icon': 'mdi:thermometer-water'}}
2026-05-03 16:45:33,489 - DEBUG - Logging thermal model metrics
2026-05-03 16:45:33,489 - DEBUG - Setting HA state for sensor.ml_heating_state: {'state': '0', 'attributes': {'state_class': 'measurement', 'unique_id': 'ml_heating_state', 'friendly_name': 'ML Heating State', 'unit_of_measurement': 'state', 'icon': 'mdi:information-outline', 'state_description': 'OK - Prediction done', 'confidence': 3.3, 'suggested_temp': 18.98, 'final_temp': 18.9, 'predicted_indoor': 23.47, 'last_prediction_time': '2026-05-03T14:45:33.489705+00:00', 'temperature_error': 0.95}}
2026-05-03 16:45:33,506 - DEBUG - ✅ ACTIVE MODE: ML controlling heating via input_boolean.ml_heating
2026-05-03 16:45:33,507 - DEBUG - 🧠 Smart rounding is using cycle-aligned forecast: PV=3528W (caller sent PV=3788W)
2026-05-03 16:45:33,508 - DEBUG - Target: 22.6°C | Suggested: 19.0°C | Applied: 18.9°C | Actual Indoor: 23.55°C | Predicted Indoor: 23.50°C | Confidence: 3.300
2026-05-03 16:45:33,508 - INFO - Target: 22.6°C | Suggested: 19.0°C | Applied: 18.9°C | Actual Indoor: 23.55°C | Predicted Indoor: 23.50°C | Confidence: 3.300
2026-05-03 16:45:33,538 - DEBUG - 💾 Saved cooling thermal state to /config/ml_heating/unified_thermal_state_cooling.json
2026-05-03 16:45:33,539 - DEBUG - Operational state saved to /config/ml_heating/unified_thermal_state_cooling.json; updated keys: ['last_run_features', 'last_indoor_temp', 'last_avg_other_rooms_temp', 'last_fireplace_on', 'last_final_temp', 'last_predicted_indoor', 'last_is_blocking', 'last_blocking_reasons', 'setpoint_hold_cycles_remaining']
2026-05-03 16:45:33,539 - DEBUG - Setting HA state for sensor.ml_heating_features: {'state': '23.62', 'attributes': {'state_class': 'measurement', 'unique_id': 'ml_heating_features', 'friendly_name': 'ML Heating Features', 'unit_of_measurement': '°C', 'device_class': 'temperature', 'icon': 'mdi:feature-search-outline', 'living_room_temp': 23.62, 'outlet_temp': 18.220000000000002, 'indoor_temp_lag_30m': 23.518000000000004, 'target_temp': 22.6, 'outdoor_temp': 24.17500000000001, 'dhw_heating': 0.0, 'dhw_disinfection': 0.0, 'dhw_boost_heater': 0.0, 'defrosting': 0.0, 'pv_now': 5130.0, 'pv_now_electrical': 8550.0, 'solar_correction_percent': 60.0, 'solar_correction_factor': 0.6, 'solar_correction_enabled': 1.0, 'fireplace_on': 0.0, 'tv_on': 0.0, 'temp_forecast_1h': 24.18, 'temp_forecast_2h': 23.68, 'temp_forecast_3h': 22.88, 'temp_forecast_4h': 20.98, 'temp_forecast_5h': 18.08, 'temp_forecast_6h': 16.58, 'temp_forecast_7h': 15.78, 'temp_forecast_8h': 15.08, 'temp_forecast_9h': 14.48, 'temp_forecast_10h': 13.78, 'temp_forecast_11h': 13.88, 'temp_forecast_12h': 13.78, 'pv_forecast_1h': 667.1999999999999, 'pv_forecast_2h': 345.9, 'pv_forecast_3h': 30.599999999999998, 'pv_forecast_4h': 0.0, 'pv_forecast_5h': 0.0, 'pv_forecast_6h': 0.0, 'pv_forecast_7h': 0.0, 'pv_forecast_8h': 0.0, 'pv_forecast_9h': 0.0, 'pv_forecast_10h': 0.0, 'pv_forecast_11h': 0.0, 'pv_forecast_12h': 0.0, 'pv_forecast_electrical_1h': 1112.0, 'pv_forecast_electrical_2h': 576.5, 'pv_forecast_electrical_3h': 51.0, 'pv_forecast_electrical_4h': 0.0, 'pv_forecast_electrical_5h': 0.0, 'pv_forecast_electrical_6h': 0.0, 'pv_forecast_electrical_7h': 0.0, 'pv_forecast_electrical_8h': 0.0, 'pv_forecast_electrical_9h': 0.0, 'pv_forecast_electrical_10h': 0.0, 'pv_forecast_electrical_11h': 0.0, 'pv_forecast_electrical_12h': 0.0, 'cloud_cover_forecast_1h': 0.0, 'cloud_cover_forecast_2h': 0.0, 'cloud_cover_forecast_3h': 0.0, 'cloud_cover_forecast_4h': 0.0, 'cloud_cover_forecast_5h': 0.0, 'cloud_cover_forecast_6h': 0.0, 'cloud_cover_forecast_7h': 0.0, 'cloud_cover_forecast_8h': 0.0, 'cloud_cover_forecast_9h': 0.0, 'cloud_cover_forecast_10h': 0.0, 'cloud_cover_forecast_11h': 0.0, 'cloud_cover_forecast_12h': 0.0, 'temp_diff_indoor_outdoor': -0.6437500000000078, 'indoor_temp_gradient': 0.8295000000000385, 'outlet_indoor_diff': -5.311250000000001, 'indoor_temp_lag_10m': 23.543333333333333, 'indoor_temp_lag_60m': 23.471, 'outlet_temp_lag_30m': 18.300000000000004, 'outlet_temp_change': 0.020000000000003126, 'indoor_temp_delta_10m': -0.012083333333329449, 'indoor_temp_delta_30m': 0.013249999999999318, 'indoor_temp_delta_60m': 0.06025000000000347, 'hour_sin': -0.8660254037844385, 'hour_cos': -0.5000000000000004, 'month_sin': 0.8660254037844387, 'month_cos': -0.4999999999999998, 'outlet_effectiveness_ratio': 9.312500000000021, 'inlet_temp': 21.0, 'flow_rate': 14.0, 'power_consumption': 354.0, 'delta_t': -2.7799999999999976, 'thermal_power_kw': -2.7153186666666644, 'cop_realtime': -7.67039171374764, 'temp_trend_forecast': -1.0772222222222234, 'heating_demand_forecast': 0.652, 'combined_forecast_thermal_load': 0.652, 'pv_power_history': [4402.2, 4539.599999999999, 5729.4, 5296.2, 4513.8, 4902.0, 4812.0, 4039.7999999999997, 4014.0, 3093.0, 2656.2, 2310.6, 2409.0, 2143.7999999999997, 2117.4, 2411.4, 3783.6, 5007.0], 'last_updated': '2026-05-03T14:45:33.539381+00:00'}}
2026-05-03 16:45:33,553 - DEBUG - Published 89 features to sensor.ml_heating_features
2026-05-03 16:45:33,554 - DEBUG - ✅ CYCLE 11 END: 16:45:33 (duration: 0.7s)
2026-05-03 16:45:33,554 - DEBUG - 💤 POLLING START: Waiting 30min until next cycle...
2026-05-03 16:45:33,581 - DEBUG - Active sampling: buffered 6 readings
127.0.0.1 - - [03/May/2026 16:45:36] "GET /health HTTP/1.1" 200 -
127.0.0.1 - - [03/May/2026 16:46:06] "GET /health HTTP/1.1" 200 -
2026-05-03 16:46:33,614 - DEBUG - Active sampling: buffered 6 readings
127.0.0.1 - - [03/May/2026 16:46:36] "GET /health HTTP/1.1" 200 -
127.0.0.1 - - [03/May/2026 16:47:06] "GET /health HTTP/1.1" 200 -
2026-05-03 16:47:33,646 - DEBUG - Active sampling: buffered 6 readings
127.0.0.1 - - [03/May/2026 16:47:36] "GET /health HTTP/1.1" 200 -
127.0.0.1 - - [03/May/2026 16:48:06] "GET /health HTTP/1.1" 200 -
2026-05-03 16:48:33,677 - DEBUG - Active sampling: buffered 6 readings
127.0.0.1 - - [03/May/2026 16:48:36] "GET /health HTTP/1.1" 200 -
127.0.0.1 - - [03/May/2026 16:49:06] "GET /health HTTP/1.1" 200 -
2026-05-03 16:49:33,711 - DEBUG - Active sampling: buffered 6 readings
127.0.0.1 - - [03/May/2026 16:49:36] "GET /health HTTP/1.1" 200 -
127.0.0.1 - - [03/May/2026 16:50:06] "GET /health HTTP/1.1" 200 -
2026-05-03 16:50:33,743 - DEBUG - Active sampling: buffered 6 readings
127.0.0.1 - - [03/May/2026 16:50:36] "GET /health HTTP/1.1" 200 -
127.0.0.1 - - [03/May/2026 16:51:06] "GET /health HTTP/1.1" 200 -
2026-05-03 16:51:33,775 - DEBUG - Active sampling: buffered 6 readings
127.0.0.1 - - [03/May/2026 16:51:36] "GET /health HTTP/1.1" 200 -
127.0.0.1 - - [03/May/2026 16:52:06] "GET /health HTTP/1.1" 200 -
2026-05-03 16:52:33,808 - DEBUG - Active sampling: buffered 6 readings
127.0.0.1 - - [03/May/2026 16:52:36] "GET /health HTTP/1.1" 200 -
127.0.0.1 - - [03/May/2026 16:53:07] "GET /health HTTP/1.1" 200 -
2026-05-03 16:53:33,844 - DEBUG - Active sampling: buffered 6 readings
127.0.0.1 - - [03/May/2026 16:53:37] "GET /health HTTP/1.1" 200 -
127.0.0.1 - - [03/May/2026 16:54:07] "GET /health HTTP/1.1" 200 -
2026-05-03 16:54:33,878 - DEBUG - Active sampling: buffered 6 readings
127.0.0.1 - - [03/May/2026 16:54:37] "GET /health HTTP/1.1" 200 -
127.0.0.1 - - [03/May/2026 16:55:07] "GET /health HTTP/1.1" 200 -
2026-05-03 16:55:33,879 - DEBUG - ⏰ POLLING END: Waited 10.0min, starting next cycle...
2026-05-03 16:55:33,879 - DEBUG - 🔄 CYCLE 12 START: 16:55:33 (interval: 10.0min since last cycle)
2026-05-03 16:55:33,879 - DEBUG - ♻️ Reusing existing Model Wrapper instance
2026-05-03 16:55:33,879 - INFO - Successfully loaded operational state from /config/ml_heating/unified_thermal_state_cooling.json
2026-05-03 16:55:33,910 - DEBUG - Setting HA state for sensor.ml_heating_cop_realtime: {'state': '-7.11', 'attributes': {'state_class': 'measurement', 'unique_id': 'ml_heating_cop_realtime', 'friendly_name': 'ML Heating COP (Realtime)', 'unit_of_measurement': 'COP', 'icon': 'mdi:heat-pump', 'device_class': 'power_factor'}}
2026-05-03 16:55:33,923 - DEBUG - Setting HA state for sensor.ml_heating_thermal_power: {'state': '-2.637', 'attributes': {'state_class': 'measurement', 'unique_id': 'ml_heating_thermal_power', 'friendly_name': 'ML Heating Thermal Power', 'unit_of_measurement': 'kW', 'icon': 'mdi:flash', 'device_class': 'power'}}
2026-05-03 16:55:33,961 - DEBUG - Wrote thermodynamic metrics to InfluxDB
2026-05-03 16:55:33,961 - DEBUG - Thermodynamic sensors updated: COP=-7.11, Power=-2.637kW
2026-05-03 16:55:33,962 - DEBUG - ♻️ Reusing existing Model Wrapper instance
2026-05-03 16:55:33,962 - DEBUG - 🎯 ACTIVE MODE LEARNING (trajectory): Verifying ML prediction accuracy for 18.9°C outlet setting
2026-05-03 16:55:33,966 - DEBUG - ☀️ SolarChannel self-learned: avg_error=-0.012, pv_heat_weight=0.00142, solar_lag=45.1min, cloud_exp=1.00, solar_decay_tau=1.00h
2026-05-03 16:55:33,966 - INFO - ☀️ pv parameter update: attributed_error=+0.014779 | pv_heat_weight: 0.001428→0.001416 (Δ-0.000012) | solar_decay_tau_hours: 0.999679→0.999673 (Δ-0.000006) | solar_lag_minutes: 45.118749→45.119125 (Δ+0.000376)
2026-05-03 16:55:33,966 - INFO - Channel routing → [☀️ pv*] | error=+0.0148 | pv_current=5130W pv_smoothed=3788W | params_changed=pv
2026-05-03 16:55:34,001 - DEBUG - 💾 Saved cooling thermal state to /config/ml_heating/unified_thermal_state_cooling.json
2026-05-03 16:55:34,002 - DEBUG - Skipping legacy global adaptation: channel mode owns recent-window learning
2026-05-03 16:55:34,034 - DEBUG - 💾 Saved cooling thermal state to /config/ml_heating/unified_thermal_state_cooling.json
2026-05-03 16:55:34,034 - DEBUG - Prediction feedback: error=0.015°C, confidence=3.630
2026-05-03 16:55:34,064 - DEBUG - 💾 Saved cooling thermal state to /config/ml_heating/unified_thermal_state_cooling.json
2026-05-03 16:55:34,064 - DEBUG - 💾 Saved 42 predictions to unified thermal state
2026-05-03 16:55:34,065 - DEBUG - Added prediction: pred=23.57, actual=23.58, error=0.015
2026-05-03 16:55:34,095 - DEBUG - 💾 Saved cooling thermal state to /config/ml_heating/unified_thermal_state_cooling.json
2026-05-03 16:55:34,096 - DEBUG - Setting HA state for sensor.ml_model_mae: {'state': '0.0355', 'attributes': {'state_class': 'measurement', 'unique_id': 'ml_heating_model_mae', 'friendly_name': 'ML Model MAE', 'unit_of_measurement': '°C', 'icon': 'mdi:chart-line', 'last_updated': '2026-05-03T14:55:34.096827+00:00'}}
2026-05-03 16:55:34,110 - DEBUG - Setting HA state for sensor.ml_model_rmse: {'state': '0.0479', 'attributes': {'state_class': 'measurement', 'unique_id': 'ml_heating_model_rmse', 'friendly_name': 'ML Model RMSE', 'unit_of_measurement': '°C', 'icon': 'mdi:chart-line', 'last_updated': '2026-05-03T14:55:34.096827+00:00'}}
2026-05-03 16:55:34,124 - DEBUG - Setting HA state for sensor.ml_heating_learning: {'state': '3.630', 'attributes': {'state_class': 'measurement', 'unique_id': 'ml_heating_learning', 'friendly_name': 'ML Adaptive Learning Metrics', 'unit_of_measurement': 'metrics', 'icon': 'mdi:brain', 'thermal_time_constant': 4.390554703745845, 'heat_loss_coefficient': 0.1245214561975565, 'outlet_effectiveness': 0.9526723072021629, 'pv_heat_weight': 0.001416307264421475, 'fireplace_heat_weight': 0.387, 'tv_heat_weight': 0.35, 'solar_lag_minutes': 45.11912507015604, 'slab_time_constant_hours': 3.19, 'heat_source_channels_enabled': True, 'total_conductance': 0.3, 'equilibrium_ratio': 0.5, 'cycle_count': 41, 'parameter_updates': 9, 'model_health': 'good', 'learning_progress': 0.41, 'is_improving': True, 'improvement_percentage': 62.61960363879822, 'total_predictions': 42, 'learning_confidence': 3.630000000000001, 'last_updated': '2026-05-03T14:55:34.124115+00:00', 'delta_t_floor': 2.3, 'cloud_factor_exponent': 1.0, 'solar_decay_tau_hours': 0.9996729211669507, 'fp_heat_output_kw': 0.387, 'fp_decay_time_constant': 3.9144707244638868, 'room_spread_delay_minutes': 18.0, 'ch_heat_pump_history_count': 0, 'ch_heat_pump_last_error': 0.0, 'ch_pv_history_count': 39, 'ch_pv_last_error': 0.014779154907891723, 'ch_fireplace_history_count': 0, 'ch_fireplace_last_error': 0.0, 'ch_tv_history_count': 0, 'ch_tv_last_error': 0.0}}
2026-05-03 16:55:34,137 - DEBUG - Setting HA state for sensor.ml_model_mae: {'state': '0.0355', 'attributes': {'state_class': 'measurement', 'unique_id': 'ml_heating_model_mae', 'friendly_name': 'ML Model MAE', 'unit_of_measurement': '°C', 'icon': 'mdi:chart-line', 'mae_1h': 0.02591324582953784, 'mae_6h': 0.03549145043843673, 'mae_24h': 0.03549145043843673, 'trend_direction': 'improving', 'prediction_count': 42, 'last_updated': '2026-05-03T14:55:34.124115+00:00'}}
2026-05-03 16:55:34,174 - DEBUG - Setting HA state for sensor.ml_model_rmse: {'state': '0.0479', 'attributes': {'state_class': 'measurement', 'unique_id': 'ml_heating_model_rmse', 'friendly_name': 'ML Model RMSE', 'unit_of_measurement': '°C', 'icon': 'mdi:chart-line', 'recent_max_error': 0.09233662767104178, 'std_error': 0.0321, 'mean_bias': 0.0, 'prediction_count': 42, 'last_updated': '2026-05-03T14:55:34.124115+00:00'}}
2026-05-03 16:55:34,188 - DEBUG - Setting HA state for sensor.ml_prediction_accuracy: {'state': '100.0', 'attributes': {'state_class': 'measurement', 'unique_id': 'ml_prediction_accuracy', 'friendly_name': 'ML Prediction Accuracy', 'unit_of_measurement': '%', 'icon': 'mdi:target', 'perfect_accuracy_pct': 0.0, 'tolerable_accuracy_pct': 100.0, 'poor_accuracy_pct': 0.0, 'prediction_count_24h': 0, 'excellent_all_time_pct': 95.23809523809523, 'good_all_time_pct': 99.99999999999999, 'last_updated': '2026-05-03T14:55:34.124115+00:00'}}
2026-05-03 16:55:34,203 - DEBUG - Logged refactored sensor metrics to HA
2026-05-03 16:55:34,203 - DEBUG - Logging feature importance
2026-05-03 16:55:34,204 - DEBUG - Setting HA state for sensor.ml_feature_importance: {'state': '5', 'attributes': {'state_class': 'measurement', 'unique_id': 'ml_heating_feature_importance', 'friendly_name': 'ML Feature Importance', 'unit_of_measurement': '%', 'icon': 'mdi:format-list-numbered', 'top_features': {'target_temp': 52.47, 'fireplace': 21.32, 'tv_power': 19.28, 'outdoor_temp': 6.86, 'pv_power': 0.08}, 'last_updated': '2026-05-03T14:55:34.203875+00:00'}}
2026-05-03 16:55:34,218 - INFO - ✅ Exported metrics to Home Assistant sensors successfully
2026-05-03 16:55:34,218 - INFO - ✅ Learning cycle 41: error=0.015°C, confidence=3.630, total_predictions=42
2026-05-03 16:55:34,218 - DEBUG - ✅ Online learning: applied_temp=18.9°C, actual_change=0.030°C, cycle=41
2026-05-03 16:55:34,218 - INFO - ❄️ Cooling mode active (state: cool)
2026-05-03 16:55:34,218 - DEBUG - ♻️ Reusing existing Model Wrapper instance
2026-05-03 16:55:34,218 - INFO - ❄️ COOLING MODE: ML will calculate cooling outlet temperature (outlet < inlet) — using cooling state /config/ml_heating/unified_thermal_state_cooling.json
2026-05-03 16:55:34,246 - DEBUG - Fireplace is OFF. Using main indoor temp for prediction.
2026-05-03 16:55:34,450 - DEBUG - PV forecast parsed successfully: [1137.8, 583.0, 51.2, 0.0, 0.0, 0.0, 0.0, 0.0, 0.0, 0.0, 0.0, 0.0]W
2026-05-03 16:55:34,450 - DEBUG - Solar correction: enabled=True, percent=60.0%, factor=0.600
2026-05-03 16:55:34,478 - DEBUG - Delta calibration applied: offset=+2.42°C
2026-05-03 16:55:34,478 - DEBUG - Raw forecasts: [22.0, 21.5, 20.7, 18.8, 15.9, 14.4, 13.6, 12.9, 12.3, 11.6, 11.7, 11.6]
2026-05-03 16:55:34,478 - DEBUG - Calibrated forecasts: [24.42, 23.92, 23.12, 21.22, 18.32, 16.82, 16.02, 15.32, 14.72, 14.02, 14.12, 14.02]
2026-05-03 16:55:34,482 - INFO - ☀️ Forecast trajectory: PV=7560W, remaining_pv_hours=3 + min_steps=6 → 9 steps
2026-05-03 16:55:34,482 - DEBUG - ♻️ Reusing existing Model Wrapper instance
2026-05-03 16:55:34,487 - INFO - DEBUG: Wrapper params: U=0.1245214561975565, eff=0.9526723072021629, tau=4.390554703745845
2026-05-03 16:55:34,488 - DEBUG - ❄️ Cooling: tightened outlet_max to 19.0°C (inlet=21.0°C − delta=2.0°C)
2026-05-03 16:55:34,488 - INFO - ❄️ Cooling mode bounds: outlet 18.3–19.0°C (indoor=23.5°C, target=22.6°C)
2026-05-03 16:55:34,488 - DEBUG - 🔧 Using natural bounds: outlet_min=18.3°C, outlet_max=19.0°C
2026-05-03 16:55:34,488 - INFO - 🌡️ Using cycle-aligned forecast (10min): outdoor=24.4°C (vs current 24.4°C), PV=3559W (vs current 3820W)
2026-05-03 16:55:34,488 - DEBUG - DEBUG: Using PV history (len=18) instead of scalar 3558.80111111111
2026-05-03 16:55:34,488 - INFO - 🔄 HP off (delta_t=-2.74): simulating HP-on delta_t=2.30 for binary search
2026-05-03 16:55:34,488 - DEBUG - 🎯 Binary search start: target=22.6°C, current=23.5°C, range=18.3-19.0°C
2026-05-03 16:55:34,488 - DEBUG - 🔍 Binary search features: inlet_temp=20.96, delta_t_floor=2.30, indoor_temp_delta_60m=0.0717, horizon=9.0h, outlet_mid=18.6°C
2026-05-03 16:55:34,490 - DEBUG - ✅ Binary search trajectory OK (iter 1): outlet=18.6°C → predicted=22.44°C (steps=54, start=23.56→end=22.44)
2026-05-03 16:55:34,490 - DEBUG -    Iteration 1: outlet=18.6°C → predicted=22.44°C, error=-0.160°C (range: 18.3-19.0°C)
2026-05-03 16:55:34,490 - DEBUG -      → Cooling: Predicted below target, raising minimum to 18.6°C
2026-05-03 16:55:34,492 - DEBUG -    Iteration 2: outlet=18.8°C → predicted=22.44°C, error=-0.160°C (range: 18.6-19.0°C)
2026-05-03 16:55:34,492 - DEBUG -      → Cooling: Predicted below target, raising minimum to 18.8°C
2026-05-03 16:55:34,493 - DEBUG -    Iteration 3: outlet=18.9°C → predicted=22.44°C, error=-0.160°C (range: 18.8-19.0°C)
2026-05-03 16:55:34,494 - DEBUG -      → Cooling: Predicted below target, raising minimum to 18.9°C
2026-05-03 16:55:34,495 - DEBUG -    Iteration 4: outlet=18.9°C → predicted=22.44°C, error=-0.160°C (range: 18.9-19.0°C)
2026-05-03 16:55:34,495 - DEBUG -      → Cooling: Predicted below target, raising minimum to 18.9°C
2026-05-03 16:55:34,495 - INFO - 🔄 Binary search early exit after 5 iterations: range collapsed to 0.041°C, using 18.9°C
2026-05-03 16:55:34,495 - DEBUG - 🧠 Smart rounding is using cycle-aligned forecast: PV=3559W (caller sent PV=3820W)
2026-05-03 16:55:34,495 - INFO - 🎯 Prediction: Current 23.58°C → Target 22.6°C | Calculated outlet: 18.9°C (before smart rounding) (confidence: 3.630)
2026-05-03 16:55:34,496 - DEBUG - Model Wrapper: temp=18.9°C, error=0.980°C, confidence=3.630
2026-05-03 16:55:34,496 - DEBUG - EMA smoothing: 18.94°C → 18.9°C (last=18.9, α=0.50)
2026-05-03 16:55:34,496 - DEBUG - ♻️ Reusing existing Model Wrapper instance
2026-05-03 16:55:34,496 - INFO - 🌡️ Using cycle-aligned forecast (10min): outdoor=25.0°C (vs current 25.1°C), PV=3559W (vs current 3820W)
2026-05-03 16:55:34,496 - DEBUG - 🧠 Smart rounding is using cycle-aligned forecast: PV=3559W (caller sent PV=3559W)
2026-05-03 16:55:34,496 - DEBUG - 🧠 Smart rounding is using cycle-aligned forecast: PV=3559W (caller sent PV=3559W)
2026-05-03 16:55:34,496 - DEBUG - Smart rounding: 18.90°C → 18°C (chose floor: floor→23.50°C [err=0.903], ceiling→23.54°C [err=0.935], target=22.6°C)
2026-05-03 16:55:34,496 - DEBUG - Setting target outlet temp
2026-05-03 16:55:34,496 - DEBUG - Setting HA state for sensor.ml_vorlauftemperatur: {'state': '18.9', 'attributes': {'state_class': 'measurement', 'unique_id': 'ml_heating_target_outlet_temp', 'friendly_name': 'ML Target Outlet Temp', 'unit_of_measurement': '°C', 'device_class': 'temperature', 'icon': 'mdi:thermometer-water'}}
2026-05-03 16:55:34,508 - DEBUG - Logging thermal model metrics
2026-05-03 16:55:34,509 - DEBUG - Setting HA state for sensor.ml_heating_state: {'state': '0', 'attributes': {'state_class': 'measurement', 'unique_id': 'ml_heating_state', 'friendly_name': 'ML Heating State', 'unit_of_measurement': 'state', 'icon': 'mdi:information-outline', 'state_description': 'OK - Prediction done', 'confidence': 3.63, 'suggested_temp': 18.94, 'final_temp': 18.9, 'predicted_indoor': 23.48, 'last_prediction_time': '2026-05-03T14:55:34.509039+00:00', 'temperature_error': 0.98}}
2026-05-03 16:55:34,523 - DEBUG - ✅ ACTIVE MODE: ML controlling heating via input_boolean.ml_heating
2026-05-03 16:55:34,525 - DEBUG - 🧠 Smart rounding is using cycle-aligned forecast: PV=3559W (caller sent PV=3820W)
2026-05-03 16:55:34,525 - DEBUG - Target: 22.6°C | Suggested: 18.9°C | Applied: 18.9°C | Actual Indoor: 23.58°C | Predicted Indoor: 23.53°C | Confidence: 3.630
2026-05-03 16:55:34,525 - INFO - Target: 22.6°C | Suggested: 18.9°C | Applied: 18.9°C | Actual Indoor: 23.58°C | Predicted Indoor: 23.53°C | Confidence: 3.630
2026-05-03 16:55:34,556 - DEBUG - 💾 Saved cooling thermal state to /config/ml_heating/unified_thermal_state_cooling.json
2026-05-03 16:55:34,557 - DEBUG - Operational state saved to /config/ml_heating/unified_thermal_state_cooling.json; updated keys: ['last_run_features', 'last_indoor_temp', 'last_avg_other_rooms_temp', 'last_fireplace_on', 'last_final_temp', 'last_predicted_indoor', 'last_is_blocking', 'last_blocking_reasons', 'setpoint_hold_cycles_remaining']
2026-05-03 16:55:34,557 - DEBUG - Setting HA state for sensor.ml_heating_features: {'state': '23.64', 'attributes': {'state_class': 'measurement', 'unique_id': 'ml_heating_features', 'friendly_name': 'ML Heating Features', 'unit_of_measurement': '°C', 'device_class': 'temperature', 'icon': 'mdi:feature-search-outline', 'living_room_temp': 23.64, 'outlet_temp': 18.220000000000002, 'indoor_temp_lag_30m': 23.525, 'target_temp': 22.6, 'outdoor_temp': 24.415625000000002, 'dhw_heating': 0.0, 'dhw_disinfection': 0.0, 'dhw_boost_heater': 0.0, 'defrosting': 0.0, 'pv_now': 4536.0, 'pv_now_electrical': 7560.0, 'solar_correction_percent': 60.0, 'solar_correction_factor': 0.6, 'solar_correction_enabled': 1.0, 'fireplace_on': 0.0, 'tv_on': 0.0, 'temp_forecast_1h': 24.42, 'temp_forecast_2h': 23.92, 'temp_forecast_3h': 23.12, 'temp_forecast_4h': 21.22, 'temp_forecast_5h': 18.32, 'temp_forecast_6h': 16.82, 'temp_forecast_7h': 16.02, 'temp_forecast_8h': 15.32, 'temp_forecast_9h': 14.72, 'temp_forecast_10h': 14.02, 'temp_forecast_11h': 14.12, 'temp_forecast_12h': 14.02, 'pv_forecast_1h': 682.68, 'pv_forecast_2h': 349.8, 'pv_forecast_3h': 30.72, 'pv_forecast_4h': 0.0, 'pv_forecast_5h': 0.0, 'pv_forecast_6h': 0.0, 'pv_forecast_7h': 0.0, 'pv_forecast_8h': 0.0, 'pv_forecast_9h': 0.0, 'pv_forecast_10h': 0.0, 'pv_forecast_11h': 0.0, 'pv_forecast_12h': 0.0, 'pv_forecast_electrical_1h': 1137.8, 'pv_forecast_electrical_2h': 583.0, 'pv_forecast_electrical_3h': 51.2, 'pv_forecast_electrical_4h': 0.0, 'pv_forecast_electrical_5h': 0.0, 'pv_forecast_electrical_6h': 0.0, 'pv_forecast_electrical_7h': 0.0, 'pv_forecast_electrical_8h': 0.0, 'pv_forecast_electrical_9h': 0.0, 'pv_forecast_electrical_10h': 0.0, 'pv_forecast_electrical_11h': 0.0, 'pv_forecast_electrical_12h': 0.0, 'cloud_cover_forecast_1h': 0.0, 'cloud_cover_forecast_2h': 0.0, 'cloud_cover_forecast_3h': 0.0, 'cloud_cover_forecast_4h': 0.0, 'cloud_cover_forecast_5h': 0.0, 'cloud_cover_forecast_6h': 0.0, 'cloud_cover_forecast_7h': 0.0, 'cloud_cover_forecast_8h': 0.0, 'cloud_cover_forecast_9h': 0.0, 'cloud_cover_forecast_10h': 0.0, 'cloud_cover_forecast_11h': 0.0, 'cloud_cover_forecast_12h': 0.0, 'temp_diff_indoor_outdoor': -0.8518750000000104, 'indoor_temp_gradient': 1.0364999999999398, 'outlet_indoor_diff': -5.343749999999989, 'indoor_temp_lag_10m': 23.576666666666664, 'indoor_temp_lag_60m': 23.492, 'outlet_temp_lag_30m': 18.279999999999998, 'outlet_temp_change': 0.020000000000003126, 'indoor_temp_delta_10m': -0.012916666666672683, 'indoor_temp_delta_30m': 0.03874999999999318, 'indoor_temp_delta_60m': 0.07174999999999088, 'hour_sin': -0.8660254037844385, 'hour_cos': -0.5000000000000004, 'month_sin': 0.8660254037844387, 'month_cos': -0.4999999999999998, 'outlet_effectiveness_ratio': 9.637499999999903, 'inlet_temp': 20.96, 'flow_rate': 14.0, 'power_consumption': 371.0, 'delta_t': -2.7399999999999984, 'thermal_power_kw': -2.676249333333332, 'cop_realtime': -7.213610062893078, 'temp_trend_forecast': -1.0772916666666668, 'heating_demand_forecast': 0.628, 'combined_forecast_thermal_load': 0.628, 'pv_power_history': [4539.599999999999, 5729.4, 5296.2, 4513.8, 4902.0, 4812.0, 4039.7999999999997, 4014.0, 3093.0, 2656.2, 2310.6, 2409.0, 2143.7999999999997, 2117.4, 2411.4, 3783.6, 5112.0, 4881.0], 'last_updated': '2026-05-03T14:55:34.557305+00:00'}}
2026-05-03 16:55:34,571 - DEBUG - Published 89 features to sensor.ml_heating_features
2026-05-03 16:55:34,571 - DEBUG - ✅ CYCLE 12 END: 16:55:34 (duration: 0.7s)
2026-05-03 16:55:34,571 - DEBUG - 💤 POLLING START: Waiting 30min until next cycle...
2026-05-03 16:55:34,599 - DEBUG - Active sampling: buffered 6 readings
127.0.0.1 - - [03/May/2026 16:55:37] "GET /health HTTP/1.1" 200 -
127.0.0.1 - - [03/May/2026 16:56:07] "GET /health HTTP/1.1" 200 -
2026-05-03 16:56:34,631 - DEBUG - Active sampling: buffered 6 readings
127.0.0.1 - - [03/May/2026 16:56:37] "GET /health HTTP/1.1" 200 -
127.0.0.1 - - [03/May/2026 16:57:07] "GET /health HTTP/1.1" 200 -
2026-05-03 16:57:34,664 - DEBUG - Active sampling: buffered 6 readings
127.0.0.1 - - [03/May/2026 16:57:37] "GET /health HTTP/1.1" 200 -
127.0.0.1 - - [03/May/2026 16:58:07] "GET /health HTTP/1.1" 200 -
2026-05-03 16:58:34,695 - DEBUG - Active sampling: buffered 6 readings
127.0.0.1 - - [03/May/2026 16:58:37] "GET /health HTTP/1.1" 200 -
127.0.0.1 - - [03/May/2026 16:59:07] "GET /health HTTP/1.1" 200 -
2026-05-03 16:59:34,729 - DEBUG - Active sampling: buffered 6 readings
127.0.0.1 - - [03/May/2026 16:59:37] "GET /health HTTP/1.1" 200 -
127.0.0.1 - - [03/May/2026 17:00:07] "GET /health HTTP/1.1" 200 -
2026-05-03 17:00:34,768 - DEBUG - Active sampling: buffered 6 readings
127.0.0.1 - - [03/May/2026 17:00:37] "GET /health HTTP/1.1" 200 -
127.0.0.1 - - [03/May/2026 17:01:07] "GET /health HTTP/1.1" 200 -
2026-05-03 17:01:34,802 - DEBUG - Active sampling: buffered 6 readings
127.0.0.1 - - [03/May/2026 17:01:37] "GET /health HTTP/1.1" 200 -
127.0.0.1 - - [03/May/2026 17:02:08] "GET /health HTTP/1.1" 200 -
2026-05-03 17:02:34,836 - DEBUG - Active sampling: buffered 6 readings
127.0.0.1 - - [03/May/2026 17:02:38] "GET /health HTTP/1.1" 200 -
127.0.0.1 - - [03/May/2026 17:03:08] "GET /health HTTP/1.1" 200 -
2026-05-03 17:03:34,868 - DEBUG - Active sampling: buffered 6 readings
127.0.0.1 - - [03/May/2026 17:03:38] "GET /health HTTP/1.1" 200 -
127.0.0.1 - - [03/May/2026 17:04:08] "GET /health HTTP/1.1" 200 -
2026-05-03 17:04:34,900 - DEBUG - Active sampling: buffered 6 readings
127.0.0.1 - - [03/May/2026 17:04:38] "GET /health HTTP/1.1" 200 -
127.0.0.1 - - [03/May/2026 17:05:08] "GET /health HTTP/1.1" 200 -
2026-05-03 17:05:34,902 - DEBUG - ⏰ POLLING END: Waited 10.0min, starting next cycle...
2026-05-03 17:05:34,902 - DEBUG - 🔄 CYCLE 13 START: 17:05:34 (interval: 10.0min since last cycle)
2026-05-03 17:05:34,902 - DEBUG - ♻️ Reusing existing Model Wrapper instance
2026-05-03 17:05:34,902 - INFO - Successfully loaded operational state from /config/ml_heating/unified_thermal_state_cooling.json
2026-05-03 17:05:34,934 - DEBUG - Setting HA state for sensor.ml_heating_cop_realtime: {'state': '-7.01', 'attributes': {'state_class': 'measurement', 'unique_id': 'ml_heating_cop_realtime', 'friendly_name': 'ML Heating COP (Realtime)', 'unit_of_measurement': 'COP', 'icon': 'mdi:heat-pump', 'device_class': 'power_factor'}}
2026-05-03 17:05:34,948 - DEBUG - Setting HA state for sensor.ml_heating_thermal_power: {'state': '-2.637', 'attributes': {'state_class': 'measurement', 'unique_id': 'ml_heating_thermal_power', 'friendly_name': 'ML Heating Thermal Power', 'unit_of_measurement': 'kW', 'icon': 'mdi:flash', 'device_class': 'power'}}
2026-05-03 17:05:34,990 - DEBUG - Wrote thermodynamic metrics to InfluxDB
2026-05-03 17:05:34,990 - DEBUG - Thermodynamic sensors updated: COP=-7.01, Power=-2.637kW
2026-05-03 17:05:34,990 - DEBUG - ♻️ Reusing existing Model Wrapper instance
2026-05-03 17:05:34,990 - DEBUG - 🎯 ACTIVE MODE LEARNING (trajectory): Verifying ML prediction accuracy for 18.9°C outlet setting
2026-05-03 17:05:34,994 - DEBUG - ☀️ SolarChannel self-learned: avg_error=-0.011, pv_heat_weight=0.00141, solar_lag=45.1min, cloud_exp=1.00, solar_decay_tau=1.00h
2026-05-03 17:05:34,994 - INFO - ☀️ pv parameter update: attributed_error=-0.003927 | pv_heat_weight: 0.001416→0.001405 (Δ-0.000011) | solar_decay_tau_hours: 0.999673→0.999667 (Δ-0.000006) | solar_lag_minutes: 45.119125→45.119626 (Δ+0.000501)
2026-05-03 17:05:34,995 - INFO - Channel routing → [☀️ pv*] | error=-0.0039 | pv_current=4536W pv_smoothed=3820W | params_changed=pv
2026-05-03 17:05:35,030 - DEBUG - 💾 Saved cooling thermal state to /config/ml_heating/unified_thermal_state_cooling.json
2026-05-03 17:05:35,030 - DEBUG - Skipping legacy global adaptation: channel mode owns recent-window learning
2026-05-03 17:05:35,063 - DEBUG - 💾 Saved cooling thermal state to /config/ml_heating/unified_thermal_state_cooling.json
2026-05-03 17:05:35,064 - DEBUG - Prediction feedback: error=-0.004°C, confidence=3.993
2026-05-03 17:05:35,094 - DEBUG - 💾 Saved cooling thermal state to /config/ml_heating/unified_thermal_state_cooling.json
2026-05-03 17:05:35,094 - DEBUG - 💾 Saved 43 predictions to unified thermal state
2026-05-03 17:05:35,095 - DEBUG - Added prediction: pred=23.59, actual=23.59, error=-0.004
2026-05-03 17:05:35,127 - DEBUG - 💾 Saved cooling thermal state to /config/ml_heating/unified_thermal_state_cooling.json
2026-05-03 17:05:35,129 - DEBUG - Setting HA state for sensor.ml_model_mae: {'state': '0.0348', 'attributes': {'state_class': 'measurement', 'unique_id': 'ml_heating_model_mae', 'friendly_name': 'ML Model MAE', 'unit_of_measurement': '°C', 'icon': 'mdi:chart-line', 'last_updated': '2026-05-03T15:05:35.129278+00:00'}}
2026-05-03 17:05:35,142 - DEBUG - Setting HA state for sensor.ml_model_rmse: {'state': '0.0473', 'attributes': {'state_class': 'measurement', 'unique_id': 'ml_heating_model_rmse', 'friendly_name': 'ML Model RMSE', 'unit_of_measurement': '°C', 'icon': 'mdi:chart-line', 'last_updated': '2026-05-03T15:05:35.129278+00:00'}}
2026-05-03 17:05:35,157 - DEBUG - Setting HA state for sensor.ml_heating_learning: {'state': '3.993', 'attributes': {'state_class': 'measurement', 'unique_id': 'ml_heating_learning', 'friendly_name': 'ML Adaptive Learning Metrics', 'unit_of_measurement': 'metrics', 'icon': 'mdi:brain', 'thermal_time_constant': 4.390554703745845, 'heat_loss_coefficient': 0.1245214561975565, 'outlet_effectiveness': 0.9526723072021629, 'pv_heat_weight': 0.0014052259291516054, 'fireplace_heat_weight': 0.387, 'tv_heat_weight': 0.35, 'solar_lag_minutes': 45.11962649072692, 'slab_time_constant_hours': 3.19, 'heat_source_channels_enabled': True, 'total_conductance': 0.3, 'equilibrium_ratio': 0.5, 'cycle_count': 42, 'parameter_updates': 10, 'model_health': 'good', 'learning_progress': 0.42, 'is_improving': True, 'improvement_percentage': 63.973248582304045, 'total_predictions': 43, 'learning_confidence': 3.993000000000001, 'last_updated': '2026-05-03T15:05:35.157365+00:00', 'delta_t_floor': 2.3, 'cloud_factor_exponent': 1.0, 'solar_decay_tau_hours': 0.9996673804993158, 'fp_heat_output_kw': 0.387, 'fp_decay_time_constant': 3.9144707244638868, 'room_spread_delay_minutes': 18.0, 'ch_heat_pump_history_count': 0, 'ch_heat_pump_last_error': 0.0, 'ch_pv_history_count': 40, 'ch_pv_last_error': -0.003926941523630489, 'ch_fireplace_history_count': 0, 'ch_fireplace_last_error': 0.0, 'ch_tv_history_count': 0, 'ch_tv_last_error': 0.0}}
2026-05-03 17:05:35,188 - DEBUG - Setting HA state for sensor.ml_model_mae: {'state': '0.0348', 'attributes': {'state_class': 'measurement', 'unique_id': 'ml_heating_model_mae', 'friendly_name': 'ML Model MAE', 'unit_of_measurement': '°C', 'icon': 'mdi:chart-line', 'mae_1h': 0.023980886024939824, 'mae_6h': 0.034757392091580776, 'mae_24h': 0.034757392091580776, 'trend_direction': 'improving', 'prediction_count': 43, 'last_updated': '2026-05-03T15:05:35.157365+00:00'}}
2026-05-03 17:05:35,203 - DEBUG - Setting HA state for sensor.ml_model_rmse: {'state': '0.0473', 'attributes': {'state_class': 'measurement', 'unique_id': 'ml_heating_model_rmse', 'friendly_name': 'ML Model RMSE', 'unit_of_measurement': '°C', 'icon': 'mdi:chart-line', 'recent_max_error': 0.09233662767104178, 'std_error': 0.0321, 'mean_bias': 0.0, 'prediction_count': 43, 'last_updated': '2026-05-03T15:05:35.157365+00:00'}}
2026-05-03 17:05:35,217 - DEBUG - Setting HA state for sensor.ml_prediction_accuracy: {'state': '100.0', 'attributes': {'state_class': 'measurement', 'unique_id': 'ml_prediction_accuracy', 'friendly_name': 'ML Prediction Accuracy', 'unit_of_measurement': '%', 'icon': 'mdi:target', 'perfect_accuracy_pct': 0.0, 'tolerable_accuracy_pct': 100.0, 'poor_accuracy_pct': 0.0, 'prediction_count_24h': 0, 'excellent_all_time_pct': 95.34883720930233, 'good_all_time_pct': 100.0, 'last_updated': '2026-05-03T15:05:35.157365+00:00'}}
2026-05-03 17:05:35,231 - DEBUG - Logged refactored sensor metrics to HA
2026-05-03 17:05:35,231 - DEBUG - Logging feature importance
2026-05-03 17:05:35,231 - DEBUG - Setting HA state for sensor.ml_feature_importance: {'state': '5', 'attributes': {'state_class': 'measurement', 'unique_id': 'ml_heating_feature_importance', 'friendly_name': 'ML Feature Importance', 'unit_of_measurement': '%', 'icon': 'mdi:format-list-numbered', 'top_features': {'target_temp': 52.47, 'fireplace': 21.32, 'tv_power': 19.28, 'outdoor_temp': 6.86, 'pv_power': 0.08}, 'last_updated': '2026-05-03T15:05:35.231672+00:00'}}
2026-05-03 17:05:35,245 - INFO - ✅ Exported metrics to Home Assistant sensors successfully
2026-05-03 17:05:35,245 - INFO - ✅ Learning cycle 42: error=0.004°C, confidence=3.993, total_predictions=43
2026-05-03 17:05:35,245 - DEBUG - ✅ Online learning: applied_temp=18.9°C, actual_change=0.010°C, cycle=42
2026-05-03 17:05:35,245 - INFO - ❄️ Cooling mode active (state: cool)
2026-05-03 17:05:35,245 - DEBUG - ♻️ Reusing existing Model Wrapper instance
2026-05-03 17:05:35,245 - INFO - ❄️ COOLING MODE: ML will calculate cooling outlet temperature (outlet < inlet) — using cooling state /config/ml_heating/unified_thermal_state_cooling.json
2026-05-03 17:05:35,275 - DEBUG - Fireplace is OFF. Using main indoor temp for prediction.
2026-05-03 17:05:35,473 - DEBUG - PV forecast parsed successfully: [987.2, 425.5, 18.0, 0.0, 0.0, 0.0, 0.0, 0.0, 0.0, 0.0, 0.0, 0.0]W
2026-05-03 17:05:35,473 - DEBUG - Solar correction: enabled=True, percent=60.0%, factor=0.600
2026-05-03 17:05:35,499 - DEBUG - Delta calibration applied: offset=+3.32°C
2026-05-03 17:05:35,499 - DEBUG - Raw forecasts: [21.5, 20.7, 18.8, 15.9, 14.4, 13.6, 12.9, 12.3, 11.6, 11.7, 11.6, 11.6]
2026-05-03 17:05:35,500 - DEBUG - Calibrated forecasts: [24.82, 24.02, 22.12, 19.22, 17.72, 16.92, 16.22, 15.62, 14.92, 15.02, 14.92, 14.92]
2026-05-03 17:05:35,503 - INFO - ☀️ Forecast trajectory: PV=6300W, remaining_pv_hours=2 + min_steps=6 → 8 steps
2026-05-03 17:05:35,503 - DEBUG - ♻️ Reusing existing Model Wrapper instance
2026-05-03 17:05:35,509 - INFO - DEBUG: Wrapper params: U=0.1245214561975565, eff=0.9526723072021629, tau=4.390554703745845
2026-05-03 17:05:35,509 - DEBUG - ❄️ Cooling: tightened outlet_max to 18.9°C (inlet=20.9°C − delta=2.0°C)
2026-05-03 17:05:35,509 - INFO - ❄️ Cooling mode bounds: outlet 18.3–18.9°C (indoor=23.6°C, target=22.6°C)
2026-05-03 17:05:35,509 - DEBUG - 🔧 Using natural bounds: outlet_min=18.3°C, outlet_max=18.9°C
2026-05-03 17:05:35,509 - INFO - 🌡️ Using cycle-aligned forecast (10min): outdoor=24.8°C (vs current 24.8°C), PV=3515W (vs current 3780W)
2026-05-03 17:05:35,510 - DEBUG - DEBUG: Using PV history (len=18) instead of scalar 3514.5942592592596
2026-05-03 17:05:35,510 - INFO - 🔄 HP off (delta_t=-2.70): simulating HP-on delta_t=2.30 for binary search
2026-05-03 17:05:35,510 - DEBUG - 🎯 Binary search start: target=22.6°C, current=23.6°C, range=18.3-18.9°C
2026-05-03 17:05:35,510 - DEBUG - 🔍 Binary search features: inlet_temp=20.9, delta_t_floor=2.30, indoor_temp_delta_60m=0.0717, horizon=8.0h, outlet_mid=18.6°C
2026-05-03 17:05:35,511 - DEBUG - ✅ Binary search trajectory OK (iter 1): outlet=18.6°C → predicted=22.52°C (steps=48, start=23.59→end=22.52)
2026-05-03 17:05:35,511 - DEBUG -    Iteration 1: outlet=18.6°C → predicted=22.52°C, error=-0.081°C (range: 18.3-18.9°C)
2026-05-03 17:05:35,511 - DEBUG -      → Cooling: Predicted below target, raising minimum to 18.6°C
2026-05-03 17:05:35,513 - DEBUG -    Iteration 2: outlet=18.8°C → predicted=22.52°C, error=-0.081°C (range: 18.6-18.9°C)
2026-05-03 17:05:35,513 - DEBUG -      → Cooling: Predicted below target, raising minimum to 18.8°C
2026-05-03 17:05:35,515 - DEBUG -    Iteration 3: outlet=18.8°C → predicted=22.52°C, error=-0.081°C (range: 18.8-18.9°C)
2026-05-03 17:05:35,515 - DEBUG -      → Cooling: Predicted below target, raising minimum to 18.8°C
2026-05-03 17:05:35,516 - DEBUG -    Iteration 4: outlet=18.9°C → predicted=22.52°C, error=-0.081°C (range: 18.8-18.9°C)
2026-05-03 17:05:35,516 - DEBUG -      → Cooling: Predicted below target, raising minimum to 18.9°C
2026-05-03 17:05:35,516 - INFO - 🔄 Binary search early exit after 5 iterations: range collapsed to 0.038°C, using 18.9°C
2026-05-03 17:05:35,516 - DEBUG - 🧠 Smart rounding is using cycle-aligned forecast: PV=3515W (caller sent PV=3780W)
2026-05-03 17:05:35,516 - INFO - 🎯 Prediction: Current 23.59°C → Target 22.6°C | Calculated outlet: 18.9°C (before smart rounding) (confidence: 3.993)
2026-05-03 17:05:35,517 - DEBUG - Model Wrapper: temp=18.9°C, error=0.990°C, confidence=3.993
2026-05-03 17:05:35,517 - DEBUG - EMA smoothing: 18.88°C → 18.9°C (last=18.9, α=0.50)
2026-05-03 17:05:35,517 - DEBUG - ♻️ Reusing existing Model Wrapper instance
2026-05-03 17:05:35,517 - INFO - 🌡️ Using cycle-aligned forecast (10min): outdoor=25.4°C (vs current 25.4°C), PV=3515W (vs current 3780W)
2026-05-03 17:05:35,517 - DEBUG - 🧠 Smart rounding is using cycle-aligned forecast: PV=3515W (caller sent PV=3515W)
2026-05-03 17:05:35,517 - DEBUG - 🧠 Smart rounding is using cycle-aligned forecast: PV=3515W (caller sent PV=3515W)
2026-05-03 17:05:35,517 - DEBUG - Smart rounding: 18.90°C → 18°C (chose floor: floor→23.51°C [err=0.914], ceiling→23.55°C [err=0.946], target=22.6°C)
2026-05-03 17:05:35,517 - DEBUG - Setting target outlet temp
2026-05-03 17:05:35,517 - DEBUG - Setting HA state for sensor.ml_vorlauftemperatur: {'state': '18.9', 'attributes': {'state_class': 'measurement', 'unique_id': 'ml_heating_target_outlet_temp', 'friendly_name': 'ML Target Outlet Temp', 'unit_of_measurement': '°C', 'device_class': 'temperature', 'icon': 'mdi:thermometer-water'}}
2026-05-03 17:05:35,529 - DEBUG - Logging thermal model metrics
2026-05-03 17:05:35,529 - DEBUG - Setting HA state for sensor.ml_heating_state: {'state': '0', 'attributes': {'state_class': 'measurement', 'unique_id': 'ml_heating_state', 'friendly_name': 'ML Heating State', 'unit_of_measurement': 'state', 'icon': 'mdi:information-outline', 'state_description': 'OK - Prediction done', 'confidence': 3.993, 'suggested_temp': 18.88, 'final_temp': 18.9, 'predicted_indoor': 23.51, 'last_prediction_time': '2026-05-03T15:05:35.529701+00:00', 'temperature_error': 0.99}}
2026-05-03 17:05:35,543 - DEBUG - ✅ ACTIVE MODE: ML controlling heating via input_boolean.ml_heating
2026-05-03 17:05:35,545 - DEBUG - 🧠 Smart rounding is using cycle-aligned forecast: PV=3515W (caller sent PV=3780W)
2026-05-03 17:05:35,545 - DEBUG - Target: 22.6°C | Suggested: 18.9°C | Applied: 18.9°C | Actual Indoor: 23.59°C | Predicted Indoor: 23.54°C | Confidence: 3.993
2026-05-03 17:05:35,545 - INFO - Target: 22.6°C | Suggested: 18.9°C | Applied: 18.9°C | Actual Indoor: 23.59°C | Predicted Indoor: 23.54°C | Confidence: 3.993
2026-05-03 17:05:35,578 - DEBUG - 💾 Saved cooling thermal state to /config/ml_heating/unified_thermal_state_cooling.json
2026-05-03 17:05:35,578 - DEBUG - Operational state saved to /config/ml_heating/unified_thermal_state_cooling.json; updated keys: ['last_run_features', 'last_indoor_temp', 'last_avg_other_rooms_temp', 'last_fireplace_on', 'last_final_temp', 'last_predicted_indoor', 'last_is_blocking', 'last_blocking_reasons', 'setpoint_hold_cycles_remaining']
2026-05-03 17:05:35,578 - DEBUG - Setting HA state for sensor.ml_heating_features: {'state': '23.66', 'attributes': {'state_class': 'measurement', 'unique_id': 'ml_heating_features', 'friendly_name': 'ML Heating Features', 'unit_of_measurement': '°C', 'device_class': 'temperature', 'icon': 'mdi:feature-search-outline', 'living_room_temp': 23.66, 'outlet_temp': 18.2, 'indoor_temp_lag_30m': 23.553999999999995, 'target_temp': 22.6, 'outdoor_temp': 24.818749999999994, 'dhw_heating': 0.0, 'dhw_disinfection': 0.0, 'dhw_boost_heater': 0.0, 'defrosting': 0.0, 'pv_now': 3780.0, 'pv_now_electrical': 6300.0, 'solar_correction_percent': 60.0, 'solar_correction_factor': 0.6, 'solar_correction_enabled': 1.0, 'fireplace_on': 0.0, 'tv_on': 0.0, 'temp_forecast_1h': 24.82, 'temp_forecast_2h': 24.02, 'temp_forecast_3h': 22.12, 'temp_forecast_4h': 19.22, 'temp_forecast_5h': 17.72, 'temp_forecast_6h': 16.92, 'temp_forecast_7h': 16.22, 'temp_forecast_8h': 15.62, 'temp_forecast_9h': 14.92, 'temp_forecast_10h': 15.02, 'temp_forecast_11h': 14.92, 'temp_forecast_12h': 14.92, 'pv_forecast_1h': 592.32, 'pv_forecast_2h': 255.29999999999998, 'pv_forecast_3h': 10.799999999999999, 'pv_forecast_4h': 0.0, 'pv_forecast_5h': 0.0, 'pv_forecast_6h': 0.0, 'pv_forecast_7h': 0.0, 'pv_forecast_8h': 0.0, 'pv_forecast_9h': 0.0, 'pv_forecast_10h': 0.0, 'pv_forecast_11h': 0.0, 'pv_forecast_12h': 0.0, 'pv_forecast_electrical_1h': 987.2, 'pv_forecast_electrical_2h': 425.5, 'pv_forecast_electrical_3h': 18.0, 'pv_forecast_electrical_4h': 0.0, 'pv_forecast_electrical_5h': 0.0, 'pv_forecast_electrical_6h': 0.0, 'pv_forecast_electrical_7h': 0.0, 'pv_forecast_electrical_8h': 0.0, 'pv_forecast_electrical_9h': 0.0, 'pv_forecast_electrical_10h': 0.0, 'pv_forecast_electrical_11h': 0.0, 'pv_forecast_electrical_12h': 0.0, 'cloud_cover_forecast_1h': 0.0, 'cloud_cover_forecast_2h': 0.0, 'cloud_cover_forecast_3h': 0.0, 'cloud_cover_forecast_4h': 0.0, 'cloud_cover_forecast_5h': 0.0, 'cloud_cover_forecast_6h': 0.0, 'cloud_cover_forecast_7h': 0.0, 'cloud_cover_forecast_8h': 0.0, 'cloud_cover_forecast_9h': 0.0, 'cloud_cover_forecast_10h': 0.0, 'cloud_cover_forecast_11h': 0.0, 'cloud_cover_forecast_12h': 0.0, 'temp_diff_indoor_outdoor': -1.235000000000003, 'indoor_temp_gradient': 1.1324999999999292, 'outlet_indoor_diff': -5.383749999999992, 'indoor_temp_lag_10m': 23.593333333333334, 'indoor_temp_lag_60m': 23.512, 'outlet_temp_lag_30m': 18.199999999999996, 'outlet_temp_change': 0.0, 'indoor_temp_delta_10m': -0.009583333333342381, 'indoor_temp_delta_30m': 0.02974999999999639, 'indoor_temp_delta_60m': 0.07174999999999088, 'hour_sin': -0.9659258262890683, 'hour_cos': -0.25881904510252063, 'month_sin': 0.8660254037844387, 'month_cos': -0.4999999999999998, 'outlet_effectiveness_ratio': 9.837499999999899, 'inlet_temp': 20.9, 'flow_rate': 14.0, 'power_consumption': 376.0, 'delta_t': -2.6999999999999993, 'thermal_power_kw': -2.6371799999999994, 'cop_realtime': -7.013776595744679, 'temp_trend_forecast': -1.0998611111111105, 'heating_demand_forecast': 0.6080000000000001, 'combined_forecast_thermal_load': 0.6080000000000001, 'pv_power_history': [5729.4, 5296.2, 4513.8, 4902.0, 4812.0, 4039.7999999999997, 4014.0, 3093.0, 2656.2, 2310.6, 2409.0, 2143.7999999999997, 2117.4, 2411.4, 3783.6, 5112.0, 4697.4, 4003.0], 'last_updated': '2026-05-03T15:05:35.578770+00:00'}}
2026-05-03 17:05:35,593 - DEBUG - Published 89 features to sensor.ml_heating_features
2026-05-03 17:05:35,593 - DEBUG - ✅ CYCLE 13 END: 17:05:35 (duration: 0.7s)
2026-05-03 17:05:35,593 - DEBUG - 💤 POLLING START: Waiting 30min until next cycle...
2026-05-03 17:05:35,621 - DEBUG - Active sampling: buffered 6 readings
127.0.0.1 - - [03/May/2026 17:05:38] "GET /health HTTP/1.1" 200 -
127.0.0.1 - - [03/May/2026 17:06:08] "GET /health HTTP/1.1" 200 -
2026-05-03 17:06:35,709 - DEBUG - Active sampling: buffered 6 readings
127.0.0.1 - - [03/May/2026 17:06:38] "GET /health HTTP/1.1" 200 -
127.0.0.1 - - [03/May/2026 17:07:08] "GET /health HTTP/1.1" 200 -
2026-05-03 17:07:35,742 - DEBUG - Active sampling: buffered 6 readings
127.0.0.1 - - [03/May/2026 17:07:38] "GET /health HTTP/1.1" 200 -
127.0.0.1 - - [03/May/2026 17:08:08] "GET /health HTTP/1.1" 200 -
2026-05-03 17:08:35,775 - DEBUG - Active sampling: buffered 6 readings
127.0.0.1 - - [03/May/2026 17:08:38] "GET /health HTTP/1.1" 200 -
127.0.0.1 - - [03/May/2026 17:09:08] "GET /health HTTP/1.1" 200 -
2026-05-03 17:09:35,810 - DEBUG - Active sampling: buffered 6 readings
127.0.0.1 - - [03/May/2026 17:09:38] "GET /health HTTP/1.1" 200 -
127.0.0.1 - - [03/May/2026 17:10:08] "GET /health HTTP/1.1" 200 -
2026-05-03 17:10:35,844 - DEBUG - Active sampling: buffered 6 readings
127.0.0.1 - - [03/May/2026 17:10:38] "GET /health HTTP/1.1" 200 -
127.0.0.1 - - [03/May/2026 17:11:08] "GET /health HTTP/1.1" 200 -
2026-05-03 17:11:35,876 - DEBUG - Active sampling: buffered 6 readings
127.0.0.1 - - [03/May/2026 17:11:39] "GET /health HTTP/1.1" 200 -
127.0.0.1 - - [03/May/2026 17:12:09] "GET /health HTTP/1.1" 200 -
2026-05-03 17:12:35,910 - DEBUG - Active sampling: buffered 6 readings
127.0.0.1 - - [03/May/2026 17:12:39] "GET /health HTTP/1.1" 200 -
127.0.0.1 - - [03/May/2026 17:13:09] "GET /health HTTP/1.1" 200 -
2026-05-03 17:13:35,943 - DEBUG - Active sampling: buffered 6 readings
127.0.0.1 - - [03/May/2026 17:13:39] "GET /health HTTP/1.1" 200 -
127.0.0.1 - - [03/May/2026 17:14:09] "GET /health HTTP/1.1" 200 -
2026-05-03 17:14:35,978 - DEBUG - Active sampling: buffered 6 readings
127.0.0.1 - - [03/May/2026 17:14:39] "GET /health HTTP/1.1" 200 -
127.0.0.1 - - [03/May/2026 17:15:09] "GET /health HTTP/1.1" 200 -
2026-05-03 17:15:35,979 - DEBUG - ⏰ POLLING END: Waited 10.0min, starting next cycle...
2026-05-03 17:15:35,979 - DEBUG - 🔄 CYCLE 14 START: 17:15:35 (interval: 10.0min since last cycle)
2026-05-03 17:15:35,979 - DEBUG - ♻️ Reusing existing Model Wrapper instance
2026-05-03 17:15:35,980 - INFO - Successfully loaded operational state from /config/ml_heating/unified_thermal_state_cooling.json
2026-05-03 17:15:36,010 - DEBUG - Setting HA state for sensor.ml_heating_cop_realtime: {'state': '-7.35', 'attributes': {'state_class': 'measurement', 'unique_id': 'ml_heating_cop_realtime', 'friendly_name': 'ML Heating COP (Realtime)', 'unit_of_measurement': 'COP', 'icon': 'mdi:heat-pump', 'device_class': 'power_factor'}}
2026-05-03 17:15:36,024 - DEBUG - Setting HA state for sensor.ml_heating_thermal_power: {'state': '-2.735', 'attributes': {'state_class': 'measurement', 'unique_id': 'ml_heating_thermal_power', 'friendly_name': 'ML Heating Thermal Power', 'unit_of_measurement': 'kW', 'icon': 'mdi:flash', 'device_class': 'power'}}
2026-05-03 17:15:36,065 - DEBUG - Wrote thermodynamic metrics to InfluxDB
2026-05-03 17:15:36,065 - DEBUG - Thermodynamic sensors updated: COP=-7.35, Power=-2.735kW
2026-05-03 17:15:36,065 - DEBUG - ♻️ Reusing existing Model Wrapper instance
2026-05-03 17:15:36,065 - DEBUG - 🎯 ACTIVE MODE LEARNING (trajectory): Verifying ML prediction accuracy for 18.9°C outlet setting
2026-05-03 17:15:36,069 - DEBUG - ☀️ SolarChannel self-learned: avg_error=-0.015, pv_heat_weight=0.00139, solar_lag=45.1min, cloud_exp=1.00, solar_decay_tau=1.00h
2026-05-03 17:15:36,069 - INFO - ☀️ pv parameter update: attributed_error=-0.032681 | pv_heat_weight: 0.001405→0.001391 (Δ-0.000015) | solar_decay_tau_hours: 0.999667→0.99966 (Δ-0.000007) | solar_lag_minutes: 45.119626→45.120285 (Δ+0.000659)
2026-05-03 17:15:36,069 - INFO - Channel routing → [☀️ pv*] | error=-0.0327 | pv_current=3780W pv_smoothed=3780W | params_changed=pv
2026-05-03 17:15:36,107 - DEBUG - 💾 Saved cooling thermal state to /config/ml_heating/unified_thermal_state_cooling.json
2026-05-03 17:15:36,107 - DEBUG - Skipping legacy global adaptation: channel mode owns recent-window learning
2026-05-03 17:15:36,142 - DEBUG - 💾 Saved cooling thermal state to /config/ml_heating/unified_thermal_state_cooling.json
2026-05-03 17:15:36,142 - DEBUG - Prediction feedback: error=-0.033°C, confidence=4.392
2026-05-03 17:15:36,174 - DEBUG - 💾 Saved cooling thermal state to /config/ml_heating/unified_thermal_state_cooling.json
2026-05-03 17:15:36,174 - DEBUG - 💾 Saved 44 predictions to unified thermal state
2026-05-03 17:15:36,174 - DEBUG - Added prediction: pred=23.60, actual=23.57, error=-0.033
2026-05-03 17:15:36,205 - DEBUG - 💾 Saved cooling thermal state to /config/ml_heating/unified_thermal_state_cooling.json
2026-05-03 17:15:36,207 - DEBUG - Setting HA state for sensor.ml_model_mae: {'state': '0.0347', 'attributes': {'state_class': 'measurement', 'unique_id': 'ml_heating_model_mae', 'friendly_name': 'ML Model MAE', 'unit_of_measurement': '°C', 'icon': 'mdi:chart-line', 'last_updated': '2026-05-03T15:15:36.207229+00:00'}}
2026-05-03 17:15:36,221 - DEBUG - Setting HA state for sensor.ml_model_rmse: {'state': '0.0470', 'attributes': {'state_class': 'measurement', 'unique_id': 'ml_heating_model_rmse', 'friendly_name': 'ML Model RMSE', 'unit_of_measurement': '°C', 'icon': 'mdi:chart-line', 'last_updated': '2026-05-03T15:15:36.207229+00:00'}}
2026-05-03 17:15:36,235 - DEBUG - Setting HA state for sensor.ml_heating_learning: {'state': '4.392', 'attributes': {'state_class': 'measurement', 'unique_id': 'ml_heating_learning', 'friendly_name': 'ML Adaptive Learning Metrics', 'unit_of_measurement': 'metrics', 'icon': 'mdi:brain', 'thermal_time_constant': 4.390554703745845, 'heat_loss_coefficient': 0.1245214561975565, 'outlet_effectiveness': 0.9526723072021629, 'pv_heat_weight': 0.0013906667829122474, 'fireplace_heat_weight': 0.387, 'tv_heat_weight': 0.35, 'solar_lag_minutes': 45.12028527915279, 'slab_time_constant_hours': 3.19, 'heat_source_channels_enabled': True, 'total_conductance': 0.3, 'equilibrium_ratio': 0.5, 'cycle_count': 43, 'parameter_updates': 11, 'model_health': 'excellent', 'learning_progress': 0.43, 'is_improving': True, 'improvement_percentage': 59.45192642037011, 'total_predictions': 44, 'learning_confidence': 4.392300000000001, 'last_updated': '2026-05-03T15:15:36.235046+00:00', 'delta_t_floor': 2.3, 'cloud_factor_exponent': 1.0, 'solar_decay_tau_hours': 0.9996601009261962, 'fp_heat_output_kw': 0.387, 'fp_decay_time_constant': 3.9144707244638868, 'room_spread_delay_minutes': 18.0, 'ch_heat_pump_history_count': 0, 'ch_heat_pump_last_error': 0.0, 'ch_pv_history_count': 41, 'ch_pv_last_error': -0.03268085851450664, 'ch_fireplace_history_count': 0, 'ch_fireplace_last_error': 0.0, 'ch_tv_history_count': 0, 'ch_tv_last_error': 0.0}}
2026-05-03 17:15:36,266 - DEBUG - Setting HA state for sensor.ml_model_mae: {'state': '0.0347', 'attributes': {'state_class': 'measurement', 'unique_id': 'ml_heating_model_mae', 'friendly_name': 'ML Model MAE', 'unit_of_measurement': '°C', 'icon': 'mdi:chart-line', 'mae_1h': 0.023934419703774818, 'mae_6h': 0.03471019814664727, 'mae_24h': 0.03471019814664727, 'trend_direction': 'improving', 'prediction_count': 44, 'last_updated': '2026-05-03T15:15:36.235046+00:00'}}
2026-05-03 17:15:36,281 - DEBUG - Setting HA state for sensor.ml_model_rmse: {'state': '0.0470', 'attributes': {'state_class': 'measurement', 'unique_id': 'ml_heating_model_rmse', 'friendly_name': 'ML Model RMSE', 'unit_of_measurement': '°C', 'icon': 'mdi:chart-line', 'recent_max_error': 0.09233662767104178, 'std_error': 0.0317, 'mean_bias': 0.0, 'prediction_count': 44, 'last_updated': '2026-05-03T15:15:36.235046+00:00'}}
2026-05-03 17:15:36,295 - DEBUG - Setting HA state for sensor.ml_prediction_accuracy: {'state': '100.0', 'attributes': {'state_class': 'measurement', 'unique_id': 'ml_prediction_accuracy', 'friendly_name': 'ML Prediction Accuracy', 'unit_of_measurement': '%', 'icon': 'mdi:target', 'perfect_accuracy_pct': 0.0, 'tolerable_accuracy_pct': 100.0, 'poor_accuracy_pct': 0.0, 'prediction_count_24h': 0, 'excellent_all_time_pct': 95.45454545454545, 'good_all_time_pct': 100.0, 'last_updated': '2026-05-03T15:15:36.235046+00:00'}}
2026-05-03 17:15:36,309 - DEBUG - Logged refactored sensor metrics to HA
2026-05-03 17:15:36,309 - DEBUG - Logging feature importance
2026-05-03 17:15:36,309 - DEBUG - Setting HA state for sensor.ml_feature_importance: {'state': '5', 'attributes': {'state_class': 'measurement', 'unique_id': 'ml_heating_feature_importance', 'friendly_name': 'ML Feature Importance', 'unit_of_measurement': '%', 'icon': 'mdi:format-list-numbered', 'top_features': {'target_temp': 52.47, 'fireplace': 21.32, 'tv_power': 19.28, 'outdoor_temp': 6.86, 'pv_power': 0.08}, 'last_updated': '2026-05-03T15:15:36.309582+00:00'}}
2026-05-03 17:15:36,323 - INFO - ✅ Exported metrics to Home Assistant sensors successfully
2026-05-03 17:15:36,323 - INFO - ✅ Learning cycle 43: error=0.033°C, confidence=4.392, total_predictions=44
2026-05-03 17:15:36,323 - DEBUG - ✅ Online learning: applied_temp=18.9°C, actual_change=-0.020°C, cycle=43
2026-05-03 17:15:36,324 - INFO - ❄️ Cooling mode active (state: cool)
2026-05-03 17:15:36,324 - DEBUG - ♻️ Reusing existing Model Wrapper instance
2026-05-03 17:15:36,324 - INFO - ❄️ COOLING MODE: ML will calculate cooling outlet temperature (outlet < inlet) — using cooling state /config/ml_heating/unified_thermal_state_cooling.json
2026-05-03 17:15:36,353 - DEBUG - Fireplace is OFF. Using main indoor temp for prediction.
2026-05-03 17:15:36,539 - DEBUG - PV forecast parsed successfully: [828.5, 272.0, 2.0, 0.0, 0.0, 0.0, 0.0, 0.0, 0.0, 0.0, 0.0, 10.2]W
2026-05-03 17:15:36,540 - DEBUG - Solar correction: enabled=True, percent=60.0%, factor=0.600
2026-05-03 17:15:36,567 - DEBUG - Delta calibration applied: offset=+3.68°C
2026-05-03 17:15:36,567 - DEBUG - Raw forecasts: [21.5, 20.7, 18.8, 15.9, 14.4, 13.6, 12.9, 12.3, 11.6, 11.7, 11.6, 11.6]
2026-05-03 17:15:36,567 - DEBUG - Calibrated forecasts: [25.18, 24.38, 22.48, 19.58, 18.08, 17.28, 16.58, 15.98, 15.28, 15.38, 15.28, 15.28]
2026-05-03 17:15:36,571 - INFO - ☀️ Forecast trajectory: PV=5310W, remaining_pv_hours=2 + min_steps=6 → 8 steps
2026-05-03 17:15:36,571 - DEBUG - ♻️ Reusing existing Model Wrapper instance
2026-05-03 17:15:36,576 - INFO - DEBUG: Wrapper params: U=0.1245214561975565, eff=0.9526723072021629, tau=4.390554703745845
2026-05-03 17:15:36,576 - DEBUG - ❄️ Cooling: tightened outlet_max to 18.9°C (inlet=20.9°C − delta=2.0°C)
2026-05-03 17:15:36,577 - INFO - ❄️ Cooling mode bounds: outlet 18.3–18.9°C (indoor=23.6°C, target=22.6°C)
2026-05-03 17:15:36,577 - DEBUG - 🔧 Using natural bounds: outlet_min=18.3°C, outlet_max=18.9°C
2026-05-03 17:15:36,577 - INFO - 🌡️ Using cycle-aligned forecast (10min): outdoor=25.2°C (vs current 25.2°C), PV=3375W (vs current 3637W)
2026-05-03 17:15:36,577 - DEBUG - DEBUG: Using PV history (len=18) instead of scalar 3375.097222222222
2026-05-03 17:15:36,577 - INFO - 🔄 HP off (delta_t=-2.78): simulating HP-on delta_t=2.30 for binary search
2026-05-03 17:15:36,577 - DEBUG - 🎯 Binary search start: target=22.6°C, current=23.6°C, range=18.3-18.9°C
2026-05-03 17:15:36,577 - DEBUG - 🔍 Binary search features: inlet_temp=20.9, delta_t_floor=2.30, indoor_temp_delta_60m=0.0639, horizon=8.0h, outlet_mid=18.6°C
2026-05-03 17:15:36,579 - DEBUG - ✅ Binary search trajectory OK (iter 1): outlet=18.6°C → predicted=22.54°C (steps=48, start=23.61→end=22.54)
2026-05-03 17:15:36,579 - DEBUG -    Iteration 1: outlet=18.6°C → predicted=22.54°C, error=-0.061°C (range: 18.3-18.9°C)
2026-05-03 17:15:36,579 - DEBUG -      → Cooling: Predicted below target, raising minimum to 18.6°C
2026-05-03 17:15:36,580 - DEBUG -    Iteration 2: outlet=18.8°C → predicted=22.54°C, error=-0.061°C (range: 18.6-18.9°C)
2026-05-03 17:15:36,580 - DEBUG -      → Cooling: Predicted below target, raising minimum to 18.8°C
2026-05-03 17:15:36,582 - DEBUG -    Iteration 3: outlet=18.8°C → predicted=22.54°C, error=-0.061°C (range: 18.8-18.9°C)
2026-05-03 17:15:36,582 - DEBUG -      → Cooling: Predicted below target, raising minimum to 18.8°C
2026-05-03 17:15:36,583 - DEBUG -    Iteration 4: outlet=18.9°C → predicted=22.54°C, error=-0.061°C (range: 18.8-18.9°C)
2026-05-03 17:15:36,583 - DEBUG -      → Cooling: Predicted below target, raising minimum to 18.9°C
2026-05-03 17:15:36,584 - INFO - 🔄 Binary search early exit after 5 iterations: range collapsed to 0.038°C, using 18.9°C
2026-05-03 17:15:36,584 - DEBUG - 🧠 Smart rounding is using cycle-aligned forecast: PV=3375W (caller sent PV=3637W)
2026-05-03 17:15:36,584 - INFO - 🎯 Prediction: Current 23.57°C → Target 22.6°C | Calculated outlet: 18.9°C (before smart rounding) (confidence: 4.392)
2026-05-03 17:15:36,584 - DEBUG - Model Wrapper: temp=18.9°C, error=0.970°C, confidence=4.392
2026-05-03 17:15:36,584 - DEBUG - EMA smoothing: 18.88°C → 18.9°C (last=18.9, α=0.50)
2026-05-03 17:15:36,584 - DEBUG - ♻️ Reusing existing Model Wrapper instance
2026-05-03 17:15:36,584 - INFO - 🌡️ Using cycle-aligned forecast (10min): outdoor=25.2°C (vs current 25.2°C), PV=3375W (vs current 3637W)
2026-05-03 17:15:36,585 - DEBUG - 🧠 Smart rounding is using cycle-aligned forecast: PV=3375W (caller sent PV=3375W)
2026-05-03 17:15:36,585 - DEBUG - 🧠 Smart rounding is using cycle-aligned forecast: PV=3375W (caller sent PV=3375W)
2026-05-03 17:15:36,585 - DEBUG - Smart rounding: 18.90°C → 18°C (chose floor: floor→23.50°C [err=0.895], ceiling→23.53°C [err=0.927], target=22.6°C)
2026-05-03 17:15:36,585 - DEBUG - Setting target outlet temp
2026-05-03 17:15:36,585 - DEBUG - Setting HA state for sensor.ml_vorlauftemperatur: {'state': '18.9', 'attributes': {'state_class': 'measurement', 'unique_id': 'ml_heating_target_outlet_temp', 'friendly_name': 'ML Target Outlet Temp', 'unit_of_measurement': '°C', 'device_class': 'temperature', 'icon': 'mdi:thermometer-water'}}
2026-05-03 17:15:36,597 - DEBUG - Logging thermal model metrics
2026-05-03 17:15:36,597 - DEBUG - Setting HA state for sensor.ml_heating_state: {'state': '0', 'attributes': {'state_class': 'measurement', 'unique_id': 'ml_heating_state', 'friendly_name': 'ML Heating State', 'unit_of_measurement': 'state', 'icon': 'mdi:information-outline', 'state_description': 'OK - Prediction done', 'confidence': 4.3923, 'suggested_temp': 18.88, 'final_temp': 18.9, 'predicted_indoor': 23.53, 'last_prediction_time': '2026-05-03T15:15:36.597672+00:00', 'temperature_error': 0.97}}
2026-05-03 17:15:36,611 - DEBUG - ✅ ACTIVE MODE: ML controlling heating via input_boolean.ml_heating
2026-05-03 17:15:36,613 - DEBUG - 🧠 Smart rounding is using cycle-aligned forecast: PV=3375W (caller sent PV=3637W)
2026-05-03 17:15:36,614 - DEBUG - Target: 22.6°C | Suggested: 18.9°C | Applied: 18.9°C | Actual Indoor: 23.57°C | Predicted Indoor: 23.52°C | Confidence: 4.392
2026-05-03 17:15:36,614 - INFO - Target: 22.6°C | Suggested: 18.9°C | Applied: 18.9°C | Actual Indoor: 23.57°C | Predicted Indoor: 23.52°C | Confidence: 4.392
2026-05-03 17:15:36,647 - DEBUG - 💾 Saved cooling thermal state to /config/ml_heating/unified_thermal_state_cooling.json
2026-05-03 17:15:36,648 - DEBUG - Operational state saved to /config/ml_heating/unified_thermal_state_cooling.json; updated keys: ['last_run_features', 'last_indoor_temp', 'last_avg_other_rooms_temp', 'last_fireplace_on', 'last_final_temp', 'last_predicted_indoor', 'last_is_blocking', 'last_blocking_reasons', 'setpoint_hold_cycles_remaining']
2026-05-03 17:15:36,648 - DEBUG - Setting HA state for sensor.ml_heating_features: {'state': '23.64', 'attributes': {'state_class': 'measurement', 'unique_id': 'ml_heating_features', 'friendly_name': 'ML Heating Features', 'unit_of_measurement': '°C', 'device_class': 'temperature', 'icon': 'mdi:feature-search-outline', 'living_room_temp': 23.64, 'outlet_temp': 18.119999999999997, 'indoor_temp_lag_30m': 23.576999999999998, 'target_temp': 22.6, 'outdoor_temp': 25.18125, 'dhw_heating': 0.0, 'dhw_disinfection': 0.0, 'dhw_boost_heater': 0.0, 'defrosting': 0.0, 'pv_now': 3186.0, 'pv_now_electrical': 5310.0, 'solar_correction_percent': 60.0, 'solar_correction_factor': 0.6, 'solar_correction_enabled': 1.0, 'fireplace_on': 0.0, 'tv_on': 0.0, 'temp_forecast_1h': 25.18, 'temp_forecast_2h': 24.38, 'temp_forecast_3h': 22.48, 'temp_forecast_4h': 19.58, 'temp_forecast_5h': 18.08, 'temp_forecast_6h': 17.28, 'temp_forecast_7h': 16.58, 'temp_forecast_8h': 15.98, 'temp_forecast_9h': 15.28, 'temp_forecast_10h': 15.38, 'temp_forecast_11h': 15.28, 'temp_forecast_12h': 15.28, 'pv_forecast_1h': 497.09999999999997, 'pv_forecast_2h': 163.2, 'pv_forecast_3h': 1.2, 'pv_forecast_4h': 0.0, 'pv_forecast_5h': 0.0, 'pv_forecast_6h': 0.0, 'pv_forecast_7h': 0.0, 'pv_forecast_8h': 0.0, 'pv_forecast_9h': 0.0, 'pv_forecast_10h': 0.0, 'pv_forecast_11h': 0.0, 'pv_forecast_12h': 6.119999999999999, 'pv_forecast_electrical_1h': 828.5, 'pv_forecast_electrical_2h': 272.0, 'pv_forecast_electrical_3h': 2.0, 'pv_forecast_electrical_4h': 0.0, 'pv_forecast_electrical_5h': 0.0, 'pv_forecast_electrical_6h': 0.0, 'pv_forecast_electrical_7h': 0.0, 'pv_forecast_electrical_8h': 0.0, 'pv_forecast_electrical_9h': 0.0, 'pv_forecast_electrical_10h': 0.0, 'pv_forecast_electrical_11h': 0.0, 'pv_forecast_electrical_12h': 10.2, 'cloud_cover_forecast_1h': 0.0, 'cloud_cover_forecast_2h': 0.0, 'cloud_cover_forecast_3h': 0.0, 'cloud_cover_forecast_4h': 0.0, 'cloud_cover_forecast_5h': 0.0, 'cloud_cover_forecast_6h': 0.0, 'cloud_cover_forecast_7h': 0.0, 'cloud_cover_forecast_8h': 0.0, 'cloud_cover_forecast_9h': 0.0, 'cloud_cover_forecast_10h': 0.0, 'cloud_cover_forecast_11h': 0.0, 'cloud_cover_forecast_12h': 0.0, 'temp_diff_indoor_outdoor': -1.599375000000002, 'indoor_temp_gradient': 1.1512499999999974, 'outlet_indoor_diff': -5.461874999999999, 'indoor_temp_lag_10m': 23.575, 'indoor_temp_lag_60m': 23.518000000000004, 'outlet_temp_lag_30m': 18.199999999999996, 'outlet_temp_change': -0.04666666666667041, 'indoor_temp_delta_10m': 0.0068749999999973, 'indoor_temp_delta_30m': 0.004874999999998408, 'indoor_temp_delta_60m': 0.06387499999999235, 'hour_sin': -0.9659258262890683, 'hour_cos': -0.25881904510252063, 'month_sin': 0.8660254037844387, 'month_cos': -0.4999999999999998, 'outlet_effectiveness_ratio': 9.818749999999952, 'inlet_temp': 20.9, 'flow_rate': 14.0, 'power_consumption': 372.0, 'delta_t': -2.780000000000001, 'thermal_power_kw': -2.715318666666668, 'cop_realtime': -7.2992437275985695, 'temp_trend_forecast': -1.1501562499999998, 'heating_demand_forecast': 0.502, 'combined_forecast_thermal_load': 0.502, 'pv_power_history': [5296.2, 4513.8, 4902.0, 4812.0, 4039.7999999999997, 4014.0, 3093.0, 2656.2, 2310.6, 2409.0, 2143.7999999999997, 2117.4, 2411.4, 3783.6, 5112.0, 4697.4, 3894.0, 3255.0], 'last_updated': '2026-05-03T15:15:36.648284+00:00'}}
2026-05-03 17:15:36,661 - DEBUG - Published 89 features to sensor.ml_heating_features
2026-05-03 17:15:36,661 - DEBUG - ✅ CYCLE 14 END: 17:15:36 (duration: 0.7s)
2026-05-03 17:15:36,662 - DEBUG - 💤 POLLING START: Waiting 30min until next cycle...
2026-05-03 17:15:36,689 - DEBUG - Active sampling: buffered 6 readings
127.0.0.1 - - [03/May/2026 17:15:39] "GET /health HTTP/1.1" 200 -
127.0.0.1 - - [03/May/2026 17:16:09] "GET /health HTTP/1.1" 200 -
2026-05-03 17:16:36,721 - DEBUG - Active sampling: buffered 6 readings
127.0.0.1 - - [03/May/2026 17:16:39] "GET /health HTTP/1.1" 200 -
127.0.0.1 - - [03/May/2026 17:17:09] "GET /health HTTP/1.1" 200 -
2026-05-03 17:17:36,754 - DEBUG - Active sampling: buffered 6 readings
127.0.0.1 - - [03/May/2026 17:17:39] "GET /health HTTP/1.1" 200 -
127.0.0.1 - - [03/May/2026 17:18:09] "GET /health HTTP/1.1" 200 -
2026-05-03 17:18:36,786 - DEBUG - Active sampling: buffered 6 readings
127.0.0.1 - - [03/May/2026 17:18:39] "GET /health HTTP/1.1" 200 -
127.0.0.1 - - [03/May/2026 17:19:09] "GET /health HTTP/1.1" 200 -
2026-05-03 17:19:36,820 - DEBUG - Active sampling: buffered 6 readings
127.0.0.1 - - [03/May/2026 17:19:39] "GET /health HTTP/1.1" 200 -
127.0.0.1 - - [03/May/2026 17:20:09] "GET /health HTTP/1.1" 200 -
2026-05-03 17:20:36,853 - DEBUG - Active sampling: buffered 6 readings
127.0.0.1 - - [03/May/2026 17:20:40] "GET /health HTTP/1.1" 200 -
127.0.0.1 - - [03/May/2026 17:21:10] "GET /health HTTP/1.1" 200 -
2026-05-03 17:21:36,887 - DEBUG - Active sampling: buffered 6 readings
127.0.0.1 - - [03/May/2026 17:21:40] "GET /health HTTP/1.1" 200 -
127.0.0.1 - - [03/May/2026 17:22:10] "GET /health HTTP/1.1" 200 -
2026-05-03 17:22:36,921 - DEBUG - Active sampling: buffered 6 readings
127.0.0.1 - - [03/May/2026 17:22:40] "GET /health HTTP/1.1" 200 -
127.0.0.1 - - [03/May/2026 17:23:10] "GET /health HTTP/1.1" 200 -
2026-05-03 17:23:36,954 - DEBUG - Active sampling: buffered 6 readings
127.0.0.1 - - [03/May/2026 17:23:40] "GET /health HTTP/1.1" 200 -
127.0.0.1 - - [03/May/2026 17:24:10] "GET /health HTTP/1.1" 200 -
2026-05-03 17:24:36,984 - DEBUG - Active sampling: buffered 6 readings
127.0.0.1 - - [03/May/2026 17:24:40] "GET /health HTTP/1.1" 200 -
127.0.0.1 - - [03/May/2026 17:25:10] "GET /health HTTP/1.1" 200 -
2026-05-03 17:25:36,986 - DEBUG - ⏰ POLLING END: Waited 10.0min, starting next cycle...
2026-05-03 17:25:36,986 - DEBUG - 🔄 CYCLE 15 START: 17:25:36 (interval: 10.0min since last cycle)
2026-05-03 17:25:36,986 - DEBUG - ♻️ Reusing existing Model Wrapper instance
2026-05-03 17:25:36,986 - INFO - Successfully loaded operational state from /config/ml_heating/unified_thermal_state_cooling.json
2026-05-03 17:25:37,016 - DEBUG - Setting HA state for sensor.ml_heating_cop_realtime: {'state': '-4.32', 'attributes': {'state_class': 'measurement', 'unique_id': 'ml_heating_cop_realtime', 'friendly_name': 'ML Heating COP (Realtime)', 'unit_of_measurement': 'COP', 'icon': 'mdi:heat-pump', 'device_class': 'power_factor'}}
2026-05-03 17:25:37,031 - DEBUG - Setting HA state for sensor.ml_heating_thermal_power: {'state': '-2.637', 'attributes': {'state_class': 'measurement', 'unique_id': 'ml_heating_thermal_power', 'friendly_name': 'ML Heating Thermal Power', 'unit_of_measurement': 'kW', 'icon': 'mdi:flash', 'device_class': 'power'}}
2026-05-03 17:25:37,068 - DEBUG - Wrote thermodynamic metrics to InfluxDB
2026-05-03 17:25:37,068 - DEBUG - Thermodynamic sensors updated: COP=-4.32, Power=-2.637kW
2026-05-03 17:25:37,068 - DEBUG - ♻️ Reusing existing Model Wrapper instance
2026-05-03 17:25:37,069 - DEBUG - 🎯 ACTIVE MODE LEARNING (trajectory): Verifying ML prediction accuracy for 18.9°C outlet setting
2026-05-03 17:25:37,071 - DEBUG - ☀️ SolarChannel self-learned: avg_error=-0.015, pv_heat_weight=0.00138, solar_lag=45.1min, cloud_exp=1.00, solar_decay_tau=1.00h
2026-05-03 17:25:37,072 - INFO - ☀️ pv parameter update: attributed_error=-0.013251 | pv_heat_weight: 0.001391→0.001376 (Δ-0.000015) | solar_decay_tau_hours: 0.99966→0.999653 (Δ-0.000008) | solar_lag_minutes: 45.120285→45.120964 (Δ+0.000679)
2026-05-03 17:25:37,072 - INFO - Channel routing → [☀️ pv*] | error=-0.0133 | pv_current=3186W pv_smoothed=3637W | params_changed=pv
2026-05-03 17:25:37,113 - DEBUG - 💾 Saved cooling thermal state to /config/ml_heating/unified_thermal_state_cooling.json
2026-05-03 17:25:37,113 - DEBUG - Skipping legacy global adaptation: channel mode owns recent-window learning
2026-05-03 17:25:37,149 - DEBUG - 💾 Saved cooling thermal state to /config/ml_heating/unified_thermal_state_cooling.json
2026-05-03 17:25:37,150 - DEBUG - Prediction feedback: error=-0.013°C, confidence=4.832
2026-05-03 17:25:37,184 - DEBUG - 💾 Saved cooling thermal state to /config/ml_heating/unified_thermal_state_cooling.json
2026-05-03 17:25:37,185 - DEBUG - 💾 Saved 45 predictions to unified thermal state
2026-05-03 17:25:37,185 - DEBUG - Added prediction: pred=23.58, actual=23.57, error=-0.013
2026-05-03 17:25:37,217 - DEBUG - 💾 Saved cooling thermal state to /config/ml_heating/unified_thermal_state_cooling.json
2026-05-03 17:25:37,219 - DEBUG - Setting HA state for sensor.ml_model_mae: {'state': '0.0342', 'attributes': {'state_class': 'measurement', 'unique_id': 'ml_heating_model_mae', 'friendly_name': 'ML Model MAE', 'unit_of_measurement': '°C', 'icon': 'mdi:chart-line', 'last_updated': '2026-05-03T15:25:37.219358+00:00'}}
2026-05-03 17:25:37,233 - DEBUG - Setting HA state for sensor.ml_model_rmse: {'state': '0.0465', 'attributes': {'state_class': 'measurement', 'unique_id': 'ml_heating_model_rmse', 'friendly_name': 'ML Model RMSE', 'unit_of_measurement': '°C', 'icon': 'mdi:chart-line', 'last_updated': '2026-05-03T15:25:37.219358+00:00'}}
2026-05-03 17:25:37,248 - DEBUG - Setting HA state for sensor.ml_heating_learning: {'state': '4.832', 'attributes': {'state_class': 'measurement', 'unique_id': 'ml_heating_learning', 'friendly_name': 'ML Adaptive Learning Metrics', 'unit_of_measurement': 'metrics', 'icon': 'mdi:brain', 'thermal_time_constant': 4.390554703745845, 'heat_loss_coefficient': 0.1245214561975565, 'outlet_effectiveness': 0.9526723072021629, 'pv_heat_weight': 0.0013756600387474125, 'fireplace_heat_weight': 0.387, 'tv_heat_weight': 0.35, 'solar_lag_minutes': 45.12096432098692, 'slab_time_constant_hours': 3.19, 'heat_source_channels_enabled': True, 'total_conductance': 0.3, 'equilibrium_ratio': 0.5, 'cycle_count': 44, 'parameter_updates': 12, 'model_health': 'excellent', 'learning_progress': 0.44, 'is_improving': True, 'improvement_percentage': 60.048483665068716, 'total_predictions': 45, 'learning_confidence': 4.831530000000002, 'last_updated': '2026-05-03T15:25:37.248759+00:00', 'delta_t_floor': 2.3, 'cloud_factor_exponent': 1.0, 'solar_decay_tau_hours': 0.9996525975541137, 'fp_heat_output_kw': 0.387, 'fp_decay_time_constant': 3.9144707244638868, 'room_spread_delay_minutes': 18.0, 'ch_heat_pump_history_count': 0, 'ch_heat_pump_last_error': 0.0, 'ch_pv_history_count': 42, 'ch_pv_last_error': -0.013250688975002589, 'ch_fireplace_history_count': 0, 'ch_fireplace_last_error': 0.0, 'ch_tv_history_count': 0, 'ch_tv_last_error': 0.0}}
2026-05-03 17:25:37,265 - DEBUG - Setting HA state for sensor.ml_model_mae: {'state': '0.0342', 'attributes': {'state_class': 'measurement', 'unique_id': 'ml_heating_model_mae', 'friendly_name': 'ML Model MAE', 'unit_of_measurement': '°C', 'icon': 'mdi:chart-line', 'mae_1h': 0.023805831901796342, 'mae_6h': 0.03423332016505517, 'mae_24h': 0.03423332016505517, 'trend_direction': 'improving', 'prediction_count': 45, 'last_updated': '2026-05-03T15:25:37.248759+00:00'}}
2026-05-03 17:25:37,279 - DEBUG - Setting HA state for sensor.ml_model_rmse: {'state': '0.0465', 'attributes': {'state_class': 'measurement', 'unique_id': 'ml_heating_model_rmse', 'friendly_name': 'ML Model RMSE', 'unit_of_measurement': '°C', 'icon': 'mdi:chart-line', 'recent_max_error': 0.09233662767104178, 'std_error': 0.0315, 'mean_bias': 0.0, 'prediction_count': 45, 'last_updated': '2026-05-03T15:25:37.248759+00:00'}}
2026-05-03 17:25:37,294 - DEBUG - Setting HA state for sensor.ml_prediction_accuracy: {'state': '100.0', 'attributes': {'state_class': 'measurement', 'unique_id': 'ml_prediction_accuracy', 'friendly_name': 'ML Prediction Accuracy', 'unit_of_measurement': '%', 'icon': 'mdi:target', 'perfect_accuracy_pct': 0.0, 'tolerable_accuracy_pct': 100.0, 'poor_accuracy_pct': 0.0, 'prediction_count_24h': 0, 'excellent_all_time_pct': 95.55555555555556, 'good_all_time_pct': 100.0, 'last_updated': '2026-05-03T15:25:37.248759+00:00'}}
2026-05-03 17:25:37,309 - DEBUG - Logged refactored sensor metrics to HA
2026-05-03 17:25:37,310 - DEBUG - Logging feature importance
2026-05-03 17:25:37,310 - DEBUG - Setting HA state for sensor.ml_feature_importance: {'state': '5', 'attributes': {'state_class': 'measurement', 'unique_id': 'ml_heating_feature_importance', 'friendly_name': 'ML Feature Importance', 'unit_of_measurement': '%', 'icon': 'mdi:format-list-numbered', 'top_features': {'target_temp': 52.47, 'fireplace': 21.32, 'tv_power': 19.28, 'outdoor_temp': 6.86, 'pv_power': 0.08}, 'last_updated': '2026-05-03T15:25:37.310022+00:00'}}
2026-05-03 17:25:37,324 - INFO - ✅ Exported metrics to Home Assistant sensors successfully
2026-05-03 17:25:37,324 - INFO - ✅ Learning cycle 44: error=0.013°C, confidence=4.832, total_predictions=45
2026-05-03 17:25:37,325 - DEBUG - ✅ Online learning: applied_temp=18.9°C, actual_change=0.000°C, cycle=44
2026-05-03 17:25:37,325 - INFO - ❄️ Cooling mode active (state: cool)
2026-05-03 17:25:37,325 - DEBUG - ♻️ Reusing existing Model Wrapper instance
2026-05-03 17:25:37,325 - INFO - ❄️ COOLING MODE: ML will calculate cooling outlet temperature (outlet < inlet) — using cooling state /config/ml_heating/unified_thermal_state_cooling.json
2026-05-03 17:25:37,355 - DEBUG - Fireplace is OFF. Using main indoor temp for prediction.
2026-05-03 17:25:37,486 - DEBUG - PV forecast parsed successfully: [823.0, 270.5, 2.0, 0.0, 0.0, 0.0, 0.0, 0.0, 0.0, 0.0, 0.0, 10.2]W
2026-05-03 17:25:37,487 - DEBUG - Solar correction: enabled=True, percent=60.0%, factor=0.600
2026-05-03 17:25:37,525 - DEBUG - Delta calibration applied: offset=+3.74°C
2026-05-03 17:25:37,525 - DEBUG - Raw forecasts: [21.5, 20.7, 18.8, 15.9, 14.4, 13.6, 12.9, 12.3, 11.6, 11.7, 11.6, 11.6]
2026-05-03 17:25:37,525 - DEBUG - Calibrated forecasts: [25.24, 24.44, 22.54, 19.64, 18.14, 17.34, 16.64, 16.04, 15.34, 15.44, 15.34, 15.34]
2026-05-03 17:25:37,529 - INFO - ☀️ Forecast trajectory: PV=4430W, remaining_pv_hours=2 + min_steps=6 → 8 steps
2026-05-03 17:25:37,529 - DEBUG - ♻️ Reusing existing Model Wrapper instance
2026-05-03 17:25:37,535 - INFO - DEBUG: Wrapper params: U=0.1245214561975565, eff=0.9526723072021629, tau=4.390554703745845
2026-05-03 17:25:37,535 - DEBUG - ❄️ Cooling: tightened outlet_max to 18.8°C (inlet=20.8°C − delta=2.0°C)
2026-05-03 17:25:37,536 - INFO - ❄️ Cooling mode bounds: outlet 18.3–18.8°C (indoor=23.6°C, target=22.6°C)
2026-05-03 17:25:37,536 - DEBUG - 🔧 Using natural bounds: outlet_min=18.3°C, outlet_max=18.8°C
2026-05-03 17:25:37,536 - INFO - 🌡️ Using cycle-aligned forecast (10min): outdoor=25.2°C (vs current 25.2°C), PV=3251W (vs current 3502W)
2026-05-03 17:25:37,536 - DEBUG - DEBUG: Using PV history (len=18) instead of scalar 3251.0925925925926
2026-05-03 17:25:37,536 - INFO - 🔄 HP off (delta_t=-2.70): simulating HP-on delta_t=2.30 for binary search
2026-05-03 17:25:37,536 - DEBUG - 🎯 Binary search start: target=22.6°C, current=23.6°C, range=18.3-18.8°C
2026-05-03 17:25:37,536 - DEBUG - 🔍 Binary search features: inlet_temp=20.8, delta_t_floor=2.30, indoor_temp_delta_60m=0.0431, horizon=8.0h, outlet_mid=18.6°C
2026-05-03 17:25:37,538 - DEBUG - ✅ Binary search trajectory OK (iter 1): outlet=18.6°C → predicted=22.49°C (steps=48, start=23.61→end=22.49)
2026-05-03 17:25:37,538 - DEBUG -    Iteration 1: outlet=18.6°C → predicted=22.49°C, error=-0.108°C (range: 18.3-18.8°C)
2026-05-03 17:25:37,538 - DEBUG -      → Cooling: Predicted below target, raising minimum to 18.6°C
2026-05-03 17:25:37,540 - DEBUG -    Iteration 2: outlet=18.7°C → predicted=22.49°C, error=-0.108°C (range: 18.6-18.8°C)
2026-05-03 17:25:37,540 - DEBUG -      → Cooling: Predicted below target, raising minimum to 18.7°C
2026-05-03 17:25:37,541 - DEBUG -    Iteration 3: outlet=18.7°C → predicted=22.49°C, error=-0.108°C (range: 18.7-18.8°C)
2026-05-03 17:25:37,541 - DEBUG -      → Cooling: Predicted below target, raising minimum to 18.7°C
2026-05-03 17:25:37,543 - DEBUG -    Iteration 4: outlet=18.8°C → predicted=22.49°C, error=-0.108°C (range: 18.7-18.8°C)
2026-05-03 17:25:37,543 - DEBUG -      → Cooling: Predicted below target, raising minimum to 18.8°C
2026-05-03 17:25:37,543 - INFO - 🔄 Binary search early exit after 5 iterations: range collapsed to 0.031°C, using 18.8°C
2026-05-03 17:25:37,543 - DEBUG - 🧠 Smart rounding is using cycle-aligned forecast: PV=3251W (caller sent PV=3502W)
2026-05-03 17:25:37,543 - INFO - 🎯 Prediction: Current 23.57°C → Target 22.6°C | Calculated outlet: 18.8°C (before smart rounding) (confidence: 4.832)
2026-05-03 17:25:37,544 - DEBUG - Model Wrapper: temp=18.8°C, error=0.970°C, confidence=4.832
2026-05-03 17:25:37,544 - DEBUG - EMA smoothing: 18.78°C → 18.8°C (last=18.9, α=0.50)
2026-05-03 17:25:37,544 - DEBUG - ♻️ Reusing existing Model Wrapper instance
2026-05-03 17:25:37,544 - INFO - 🌡️ Using cycle-aligned forecast (10min): outdoor=24.9°C (vs current 24.9°C), PV=3251W (vs current 3502W)
2026-05-03 17:25:37,544 - DEBUG - 🧠 Smart rounding is using cycle-aligned forecast: PV=3251W (caller sent PV=3251W)
2026-05-03 17:25:37,544 - DEBUG - 🧠 Smart rounding is using cycle-aligned forecast: PV=3251W (caller sent PV=3251W)
2026-05-03 17:25:37,545 - DEBUG - Smart rounding: 18.80°C → 18°C (chose floor: floor→23.49°C [err=0.894], ceiling→23.53°C [err=0.926], target=22.6°C)
2026-05-03 17:25:37,545 - DEBUG - Setting target outlet temp
2026-05-03 17:25:37,545 - DEBUG - Setting HA state for sensor.ml_vorlauftemperatur: {'state': '18.8', 'attributes': {'state_class': 'measurement', 'unique_id': 'ml_heating_target_outlet_temp', 'friendly_name': 'ML Target Outlet Temp', 'unit_of_measurement': '°C', 'device_class': 'temperature', 'icon': 'mdi:thermometer-water'}}
2026-05-03 17:25:37,558 - DEBUG - Logging thermal model metrics
2026-05-03 17:25:37,558 - DEBUG - Setting HA state for sensor.ml_heating_state: {'state': '0', 'attributes': {'state_class': 'measurement', 'unique_id': 'ml_heating_state', 'friendly_name': 'ML Heating State', 'unit_of_measurement': 'state', 'icon': 'mdi:information-outline', 'state_description': 'OK - Prediction done', 'confidence': 4.8315, 'suggested_temp': 18.78, 'final_temp': 18.8, 'predicted_indoor': 23.54, 'last_prediction_time': '2026-05-03T15:25:37.558585+00:00', 'temperature_error': 0.97}}
2026-05-03 17:25:37,577 - DEBUG - ✅ ACTIVE MODE: ML controlling heating via input_boolean.ml_heating
2026-05-03 17:25:37,578 - DEBUG - 🧠 Smart rounding is using cycle-aligned forecast: PV=3251W (caller sent PV=3502W)
2026-05-03 17:25:37,579 - DEBUG - Target: 22.6°C | Suggested: 18.8°C | Applied: 18.8°C | Actual Indoor: 23.57°C | Predicted Indoor: 23.52°C | Confidence: 4.832
2026-05-03 17:25:37,579 - INFO - Target: 22.6°C | Suggested: 18.8°C | Applied: 18.8°C | Actual Indoor: 23.57°C | Predicted Indoor: 23.52°C | Confidence: 4.832
2026-05-03 17:25:37,612 - DEBUG - 💾 Saved cooling thermal state to /config/ml_heating/unified_thermal_state_cooling.json
2026-05-03 17:25:37,612 - DEBUG - Operational state saved to /config/ml_heating/unified_thermal_state_cooling.json; updated keys: ['last_run_features', 'last_indoor_temp', 'last_avg_other_rooms_temp', 'last_fireplace_on', 'last_final_temp', 'last_predicted_indoor', 'last_is_blocking', 'last_blocking_reasons', 'setpoint_hold_cycles_remaining']
2026-05-03 17:25:37,612 - DEBUG - Setting HA state for sensor.ml_heating_features: {'state': '23.64', 'attributes': {'state_class': 'measurement', 'unique_id': 'ml_heating_features', 'friendly_name': 'ML Heating Features', 'unit_of_measurement': '°C', 'device_class': 'temperature', 'icon': 'mdi:feature-search-outline', 'living_room_temp': 23.64, 'outlet_temp': 18.1, 'indoor_temp_lag_30m': 23.587000000000003, 'target_temp': 22.6, 'outdoor_temp': 25.240625000000005, 'dhw_heating': 0.0, 'dhw_disinfection': 0.0, 'dhw_boost_heater': 0.0, 'defrosting': 0.0, 'pv_now': 2658.0, 'pv_now_electrical': 4430.0, 'solar_correction_percent': 60.0, 'solar_correction_factor': 0.6, 'solar_correction_enabled': 1.0, 'fireplace_on': 0.0, 'tv_on': 0.0, 'temp_forecast_1h': 25.24, 'temp_forecast_2h': 24.44, 'temp_forecast_3h': 22.54, 'temp_forecast_4h': 19.64, 'temp_forecast_5h': 18.14, 'temp_forecast_6h': 17.34, 'temp_forecast_7h': 16.64, 'temp_forecast_8h': 16.04, 'temp_forecast_9h': 15.34, 'temp_forecast_10h': 15.44, 'temp_forecast_11h': 15.34, 'temp_forecast_12h': 15.34, 'pv_forecast_1h': 493.79999999999995, 'pv_forecast_2h': 162.29999999999998, 'pv_forecast_3h': 1.2, 'pv_forecast_4h': 0.0, 'pv_forecast_5h': 0.0, 'pv_forecast_6h': 0.0, 'pv_forecast_7h': 0.0, 'pv_forecast_8h': 0.0, 'pv_forecast_9h': 0.0, 'pv_forecast_10h': 0.0, 'pv_forecast_11h': 0.0, 'pv_forecast_12h': 6.119999999999999, 'pv_forecast_electrical_1h': 823.0, 'pv_forecast_electrical_2h': 270.5, 'pv_forecast_electrical_3h': 2.0, 'pv_forecast_electrical_4h': 0.0, 'pv_forecast_electrical_5h': 0.0, 'pv_forecast_electrical_6h': 0.0, 'pv_forecast_electrical_7h': 0.0, 'pv_forecast_electrical_8h': 0.0, 'pv_forecast_electrical_9h': 0.0, 'pv_forecast_electrical_10h': 0.0, 'pv_forecast_electrical_11h': 0.0, 'pv_forecast_electrical_12h': 10.2, 'cloud_cover_forecast_1h': 0.0, 'cloud_cover_forecast_2h': 0.0, 'cloud_cover_forecast_3h': 0.0, 'cloud_cover_forecast_4h': 0.0, 'cloud_cover_forecast_5h': 0.0, 'cloud_cover_forecast_6h': 0.0, 'cloud_cover_forecast_7h': 0.0, 'cloud_cover_forecast_8h': 0.0, 'cloud_cover_forecast_9h': 0.0, 'cloud_cover_forecast_10h': 0.0, 'cloud_cover_forecast_11h': 0.0, 'cloud_cover_forecast_12h': 0.0, 'temp_diff_indoor_outdoor': -1.6725000000000065, 'indoor_temp_gradient': 1.0087499999999991, 'outlet_indoor_diff': -5.468124999999997, 'indoor_temp_lag_10m': 23.563333333333333, 'indoor_temp_lag_60m': 23.525, 'outlet_temp_lag_30m': 18.199999999999996, 'outlet_temp_change': 3.552713678800501e-15, 'indoor_temp_delta_10m': 0.004791666666665861, 'indoor_temp_delta_30m': -0.01887500000000486, 'indoor_temp_delta_60m': 0.04312499999999986, 'hour_sin': -0.9659258262890683, 'hour_cos': -0.25881904510252063, 'month_sin': 0.8660254037844387, 'month_cos': -0.4999999999999998, 'outlet_effectiveness_ratio': 9.68124999999997, 'inlet_temp': 20.8, 'flow_rate': 14.0, 'power_consumption': 611.0, 'delta_t': -2.6999999999999993, 'thermal_power_kw': -2.6371799999999994, 'cop_realtime': -4.3161702127659565, 'temp_trend_forecast': -1.1500781250000007, 'heating_demand_forecast': 0.4960000000000001, 'combined_forecast_thermal_load': 0.4960000000000001, 'pv_power_history': [4513.8, 4902.0, 4812.0, 4039.7999999999997, 4014.0, 3093.0, 2656.2, 2310.6, 2409.0, 2143.7999999999997, 2117.4, 2411.4, 3783.6, 5112.0, 4697.4, 3894.0, 3231.6, 2890.0], 'last_updated': '2026-05-03T15:25:37.612653+00:00'}}
2026-05-03 17:25:37,626 - DEBUG - Published 89 features to sensor.ml_heating_features
2026-05-03 17:25:37,626 - DEBUG - ✅ CYCLE 15 END: 17:25:37 (duration: 0.6s)
2026-05-03 17:25:37,626 - DEBUG - 💤 POLLING START: Waiting 30min until next cycle...
2026-05-03 17:25:37,654 - DEBUG - Active sampling: buffered 6 readings
127.0.0.1 - - [03/May/2026 17:25:40] "GET /health HTTP/1.1" 200 -
127.0.0.1 - - [03/May/2026 17:26:10] "GET /health HTTP/1.1" 200 -
2026-05-03 17:26:37,687 - DEBUG - Active sampling: buffered 6 readings
127.0.0.1 - - [03/May/2026 17:26:40] "GET /health HTTP/1.1" 200 -
127.0.0.1 - - [03/May/2026 17:27:10] "GET /health HTTP/1.1" 200 -
2026-05-03 17:27:37,718 - DEBUG - Active sampling: buffered 6 readings
127.0.0.1 - - [03/May/2026 17:27:40] "GET /health HTTP/1.1" 200 -
127.0.0.1 - - [03/May/2026 17:28:10] "GET /health HTTP/1.1" 200 -
2026-05-03 17:28:37,751 - DEBUG - Active sampling: buffered 6 readings
127.0.0.1 - - [03/May/2026 17:28:40] "GET /health HTTP/1.1" 200 -
127.0.0.1 - - [03/May/2026 17:29:10] "GET /health HTTP/1.1" 200 -
2026-05-03 17:29:37,784 - DEBUG - Active sampling: buffered 6 readings
127.0.0.1 - - [03/May/2026 17:29:40] "GET /health HTTP/1.1" 200 -
127.0.0.1 - - [03/May/2026 17:30:11] "GET /health HTTP/1.1" 200 -
2026-05-03 17:30:37,816 - DEBUG - Active sampling: buffered 6 readings
127.0.0.1 - - [03/May/2026 17:30:41] "GET /health HTTP/1.1" 200 -
127.0.0.1 - - [03/May/2026 17:31:11] "GET /health HTTP/1.1" 200 -
2026-05-03 17:31:37,849 - DEBUG - Active sampling: buffered 6 readings
127.0.0.1 - - [03/May/2026 17:31:41] "GET /health HTTP/1.1" 200 -
127.0.0.1 - - [03/May/2026 17:32:11] "GET /health HTTP/1.1" 200 -
2026-05-03 17:32:37,881 - DEBUG - Active sampling: buffered 6 readings
127.0.0.1 - - [03/May/2026 17:32:41] "GET /health HTTP/1.1" 200 -
127.0.0.1 - - [03/May/2026 17:33:11] "GET /health HTTP/1.1" 200 -
2026-05-03 17:33:37,920 - DEBUG - Active sampling: buffered 6 readings
127.0.0.1 - - [03/May/2026 17:33:41] "GET /health HTTP/1.1" 200 -
127.0.0.1 - - [03/May/2026 17:34:11] "GET /health HTTP/1.1" 200 -
2026-05-03 17:34:37,952 - DEBUG - Active sampling: buffered 6 readings
127.0.0.1 - - [03/May/2026 17:34:41] "GET /health HTTP/1.1" 200 -
127.0.0.1 - - [03/May/2026 17:35:11] "GET /health HTTP/1.1" 200 -
2026-05-03 17:35:37,953 - DEBUG - ⏰ POLLING END: Waited 10.0min, starting next cycle...
2026-05-03 17:35:37,953 - DEBUG - 🔄 CYCLE 16 START: 17:35:37 (interval: 10.0min since last cycle)
2026-05-03 17:35:37,953 - DEBUG - ♻️ Reusing existing Model Wrapper instance
2026-05-03 17:35:37,953 - INFO - Successfully loaded operational state from /config/ml_heating/unified_thermal_state_cooling.json
2026-05-03 17:35:37,984 - DEBUG - Setting HA state for sensor.ml_heating_cop_realtime: {'state': '-7.29', 'attributes': {'state_class': 'measurement', 'unique_id': 'ml_heating_cop_realtime', 'friendly_name': 'ML Heating COP (Realtime)', 'unit_of_measurement': 'COP', 'icon': 'mdi:heat-pump', 'device_class': 'power_factor'}}
2026-05-03 17:35:37,997 - DEBUG - Setting HA state for sensor.ml_heating_thermal_power: {'state': '-2.637', 'attributes': {'state_class': 'measurement', 'unique_id': 'ml_heating_thermal_power', 'friendly_name': 'ML Heating Thermal Power', 'unit_of_measurement': 'kW', 'icon': 'mdi:flash', 'device_class': 'power'}}
2026-05-03 17:35:38,031 - DEBUG - Wrote thermodynamic metrics to InfluxDB
2026-05-03 17:35:38,031 - DEBUG - Thermodynamic sensors updated: COP=-7.29, Power=-2.637kW
2026-05-03 17:35:38,031 - DEBUG - ♻️ Reusing existing Model Wrapper instance
2026-05-03 17:35:38,031 - DEBUG - 🎯 ACTIVE MODE LEARNING (trajectory): Verifying ML prediction accuracy for 18.8°C outlet setting
2026-05-03 17:35:38,035 - DEBUG - ☀️ SolarChannel self-learned: avg_error=-0.009, pv_heat_weight=0.00137, solar_lag=45.1min, cloud_exp=1.00, solar_decay_tau=1.00h
2026-05-03 17:35:38,035 - INFO - ☀️ pv parameter update: attributed_error=-0.028736 | pv_heat_weight: 0.001376→0.001367 (Δ-0.000009) | solar_decay_tau_hours: 0.999653→0.999648 (Δ-0.000004) | solar_lag_minutes: 45.120964→45.121356 (Δ+0.000391)
2026-05-03 17:35:38,035 - INFO - Channel routing → [☀️ pv*] | error=-0.0287 | pv_current=2658W pv_smoothed=3502W | params_changed=pv
2026-05-03 17:35:38,074 - DEBUG - 💾 Saved cooling thermal state to /config/ml_heating/unified_thermal_state_cooling.json
2026-05-03 17:35:38,074 - DEBUG - Skipping legacy global adaptation: channel mode owns recent-window learning
2026-05-03 17:35:38,109 - DEBUG - 💾 Saved cooling thermal state to /config/ml_heating/unified_thermal_state_cooling.json
2026-05-03 17:35:38,110 - DEBUG - Prediction feedback: error=-0.029°C, confidence=5.000
2026-05-03 17:35:38,143 - DEBUG - 💾 Saved cooling thermal state to /config/ml_heating/unified_thermal_state_cooling.json
2026-05-03 17:35:38,143 - DEBUG - 💾 Saved 46 predictions to unified thermal state
2026-05-03 17:35:38,143 - DEBUG - Added prediction: pred=23.58, actual=23.55, error=-0.029
2026-05-03 17:35:38,176 - DEBUG - 💾 Saved cooling thermal state to /config/ml_heating/unified_thermal_state_cooling.json
2026-05-03 17:35:38,200 - DEBUG - Wrote prediction metrics to InfluxDB bucket 'ml_heating_features' with MAE(1h)=0.026
2026-05-03 17:35:38,200 - DEBUG - ✅ Exported prediction metrics to InfluxDB
2026-05-03 17:35:38,211 - DEBUG - Wrote thermal learning metrics to InfluxDB: effectiveness=0.953, confidence=5.00
2026-05-03 17:35:38,211 - DEBUG - ✅ Exported thermal learning metrics to InfluxDB
2026-05-03 17:35:38,224 - DEBUG - Wrote feature importances to Influx bucket 'ml_heating_features' (measurement=feature_importance) with timestamp 2026-05-03T15:35:38.211836+00:00
2026-05-03 17:35:38,224 - DEBUG - ✅ Exported feature importance to InfluxDB
2026-05-03 17:35:38,235 - DEBUG - Wrote learning phase metrics to InfluxDB: phase=high_confidence, stability=1.00
2026-05-03 17:35:38,235 - DEBUG - ✅ Exported learning phase metrics to InfluxDB
2026-05-03 17:35:38,246 - DEBUG - Wrote trajectory prediction metrics to InfluxDB: horizon=4h, mae_1h=0.026
2026-05-03 17:35:38,246 - DEBUG - ✅ Exported trajectory prediction metrics to InfluxDB
2026-05-03 17:35:38,246 - INFO - 📊 Exported all adaptive learning metrics to InfluxDB (cycle 45)
2026-05-03 17:35:38,247 - DEBUG - Setting HA state for sensor.ml_model_mae: {'state': '0.0341', 'attributes': {'state_class': 'measurement', 'unique_id': 'ml_heating_model_mae', 'friendly_name': 'ML Model MAE', 'unit_of_measurement': '°C', 'icon': 'mdi:chart-line', 'last_updated': '2026-05-03T15:35:38.247845+00:00'}}
2026-05-03 17:35:38,263 - DEBUG - Setting HA state for sensor.ml_model_rmse: {'state': '0.0462', 'attributes': {'state_class': 'measurement', 'unique_id': 'ml_heating_model_rmse', 'friendly_name': 'ML Model RMSE', 'unit_of_measurement': '°C', 'icon': 'mdi:chart-line', 'last_updated': '2026-05-03T15:35:38.247845+00:00'}}
2026-05-03 17:35:38,278 - DEBUG - Setting HA state for sensor.ml_heating_learning: {'state': '5.000', 'attributes': {'state_class': 'measurement', 'unique_id': 'ml_heating_learning', 'friendly_name': 'ML Adaptive Learning Metrics', 'unit_of_measurement': 'metrics', 'icon': 'mdi:brain', 'thermal_time_constant': 4.390554703745845, 'heat_loss_coefficient': 0.1245214561975565, 'outlet_effectiveness': 0.9526723072021629, 'pv_heat_weight': 0.001367013372606648, 'fireplace_heat_weight': 0.387, 'tv_heat_weight': 0.35, 'solar_lag_minutes': 45.12135557494386, 'slab_time_constant_hours': 3.19, 'heat_source_channels_enabled': True, 'total_conductance': 0.3, 'equilibrium_ratio': 0.5, 'cycle_count': 45, 'parameter_updates': 13, 'model_health': 'excellent', 'learning_progress': 0.45, 'is_improving': True, 'improvement_percentage': 57.132098026414354, 'total_predictions': 46, 'learning_confidence': 5.0, 'last_updated': '2026-05-03T15:35:38.278372+00:00', 'delta_t_floor': 2.3, 'cloud_factor_exponent': 1.0, 'solar_decay_tau_hours': 0.9996482742210433, 'fp_heat_output_kw': 0.387, 'fp_decay_time_constant': 3.9144707244638868, 'room_spread_delay_minutes': 18.0, 'ch_heat_pump_history_count': 0, 'ch_heat_pump_last_error': 0.0, 'ch_pv_history_count': 43, 'ch_pv_last_error': -0.028735847430336747, 'ch_fireplace_history_count': 0, 'ch_fireplace_last_error': 0.0, 'ch_tv_history_count': 0, 'ch_tv_last_error': 0.0}}
2026-05-03 17:35:38,293 - DEBUG - Setting HA state for sensor.ml_model_mae: {'state': '0.0341', 'attributes': {'state_class': 'measurement', 'unique_id': 'ml_heating_model_mae', 'friendly_name': 'ML Model MAE', 'unit_of_measurement': '°C', 'icon': 'mdi:chart-line', 'mae_1h': 0.026025714922626324, 'mae_6h': 0.03411380988821346, 'mae_24h': 0.03411380988821346, 'trend_direction': 'improving', 'prediction_count': 46, 'last_updated': '2026-05-03T15:35:38.278372+00:00'}}
2026-05-03 17:35:38,309 - DEBUG - Setting HA state for sensor.ml_model_rmse: {'state': '0.0462', 'attributes': {'state_class': 'measurement', 'unique_id': 'ml_heating_model_rmse', 'friendly_name': 'ML Model RMSE', 'unit_of_measurement': '°C', 'icon': 'mdi:chart-line', 'recent_max_error': 0.043852356837998485, 'std_error': 0.0312, 'mean_bias': 0.0, 'prediction_count': 46, 'last_updated': '2026-05-03T15:35:38.278372+00:00'}}
2026-05-03 17:35:38,324 - DEBUG - Setting HA state for sensor.ml_prediction_accuracy: {'state': '100.0', 'attributes': {'state_class': 'measurement', 'unique_id': 'ml_prediction_accuracy', 'friendly_name': 'ML Prediction Accuracy', 'unit_of_measurement': '%', 'icon': 'mdi:target', 'perfect_accuracy_pct': 0.0, 'tolerable_accuracy_pct': 100.0, 'poor_accuracy_pct': 0.0, 'prediction_count_24h': 0, 'excellent_all_time_pct': 95.65217391304348, 'good_all_time_pct': 100.0, 'last_updated': '2026-05-03T15:35:38.278372+00:00'}}
2026-05-03 17:35:38,338 - DEBUG - Logged refactored sensor metrics to HA
2026-05-03 17:35:38,338 - DEBUG - Logging feature importance
2026-05-03 17:35:38,338 - DEBUG - Setting HA state for sensor.ml_feature_importance: {'state': '5', 'attributes': {'state_class': 'measurement', 'unique_id': 'ml_heating_feature_importance', 'friendly_name': 'ML Feature Importance', 'unit_of_measurement': '%', 'icon': 'mdi:format-list-numbered', 'top_features': {'target_temp': 52.47, 'fireplace': 21.32, 'tv_power': 19.28, 'outdoor_temp': 6.86, 'pv_power': 0.08}, 'last_updated': '2026-05-03T15:35:38.338477+00:00'}}
2026-05-03 17:35:38,353 - INFO - ✅ Exported metrics to Home Assistant sensors successfully
2026-05-03 17:35:38,353 - INFO - ✅ Learning cycle 45: error=0.029°C, confidence=5.000, total_predictions=46
2026-05-03 17:35:38,353 - DEBUG - ✅ Online learning: applied_temp=18.8°C, actual_change=-0.020°C, cycle=45
2026-05-03 17:35:38,354 - INFO - ❄️ Cooling mode active (state: cool)
2026-05-03 17:35:38,354 - DEBUG - ♻️ Reusing existing Model Wrapper instance
2026-05-03 17:35:38,354 - INFO - ❄️ COOLING MODE: ML will calculate cooling outlet temperature (outlet < inlet) — using cooling state /config/ml_heating/unified_thermal_state_cooling.json
2026-05-03 17:35:38,383 - DEBUG - Fireplace is OFF. Using main indoor temp for prediction.
2026-05-03 17:35:38,528 - DEBUG - PV forecast parsed successfully: [713.0, 138.5, 0.0, 0.0, 0.0, 0.0, 0.0, 0.0, 0.0, 0.0, 0.0, 28.8]W
2026-05-03 17:35:38,528 - DEBUG - Solar correction: enabled=True, percent=60.0%, factor=0.600
2026-05-03 17:35:38,565 - DEBUG - Delta calibration applied: offset=+3.57°C
2026-05-03 17:35:38,565 - DEBUG - Raw forecasts: [21.5, 20.7, 18.8, 15.9, 14.4, 13.6, 12.9, 12.3, 11.6, 11.7, 11.6, 11.6]
2026-05-03 17:35:38,565 - DEBUG - Calibrated forecasts: [25.07, 24.27, 22.37, 19.47, 17.97, 17.17, 16.47, 15.87, 15.17, 15.27, 15.17, 15.17]
2026-05-03 17:35:38,569 - INFO - ☀️ Forecast trajectory: PV=5190W, remaining_pv_hours=2 + min_steps=6 → 8 steps
2026-05-03 17:35:38,569 - DEBUG - ♻️ Reusing existing Model Wrapper instance
2026-05-03 17:35:38,575 - INFO - DEBUG: Wrapper params: U=0.1245214561975565, eff=0.9526723072021629, tau=4.390554703745845
2026-05-03 17:35:38,575 - DEBUG - ❄️ Cooling: tightened outlet_max to 18.8°C (inlet=20.8°C − delta=2.0°C)
2026-05-03 17:35:38,575 - INFO - ❄️ Cooling mode bounds: outlet 18.3–18.8°C (indoor=23.6°C, target=22.6°C)
2026-05-03 17:35:38,575 - DEBUG - 🔧 Using natural bounds: outlet_min=18.3°C, outlet_max=18.8°C
2026-05-03 17:35:38,576 - INFO - 🌡️ Using cycle-aligned forecast (10min): outdoor=25.1°C (vs current 25.1°C), PV=3179W (vs current 3429W)
2026-05-03 17:35:38,576 - DEBUG - DEBUG: Using PV history (len=18) instead of scalar 3178.777777777778
2026-05-03 17:35:38,576 - INFO - 🔄 HP off (delta_t=-2.70): simulating HP-on delta_t=2.30 for binary search
2026-05-03 17:35:38,576 - DEBUG - 🎯 Binary search start: target=22.6°C, current=23.6°C, range=18.3-18.8°C
2026-05-03 17:35:38,576 - DEBUG - 🔍 Binary search features: inlet_temp=20.8, delta_t_floor=2.30, indoor_temp_delta_60m=-0.0034, horizon=8.0h, outlet_mid=18.6°C
2026-05-03 17:35:38,578 - DEBUG - ✅ Binary search trajectory OK (iter 1): outlet=18.6°C → predicted=22.42°C (steps=48, start=23.58→end=22.42)
2026-05-03 17:35:38,578 - DEBUG -    Iteration 1: outlet=18.6°C → predicted=22.42°C, error=-0.185°C (range: 18.3-18.8°C)
2026-05-03 17:35:38,578 - DEBUG -      → Cooling: Predicted below target, raising minimum to 18.6°C
2026-05-03 17:35:38,579 - DEBUG -    Iteration 2: outlet=18.7°C → predicted=22.42°C, error=-0.185°C (range: 18.6-18.8°C)
2026-05-03 17:35:38,579 - DEBUG -      → Cooling: Predicted below target, raising minimum to 18.7°C
2026-05-03 17:35:38,580 - DEBUG -    Iteration 3: outlet=18.7°C → predicted=22.42°C, error=-0.185°C (range: 18.7-18.8°C)
2026-05-03 17:35:38,581 - DEBUG -      → Cooling: Predicted below target, raising minimum to 18.7°C
2026-05-03 17:35:38,582 - DEBUG -    Iteration 4: outlet=18.8°C → predicted=22.42°C, error=-0.185°C (range: 18.7-18.8°C)
2026-05-03 17:35:38,582 - DEBUG -      → Cooling: Predicted below target, raising minimum to 18.8°C
2026-05-03 17:35:38,582 - INFO - 🔄 Binary search early exit after 5 iterations: range collapsed to 0.031°C, using 18.8°C
2026-05-03 17:35:38,582 - DEBUG - 🧠 Smart rounding is using cycle-aligned forecast: PV=3179W (caller sent PV=3429W)
2026-05-03 17:35:38,582 - INFO - 🎯 Prediction: Current 23.55°C → Target 22.6°C | Calculated outlet: 18.8°C (before smart rounding) (confidence: 5.000)
2026-05-03 17:35:38,582 - DEBUG - Model Wrapper: temp=18.8°C, error=0.950°C, confidence=5.000
2026-05-03 17:35:38,583 - DEBUG - EMA smoothing: 18.78°C → 18.8°C (last=18.8, α=0.50)
2026-05-03 17:35:38,583 - DEBUG - ♻️ Reusing existing Model Wrapper instance
2026-05-03 17:35:38,583 - INFO - 🌡️ Using cycle-aligned forecast (10min): outdoor=24.7°C (vs current 24.7°C), PV=3179W (vs current 3429W)
2026-05-03 17:35:38,583 - DEBUG - 🧠 Smart rounding is using cycle-aligned forecast: PV=3179W (caller sent PV=3179W)
2026-05-03 17:35:38,583 - DEBUG - 🧠 Smart rounding is using cycle-aligned forecast: PV=3179W (caller sent PV=3179W)
2026-05-03 17:35:38,583 - DEBUG - Smart rounding: 18.80°C → 18°C (chose floor: floor→23.47°C [err=0.873], ceiling→23.51°C [err=0.905], target=22.6°C)
2026-05-03 17:35:38,583 - DEBUG - Setting target outlet temp
2026-05-03 17:35:38,584 - DEBUG - Setting HA state for sensor.ml_vorlauftemperatur: {'state': '18.8', 'attributes': {'state_class': 'measurement', 'unique_id': 'ml_heating_target_outlet_temp', 'friendly_name': 'ML Target Outlet Temp', 'unit_of_measurement': '°C', 'device_class': 'temperature', 'icon': 'mdi:thermometer-water'}}
2026-05-03 17:35:38,596 - DEBUG - Logging thermal model metrics
2026-05-03 17:35:38,596 - DEBUG - Setting HA state for sensor.ml_heating_state: {'state': '0', 'attributes': {'state_class': 'measurement', 'unique_id': 'ml_heating_state', 'friendly_name': 'ML Heating State', 'unit_of_measurement': 'state', 'icon': 'mdi:information-outline', 'state_description': 'OK - Prediction done', 'confidence': 5.0, 'suggested_temp': 18.78, 'final_temp': 18.8, 'predicted_indoor': 23.52, 'last_prediction_time': '2026-05-03T15:35:38.596627+00:00', 'temperature_error': 0.95}}
2026-05-03 17:35:38,611 - DEBUG - ✅ ACTIVE MODE: ML controlling heating via input_boolean.ml_heating
2026-05-03 17:35:38,612 - DEBUG - 🧠 Smart rounding is using cycle-aligned forecast: PV=3179W (caller sent PV=3429W)
2026-05-03 17:35:38,613 - DEBUG - Target: 22.6°C | Suggested: 18.8°C | Applied: 18.8°C | Actual Indoor: 23.55°C | Predicted Indoor: 23.50°C | Confidence: 5.000
2026-05-03 17:35:38,613 - INFO - Target: 22.6°C | Suggested: 18.8°C | Applied: 18.8°C | Actual Indoor: 23.55°C | Predicted Indoor: 23.50°C | Confidence: 5.000
2026-05-03 17:35:38,649 - DEBUG - 💾 Saved cooling thermal state to /config/ml_heating/unified_thermal_state_cooling.json
2026-05-03 17:35:38,649 - DEBUG - Operational state saved to /config/ml_heating/unified_thermal_state_cooling.json; updated keys: ['last_run_features', 'last_indoor_temp', 'last_avg_other_rooms_temp', 'last_fireplace_on', 'last_final_temp', 'last_predicted_indoor', 'last_is_blocking', 'last_blocking_reasons', 'setpoint_hold_cycles_remaining']
2026-05-03 17:35:38,650 - DEBUG - Setting HA state for sensor.ml_heating_features: {'state': '23.64', 'attributes': {'state_class': 'measurement', 'unique_id': 'ml_heating_features', 'friendly_name': 'ML Heating Features', 'unit_of_measurement': '°C', 'device_class': 'temperature', 'icon': 'mdi:feature-search-outline', 'living_room_temp': 23.64, 'outlet_temp': 18.1, 'indoor_temp_lag_30m': 23.571999999999996, 'target_temp': 22.6, 'outdoor_temp': 25.068749999999998, 'dhw_heating': 0.0, 'dhw_disinfection': 0.0, 'dhw_boost_heater': 0.0, 'defrosting': 0.0, 'pv_now': 3114.0, 'pv_now_electrical': 5190.0, 'solar_correction_percent': 60.0, 'solar_correction_factor': 0.6, 'solar_correction_enabled': 1.0, 'fireplace_on': 0.0, 'tv_on': 0.0, 'temp_forecast_1h': 25.07, 'temp_forecast_2h': 24.27, 'temp_forecast_3h': 22.37, 'temp_forecast_4h': 19.47, 'temp_forecast_5h': 17.97, 'temp_forecast_6h': 17.17, 'temp_forecast_7h': 16.47, 'temp_forecast_8h': 15.87, 'temp_forecast_9h': 15.17, 'temp_forecast_10h': 15.27, 'temp_forecast_11h': 15.17, 'temp_forecast_12h': 15.17, 'pv_forecast_1h': 427.8, 'pv_forecast_2h': 83.1, 'pv_forecast_3h': 0.0, 'pv_forecast_4h': 0.0, 'pv_forecast_5h': 0.0, 'pv_forecast_6h': 0.0, 'pv_forecast_7h': 0.0, 'pv_forecast_8h': 0.0, 'pv_forecast_9h': 0.0, 'pv_forecast_10h': 0.0, 'pv_forecast_11h': 0.0, 'pv_forecast_12h': 17.28, 'pv_forecast_electrical_1h': 713.0, 'pv_forecast_electrical_2h': 138.5, 'pv_forecast_electrical_3h': 0.0, 'pv_forecast_electrical_4h': 0.0, 'pv_forecast_electrical_5h': 0.0, 'pv_forecast_electrical_6h': 0.0, 'pv_forecast_electrical_7h': 0.0, 'pv_forecast_electrical_8h': 0.0, 'pv_forecast_electrical_9h': 0.0, 'pv_forecast_electrical_10h': 0.0, 'pv_forecast_electrical_11h': 0.0, 'pv_forecast_electrical_12h': 28.8, 'cloud_cover_forecast_1h': 0.0, 'cloud_cover_forecast_2h': 0.0, 'cloud_cover_forecast_3h': 0.0, 'cloud_cover_forecast_4h': 0.0, 'cloud_cover_forecast_5h': 0.0, 'cloud_cover_forecast_6h': 0.0, 'cloud_cover_forecast_7h': 0.0, 'cloud_cover_forecast_8h': 0.0, 'cloud_cover_forecast_9h': 0.0, 'cloud_cover_forecast_10h': 0.0, 'cloud_cover_forecast_11h': 0.0, 'cloud_cover_forecast_12h': 0.0, 'temp_diff_indoor_outdoor': -1.5181249999999977, 'indoor_temp_gradient': 0.8077499999999773, 'outlet_indoor_diff': -5.450624999999999, 'indoor_temp_lag_10m': 23.535, 'indoor_temp_lag_60m': 23.553999999999995, 'outlet_temp_lag_30m': 18.15, 'outlet_temp_change': 3.552713678800501e-15, 'indoor_temp_delta_10m': 0.015625, 'indoor_temp_delta_30m': -0.02137499999999548, 'indoor_temp_delta_60m': -0.003374999999994799, 'hour_sin': -0.9659258262890683, 'hour_cos': -0.25881904510252063, 'month_sin': 0.8660254037844387, 'month_cos': -0.4999999999999998, 'outlet_effectiveness_ratio': 9.506249999999987, 'inlet_temp': 20.8, 'flow_rate': 14.0, 'power_consumption': 362.0, 'delta_t': -2.6999999999999993, 'thermal_power_kw': -2.6371799999999994, 'cop_realtime': -7.285027624309391, 'temp_trend_forecast': -1.1498437499999998, 'heating_demand_forecast': 0.5130000000000001, 'combined_forecast_thermal_load': 0.5130000000000001, 'pv_power_history': [4902.0, 4812.0, 4039.7999999999997, 4014.0, 3093.0, 2656.2, 2310.6, 2409.0, 2143.7999999999997, 2117.4, 2411.4, 3783.6, 5112.0, 4697.4, 3894.0, 3231.6, 2884.7999999999997, 3207.0], 'last_updated': '2026-05-03T15:35:38.649777+00:00'}}
2026-05-03 17:35:38,664 - DEBUG - Published 89 features to sensor.ml_heating_features
2026-05-03 17:35:38,664 - DEBUG - ✅ CYCLE 16 END: 17:35:38 (duration: 0.7s)
2026-05-03 17:35:38,665 - DEBUG - 💤 POLLING START: Waiting 30min until next cycle...
2026-05-03 17:35:38,693 - DEBUG - Active sampling: buffered 6 readings
127.0.0.1 - - [03/May/2026 17:35:41] "GET /health HTTP/1.1" 200 -
127.0.0.1 - - [03/May/2026 17:36:11] "GET /health HTTP/1.1" 200 -
2026-05-03 17:36:38,726 - DEBUG - Active sampling: buffered 6 readings
127.0.0.1 - - [03/May/2026 17:36:41] "GET /health HTTP/1.1" 200 -
127.0.0.1 - - [03/May/2026 17:37:11] "GET /health HTTP/1.1" 200 -
2026-05-03 17:37:38,759 - DEBUG - Active sampling: buffered 6 readings
127.0.0.1 - - [03/May/2026 17:37:41] "GET /health HTTP/1.1" 200 -
127.0.0.1 - - [03/May/2026 17:38:11] "GET /health HTTP/1.1" 200 -
2026-05-03 17:38:38,792 - DEBUG - Active sampling: buffered 6 readings
127.0.0.1 - - [03/May/2026 17:38:42] "GET /health HTTP/1.1" 200 -
127.0.0.1 - - [03/May/2026 17:39:12] "GET /health HTTP/1.1" 200 -
2026-05-03 17:39:38,825 - DEBUG - Active sampling: buffered 6 readings
127.0.0.1 - - [03/May/2026 17:39:42] "GET /health HTTP/1.1" 200 -
127.0.0.1 - - [03/May/2026 17:40:12] "GET /health HTTP/1.1" 200 -
2026-05-03 17:40:38,857 - DEBUG - Active sampling: buffered 6 readings
127.0.0.1 - - [03/May/2026 17:40:42] "GET /health HTTP/1.1" 200 -
127.0.0.1 - - [03/May/2026 17:41:12] "GET /health HTTP/1.1" 200 -
2026-05-03 17:41:38,890 - DEBUG - Active sampling: buffered 6 readings
127.0.0.1 - - [03/May/2026 17:41:42] "GET /health HTTP/1.1" 200 -
127.0.0.1 - - [03/May/2026 17:42:12] "GET /health HTTP/1.1" 200 -
2026-05-03 17:42:38,923 - DEBUG - Active sampling: buffered 6 readings
127.0.0.1 - - [03/May/2026 17:42:42] "GET /health HTTP/1.1" 200 -
127.0.0.1 - - [03/May/2026 17:43:12] "GET /health HTTP/1.1" 200 -
2026-05-03 17:43:38,955 - DEBUG - Active sampling: buffered 6 readings
127.0.0.1 - - [03/May/2026 17:43:42] "GET /health HTTP/1.1" 200 -
127.0.0.1 - - [03/May/2026 17:44:12] "GET /health HTTP/1.1" 200 -
2026-05-03 17:44:38,988 - DEBUG - Active sampling: buffered 6 readings
127.0.0.1 - - [03/May/2026 17:44:42] "GET /health HTTP/1.1" 200 -
127.0.0.1 - - [03/May/2026 17:45:12] "GET /health HTTP/1.1" 200 -
2026-05-03 17:45:38,989 - DEBUG - ⏰ POLLING END: Waited 10.0min, starting next cycle...
2026-05-03 17:45:38,989 - DEBUG - 🔄 CYCLE 17 START: 17:45:38 (interval: 10.0min since last cycle)
2026-05-03 17:45:38,989 - DEBUG - ♻️ Reusing existing Model Wrapper instance
2026-05-03 17:45:38,989 - INFO - Successfully loaded operational state from /config/ml_heating/unified_thermal_state_cooling.json
2026-05-03 17:45:39,020 - DEBUG - Setting HA state for sensor.ml_heating_cop_realtime: {'state': '-9.34', 'attributes': {'state_class': 'measurement', 'unique_id': 'ml_heating_cop_realtime', 'friendly_name': 'ML Heating COP (Realtime)', 'unit_of_measurement': 'COP', 'icon': 'mdi:heat-pump', 'device_class': 'power_factor'}}
2026-05-03 17:45:39,033 - DEBUG - Setting HA state for sensor.ml_heating_thermal_power: {'state': '-1.270', 'attributes': {'state_class': 'measurement', 'unique_id': 'ml_heating_thermal_power', 'friendly_name': 'ML Heating Thermal Power', 'unit_of_measurement': 'kW', 'icon': 'mdi:flash', 'device_class': 'power'}}
2026-05-03 17:45:39,069 - DEBUG - Wrote thermodynamic metrics to InfluxDB
2026-05-03 17:45:39,069 - DEBUG - Thermodynamic sensors updated: COP=-9.34, Power=-1.270kW
2026-05-03 17:45:39,070 - DEBUG - ♻️ Reusing existing Model Wrapper instance
2026-05-03 17:45:39,070 - DEBUG - 🎯 ACTIVE MODE LEARNING (trajectory): Verifying ML prediction accuracy for 18.8°C outlet setting
2026-05-03 17:45:39,074 - DEBUG - ☀️ SolarChannel self-learned: avg_error=-0.013, pv_heat_weight=0.00135, solar_lag=45.1min, cloud_exp=1.00, solar_decay_tau=1.00h
2026-05-03 17:45:39,074 - INFO - ☀️ pv parameter update: attributed_error=-0.037591 | pv_heat_weight: 0.001367→0.001354 (Δ-0.000013) | solar_decay_tau_hours: 0.999648→0.999642 (Δ-0.000006) | solar_lag_minutes: 45.121356→45.121934 (Δ+0.000578)
2026-05-03 17:45:39,074 - INFO - Channel routing → [☀️ pv*] | error=-0.0376 | pv_current=3114W pv_smoothed=3429W | params_changed=pv
2026-05-03 17:45:39,114 - DEBUG - 💾 Saved cooling thermal state to /config/ml_heating/unified_thermal_state_cooling.json
2026-05-03 17:45:39,115 - DEBUG - Skipping legacy global adaptation: channel mode owns recent-window learning
2026-05-03 17:45:39,151 - DEBUG - 💾 Saved cooling thermal state to /config/ml_heating/unified_thermal_state_cooling.json
2026-05-03 17:45:39,152 - DEBUG - Prediction feedback: error=-0.038°C, confidence=5.000
2026-05-03 17:45:39,185 - DEBUG - 💾 Saved cooling thermal state to /config/ml_heating/unified_thermal_state_cooling.json
2026-05-03 17:45:39,186 - DEBUG - 💾 Saved 47 predictions to unified thermal state
2026-05-03 17:45:39,186 - DEBUG - Added prediction: pred=23.56, actual=23.52, error=-0.038
2026-05-03 17:45:39,219 - DEBUG - 💾 Saved cooling thermal state to /config/ml_heating/unified_thermal_state_cooling.json
2026-05-03 17:45:39,221 - DEBUG - Setting HA state for sensor.ml_model_mae: {'state': '0.0342', 'attributes': {'state_class': 'measurement', 'unique_id': 'ml_heating_model_mae', 'friendly_name': 'ML Model MAE', 'unit_of_measurement': '°C', 'icon': 'mdi:chart-line', 'last_updated': '2026-05-03T15:45:39.221421+00:00'}}
2026-05-03 17:45:39,235 - DEBUG - Setting HA state for sensor.ml_model_rmse: {'state': '0.0461', 'attributes': {'state_class': 'measurement', 'unique_id': 'ml_heating_model_rmse', 'friendly_name': 'ML Model RMSE', 'unit_of_measurement': '°C', 'icon': 'mdi:chart-line', 'last_updated': '2026-05-03T15:45:39.221421+00:00'}}
2026-05-03 17:45:39,249 - DEBUG - Setting HA state for sensor.ml_heating_learning: {'state': '5.000', 'attributes': {'state_class': 'measurement', 'unique_id': 'ml_heating_learning', 'friendly_name': 'ML Adaptive Learning Metrics', 'unit_of_measurement': 'metrics', 'icon': 'mdi:brain', 'thermal_time_constant': 4.390554703745845, 'heat_loss_coefficient': 0.1245214561975565, 'outlet_effectiveness': 0.9526723072021629, 'pv_heat_weight': 0.00135423423790514, 'fireplace_heat_weight': 0.387, 'tv_heat_weight': 0.35, 'solar_lag_minutes': 45.12193381942988, 'slab_time_constant_hours': 3.19, 'heat_source_channels_enabled': True, 'total_conductance': 0.3, 'equilibrium_ratio': 0.5, 'cycle_count': 46, 'parameter_updates': 14, 'model_health': 'excellent', 'learning_progress': 0.46, 'is_improving': True, 'improvement_percentage': 55.638470800539295, 'total_predictions': 47, 'learning_confidence': 5.0, 'last_updated': '2026-05-03T15:45:39.248993+00:00', 'delta_t_floor': 2.3, 'cloud_factor_exponent': 1.0, 'solar_decay_tau_hours': 0.9996418846536925, 'fp_heat_output_kw': 0.387, 'fp_decay_time_constant': 3.9144707244638868, 'room_spread_delay_minutes': 18.0, 'ch_heat_pump_history_count': 0, 'ch_heat_pump_last_error': 0.0, 'ch_pv_history_count': 44, 'ch_pv_last_error': -0.037590907217026626, 'ch_fireplace_history_count': 0, 'ch_fireplace_last_error': 0.0, 'ch_tv_history_count': 0, 'ch_tv_last_error': 0.0}}
2026-05-03 17:45:39,281 - DEBUG - Setting HA state for sensor.ml_model_mae: {'state': '0.0342', 'attributes': {'state_class': 'measurement', 'unique_id': 'ml_heating_model_mae', 'friendly_name': 'ML Model MAE', 'unit_of_measurement': '°C', 'icon': 'mdi:chart-line', 'mae_1h': 0.028427064714025896, 'mae_6h': 0.03418779068244353, 'mae_24h': 0.03418779068244353, 'trend_direction': 'improving', 'prediction_count': 47, 'last_updated': '2026-05-03T15:45:39.248993+00:00'}}
2026-05-03 17:45:39,297 - DEBUG - Setting HA state for sensor.ml_model_rmse: {'state': '0.0461', 'attributes': {'state_class': 'measurement', 'unique_id': 'ml_heating_model_rmse', 'friendly_name': 'ML Model RMSE', 'unit_of_measurement': '°C', 'icon': 'mdi:chart-line', 'recent_max_error': 0.043852356837998485, 'std_error': 0.0309, 'mean_bias': 0.0, 'prediction_count': 47, 'last_updated': '2026-05-03T15:45:39.248993+00:00'}}
2026-05-03 17:45:39,311 - DEBUG - Setting HA state for sensor.ml_prediction_accuracy: {'state': '100.0', 'attributes': {'state_class': 'measurement', 'unique_id': 'ml_prediction_accuracy', 'friendly_name': 'ML Prediction Accuracy', 'unit_of_measurement': '%', 'icon': 'mdi:target', 'perfect_accuracy_pct': 0.0, 'tolerable_accuracy_pct': 100.0, 'poor_accuracy_pct': 0.0, 'prediction_count_24h': 0, 'excellent_all_time_pct': 95.74468085106383, 'good_all_time_pct': 100.0, 'last_updated': '2026-05-03T15:45:39.248993+00:00'}}
2026-05-03 17:45:39,326 - DEBUG - Logged refactored sensor metrics to HA
2026-05-03 17:45:39,327 - DEBUG - Logging feature importance
2026-05-03 17:45:39,327 - DEBUG - Setting HA state for sensor.ml_feature_importance: {'state': '5', 'attributes': {'state_class': 'measurement', 'unique_id': 'ml_heating_feature_importance', 'friendly_name': 'ML Feature Importance', 'unit_of_measurement': '%', 'icon': 'mdi:format-list-numbered', 'top_features': {'target_temp': 52.47, 'fireplace': 21.32, 'tv_power': 19.28, 'outdoor_temp': 6.86, 'pv_power': 0.07}, 'last_updated': '2026-05-03T15:45:39.327063+00:00'}}
2026-05-03 17:45:39,340 - INFO - ✅ Exported metrics to Home Assistant sensors successfully
2026-05-03 17:45:39,341 - INFO - ✅ Learning cycle 46: error=0.038°C, confidence=5.000, total_predictions=47
2026-05-03 17:45:39,341 - DEBUG - ✅ Online learning: applied_temp=18.8°C, actual_change=-0.030°C, cycle=46
2026-05-03 17:45:39,341 - INFO - ❄️ Cooling mode active (state: cool)
2026-05-03 17:45:39,341 - DEBUG - ♻️ Reusing existing Model Wrapper instance
2026-05-03 17:45:39,341 - INFO - ❄️ COOLING MODE: ML will calculate cooling outlet temperature (outlet < inlet) — using cooling state /config/ml_heating/unified_thermal_state_cooling.json
2026-05-03 17:45:39,370 - DEBUG - Fireplace is OFF. Using main indoor temp for prediction.
2026-05-03 17:45:39,505 - DEBUG - PV forecast parsed successfully: [594.8, 51.8, 0.0, 0.0, 0.0, 0.0, 0.0, 0.0, 0.0, 0.0, 0.0, 60.0]W
2026-05-03 17:45:39,505 - DEBUG - Solar correction: enabled=True, percent=60.0%, factor=0.600
2026-05-03 17:45:39,531 - DEBUG - Delta calibration applied: offset=+3.20°C
2026-05-03 17:45:39,531 - DEBUG - Raw forecasts: [21.5, 20.7, 18.8, 15.9, 14.4, 13.6, 12.9, 12.3, 11.6, 11.7, 11.6, 11.6]
2026-05-03 17:45:39,531 - DEBUG - Calibrated forecasts: [24.7, 23.9, 22.0, 19.1, 17.6, 16.8, 16.1, 15.5, 14.8, 14.9, 14.8, 14.8]
2026-05-03 17:45:39,535 - INFO - ☀️ Forecast trajectory: PV=3780W, remaining_pv_hours=2 + min_steps=6 → 8 steps
2026-05-03 17:45:39,535 - DEBUG - ♻️ Reusing existing Model Wrapper instance
2026-05-03 17:45:39,540 - INFO - DEBUG: Wrapper params: U=0.1245214561975565, eff=0.9526723072021629, tau=4.390554703745845
2026-05-03 17:45:39,541 - DEBUG - ❄️ Cooling: tightened outlet_max to 18.8°C (inlet=20.8°C − delta=2.0°C)
2026-05-03 17:45:39,541 - INFO - ❄️ Cooling mode bounds: outlet 18.3–18.8°C (indoor=23.6°C, target=22.6°C)
2026-05-03 17:45:39,541 - DEBUG - 🔧 Using natural bounds: outlet_min=18.3°C, outlet_max=18.8°C
2026-05-03 17:45:39,541 - INFO - 🌡️ Using cycle-aligned forecast (10min): outdoor=24.7°C (vs current 24.7°C), PV=3027W (vs current 3270W)
2026-05-03 17:45:39,541 - DEBUG - DEBUG: Using PV history (len=18) instead of scalar 3027.087222222222
2026-05-03 17:45:39,541 - INFO - 🔄 HP off (delta_t=-1.58): simulating HP-on delta_t=2.30 for binary search
2026-05-03 17:45:39,541 - DEBUG - 🎯 Binary search start: target=22.6°C, current=23.6°C, range=18.3-18.8°C
2026-05-03 17:45:39,541 - DEBUG - 🔍 Binary search features: inlet_temp=20.8, delta_t_floor=2.30, indoor_temp_delta_60m=-0.0476, horizon=8.0h, outlet_mid=18.6°C
2026-05-03 17:45:39,543 - DEBUG - ✅ Binary search trajectory OK (iter 1): outlet=18.6°C → predicted=22.31°C (steps=48, start=23.56→end=22.31)
2026-05-03 17:45:39,543 - DEBUG -    Iteration 1: outlet=18.6°C → predicted=22.31°C, error=-0.289°C (range: 18.3-18.8°C)
2026-05-03 17:45:39,543 - DEBUG -      → Cooling: Predicted below target, raising minimum to 18.6°C
2026-05-03 17:45:39,545 - DEBUG -    Iteration 2: outlet=18.7°C → predicted=22.31°C, error=-0.289°C (range: 18.6-18.8°C)
2026-05-03 17:45:39,545 - DEBUG -      → Cooling: Predicted below target, raising minimum to 18.7°C
2026-05-03 17:45:39,547 - DEBUG -    Iteration 3: outlet=18.7°C → predicted=22.31°C, error=-0.289°C (range: 18.7-18.8°C)
2026-05-03 17:45:39,547 - DEBUG -      → Cooling: Predicted below target, raising minimum to 18.7°C
2026-05-03 17:45:39,548 - DEBUG -    Iteration 4: outlet=18.8°C → predicted=22.31°C, error=-0.289°C (range: 18.7-18.8°C)
2026-05-03 17:45:39,548 - DEBUG -      → Cooling: Predicted below target, raising minimum to 18.8°C
2026-05-03 17:45:39,548 - INFO - 🔄 Binary search early exit after 5 iterations: range collapsed to 0.031°C, using 18.8°C
2026-05-03 17:45:39,549 - DEBUG - 🧠 Smart rounding is using cycle-aligned forecast: PV=3027W (caller sent PV=3270W)
2026-05-03 17:45:39,549 - INFO - 🎯 Prediction: Current 23.52°C → Target 22.6°C | Calculated outlet: 18.8°C (before smart rounding) (confidence: 5.000)
2026-05-03 17:45:39,549 - DEBUG - Model Wrapper: temp=18.8°C, error=0.920°C, confidence=5.000
2026-05-03 17:45:39,549 - DEBUG - EMA smoothing: 18.78°C → 18.8°C (last=18.8, α=0.50)
2026-05-03 17:45:39,549 - DEBUG - ♻️ Reusing existing Model Wrapper instance
2026-05-03 17:45:39,549 - INFO - 🌡️ Using cycle-aligned forecast (10min): outdoor=24.1°C (vs current 24.0°C), PV=3027W (vs current 3270W)
2026-05-03 17:45:39,549 - DEBUG - 🧠 Smart rounding is using cycle-aligned forecast: PV=3027W (caller sent PV=3027W)
2026-05-03 17:45:39,549 - DEBUG - 🧠 Smart rounding is using cycle-aligned forecast: PV=3027W (caller sent PV=3027W)
2026-05-03 17:45:39,550 - DEBUG - Smart rounding: 18.80°C → 18°C (chose floor: floor→23.44°C [err=0.841], ceiling→23.47°C [err=0.873], target=22.6°C)
2026-05-03 17:45:39,550 - DEBUG - Setting target outlet temp
2026-05-03 17:45:39,550 - DEBUG - Setting HA state for sensor.ml_vorlauftemperatur: {'state': '18.8', 'attributes': {'state_class': 'measurement', 'unique_id': 'ml_heating_target_outlet_temp', 'friendly_name': 'ML Target Outlet Temp', 'unit_of_measurement': '°C', 'device_class': 'temperature', 'icon': 'mdi:thermometer-water'}}
2026-05-03 17:45:39,562 - DEBUG - Logging thermal model metrics
2026-05-03 17:45:39,562 - DEBUG - Setting HA state for sensor.ml_heating_state: {'state': '0', 'attributes': {'state_class': 'measurement', 'unique_id': 'ml_heating_state', 'friendly_name': 'ML Heating State', 'unit_of_measurement': 'state', 'icon': 'mdi:information-outline', 'state_description': 'OK - Prediction done', 'confidence': 5.0, 'suggested_temp': 18.78, 'final_temp': 18.8, 'predicted_indoor': 23.51, 'last_prediction_time': '2026-05-03T15:45:39.562574+00:00', 'temperature_error': 0.92}}
2026-05-03 17:45:39,576 - DEBUG - ✅ ACTIVE MODE: ML controlling heating via input_boolean.ml_heating
2026-05-03 17:45:39,578 - DEBUG - 🧠 Smart rounding is using cycle-aligned forecast: PV=3027W (caller sent PV=3270W)
2026-05-03 17:45:39,578 - DEBUG - Target: 22.6°C | Suggested: 18.8°C | Applied: 18.8°C | Actual Indoor: 23.52°C | Predicted Indoor: 23.47°C | Confidence: 5.000
2026-05-03 17:45:39,578 - INFO - Target: 22.6°C | Suggested: 18.8°C | Applied: 18.8°C | Actual Indoor: 23.52°C | Predicted Indoor: 23.47°C | Confidence: 5.000
2026-05-03 17:45:39,614 - DEBUG - 💾 Saved cooling thermal state to /config/ml_heating/unified_thermal_state_cooling.json
2026-05-03 17:45:39,615 - DEBUG - Operational state saved to /config/ml_heating/unified_thermal_state_cooling.json; updated keys: ['last_run_features', 'last_indoor_temp', 'last_avg_other_rooms_temp', 'last_fireplace_on', 'last_final_temp', 'last_predicted_indoor', 'last_is_blocking', 'last_blocking_reasons', 'setpoint_hold_cycles_remaining']
2026-05-03 17:45:39,615 - DEBUG - Setting HA state for sensor.ml_heating_features: {'state': '23.58', 'attributes': {'state_class': 'measurement', 'unique_id': 'ml_heating_features', 'friendly_name': 'ML Heating Features', 'unit_of_measurement': '°C', 'device_class': 'temperature', 'icon': 'mdi:feature-search-outline', 'living_room_temp': 23.58, 'outlet_temp': 19.22, 'indoor_temp_lag_30m': 23.563, 'target_temp': 22.6, 'outdoor_temp': 24.703125, 'dhw_heating': 0.0, 'dhw_disinfection': 0.0, 'dhw_boost_heater': 0.0, 'defrosting': 0.0, 'pv_now': 2268.0, 'pv_now_electrical': 3780.0, 'solar_correction_percent': 60.0, 'solar_correction_factor': 0.6, 'solar_correction_enabled': 1.0, 'fireplace_on': 0.0, 'tv_on': 0.0, 'temp_forecast_1h': 24.7, 'temp_forecast_2h': 23.9, 'temp_forecast_3h': 22.0, 'temp_forecast_4h': 19.1, 'temp_forecast_5h': 17.6, 'temp_forecast_6h': 16.8, 'temp_forecast_7h': 16.1, 'temp_forecast_8h': 15.5, 'temp_forecast_9h': 14.8, 'temp_forecast_10h': 14.9, 'temp_forecast_11h': 14.8, 'temp_forecast_12h': 14.8, 'pv_forecast_1h': 356.87999999999994, 'pv_forecast_2h': 31.08, 'pv_forecast_3h': 0.0, 'pv_forecast_4h': 0.0, 'pv_forecast_5h': 0.0, 'pv_forecast_6h': 0.0, 'pv_forecast_7h': 0.0, 'pv_forecast_8h': 0.0, 'pv_forecast_9h': 0.0, 'pv_forecast_10h': 0.0, 'pv_forecast_11h': 0.0, 'pv_forecast_12h': 36.0, 'pv_forecast_electrical_1h': 594.8, 'pv_forecast_electrical_2h': 51.8, 'pv_forecast_electrical_3h': 0.0, 'pv_forecast_electrical_4h': 0.0, 'pv_forecast_electrical_5h': 0.0, 'pv_forecast_electrical_6h': 0.0, 'pv_forecast_electrical_7h': 0.0, 'pv_forecast_electrical_8h': 0.0, 'pv_forecast_electrical_9h': 0.0, 'pv_forecast_electrical_10h': 0.0, 'pv_forecast_electrical_11h': 0.0, 'pv_forecast_electrical_12h': 60.0, 'cloud_cover_forecast_1h': 0.0, 'cloud_cover_forecast_2h': 0.0, 'cloud_cover_forecast_3h': 0.0, 'cloud_cover_forecast_4h': 0.0, 'cloud_cover_forecast_5h': 0.0, 'cloud_cover_forecast_6h': 0.0, 'cloud_cover_forecast_7h': 0.0, 'cloud_cover_forecast_8h': 0.0, 'cloud_cover_forecast_9h': 0.0, 'cloud_cover_forecast_10h': 0.0, 'cloud_cover_forecast_11h': 0.0, 'cloud_cover_forecast_12h': 0.0, 'temp_diff_indoor_outdoor': -1.1737500000000054, 'indoor_temp_gradient': 0.6382499999999567, 'outlet_indoor_diff': -4.309374999999996, 'indoor_temp_lag_10m': 23.52, 'indoor_temp_lag_60m': 23.576999999999998, 'outlet_temp_lag_30m': 18.099999999999998, 'outlet_temp_change': 0.16999999999999815, 'indoor_temp_delta_10m': 0.009374999999995026, 'indoor_temp_delta_30m': -0.033625000000004235, 'indoor_temp_delta_60m': -0.04762500000000358, 'hour_sin': -0.9659258262890683, 'hour_cos': -0.25881904510252063, 'month_sin': 0.8660254037844387, 'month_cos': -0.4999999999999998, 'outlet_effectiveness_ratio': 9.293749999999932, 'inlet_temp': 20.8, 'flow_rate': 14.0, 'power_consumption': 136.0, 'delta_t': -1.5800000000000018, 'thermal_power_kw': -1.5432386666666684, 'cop_realtime': -11.347343137254914, 'temp_trend_forecast': -1.150390625, 'heating_demand_forecast': 0.55, 'combined_forecast_thermal_load': 0.55, 'pv_power_history': [4812.0, 4039.7999999999997, 4014.0, 3093.0, 2656.2, 2310.6, 2409.0, 2143.7999999999997, 2117.4, 2411.4, 3783.6, 5112.0, 4697.4, 3894.0, 3231.6, 2884.7999999999997, 3119.4, 2127.0], 'last_updated': '2026-05-03T15:45:39.615120+00:00'}}
2026-05-03 17:45:39,629 - DEBUG - Published 89 features to sensor.ml_heating_features
2026-05-03 17:45:39,629 - DEBUG - ✅ CYCLE 17 END: 17:45:39 (duration: 0.6s)
2026-05-03 17:45:39,629 - DEBUG - 💤 POLLING START: Waiting 30min until next cycle...
2026-05-03 17:45:39,657 - DEBUG - Active sampling: buffered 6 readings
127.0.0.1 - - [03/May/2026 17:45:42] "GET /health HTTP/1.1" 200 -
127.0.0.1 - - [03/May/2026 17:46:12] "GET /health HTTP/1.1" 200 -
2026-05-03 17:46:39,689 - DEBUG - Active sampling: buffered 6 readings
127.0.0.1 - - [03/May/2026 17:46:42] "GET /health HTTP/1.1" 200 -
127.0.0.1 - - [03/May/2026 17:47:12] "GET /health HTTP/1.1" 200 -
2026-05-03 17:47:39,721 - DEBUG - Active sampling: buffered 6 readings
127.0.0.1 - - [03/May/2026 17:47:43] "GET /health HTTP/1.1" 200 -
127.0.0.1 - - [03/May/2026 17:48:13] "GET /health HTTP/1.1" 200 -
2026-05-03 17:48:39,753 - DEBUG - Active sampling: buffered 6 readings
127.0.0.1 - - [03/May/2026 17:48:43] "GET /health HTTP/1.1" 200 -
127.0.0.1 - - [03/May/2026 17:49:13] "GET /health HTTP/1.1" 200 -
2026-05-03 17:49:39,787 - DEBUG - Active sampling: buffered 6 readings
127.0.0.1 - - [03/May/2026 17:49:43] "GET /health HTTP/1.1" 200 -
127.0.0.1 - - [03/May/2026 17:50:13] "GET /health HTTP/1.1" 200 -
2026-05-03 17:50:39,821 - DEBUG - Active sampling: buffered 6 readings
127.0.0.1 - - [03/May/2026 17:50:43] "GET /health HTTP/1.1" 200 -
127.0.0.1 - - [03/May/2026 17:51:13] "GET /health HTTP/1.1" 200 -
2026-05-03 17:51:39,855 - DEBUG - Active sampling: buffered 6 readings
127.0.0.1 - - [03/May/2026 17:51:43] "GET /health HTTP/1.1" 200 -
127.0.0.1 - - [03/May/2026 17:52:13] "GET /health HTTP/1.1" 200 -
2026-05-03 17:52:39,887 - DEBUG - Active sampling: buffered 6 readings
127.0.0.1 - - [03/May/2026 17:52:43] "GET /health HTTP/1.1" 200 -
127.0.0.1 - - [03/May/2026 17:53:13] "GET /health HTTP/1.1" 200 -
2026-05-03 17:53:39,924 - DEBUG - Active sampling: buffered 6 readings
127.0.0.1 - - [03/May/2026 17:53:43] "GET /health HTTP/1.1" 200 -
127.0.0.1 - - [03/May/2026 17:54:13] "GET /health HTTP/1.1" 200 -
2026-05-03 17:54:39,957 - DEBUG - Active sampling: buffered 6 readings
127.0.0.1 - - [03/May/2026 17:54:43] "GET /health HTTP/1.1" 200 -
127.0.0.1 - - [03/May/2026 17:55:13] "GET /health HTTP/1.1" 200 -
2026-05-03 17:55:39,959 - DEBUG - ⏰ POLLING END: Waited 10.0min, starting next cycle...
2026-05-03 17:55:39,959 - DEBUG - 🔄 CYCLE 18 START: 17:55:39 (interval: 10.0min since last cycle)
2026-05-03 17:55:39,959 - DEBUG - ♻️ Reusing existing Model Wrapper instance
2026-05-03 17:55:39,959 - INFO - Successfully loaded operational state from /config/ml_heating/unified_thermal_state_cooling.json
2026-05-03 17:55:39,989 - DEBUG - Setting HA state for sensor.ml_heating_cop_realtime: {'state': '0.00', 'attributes': {'state_class': 'measurement', 'unique_id': 'ml_heating_cop_realtime', 'friendly_name': 'ML Heating COP (Realtime)', 'unit_of_measurement': 'COP', 'icon': 'mdi:heat-pump', 'device_class': 'power_factor'}}
2026-05-03 17:55:40,002 - DEBUG - Setting HA state for sensor.ml_heating_thermal_power: {'state': '-0.391', 'attributes': {'state_class': 'measurement', 'unique_id': 'ml_heating_thermal_power', 'friendly_name': 'ML Heating Thermal Power', 'unit_of_measurement': 'kW', 'icon': 'mdi:flash', 'device_class': 'power'}}
2026-05-03 17:55:40,039 - DEBUG - Wrote thermodynamic metrics to InfluxDB
2026-05-03 17:55:40,039 - DEBUG - Thermodynamic sensors updated: COP=0.00, Power=-0.391kW
2026-05-03 17:55:40,039 - DEBUG - ♻️ Reusing existing Model Wrapper instance
2026-05-03 17:55:40,039 - DEBUG - 🎯 ACTIVE MODE LEARNING (trajectory): Verifying ML prediction accuracy for 18.8°C outlet setting
2026-05-03 17:55:40,043 - DEBUG - ☀️ SolarChannel self-learned: avg_error=-0.012, pv_heat_weight=0.00134, solar_lag=45.1min, cloud_exp=1.00, solar_decay_tau=1.00h
2026-05-03 17:55:40,044 - INFO - ☀️ pv parameter update: attributed_error=-0.004816 | pv_heat_weight: 0.001354→0.001342 (Δ-0.000012) | solar_decay_tau_hours: 0.999642→0.999636 (Δ-0.000006) | solar_lag_minutes: 45.121934→45.122473 (Δ+0.000539)
2026-05-03 17:55:40,044 - INFO - Channel routing → [☀️ pv*] | error=-0.0048 | pv_current=2268W pv_smoothed=3270W | params_changed=pv
2026-05-03 17:55:40,083 - DEBUG - 💾 Saved cooling thermal state to /config/ml_heating/unified_thermal_state_cooling.json
2026-05-03 17:55:40,083 - DEBUG - Skipping legacy global adaptation: channel mode owns recent-window learning
2026-05-03 17:55:40,121 - DEBUG - 💾 Saved cooling thermal state to /config/ml_heating/unified_thermal_state_cooling.json
2026-05-03 17:55:40,122 - DEBUG - Prediction feedback: error=-0.005°C, confidence=5.000
2026-05-03 17:55:40,156 - DEBUG - 💾 Saved cooling thermal state to /config/ml_heating/unified_thermal_state_cooling.json
2026-05-03 17:55:40,157 - DEBUG - 💾 Saved 48 predictions to unified thermal state
2026-05-03 17:55:40,157 - DEBUG - Added prediction: pred=23.52, actual=23.52, error=-0.005
2026-05-03 17:55:40,191 - DEBUG - 💾 Saved cooling thermal state to /config/ml_heating/unified_thermal_state_cooling.json
2026-05-03 17:55:40,193 - DEBUG - Setting HA state for sensor.ml_model_mae: {'state': '0.0336', 'attributes': {'state_class': 'measurement', 'unique_id': 'ml_heating_model_mae', 'friendly_name': 'ML Model MAE', 'unit_of_measurement': '°C', 'icon': 'mdi:chart-line', 'last_updated': '2026-05-03T15:55:40.193251+00:00'}}
2026-05-03 17:55:40,206 - DEBUG - Setting HA state for sensor.ml_model_rmse: {'state': '0.0456', 'attributes': {'state_class': 'measurement', 'unique_id': 'ml_heating_model_rmse', 'friendly_name': 'ML Model RMSE', 'unit_of_measurement': '°C', 'icon': 'mdi:chart-line', 'last_updated': '2026-05-03T15:55:40.193251+00:00'}}
2026-05-03 17:55:40,221 - DEBUG - Setting HA state for sensor.ml_heating_learning: {'state': '5.000', 'attributes': {'state_class': 'measurement', 'unique_id': 'ml_heating_learning', 'friendly_name': 'ML Adaptive Learning Metrics', 'unit_of_measurement': 'metrics', 'icon': 'mdi:brain', 'thermal_time_constant': 4.390554703745845, 'heat_loss_coefficient': 0.1245214561975565, 'outlet_effectiveness': 0.9526723072021629, 'pv_heat_weight': 0.0013423281782138803, 'fireplace_heat_weight': 0.387, 'tv_heat_weight': 0.35, 'solar_lag_minutes': 45.12247255804774, 'slab_time_constant_hours': 3.19, 'heat_source_channels_enabled': True, 'total_conductance': 0.3, 'equilibrium_ratio': 0.5, 'cycle_count': 47, 'parameter_updates': 15, 'model_health': 'excellent', 'learning_progress': 0.47, 'is_improving': True, 'improvement_percentage': 54.82344370036536, 'total_predictions': 48, 'learning_confidence': 5.0, 'last_updated': '2026-05-03T15:55:40.221497+00:00', 'delta_t_floor': 2.3, 'cloud_factor_exponent': 1.0, 'solar_decay_tau_hours': 0.9996359316238469, 'fp_heat_output_kw': 0.387, 'fp_decay_time_constant': 3.9144707244638868, 'room_spread_delay_minutes': 18.0, 'ch_heat_pump_history_count': 0, 'ch_heat_pump_last_error': 0.0, 'ch_pv_history_count': 45, 'ch_pv_last_error': -0.004816464061637049, 'ch_fireplace_history_count': 0, 'ch_fireplace_last_error': 0.0, 'ch_tv_history_count': 0, 'ch_tv_last_error': 0.0}}
2026-05-03 17:55:40,254 - DEBUG - Setting HA state for sensor.ml_model_mae: {'state': '0.0336', 'attributes': {'state_class': 'measurement', 'unique_id': 'ml_heating_model_mae', 'friendly_name': 'ML Model MAE', 'unit_of_measurement': '°C', 'icon': 'mdi:chart-line', 'mae_1h': 0.021133717746575503, 'mae_6h': 0.03357588804451006, 'mae_24h': 0.03357588804451006, 'trend_direction': 'improving', 'prediction_count': 48, 'last_updated': '2026-05-03T15:55:40.221497+00:00'}}
2026-05-03 17:55:40,268 - DEBUG - Setting HA state for sensor.ml_model_rmse: {'state': '0.0456', 'attributes': {'state_class': 'measurement', 'unique_id': 'ml_heating_model_rmse', 'friendly_name': 'ML Model RMSE', 'unit_of_measurement': '°C', 'icon': 'mdi:chart-line', 'recent_max_error': 0.043852356837998485, 'std_error': 0.0308, 'mean_bias': 0.0, 'prediction_count': 48, 'last_updated': '2026-05-03T15:55:40.221497+00:00'}}
2026-05-03 17:55:40,284 - DEBUG - Setting HA state for sensor.ml_prediction_accuracy: {'state': '100.0', 'attributes': {'state_class': 'measurement', 'unique_id': 'ml_prediction_accuracy', 'friendly_name': 'ML Prediction Accuracy', 'unit_of_measurement': '%', 'icon': 'mdi:target', 'perfect_accuracy_pct': 0.0, 'tolerable_accuracy_pct': 100.0, 'poor_accuracy_pct': 0.0, 'prediction_count_24h': 0, 'excellent_all_time_pct': 95.83333333333334, 'good_all_time_pct': 100.00000000000001, 'last_updated': '2026-05-03T15:55:40.221497+00:00'}}
2026-05-03 17:55:40,298 - DEBUG - Logged refactored sensor metrics to HA
2026-05-03 17:55:40,299 - DEBUG - Logging feature importance
2026-05-03 17:55:40,299 - DEBUG - Setting HA state for sensor.ml_feature_importance: {'state': '5', 'attributes': {'state_class': 'measurement', 'unique_id': 'ml_heating_feature_importance', 'friendly_name': 'ML Feature Importance', 'unit_of_measurement': '%', 'icon': 'mdi:format-list-numbered', 'top_features': {'target_temp': 52.47, 'fireplace': 21.32, 'tv_power': 19.28, 'outdoor_temp': 6.86, 'pv_power': 0.07}, 'last_updated': '2026-05-03T15:55:40.298997+00:00'}}
2026-05-03 17:55:40,312 - INFO - ✅ Exported metrics to Home Assistant sensors successfully
2026-05-03 17:55:40,312 - INFO - ✅ Learning cycle 47: error=0.005°C, confidence=5.000, total_predictions=48
2026-05-03 17:55:40,312 - DEBUG - ✅ Online learning: applied_temp=18.8°C, actual_change=0.000°C, cycle=47
2026-05-03 17:55:40,312 - INFO - ❄️ Cooling mode active (state: cool)
2026-05-03 17:55:40,312 - DEBUG - ♻️ Reusing existing Model Wrapper instance
2026-05-03 17:55:40,312 - INFO - ❄️ COOLING MODE: ML will calculate cooling outlet temperature (outlet < inlet) — using cooling state /config/ml_heating/unified_thermal_state_cooling.json
2026-05-03 17:55:40,342 - DEBUG - Fireplace is OFF. Using main indoor temp for prediction.
2026-05-03 17:55:40,475 - DEBUG - PV forecast parsed successfully: [622.8, 53.0, 0.0, 0.0, 0.0, 0.0, 0.0, 0.0, 0.0, 0.0, 0.0, 60.0]W
2026-05-03 17:55:40,475 - DEBUG - Solar correction: enabled=True, percent=60.0%, factor=0.600
2026-05-03 17:55:40,501 - DEBUG - Delta calibration applied: offset=+2.74°C
2026-05-03 17:55:40,501 - DEBUG - Raw forecasts: [21.5, 20.7, 18.8, 15.9, 14.4, 13.6, 12.9, 12.3, 11.6, 11.7, 11.6, 11.6]
2026-05-03 17:55:40,501 - DEBUG - Calibrated forecasts: [24.24, 23.44, 21.54, 18.64, 17.14, 16.34, 15.64, 15.04, 14.34, 14.44, 14.34, 14.34]
2026-05-03 17:55:40,505 - INFO - ☀️ Forecast trajectory: PV=3370W, remaining_pv_hours=2 + min_steps=6 → 8 steps
2026-05-03 17:55:40,505 - DEBUG - ♻️ Reusing existing Model Wrapper instance
2026-05-03 17:55:40,511 - INFO - DEBUG: Wrapper params: U=0.1245214561975565, eff=0.9526723072021629, tau=4.390554703745845
2026-05-03 17:55:40,511 - DEBUG - ❄️ Cooling: tightened outlet_max to 18.8°C (inlet=20.8°C − delta=2.0°C)
2026-05-03 17:55:40,511 - INFO - ❄️ Cooling mode bounds: outlet 18.3–18.8°C (indoor=23.5°C, target=22.6°C)
2026-05-03 17:55:40,511 - DEBUG - 🔧 Using natural bounds: outlet_min=18.3°C, outlet_max=18.8°C
2026-05-03 17:55:40,511 - INFO - 🌡️ Using cycle-aligned forecast (10min): outdoor=24.2°C (vs current 24.2°C), PV=2874W (vs current 3101W)
2026-05-03 17:55:40,511 - DEBUG - DEBUG: Using PV history (len=18) instead of scalar 2873.988148148148
2026-05-03 17:55:40,511 - INFO - 🔄 HP off (delta_t=-0.52): simulating HP-on delta_t=2.30 for binary search
2026-05-03 17:55:40,511 - DEBUG - 🎯 Binary search start: target=22.6°C, current=23.5°C, range=18.3-18.8°C
2026-05-03 17:55:40,511 - DEBUG - 🔍 Binary search features: inlet_temp=20.8, delta_t_floor=2.30, indoor_temp_delta_60m=-0.0695, horizon=8.0h, outlet_mid=18.6°C
2026-05-03 17:55:40,513 - DEBUG - ✅ Binary search trajectory OK (iter 1): outlet=18.6°C → predicted=22.22°C (steps=48, start=23.52→end=22.22)
2026-05-03 17:55:40,513 - DEBUG -    Iteration 1: outlet=18.6°C → predicted=22.22°C, error=-0.382°C (range: 18.3-18.8°C)
2026-05-03 17:55:40,513 - DEBUG -      → Cooling: Predicted below target, raising minimum to 18.6°C
2026-05-03 17:55:40,515 - DEBUG -    Iteration 2: outlet=18.7°C → predicted=22.22°C, error=-0.382°C (range: 18.6-18.8°C)
2026-05-03 17:55:40,515 - DEBUG -      → Cooling: Predicted below target, raising minimum to 18.7°C
2026-05-03 17:55:40,516 - DEBUG -    Iteration 3: outlet=18.7°C → predicted=22.22°C, error=-0.382°C (range: 18.7-18.8°C)
2026-05-03 17:55:40,516 - DEBUG -      → Cooling: Predicted below target, raising minimum to 18.7°C
2026-05-03 17:55:40,518 - DEBUG -    Iteration 4: outlet=18.8°C → predicted=22.22°C, error=-0.382°C (range: 18.7-18.8°C)
2026-05-03 17:55:40,518 - DEBUG -      → Cooling: Predicted below target, raising minimum to 18.8°C
2026-05-03 17:55:40,518 - INFO - 🔄 Binary search early exit after 5 iterations: range collapsed to 0.031°C, using 18.8°C
2026-05-03 17:55:40,518 - DEBUG - 🧠 Smart rounding is using cycle-aligned forecast: PV=2874W (caller sent PV=3101W)
2026-05-03 17:55:40,518 - INFO - 🎯 Prediction: Current 23.52°C → Target 22.6°C | Calculated outlet: 18.8°C (before smart rounding) (confidence: 5.000)
2026-05-03 17:55:40,518 - DEBUG - Model Wrapper: temp=18.8°C, error=0.920°C, confidence=5.000
2026-05-03 17:55:40,518 - DEBUG - EMA smoothing: 18.78°C → 18.8°C (last=18.8, α=0.50)
2026-05-03 17:55:40,518 - DEBUG - ♻️ Reusing existing Model Wrapper instance
2026-05-03 17:55:40,518 - INFO - 🌡️ Using cycle-aligned forecast (10min): outdoor=23.6°C (vs current 23.5°C), PV=2874W (vs current 3101W)
2026-05-03 17:55:40,518 - DEBUG - 🧠 Smart rounding is using cycle-aligned forecast: PV=2874W (caller sent PV=2874W)
2026-05-03 17:55:40,518 - DEBUG - 🧠 Smart rounding is using cycle-aligned forecast: PV=2874W (caller sent PV=2874W)
2026-05-03 17:55:40,519 - DEBUG - Smart rounding: 18.80°C → 18°C (chose floor: floor→23.44°C [err=0.837], ceiling→23.47°C [err=0.869], target=22.6°C)
2026-05-03 17:55:40,519 - DEBUG - Setting target outlet temp
2026-05-03 17:55:40,519 - DEBUG - Setting HA state for sensor.ml_vorlauftemperatur: {'state': '18.8', 'attributes': {'state_class': 'measurement', 'unique_id': 'ml_heating_target_outlet_temp', 'friendly_name': 'ML Target Outlet Temp', 'unit_of_measurement': '°C', 'device_class': 'temperature', 'icon': 'mdi:thermometer-water'}}
2026-05-03 17:55:40,531 - DEBUG - Logging thermal model metrics
2026-05-03 17:55:40,531 - DEBUG - Setting HA state for sensor.ml_heating_state: {'state': '0', 'attributes': {'state_class': 'measurement', 'unique_id': 'ml_heating_state', 'friendly_name': 'ML Heating State', 'unit_of_measurement': 'state', 'icon': 'mdi:information-outline', 'state_description': 'OK - Prediction done', 'confidence': 5.0, 'suggested_temp': 18.78, 'final_temp': 18.8, 'predicted_indoor': 23.48, 'last_prediction_time': '2026-05-03T15:55:40.531455+00:00', 'temperature_error': 0.92}}
2026-05-03 17:55:40,546 - DEBUG - ✅ ACTIVE MODE: ML controlling heating via input_boolean.ml_heating
2026-05-03 17:55:40,548 - DEBUG - 🧠 Smart rounding is using cycle-aligned forecast: PV=2874W (caller sent PV=3101W)
2026-05-03 17:55:40,548 - DEBUG - Target: 22.6°C | Suggested: 18.8°C | Applied: 18.8°C | Actual Indoor: 23.52°C | Predicted Indoor: 23.46°C | Confidence: 5.000
2026-05-03 17:55:40,548 - INFO - Target: 22.6°C | Suggested: 18.8°C | Applied: 18.8°C | Actual Indoor: 23.52°C | Predicted Indoor: 23.46°C | Confidence: 5.000
2026-05-03 17:55:40,584 - DEBUG - 💾 Saved cooling thermal state to /config/ml_heating/unified_thermal_state_cooling.json
2026-05-03 17:55:40,584 - DEBUG - Operational state saved to /config/ml_heating/unified_thermal_state_cooling.json; updated keys: ['last_run_features', 'last_indoor_temp', 'last_avg_other_rooms_temp', 'last_fireplace_on', 'last_final_temp', 'last_predicted_indoor', 'last_is_blocking', 'last_blocking_reasons', 'setpoint_hold_cycles_remaining']
2026-05-03 17:55:40,585 - DEBUG - Setting HA state for sensor.ml_heating_features: {'state': '23.58', 'attributes': {'state_class': 'measurement', 'unique_id': 'ml_heating_features', 'friendly_name': 'ML Heating Features', 'unit_of_measurement': '°C', 'device_class': 'temperature', 'icon': 'mdi:feature-search-outline', 'living_room_temp': 23.58, 'outlet_temp': 20.28, 'indoor_temp_lag_30m': 23.534, 'target_temp': 22.6, 'outdoor_temp': 24.243750000000002, 'dhw_heating': 0.0, 'dhw_disinfection': 0.0, 'dhw_boost_heater': 0.0, 'defrosting': 0.0, 'pv_now': 2022.0, 'pv_now_electrical': 3370.0, 'solar_correction_percent': 60.0, 'solar_correction_factor': 0.6, 'solar_correction_enabled': 1.0, 'fireplace_on': 0.0, 'tv_on': 0.0, 'temp_forecast_1h': 24.24, 'temp_forecast_2h': 23.44, 'temp_forecast_3h': 21.54, 'temp_forecast_4h': 18.64, 'temp_forecast_5h': 17.14, 'temp_forecast_6h': 16.34, 'temp_forecast_7h': 15.64, 'temp_forecast_8h': 15.04, 'temp_forecast_9h': 14.34, 'temp_forecast_10h': 14.44, 'temp_forecast_11h': 14.34, 'temp_forecast_12h': 14.34, 'pv_forecast_1h': 373.67999999999995, 'pv_forecast_2h': 31.799999999999997, 'pv_forecast_3h': 0.0, 'pv_forecast_4h': 0.0, 'pv_forecast_5h': 0.0, 'pv_forecast_6h': 0.0, 'pv_forecast_7h': 0.0, 'pv_forecast_8h': 0.0, 'pv_forecast_9h': 0.0, 'pv_forecast_10h': 0.0, 'pv_forecast_11h': 0.0, 'pv_forecast_12h': 36.0, 'pv_forecast_electrical_1h': 622.8, 'pv_forecast_electrical_2h': 53.0, 'pv_forecast_electrical_3h': 0.0, 'pv_forecast_electrical_4h': 0.0, 'pv_forecast_electrical_5h': 0.0, 'pv_forecast_electrical_6h': 0.0, 'pv_forecast_electrical_7h': 0.0, 'pv_forecast_electrical_8h': 0.0, 'pv_forecast_electrical_9h': 0.0, 'pv_forecast_electrical_10h': 0.0, 'pv_forecast_electrical_11h': 0.0, 'pv_forecast_electrical_12h': 60.0, 'cloud_cover_forecast_1h': 0.0, 'cloud_cover_forecast_2h': 0.0, 'cloud_cover_forecast_3h': 0.0, 'cloud_cover_forecast_4h': 0.0, 'cloud_cover_forecast_5h': 0.0, 'cloud_cover_forecast_6h': 0.0, 'cloud_cover_forecast_7h': 0.0, 'cloud_cover_forecast_8h': 0.0, 'cloud_cover_forecast_9h': 0.0, 'cloud_cover_forecast_10h': 0.0, 'cloud_cover_forecast_11h': 0.0, 'cloud_cover_forecast_12h': 0.0, 'temp_diff_indoor_outdoor': -0.7262500000000038, 'indoor_temp_gradient': 0.32699999999998397, 'outlet_indoor_diff': -3.237499999999997, 'indoor_temp_lag_10m': 23.51166666666667, 'indoor_temp_lag_60m': 23.587000000000003, 'outlet_temp_lag_30m': 18.099999999999998, 'outlet_temp_change': 0.11333333333333329, 'indoor_temp_delta_10m': 0.005833333333328028, 'indoor_temp_delta_30m': -0.016500000000000625, 'indoor_temp_delta_60m': -0.069500000000005, 'hour_sin': -0.9659258262890683, 'hour_cos': -0.25881904510252063, 'month_sin': 0.8660254037844387, 'month_cos': -0.4999999999999998, 'outlet_effectiveness_ratio': 9.174999999999969, 'inlet_temp': 20.8, 'flow_rate': 14.0, 'power_consumption': 76.0, 'delta_t': -0.5199999999999996, 'thermal_power_kw': -0.5079013333333329, 'cop_realtime': 0.0, 'temp_trend_forecast': -1.1504687500000004, 'heating_demand_forecast': 0.5960000000000001, 'combined_forecast_thermal_load': 0.5960000000000001, 'pv_power_history': [4039.7999999999997, 4014.0, 3093.0, 2656.2, 2310.6, 2409.0, 2143.7999999999997, 2117.4, 2411.4, 3783.6, 5112.0, 4697.4, 3894.0, 3231.6, 2884.7999999999997, 3119.4, 2113.2, 1791.9999999999998], 'last_updated': '2026-05-03T15:55:40.584970+00:00'}}
2026-05-03 17:55:40,599 - DEBUG - Published 89 features to sensor.ml_heating_features
2026-05-03 17:55:40,599 - DEBUG - ✅ CYCLE 18 END: 17:55:40 (duration: 0.6s)
2026-05-03 17:55:40,599 - DEBUG - 💤 POLLING START: Waiting 30min until next cycle...
2026-05-03 17:55:40,626 - DEBUG - Active sampling: buffered 6 readings
127.0.0.1 - - [03/May/2026 17:55:43] "GET /health HTTP/1.1" 200 -
127.0.0.1 - - [03/May/2026 17:56:13] "GET /health HTTP/1.1" 200 -
2026-05-03 17:56:40,715 - DEBUG - Active sampling: buffered 6 readings
127.0.0.1 - - [03/May/2026 17:56:43] "GET /health HTTP/1.1" 200 -
127.0.0.1 - - [03/May/2026 17:57:14] "GET /health HTTP/1.1" 200 -
2026-05-03 17:57:40,747 - DEBUG - Active sampling: buffered 6 readings
127.0.0.1 - - [03/May/2026 17:57:44] "GET /health HTTP/1.1" 200 -
127.0.0.1 - - [03/May/2026 17:58:14] "GET /health HTTP/1.1" 200 -
2026-05-03 17:58:40,778 - DEBUG - Active sampling: buffered 6 readings
127.0.0.1 - - [03/May/2026 17:58:44] "GET /health HTTP/1.1" 200 -
127.0.0.1 - - [03/May/2026 17:59:14] "GET /health HTTP/1.1" 200 -
2026-05-03 17:59:40,813 - DEBUG - Active sampling: buffered 6 readings
127.0.0.1 - - [03/May/2026 17:59:44] "GET /health HTTP/1.1" 200 -
127.0.0.1 - - [03/May/2026 18:00:14] "GET /health HTTP/1.1" 200 -
2026-05-03 18:00:40,846 - DEBUG - Active sampling: buffered 6 readings
127.0.0.1 - - [03/May/2026 18:00:44] "GET /health HTTP/1.1" 200 -
127.0.0.1 - - [03/May/2026 18:01:14] "GET /health HTTP/1.1" 200 -
2026-05-03 18:01:40,877 - DEBUG - Active sampling: buffered 6 readings
127.0.0.1 - - [03/May/2026 18:01:44] "GET /health HTTP/1.1" 200 -
127.0.0.1 - - [03/May/2026 18:02:14] "GET /health HTTP/1.1" 200 -
2026-05-03 18:02:40,909 - DEBUG - Active sampling: buffered 6 readings
127.0.0.1 - - [03/May/2026 18:02:44] "GET /health HTTP/1.1" 200 -
127.0.0.1 - - [03/May/2026 18:03:14] "GET /health HTTP/1.1" 200 -
2026-05-03 18:03:40,940 - DEBUG - Active sampling: buffered 6 readings
127.0.0.1 - - [03/May/2026 18:03:44] "GET /health HTTP/1.1" 200 -
127.0.0.1 - - [03/May/2026 18:04:14] "GET /health HTTP/1.1" 200 -
2026-05-03 18:04:40,972 - DEBUG - Active sampling: buffered 6 readings
127.0.0.1 - - [03/May/2026 18:04:44] "GET /health HTTP/1.1" 200 -
127.0.0.1 - - [03/May/2026 18:05:14] "GET /health HTTP/1.1" 200 -
2026-05-03 18:05:40,974 - DEBUG - ⏰ POLLING END: Waited 10.0min, starting next cycle...
2026-05-03 18:05:40,974 - DEBUG - 🔄 CYCLE 19 START: 18:05:40 (interval: 10.0min since last cycle)
2026-05-03 18:05:40,974 - DEBUG - ♻️ Reusing existing Model Wrapper instance
2026-05-03 18:05:40,974 - INFO - Successfully loaded operational state from /config/ml_heating/unified_thermal_state_cooling.json
2026-05-03 18:05:41,006 - DEBUG - Setting HA state for sensor.ml_heating_cop_realtime: {'state': '-1.17', 'attributes': {'state_class': 'measurement', 'unique_id': 'ml_heating_cop_realtime', 'friendly_name': 'ML Heating COP (Realtime)', 'unit_of_measurement': 'COP', 'icon': 'mdi:heat-pump', 'device_class': 'power_factor'}}
2026-05-03 18:05:41,019 - DEBUG - Setting HA state for sensor.ml_heating_thermal_power: {'state': '-0.293', 'attributes': {'state_class': 'measurement', 'unique_id': 'ml_heating_thermal_power', 'friendly_name': 'ML Heating Thermal Power', 'unit_of_measurement': 'kW', 'icon': 'mdi:flash', 'device_class': 'power'}}
2026-05-03 18:05:41,051 - DEBUG - Wrote thermodynamic metrics to InfluxDB
2026-05-03 18:05:41,051 - DEBUG - Thermodynamic sensors updated: COP=-1.17, Power=-0.293kW
2026-05-03 18:05:41,051 - DEBUG - ♻️ Reusing existing Model Wrapper instance
2026-05-03 18:05:41,052 - DEBUG - 🎯 ACTIVE MODE LEARNING (trajectory): Verifying ML prediction accuracy for 18.8°C outlet setting
2026-05-03 18:05:41,056 - DEBUG - ☀️ SolarChannel self-learned: avg_error=-0.013, pv_heat_weight=0.00133, solar_lag=45.1min, cloud_exp=1.00, solar_decay_tau=1.00h
2026-05-03 18:05:41,056 - INFO - ☀️ pv parameter update: attributed_error=-0.030523 | pv_heat_weight: 0.001342→0.001329 (Δ-0.000013) | solar_decay_tau_hours: 0.999636→0.999629 (Δ-0.000006) | solar_lag_minutes: 45.122473→45.123059 (Δ+0.000586)
2026-05-03 18:05:41,056 - INFO - Channel routing → [☀️ pv*] | error=-0.0305 | pv_current=2022W pv_smoothed=3101W | params_changed=pv
2026-05-03 18:05:41,098 - DEBUG - 💾 Saved cooling thermal state to /config/ml_heating/unified_thermal_state_cooling.json
2026-05-03 18:05:41,098 - DEBUG - Skipping legacy global adaptation: channel mode owns recent-window learning
2026-05-03 18:05:41,137 - DEBUG - 💾 Saved cooling thermal state to /config/ml_heating/unified_thermal_state_cooling.json
2026-05-03 18:05:41,137 - DEBUG - Prediction feedback: error=-0.031°C, confidence=5.000
2026-05-03 18:05:41,173 - DEBUG - 💾 Saved cooling thermal state to /config/ml_heating/unified_thermal_state_cooling.json
2026-05-03 18:05:41,174 - DEBUG - 💾 Saved 49 predictions to unified thermal state
2026-05-03 18:05:41,174 - DEBUG - Added prediction: pred=23.52, actual=23.49, error=-0.031
2026-05-03 18:05:41,208 - DEBUG - 💾 Saved cooling thermal state to /config/ml_heating/unified_thermal_state_cooling.json
2026-05-03 18:05:41,210 - DEBUG - Setting HA state for sensor.ml_model_mae: {'state': '0.0335', 'attributes': {'state_class': 'measurement', 'unique_id': 'ml_heating_model_mae', 'friendly_name': 'ML Model MAE', 'unit_of_measurement': '°C', 'icon': 'mdi:chart-line', 'last_updated': '2026-05-03T16:05:41.210302+00:00'}}
2026-05-03 18:05:41,222 - DEBUG - Setting HA state for sensor.ml_model_rmse: {'state': '0.0453', 'attributes': {'state_class': 'measurement', 'unique_id': 'ml_heating_model_rmse', 'friendly_name': 'ML Model RMSE', 'unit_of_measurement': '°C', 'icon': 'mdi:chart-line', 'last_updated': '2026-05-03T16:05:41.210302+00:00'}}
2026-05-03 18:05:41,238 - DEBUG - Setting HA state for sensor.ml_heating_learning: {'state': '5.000', 'attributes': {'state_class': 'measurement', 'unique_id': 'ml_heating_learning', 'friendly_name': 'ML Adaptive Learning Metrics', 'unit_of_measurement': 'metrics', 'icon': 'mdi:brain', 'thermal_time_constant': 4.390554703745845, 'heat_loss_coefficient': 0.1245214561975565, 'outlet_effectiveness': 0.9526723072021629, 'pv_heat_weight': 0.0013293778880723694, 'fireplace_heat_weight': 0.387, 'tv_heat_weight': 0.35, 'solar_lag_minutes': 45.12305854716527, 'slab_time_constant_hours': 3.19, 'heat_source_channels_enabled': True, 'total_conductance': 0.3, 'equilibrium_ratio': 0.5, 'cycle_count': 48, 'parameter_updates': 16, 'model_health': 'excellent', 'learning_progress': 0.48, 'is_improving': True, 'improvement_percentage': 53.99097124440677, 'total_predictions': 49, 'learning_confidence': 5.0, 'last_updated': '2026-05-03T16:05:41.238375+00:00', 'delta_t_floor': 2.3, 'cloud_factor_exponent': 1.0, 'solar_decay_tau_hours': 0.9996294564787761, 'fp_heat_output_kw': 0.387, 'fp_decay_time_constant': 3.9144707244638868, 'room_spread_delay_minutes': 18.0, 'ch_heat_pump_history_count': 0, 'ch_heat_pump_last_error': 0.0, 'ch_pv_history_count': 46, 'ch_pv_last_error': -0.030523083100487014, 'ch_fireplace_history_count': 0, 'ch_fireplace_last_error': 0.0, 'ch_tv_history_count': 0, 'ch_tv_last_error': 0.0}}
2026-05-03 18:05:41,271 - DEBUG - Setting HA state for sensor.ml_model_mae: {'state': '0.0335', 'attributes': {'state_class': 'measurement', 'unique_id': 'ml_heating_model_mae', 'friendly_name': 'ML Model MAE', 'unit_of_measurement': '°C', 'icon': 'mdi:chart-line', 'mae_1h': 0.023366159805748705, 'mae_6h': 0.0335135859027953, 'mae_24h': 0.0335135859027953, 'trend_direction': 'improving', 'prediction_count': 49, 'last_updated': '2026-05-03T16:05:41.238375+00:00'}}
2026-05-03 18:05:41,287 - DEBUG - Setting HA state for sensor.ml_model_rmse: {'state': '0.0453', 'attributes': {'state_class': 'measurement', 'unique_id': 'ml_heating_model_rmse', 'friendly_name': 'ML Model RMSE', 'unit_of_measurement': '°C', 'icon': 'mdi:chart-line', 'recent_max_error': 0.043852356837998485, 'std_error': 0.0305, 'mean_bias': 0.0, 'prediction_count': 49, 'last_updated': '2026-05-03T16:05:41.238375+00:00'}}
2026-05-03 18:05:41,301 - DEBUG - Setting HA state for sensor.ml_prediction_accuracy: {'state': '100.0', 'attributes': {'state_class': 'measurement', 'unique_id': 'ml_prediction_accuracy', 'friendly_name': 'ML Prediction Accuracy', 'unit_of_measurement': '%', 'icon': 'mdi:target', 'perfect_accuracy_pct': 0.0, 'tolerable_accuracy_pct': 100.0, 'poor_accuracy_pct': 0.0, 'prediction_count_24h': 0, 'excellent_all_time_pct': 95.91836734693877, 'good_all_time_pct': 99.99999999999999, 'last_updated': '2026-05-03T16:05:41.238375+00:00'}}
2026-05-03 18:05:41,315 - DEBUG - Logged refactored sensor metrics to HA
2026-05-03 18:05:41,316 - DEBUG - Logging feature importance
2026-05-03 18:05:41,316 - DEBUG - Setting HA state for sensor.ml_feature_importance: {'state': '5', 'attributes': {'state_class': 'measurement', 'unique_id': 'ml_heating_feature_importance', 'friendly_name': 'ML Feature Importance', 'unit_of_measurement': '%', 'icon': 'mdi:format-list-numbered', 'top_features': {'target_temp': 52.47, 'fireplace': 21.32, 'tv_power': 19.28, 'outdoor_temp': 6.86, 'pv_power': 0.07}, 'last_updated': '2026-05-03T16:05:41.316002+00:00'}}
2026-05-03 18:05:41,333 - INFO - ✅ Exported metrics to Home Assistant sensors successfully
2026-05-03 18:05:41,333 - INFO - ✅ Learning cycle 48: error=0.031°C, confidence=5.000, total_predictions=49
2026-05-03 18:05:41,333 - DEBUG - ✅ Online learning: applied_temp=18.8°C, actual_change=-0.030°C, cycle=48
2026-05-03 18:05:41,333 - INFO - ❄️ Cooling mode active (state: cool)
2026-05-03 18:05:41,333 - DEBUG - ♻️ Reusing existing Model Wrapper instance
2026-05-03 18:05:41,333 - INFO - ❄️ COOLING MODE: ML will calculate cooling outlet temperature (outlet < inlet) — using cooling state /config/ml_heating/unified_thermal_state_cooling.json
2026-05-03 18:05:41,362 - DEBUG - Fireplace is OFF. Using main indoor temp for prediction.
2026-05-03 18:05:41,562 - DEBUG - PV forecast parsed successfully: [453.5, 18.5, 0.0, 0.0, 0.0, 0.0, 0.0, 0.0, 0.0, 0.0, 0.0, 167.2]W
2026-05-03 18:05:41,562 - DEBUG - Solar correction: enabled=True, percent=60.0%, factor=0.600
2026-05-03 18:05:41,591 - DEBUG - Delta calibration applied: offset=+3.06°C
2026-05-03 18:05:41,591 - DEBUG - Raw forecasts: [20.7, 18.8, 15.9, 14.4, 13.6, 12.9, 12.3, 11.6, 11.7, 11.6, 11.6, 11.1]
2026-05-03 18:05:41,591 - DEBUG - Calibrated forecasts: [23.76, 21.86, 18.96, 17.46, 16.66, 15.96, 15.36, 14.66, 14.76, 14.66, 14.66, 14.16]
2026-05-03 18:05:41,594 - INFO - ☀️ Forecast trajectory: PV=3240W, remaining_pv_hours=1 + min_steps=6 → 7 steps
2026-05-03 18:05:41,595 - DEBUG - ♻️ Reusing existing Model Wrapper instance
2026-05-03 18:05:41,600 - INFO - DEBUG: Wrapper params: U=0.1245214561975565, eff=0.9526723072021629, tau=4.390554703745845
2026-05-03 18:05:41,600 - DEBUG - ❄️ Cooling: tightened outlet_max to 18.9°C (inlet=20.9°C − delta=2.0°C)
2026-05-03 18:05:41,600 - INFO - ❄️ Cooling mode bounds: outlet 18.3–18.9°C (indoor=23.5°C, target=22.6°C)
2026-05-03 18:05:41,601 - DEBUG - 🔧 Using natural bounds: outlet_min=18.3°C, outlet_max=18.9°C
2026-05-03 18:05:41,601 - INFO - 🌡️ Using cycle-aligned forecast (10min): outdoor=23.8°C (vs current 23.8°C), PV=2764W (vs current 2990W)
2026-05-03 18:05:41,601 - DEBUG - DEBUG: Using PV history (len=18) instead of scalar 2763.732407407408
2026-05-03 18:05:41,601 - INFO - 🔄 HP off (delta_t=-0.26): simulating HP-on delta_t=2.30 for binary search
2026-05-03 18:05:41,601 - DEBUG - 🎯 Binary search start: target=22.6°C, current=23.5°C, range=18.3-18.9°C
2026-05-03 18:05:41,601 - DEBUG - 🔍 Binary search features: inlet_temp=20.919999999999998, delta_t_floor=2.30, indoor_temp_delta_60m=-0.0632, horizon=7.0h, outlet_mid=18.6°C
2026-05-03 18:05:41,603 - DEBUG - ✅ Binary search trajectory OK (iter 1): outlet=18.6°C → predicted=22.28°C (steps=42, start=23.51→end=22.28)
2026-05-03 18:05:41,603 - DEBUG -    Iteration 1: outlet=18.6°C → predicted=22.28°C, error=-0.319°C (range: 18.3-18.9°C)
2026-05-03 18:05:41,603 - DEBUG -      → Cooling: Predicted below target, raising minimum to 18.6°C
2026-05-03 18:05:41,604 - DEBUG -    Iteration 2: outlet=18.8°C → predicted=22.28°C, error=-0.319°C (range: 18.6-18.9°C)
2026-05-03 18:05:41,604 - DEBUG -      → Cooling: Predicted below target, raising minimum to 18.8°C
2026-05-03 18:05:41,605 - DEBUG -    Iteration 3: outlet=18.8°C → predicted=22.28°C, error=-0.319°C (range: 18.8-18.9°C)
2026-05-03 18:05:41,605 - DEBUG -      → Cooling: Predicted below target, raising minimum to 18.8°C
2026-05-03 18:05:41,607 - DEBUG -    Iteration 4: outlet=18.9°C → predicted=22.28°C, error=-0.319°C (range: 18.8-18.9°C)
2026-05-03 18:05:41,607 - DEBUG -      → Cooling: Predicted below target, raising minimum to 18.9°C
2026-05-03 18:05:41,607 - INFO - 🔄 Binary search early exit after 5 iterations: range collapsed to 0.039°C, using 18.9°C
2026-05-03 18:05:41,607 - DEBUG - 🧠 Smart rounding is using cycle-aligned forecast: PV=2764W (caller sent PV=2990W)
2026-05-03 18:05:41,607 - INFO - 🎯 Prediction: Current 23.49°C → Target 22.6°C | Calculated outlet: 18.9°C (before smart rounding) (confidence: 5.000)
2026-05-03 18:05:41,607 - DEBUG - Model Wrapper: temp=18.9°C, error=0.890°C, confidence=5.000
2026-05-03 18:05:41,607 - DEBUG - EMA smoothing: 18.90°C → 18.9°C (last=18.8, α=0.50)
2026-05-03 18:05:41,607 - DEBUG - ♻️ Reusing existing Model Wrapper instance
2026-05-03 18:05:41,607 - INFO - 🌡️ Using cycle-aligned forecast (10min): outdoor=23.3°C (vs current 23.3°C), PV=2764W (vs current 2990W)
2026-05-03 18:05:41,607 - DEBUG - 🧠 Smart rounding is using cycle-aligned forecast: PV=2764W (caller sent PV=2764W)
2026-05-03 18:05:41,607 - DEBUG - 🧠 Smart rounding is using cycle-aligned forecast: PV=2764W (caller sent PV=2764W)
2026-05-03 18:05:41,607 - DEBUG - Smart rounding: 18.90°C → 18°C (chose floor: floor→23.40°C [err=0.804], ceiling→23.44°C [err=0.836], target=22.6°C)
2026-05-03 18:05:41,608 - DEBUG - Setting target outlet temp
2026-05-03 18:05:41,608 - DEBUG - Setting HA state for sensor.ml_vorlauftemperatur: {'state': '18.9', 'attributes': {'state_class': 'measurement', 'unique_id': 'ml_heating_target_outlet_temp', 'friendly_name': 'ML Target Outlet Temp', 'unit_of_measurement': '°C', 'device_class': 'temperature', 'icon': 'mdi:thermometer-water'}}
2026-05-03 18:05:41,620 - DEBUG - Logging thermal model metrics
2026-05-03 18:05:41,620 - DEBUG - Setting HA state for sensor.ml_heating_state: {'state': '0', 'attributes': {'state_class': 'measurement', 'unique_id': 'ml_heating_state', 'friendly_name': 'ML Heating State', 'unit_of_measurement': 'state', 'icon': 'mdi:information-outline', 'state_description': 'OK - Prediction done', 'confidence': 5.0, 'suggested_temp': 18.9, 'final_temp': 18.9, 'predicted_indoor': 23.46, 'last_prediction_time': '2026-05-03T16:05:41.620818+00:00', 'temperature_error': 0.89}}
2026-05-03 18:05:41,636 - DEBUG - ✅ ACTIVE MODE: ML controlling heating via input_boolean.ml_heating
2026-05-03 18:05:41,638 - DEBUG - 🧠 Smart rounding is using cycle-aligned forecast: PV=2764W (caller sent PV=2990W)
2026-05-03 18:05:41,638 - DEBUG - Target: 22.6°C | Suggested: 18.9°C | Applied: 18.9°C | Actual Indoor: 23.49°C | Predicted Indoor: 23.43°C | Confidence: 5.000
2026-05-03 18:05:41,638 - INFO - Target: 22.6°C | Suggested: 18.9°C | Applied: 18.9°C | Actual Indoor: 23.49°C | Predicted Indoor: 23.43°C | Confidence: 5.000
2026-05-03 18:05:41,674 - DEBUG - 💾 Saved cooling thermal state to /config/ml_heating/unified_thermal_state_cooling.json
2026-05-03 18:05:41,675 - DEBUG - Operational state saved to /config/ml_heating/unified_thermal_state_cooling.json; updated keys: ['last_run_features', 'last_indoor_temp', 'last_avg_other_rooms_temp', 'last_fireplace_on', 'last_final_temp', 'last_predicted_indoor', 'last_is_blocking', 'last_blocking_reasons', 'setpoint_hold_cycles_remaining']
2026-05-03 18:05:41,675 - DEBUG - Setting HA state for sensor.ml_heating_features: {'state': '23.52', 'attributes': {'state_class': 'measurement', 'unique_id': 'ml_heating_features', 'friendly_name': 'ML Heating Features', 'unit_of_measurement': '°C', 'device_class': 'temperature', 'icon': 'mdi:feature-search-outline', 'living_room_temp': 23.52, 'outlet_temp': 20.660000000000004, 'indoor_temp_lag_30m': 23.521, 'target_temp': 22.6, 'outdoor_temp': 23.75937499999999, 'dhw_heating': 0.0, 'dhw_disinfection': 0.0, 'dhw_boost_heater': 0.0, 'defrosting': 0.0, 'pv_now': 1944.0, 'pv_now_electrical': 3240.0, 'solar_correction_percent': 60.0, 'solar_correction_factor': 0.6, 'solar_correction_enabled': 1.0, 'fireplace_on': 0.0, 'tv_on': 0.0, 'temp_forecast_1h': 23.76, 'temp_forecast_2h': 21.86, 'temp_forecast_3h': 18.96, 'temp_forecast_4h': 17.46, 'temp_forecast_5h': 16.66, 'temp_forecast_6h': 15.96, 'temp_forecast_7h': 15.36, 'temp_forecast_8h': 14.66, 'temp_forecast_9h': 14.76, 'temp_forecast_10h': 14.66, 'temp_forecast_11h': 14.66, 'temp_forecast_12h': 14.16, 'pv_forecast_1h': 272.09999999999997, 'pv_forecast_2h': 11.1, 'pv_forecast_3h': 0.0, 'pv_forecast_4h': 0.0, 'pv_forecast_5h': 0.0, 'pv_forecast_6h': 0.0, 'pv_forecast_7h': 0.0, 'pv_forecast_8h': 0.0, 'pv_forecast_9h': 0.0, 'pv_forecast_10h': 0.0, 'pv_forecast_11h': 0.0, 'pv_forecast_12h': 100.32, 'pv_forecast_electrical_1h': 453.5, 'pv_forecast_electrical_2h': 18.5, 'pv_forecast_electrical_3h': 0.0, 'pv_forecast_electrical_4h': 0.0, 'pv_forecast_electrical_5h': 0.0, 'pv_forecast_electrical_6h': 0.0, 'pv_forecast_electrical_7h': 0.0, 'pv_forecast_electrical_8h': 0.0, 'pv_forecast_electrical_9h': 0.0, 'pv_forecast_electrical_10h': 0.0, 'pv_forecast_electrical_11h': 0.0, 'pv_forecast_electrical_12h': 167.2, 'cloud_cover_forecast_1h': 0.0, 'cloud_cover_forecast_2h': 0.0, 'cloud_cover_forecast_3h': 0.0, 'cloud_cover_forecast_4h': 0.0, 'cloud_cover_forecast_5h': 0.0, 'cloud_cover_forecast_6h': 0.0, 'cloud_cover_forecast_7h': 0.0, 'cloud_cover_forecast_8h': 0.0, 'cloud_cover_forecast_9h': 0.0, 'cloud_cover_forecast_10h': 0.0, 'cloud_cover_forecast_11h': 0.0, 'cloud_cover_forecast_12h': 0.0, 'temp_diff_indoor_outdoor': -0.2506249999999923, 'indoor_temp_gradient': 0.26850000000000307, 'outlet_indoor_diff': -2.8487499999999955, 'indoor_temp_lag_10m': 23.505000000000006, 'indoor_temp_lag_60m': 23.571999999999996, 'outlet_temp_lag_30m': 19.330000000000002, 'outlet_temp_change': 0.043333333333336554, 'indoor_temp_delta_10m': 0.0037499999999930367, 'indoor_temp_delta_30m': -0.012250000000001648, 'indoor_temp_delta_60m': -0.06324999999999648, 'hour_sin': -1.0, 'hour_cos': -1.8369701987210297e-16, 'month_sin': 0.8660254037844387, 'month_cos': -0.4999999999999998, 'outlet_effectiveness_ratio': 9.087499999999977, 'inlet_temp': 20.919999999999998, 'flow_rate': 14.0, 'power_consumption': 250.0, 'delta_t': -0.25999999999999446, 'thermal_power_kw': -0.2539506666666613, 'cop_realtime': -1.015802666666645, 'temp_trend_forecast': -1.137421874999999, 'heating_demand_forecast': 0.634, 'combined_forecast_thermal_load': 0.634, 'pv_power_history': [4014.0, 3093.0, 2656.2, 2310.6, 2409.0, 2143.7999999999997, 2117.4, 2411.4, 3783.6, 5112.0, 4697.4, 3894.0, 3231.6, 2884.7999999999997, 3119.4, 2113.2, 1878.0, 1955.0], 'last_updated': '2026-05-03T16:05:41.675167+00:00'}}
2026-05-03 18:05:41,689 - DEBUG - Published 89 features to sensor.ml_heating_features
2026-05-03 18:05:41,689 - DEBUG - ✅ CYCLE 19 END: 18:05:41 (duration: 0.7s)
2026-05-03 18:05:41,689 - DEBUG - 💤 POLLING START: Waiting 30min until next cycle...
2026-05-03 18:05:41,718 - DEBUG - Active sampling: buffered 6 readings
127.0.0.1 - - [03/May/2026 18:05:44] "GET /health HTTP/1.1" 200 -
127.0.0.1 - - [03/May/2026 18:06:14] "GET /health HTTP/1.1" 200 -
2026-05-03 18:06:41,751 - DEBUG - Active sampling: buffered 6 readings
127.0.0.1 - - [03/May/2026 18:06:44] "GET /health HTTP/1.1" 200 -
127.0.0.1 - - [03/May/2026 18:07:15] "GET /health HTTP/1.1" 200 -
2026-05-03 18:07:41,784 - DEBUG - Active sampling: buffered 6 readings
127.0.0.1 - - [03/May/2026 18:07:45] "GET /health HTTP/1.1" 200 -
127.0.0.1 - - [03/May/2026 18:08:15] "GET /health HTTP/1.1" 200 -
2026-05-03 18:08:41,816 - DEBUG - Active sampling: buffered 6 readings
127.0.0.1 - - [03/May/2026 18:08:45] "GET /health HTTP/1.1" 200 -
127.0.0.1 - - [03/May/2026 18:09:15] "GET /health HTTP/1.1" 200 -
2026-05-03 18:09:41,850 - DEBUG - Active sampling: buffered 6 readings
127.0.0.1 - - [03/May/2026 18:09:45] "GET /health HTTP/1.1" 200 -
127.0.0.1 - - [03/May/2026 18:10:15] "GET /health HTTP/1.1" 200 -
2026-05-03 18:10:41,882 - DEBUG - Active sampling: buffered 6 readings
127.0.0.1 - - [03/May/2026 18:10:45] "GET /health HTTP/1.1" 200 -
127.0.0.1 - - [03/May/2026 18:11:15] "GET /health HTTP/1.1" 200 -
2026-05-03 18:11:41,915 - DEBUG - Active sampling: buffered 6 readings
127.0.0.1 - - [03/May/2026 18:11:45] "GET /health HTTP/1.1" 200 -
127.0.0.1 - - [03/May/2026 18:12:15] "GET /health HTTP/1.1" 200 -
2026-05-03 18:12:41,947 - DEBUG - Active sampling: buffered 6 readings
127.0.0.1 - - [03/May/2026 18:12:45] "GET /health HTTP/1.1" 200 -
127.0.0.1 - - [03/May/2026 18:13:15] "GET /health HTTP/1.1" 200 -
2026-05-03 18:13:41,979 - DEBUG - Active sampling: buffered 6 readings
127.0.0.1 - - [03/May/2026 18:13:45] "GET /health HTTP/1.1" 200 -
127.0.0.1 - - [03/May/2026 18:14:15] "GET /health HTTP/1.1" 200 -
2026-05-03 18:14:42,010 - DEBUG - Active sampling: buffered 6 readings
127.0.0.1 - - [03/May/2026 18:14:45] "GET /health HTTP/1.1" 200 -
127.0.0.1 - - [03/May/2026 18:15:15] "GET /health HTTP/1.1" 200 -
2026-05-03 18:15:42,012 - DEBUG - ⏰ POLLING END: Waited 10.0min, starting next cycle...
2026-05-03 18:15:42,012 - DEBUG - 🔄 CYCLE 20 START: 18:15:42 (interval: 10.0min since last cycle)
2026-05-03 18:15:42,012 - DEBUG - ♻️ Reusing existing Model Wrapper instance
2026-05-03 18:15:42,012 - INFO - Successfully loaded operational state from /config/ml_heating/unified_thermal_state_cooling.json
2026-05-03 18:15:42,041 - DEBUG - Setting HA state for sensor.ml_heating_cop_realtime: {'state': '-7.20', 'attributes': {'state_class': 'measurement', 'unique_id': 'ml_heating_cop_realtime', 'friendly_name': 'ML Heating COP (Realtime)', 'unit_of_measurement': 'COP', 'icon': 'mdi:heat-pump', 'device_class': 'power_factor'}}
2026-05-03 18:15:42,054 - DEBUG - Setting HA state for sensor.ml_heating_thermal_power: {'state': '-2.930', 'attributes': {'state_class': 'measurement', 'unique_id': 'ml_heating_thermal_power', 'friendly_name': 'ML Heating Thermal Power', 'unit_of_measurement': 'kW', 'icon': 'mdi:flash', 'device_class': 'power'}}
2026-05-03 18:15:42,095 - DEBUG - Wrote thermodynamic metrics to InfluxDB
2026-05-03 18:15:42,095 - DEBUG - Thermodynamic sensors updated: COP=-7.20, Power=-2.930kW
2026-05-03 18:15:42,095 - DEBUG - ♻️ Reusing existing Model Wrapper instance
2026-05-03 18:15:42,096 - DEBUG - 🎯 ACTIVE MODE LEARNING (trajectory): Verifying ML prediction accuracy for 18.9°C outlet setting
2026-05-03 18:15:42,099 - DEBUG - ☀️ SolarChannel self-learned: avg_error=-0.009, pv_heat_weight=0.00132, solar_lag=45.1min, cloud_exp=1.00, solar_decay_tau=1.00h
2026-05-03 18:15:42,099 - INFO - ☀️ pv parameter update: attributed_error=-0.001079 | pv_heat_weight: 0.001329→0.00132 (Δ-0.000009) | solar_decay_tau_hours: 0.999629→0.999625 (Δ-0.000005) | solar_lag_minutes: 45.123059→45.123484 (Δ+0.000425)
2026-05-03 18:15:42,099 - INFO - Channel routing → [☀️ pv*] | error=-0.0011 | pv_current=1944W pv_smoothed=2990W | params_changed=pv
2026-05-03 18:15:42,140 - DEBUG - 💾 Saved cooling thermal state to /config/ml_heating/unified_thermal_state_cooling.json
2026-05-03 18:15:42,141 - DEBUG - Skipping legacy global adaptation: channel mode owns recent-window learning
2026-05-03 18:15:42,179 - DEBUG - 💾 Saved cooling thermal state to /config/ml_heating/unified_thermal_state_cooling.json
2026-05-03 18:15:42,180 - DEBUG - Prediction feedback: error=-0.001°C, confidence=5.000
2026-05-03 18:15:42,215 - DEBUG - 💾 Saved cooling thermal state to /config/ml_heating/unified_thermal_state_cooling.json
2026-05-03 18:15:42,216 - DEBUG - 💾 Saved 50 predictions to unified thermal state
2026-05-03 18:15:42,216 - DEBUG - Added prediction: pred=23.49, actual=23.49, error=-0.001
2026-05-03 18:15:42,251 - DEBUG - 💾 Saved cooling thermal state to /config/ml_heating/unified_thermal_state_cooling.json
2026-05-03 18:15:42,252 - DEBUG - Setting HA state for sensor.ml_model_mae: {'state': '0.0329', 'attributes': {'state_class': 'measurement', 'unique_id': 'ml_heating_model_mae', 'friendly_name': 'ML Model MAE', 'unit_of_measurement': '°C', 'icon': 'mdi:chart-line', 'last_updated': '2026-05-03T16:15:42.252711+00:00'}}
2026-05-03 18:15:42,267 - DEBUG - Setting HA state for sensor.ml_model_rmse: {'state': '0.0449', 'attributes': {'state_class': 'measurement', 'unique_id': 'ml_heating_model_rmse', 'friendly_name': 'ML Model RMSE', 'unit_of_measurement': '°C', 'icon': 'mdi:chart-line', 'last_updated': '2026-05-03T16:15:42.252711+00:00'}}
2026-05-03 18:15:42,298 - DEBUG - Setting HA state for sensor.ml_heating_learning: {'state': '5.000', 'attributes': {'state_class': 'measurement', 'unique_id': 'ml_heating_learning', 'friendly_name': 'ML Adaptive Learning Metrics', 'unit_of_measurement': 'metrics', 'icon': 'mdi:brain', 'thermal_time_constant': 4.390554703745845, 'heat_loss_coefficient': 0.1245214561975565, 'outlet_effectiveness': 0.9526723072021629, 'pv_heat_weight': 0.0013199806489234956, 'fireplace_heat_weight': 0.387, 'tv_heat_weight': 0.35, 'solar_lag_minutes': 45.123483763883655, 'slab_time_constant_hours': 3.19, 'heat_source_channels_enabled': True, 'total_conductance': 0.3, 'equilibrium_ratio': 0.5, 'cycle_count': 49, 'parameter_updates': 17, 'model_health': 'excellent', 'learning_progress': 0.49, 'is_improving': True, 'improvement_percentage': 53.29153517827465, 'total_predictions': 50, 'learning_confidence': 5.0, 'last_updated': '2026-05-03T16:15:42.297842+00:00', 'delta_t_floor': 2.3, 'cloud_factor_exponent': 1.0, 'solar_decay_tau_hours': 0.9996247578592017, 'fp_heat_output_kw': 0.387, 'fp_decay_time_constant': 3.9144707244638868, 'room_spread_delay_minutes': 18.0, 'ch_heat_pump_history_count': 0, 'ch_heat_pump_last_error': 0.0, 'ch_pv_history_count': 47, 'ch_pv_last_error': -0.001079112412000427, 'ch_fireplace_history_count': 0, 'ch_fireplace_last_error': 0.0, 'ch_tv_history_count': 0, 'ch_tv_last_error': 0.0}}
2026-05-03 18:15:42,312 - DEBUG - Setting HA state for sensor.ml_model_mae: {'state': '0.0329', 'attributes': {'state_class': 'measurement', 'unique_id': 'ml_heating_model_mae', 'friendly_name': 'ML Model MAE', 'unit_of_measurement': '°C', 'icon': 'mdi:chart-line', 'mae_1h': 0.022327151326405392, 'mae_6h': 0.03286489643297941, 'mae_24h': 0.03286489643297941, 'trend_direction': 'improving', 'prediction_count': 50, 'last_updated': '2026-05-03T16:15:42.297842+00:00'}}
2026-05-03 18:15:42,326 - DEBUG - Setting HA state for sensor.ml_model_rmse: {'state': '0.0449', 'attributes': {'state_class': 'measurement', 'unique_id': 'ml_heating_model_rmse', 'friendly_name': 'ML Model RMSE', 'unit_of_measurement': '°C', 'icon': 'mdi:chart-line', 'recent_max_error': 0.043852356837998485, 'std_error': 0.0305, 'mean_bias': 0.0, 'prediction_count': 50, 'last_updated': '2026-05-03T16:15:42.297842+00:00'}}
2026-05-03 18:15:42,341 - DEBUG - Setting HA state for sensor.ml_prediction_accuracy: {'state': '100.0', 'attributes': {'state_class': 'measurement', 'unique_id': 'ml_prediction_accuracy', 'friendly_name': 'ML Prediction Accuracy', 'unit_of_measurement': '%', 'icon': 'mdi:target', 'perfect_accuracy_pct': 0.0, 'tolerable_accuracy_pct': 100.0, 'poor_accuracy_pct': 0.0, 'prediction_count_24h': 0, 'excellent_all_time_pct': 96.0, 'good_all_time_pct': 100.0, 'last_updated': '2026-05-03T16:15:42.297842+00:00'}}
2026-05-03 18:15:42,355 - DEBUG - Logged refactored sensor metrics to HA
2026-05-03 18:15:42,355 - DEBUG - Logging feature importance
2026-05-03 18:15:42,355 - DEBUG - Setting HA state for sensor.ml_feature_importance: {'state': '5', 'attributes': {'state_class': 'measurement', 'unique_id': 'ml_heating_feature_importance', 'friendly_name': 'ML Feature Importance', 'unit_of_measurement': '%', 'icon': 'mdi:format-list-numbered', 'top_features': {'target_temp': 52.47, 'fireplace': 21.32, 'tv_power': 19.28, 'outdoor_temp': 6.86, 'pv_power': 0.07}, 'last_updated': '2026-05-03T16:15:42.355500+00:00'}}
2026-05-03 18:15:42,369 - INFO - ✅ Exported metrics to Home Assistant sensors successfully
2026-05-03 18:15:42,369 - INFO - ✅ Learning cycle 49: error=0.001°C, confidence=5.000, total_predictions=50
2026-05-03 18:15:42,369 - DEBUG - ✅ Online learning: applied_temp=18.9°C, actual_change=0.000°C, cycle=49
2026-05-03 18:15:42,370 - INFO - ❄️ Cooling mode active (state: cool)
2026-05-03 18:15:42,370 - DEBUG - ♻️ Reusing existing Model Wrapper instance
2026-05-03 18:15:42,370 - INFO - ❄️ COOLING MODE: ML will calculate cooling outlet temperature (outlet < inlet) — using cooling state /config/ml_heating/unified_thermal_state_cooling.json
2026-05-03 18:15:42,399 - DEBUG - Fireplace is OFF. Using main indoor temp for prediction.
2026-05-03 18:15:42,584 - DEBUG - PV forecast parsed successfully: [286.8, 2.0, 0.0, 0.0, 0.0, 0.0, 0.0, 0.0, 0.0, 0.0, 10.2, 342.0]W
2026-05-03 18:15:42,584 - DEBUG - Solar correction: enabled=True, percent=60.0%, factor=0.600
2026-05-03 18:15:42,614 - DEBUG - Delta calibration applied: offset=+2.82°C
2026-05-03 18:15:42,614 - DEBUG - Raw forecasts: [20.7, 18.8, 15.9, 14.4, 13.6, 12.9, 12.3, 11.6, 11.7, 11.6, 11.6, 11.1]
2026-05-03 18:15:42,614 - DEBUG - Calibrated forecasts: [23.52, 21.62, 18.72, 17.22, 16.42, 15.72, 15.12, 14.42, 14.52, 14.42, 14.42, 13.92]
2026-05-03 18:15:42,618 - INFO - ☀️ Forecast trajectory: PV=3440W, remaining_pv_hours=1 + min_steps=6 → 7 steps
2026-05-03 18:15:42,618 - DEBUG - ♻️ Reusing existing Model Wrapper instance
2026-05-03 18:15:42,624 - INFO - DEBUG: Wrapper params: U=0.1245214561975565, eff=0.9526723072021629, tau=4.390554703745845
2026-05-03 18:15:42,624 - DEBUG - ❄️ Cooling: tightened outlet_max to 19.0°C (inlet=21.0°C − delta=2.0°C)
2026-05-03 18:15:42,624 - INFO - ❄️ Cooling mode bounds: outlet 18.3–19.0°C (indoor=23.5°C, target=22.6°C)
2026-05-03 18:15:42,624 - DEBUG - 🔧 Using natural bounds: outlet_min=18.3°C, outlet_max=19.0°C
2026-05-03 18:15:42,625 - INFO - 🌡️ Using cycle-aligned forecast (10min): outdoor=23.5°C (vs current 23.5°C), PV=2646W (vs current 2871W)
2026-05-03 18:15:42,625 - DEBUG - DEBUG: Using PV history (len=18) instead of scalar 2646.487222222222
2026-05-03 18:15:42,625 - INFO - 🔄 HP off (delta_t=-2.10): simulating HP-on delta_t=2.30 for binary search
2026-05-03 18:15:42,625 - DEBUG - 🎯 Binary search start: target=22.6°C, current=23.5°C, range=18.3-19.0°C
2026-05-03 18:15:42,625 - DEBUG - 🔍 Binary search features: inlet_temp=21.04, delta_t_floor=2.30, indoor_temp_delta_60m=-0.0611, horizon=7.0h, outlet_mid=18.7°C
2026-05-03 18:15:42,626 - DEBUG - ✅ Binary search trajectory OK (iter 1): outlet=18.7°C → predicted=22.27°C (steps=42, start=23.50→end=22.27)
2026-05-03 18:15:42,626 - DEBUG -    Iteration 1: outlet=18.7°C → predicted=22.27°C, error=-0.332°C (range: 18.3-19.0°C)
2026-05-03 18:15:42,627 - DEBUG -      → Cooling: Predicted below target, raising minimum to 18.7°C
2026-05-03 18:15:42,628 - DEBUG -    Iteration 2: outlet=18.9°C → predicted=22.27°C, error=-0.332°C (range: 18.7-19.0°C)
2026-05-03 18:15:42,628 - DEBUG -      → Cooling: Predicted below target, raising minimum to 18.9°C
2026-05-03 18:15:42,630 - DEBUG -    Iteration 3: outlet=18.9°C → predicted=22.27°C, error=-0.332°C (range: 18.9-19.0°C)
2026-05-03 18:15:42,630 - DEBUG -      → Cooling: Predicted below target, raising minimum to 18.9°C
2026-05-03 18:15:42,631 - DEBUG -    Iteration 4: outlet=19.0°C → predicted=22.27°C, error=-0.332°C (range: 18.9-19.0°C)
2026-05-03 18:15:42,631 - DEBUG -      → Cooling: Predicted below target, raising minimum to 19.0°C
2026-05-03 18:15:42,631 - INFO - 🔄 Binary search early exit after 5 iterations: range collapsed to 0.046°C, using 19.0°C
2026-05-03 18:15:42,631 - DEBUG - 🧠 Smart rounding is using cycle-aligned forecast: PV=2646W (caller sent PV=2871W)
2026-05-03 18:15:42,631 - INFO - 🎯 Prediction: Current 23.49°C → Target 22.6°C | Calculated outlet: 19.0°C (before smart rounding) (confidence: 5.000)
2026-05-03 18:15:42,632 - DEBUG - Model Wrapper: temp=19.0°C, error=0.890°C, confidence=5.000
2026-05-03 18:15:42,632 - DEBUG - EMA smoothing: 19.02°C → 19.0°C (last=18.9, α=0.50)
2026-05-03 18:15:42,632 - DEBUG - Smart rounding: 19.00°C is already integer
2026-05-03 18:15:42,632 - DEBUG - Setting target outlet temp
2026-05-03 18:15:42,632 - DEBUG - Setting HA state for sensor.ml_vorlauftemperatur: {'state': '19.0', 'attributes': {'state_class': 'measurement', 'unique_id': 'ml_heating_target_outlet_temp', 'friendly_name': 'ML Target Outlet Temp', 'unit_of_measurement': '°C', 'device_class': 'temperature', 'icon': 'mdi:thermometer-water'}}
2026-05-03 18:15:42,649 - DEBUG - Logging thermal model metrics
2026-05-03 18:15:42,649 - DEBUG - Setting HA state for sensor.ml_heating_state: {'state': '0', 'attributes': {'state_class': 'measurement', 'unique_id': 'ml_heating_state', 'friendly_name': 'ML Heating State', 'unit_of_measurement': 'state', 'icon': 'mdi:information-outline', 'state_description': 'OK - Prediction done', 'confidence': 5.0, 'suggested_temp': 19.02, 'final_temp': 19.0, 'predicted_indoor': 23.45, 'last_prediction_time': '2026-05-03T16:15:42.649831+00:00', 'temperature_error': 0.89}}
2026-05-03 18:15:42,668 - DEBUG - ✅ ACTIVE MODE: ML controlling heating via input_boolean.ml_heating
2026-05-03 18:15:42,670 - DEBUG - 🧠 Smart rounding is using cycle-aligned forecast: PV=2646W (caller sent PV=2871W)
2026-05-03 18:15:42,670 - DEBUG - Target: 22.6°C | Suggested: 19.0°C | Applied: 19.0°C | Actual Indoor: 23.49°C | Predicted Indoor: 23.43°C | Confidence: 5.000
2026-05-03 18:15:42,670 - INFO - Target: 22.6°C | Suggested: 19.0°C | Applied: 19.0°C | Actual Indoor: 23.49°C | Predicted Indoor: 23.43°C | Confidence: 5.000
2026-05-03 18:15:42,707 - DEBUG - 💾 Saved cooling thermal state to /config/ml_heating/unified_thermal_state_cooling.json
2026-05-03 18:15:42,707 - DEBUG - Operational state saved to /config/ml_heating/unified_thermal_state_cooling.json; updated keys: ['last_run_features', 'last_indoor_temp', 'last_avg_other_rooms_temp', 'last_fireplace_on', 'last_final_temp', 'last_predicted_indoor', 'last_is_blocking', 'last_blocking_reasons', 'setpoint_hold_cycles_remaining']
2026-05-03 18:15:42,708 - DEBUG - Setting HA state for sensor.ml_heating_features: {'state': '23.52', 'attributes': {'state_class': 'measurement', 'unique_id': 'ml_heating_features', 'friendly_name': 'ML Heating Features', 'unit_of_measurement': '°C', 'device_class': 'temperature', 'icon': 'mdi:feature-search-outline', 'living_room_temp': 23.52, 'outlet_temp': 18.939999999999998, 'indoor_temp_lag_30m': 23.509999999999998, 'target_temp': 22.6, 'outdoor_temp': 23.51562499999999, 'dhw_heating': 0.0, 'dhw_disinfection': 0.0, 'dhw_boost_heater': 0.0, 'defrosting': 0.0, 'pv_now': 2064.0, 'pv_now_electrical': 3440.0, 'solar_correction_percent': 60.0, 'solar_correction_factor': 0.6, 'solar_correction_enabled': 1.0, 'fireplace_on': 0.0, 'tv_on': 0.0, 'temp_forecast_1h': 23.52, 'temp_forecast_2h': 21.62, 'temp_forecast_3h': 18.72, 'temp_forecast_4h': 17.22, 'temp_forecast_5h': 16.42, 'temp_forecast_6h': 15.72, 'temp_forecast_7h': 15.12, 'temp_forecast_8h': 14.42, 'temp_forecast_9h': 14.52, 'temp_forecast_10h': 14.42, 'temp_forecast_11h': 14.42, 'temp_forecast_12h': 13.92, 'pv_forecast_1h': 172.08, 'pv_forecast_2h': 1.2, 'pv_forecast_3h': 0.0, 'pv_forecast_4h': 0.0, 'pv_forecast_5h': 0.0, 'pv_forecast_6h': 0.0, 'pv_forecast_7h': 0.0, 'pv_forecast_8h': 0.0, 'pv_forecast_9h': 0.0, 'pv_forecast_10h': 0.0, 'pv_forecast_11h': 6.119999999999999, 'pv_forecast_12h': 205.2, 'pv_forecast_electrical_1h': 286.8, 'pv_forecast_electrical_2h': 2.0, 'pv_forecast_electrical_3h': 0.0, 'pv_forecast_electrical_4h': 0.0, 'pv_forecast_electrical_5h': 0.0, 'pv_forecast_electrical_6h': 0.0, 'pv_forecast_electrical_7h': 0.0, 'pv_forecast_electrical_8h': 0.0, 'pv_forecast_electrical_9h': 0.0, 'pv_forecast_electrical_10h': 0.0, 'pv_forecast_electrical_11h': 10.2, 'pv_forecast_electrical_12h': 342.0, 'cloud_cover_forecast_1h': 0.0, 'cloud_cover_forecast_2h': 0.0, 'cloud_cover_forecast_3h': 0.0, 'cloud_cover_forecast_4h': 0.0, 'cloud_cover_forecast_5h': 0.0, 'cloud_cover_forecast_6h': 0.0, 'cloud_cover_forecast_7h': 0.0, 'cloud_cover_forecast_8h': 0.0, 'cloud_cover_forecast_9h': 0.0, 'cloud_cover_forecast_10h': 0.0, 'cloud_cover_forecast_11h': 0.0, 'cloud_cover_forecast_12h': 0.0, 'temp_diff_indoor_outdoor': -0.013749999999991047, 'indoor_temp_gradient': 0.18525000000001057, 'outlet_indoor_diff': -4.561875000000001, 'indoor_temp_lag_10m': 23.501666666666665, 'indoor_temp_lag_60m': 23.563, 'outlet_temp_lag_30m': 20.29, 'outlet_temp_change': -0.5600000000000058, 'indoor_temp_delta_10m': 0.00020833333333314386, 'indoor_temp_delta_30m': -0.008124999999999716, 'indoor_temp_delta_60m': -0.06112500000000054, 'hour_sin': -1.0, 'hour_cos': -1.8369701987210297e-16, 'month_sin': 0.8660254037844387, 'month_cos': -0.4999999999999998, 'outlet_effectiveness_ratio': 9.018749999999969, 'inlet_temp': 21.04, 'flow_rate': 14.0, 'power_consumption': 407.0, 'delta_t': -2.1000000000000014, 'thermal_power_kw': -2.0511400000000015, 'cop_realtime': -5.039656019656023, 'temp_trend_forecast': -1.1993749999999985, 'heating_demand_forecast': 0.5880000000000001, 'combined_forecast_thermal_load': 0.5880000000000001, 'pv_power_history': [3093.0, 2656.2, 2310.6, 2409.0, 2143.7999999999997, 2117.4, 2411.4, 3783.6, 5112.0, 4697.4, 3894.0, 3231.6, 2884.7999999999997, 3119.4, 2113.2, 1878.0, 1871.3999999999999, 1959.0], 'last_updated': '2026-05-03T16:15:42.707838+00:00'}}
2026-05-03 18:15:42,721 - DEBUG - Published 89 features to sensor.ml_heating_features
2026-05-03 18:15:42,721 - DEBUG - ✅ CYCLE 20 END: 18:15:42 (duration: 0.7s)
2026-05-03 18:15:42,722 - DEBUG - 💤 POLLING START: Waiting 30min until next cycle...
2026-05-03 18:15:42,750 - DEBUG - Active sampling: buffered 6 readings
127.0.0.1 - - [03/May/2026 18:15:45] "GET /health HTTP/1.1" 200 -
127.0.0.1 - - [03/May/2026 18:16:15] "GET /health HTTP/1.1" 200 -
2026-05-03 18:16:42,781 - DEBUG - Active sampling: buffered 6 readings
127.0.0.1 - - [03/May/2026 18:16:46] "GET /health HTTP/1.1" 200 -
127.0.0.1 - - [03/May/2026 18:17:16] "GET /health HTTP/1.1" 200 -
2026-05-03 18:17:42,813 - DEBUG - Active sampling: buffered 6 readings
127.0.0.1 - - [03/May/2026 18:17:46] "GET /health HTTP/1.1" 200 -
127.0.0.1 - - [03/May/2026 18:18:16] "GET /health HTTP/1.1" 200 -
2026-05-03 18:18:42,844 - DEBUG - Active sampling: buffered 6 readings
127.0.0.1 - - [03/May/2026 18:18:46] "GET /health HTTP/1.1" 200 -
127.0.0.1 - - [03/May/2026 18:19:16] "GET /health HTTP/1.1" 200 -
2026-05-03 18:19:42,877 - DEBUG - Active sampling: buffered 6 readings
127.0.0.1 - - [03/May/2026 18:19:46] "GET /health HTTP/1.1" 200 -
127.0.0.1 - - [03/May/2026 18:20:16] "GET /health HTTP/1.1" 200 -
2026-05-03 18:20:42,909 - DEBUG - Active sampling: buffered 6 readings
127.0.0.1 - - [03/May/2026 18:20:46] "GET /health HTTP/1.1" 200 -
127.0.0.1 - - [03/May/2026 18:21:16] "GET /health HTTP/1.1" 200 -
2026-05-03 18:21:42,941 - DEBUG - Active sampling: buffered 6 readings
127.0.0.1 - - [03/May/2026 18:21:46] "GET /health HTTP/1.1" 200 -
127.0.0.1 - - [03/May/2026 18:22:16] "GET /health HTTP/1.1" 200 -
2026-05-03 18:22:42,974 - DEBUG - Active sampling: buffered 6 readings
127.0.0.1 - - [03/May/2026 18:22:46] "GET /health HTTP/1.1" 200 -
127.0.0.1 - - [03/May/2026 18:23:16] "GET /health HTTP/1.1" 200 -
2026-05-03 18:23:43,007 - DEBUG - Active sampling: buffered 6 readings
127.0.0.1 - - [03/May/2026 18:23:46] "GET /health HTTP/1.1" 200 -
127.0.0.1 - - [03/May/2026 18:24:16] "GET /health HTTP/1.1" 200 -
2026-05-03 18:24:43,040 - DEBUG - Active sampling: buffered 6 readings
127.0.0.1 - - [03/May/2026 18:24:46] "GET /health HTTP/1.1" 200 -
127.0.0.1 - - [03/May/2026 18:25:16] "GET /health HTTP/1.1" 200 -
2026-05-03 18:25:43,042 - DEBUG - ⏰ POLLING END: Waited 10.0min, starting next cycle...
2026-05-03 18:25:43,042 - DEBUG - 🔄 CYCLE 21 START: 18:25:43 (interval: 10.0min since last cycle)
2026-05-03 18:25:43,042 - DEBUG - ♻️ Reusing existing Model Wrapper instance
2026-05-03 18:25:43,042 - INFO - Successfully loaded operational state from /config/ml_heating/unified_thermal_state_cooling.json
2026-05-03 18:25:43,073 - DEBUG - Setting HA state for sensor.ml_heating_cop_realtime: {'state': '-7.37', 'attributes': {'state_class': 'measurement', 'unique_id': 'ml_heating_cop_realtime', 'friendly_name': 'ML Heating COP (Realtime)', 'unit_of_measurement': 'COP', 'icon': 'mdi:heat-pump', 'device_class': 'power_factor'}}
2026-05-03 18:25:43,087 - DEBUG - Setting HA state for sensor.ml_heating_thermal_power: {'state': '-2.637', 'attributes': {'state_class': 'measurement', 'unique_id': 'ml_heating_thermal_power', 'friendly_name': 'ML Heating Thermal Power', 'unit_of_measurement': 'kW', 'icon': 'mdi:flash', 'device_class': 'power'}}
2026-05-03 18:25:43,119 - DEBUG - Wrote thermodynamic metrics to InfluxDB
2026-05-03 18:25:43,119 - DEBUG - Thermodynamic sensors updated: COP=-7.37, Power=-2.637kW
2026-05-03 18:25:43,119 - DEBUG - ♻️ Reusing existing Model Wrapper instance
2026-05-03 18:25:43,120 - DEBUG - 🎯 ACTIVE MODE LEARNING (trajectory): Verifying ML prediction accuracy for 19.0°C outlet setting
2026-05-03 18:25:43,123 - DEBUG - ☀️ SolarChannel self-learned: avg_error=-0.013, pv_heat_weight=0.00131, solar_lag=45.1min, cloud_exp=1.00, solar_decay_tau=1.00h
2026-05-03 18:25:43,123 - INFO - ☀️ pv parameter update: attributed_error=+0.009045 | pv_heat_weight: 0.00132→0.001307 (Δ-0.000013) | solar_decay_tau_hours: 0.999625→0.999618 (Δ-0.000006) | solar_lag_minutes: 45.123484→45.124014 (Δ+0.000530)
2026-05-03 18:25:43,123 - INFO - Channel routing → [☀️ pv*] | error=+0.0090 | pv_current=2064W pv_smoothed=2871W | params_changed=pv
2026-05-03 18:25:43,167 - DEBUG - 💾 Saved cooling thermal state to /config/ml_heating/unified_thermal_state_cooling.json
2026-05-03 18:25:43,168 - DEBUG - Skipping legacy global adaptation: channel mode owns recent-window learning
2026-05-03 18:25:43,219 - DEBUG - 💾 Saved cooling thermal state to /config/ml_heating/unified_thermal_state_cooling.json
2026-05-03 18:25:43,219 - DEBUG - Prediction feedback: error=0.009°C, confidence=5.000
2026-05-03 18:25:43,259 - DEBUG - 💾 Saved cooling thermal state to /config/ml_heating/unified_thermal_state_cooling.json
2026-05-03 18:25:43,259 - DEBUG - 💾 Saved 51 predictions to unified thermal state
2026-05-03 18:25:43,259 - DEBUG - Added prediction: pred=23.49, actual=23.50, error=0.009
2026-05-03 18:25:43,303 - DEBUG - 💾 Saved cooling thermal state to /config/ml_heating/unified_thermal_state_cooling.json
2026-05-03 18:25:43,329 - DEBUG - Wrote prediction metrics to InfluxDB bucket 'ml_heating_features' with MAE(1h)=0.021
2026-05-03 18:25:43,329 - DEBUG - ✅ Exported prediction metrics to InfluxDB
2026-05-03 18:25:43,339 - DEBUG - Wrote thermal learning metrics to InfluxDB: effectiveness=0.953, confidence=5.00
2026-05-03 18:25:43,339 - DEBUG - ✅ Exported thermal learning metrics to InfluxDB
2026-05-03 18:25:43,355 - DEBUG - Wrote feature importances to Influx bucket 'ml_heating_features' (measurement=feature_importance) with timestamp 2026-05-03T16:25:43.340044+00:00
2026-05-03 18:25:43,355 - DEBUG - ✅ Exported feature importance to InfluxDB
2026-05-03 18:25:43,366 - DEBUG - Wrote learning phase metrics to InfluxDB: phase=high_confidence, stability=1.00
2026-05-03 18:25:43,367 - DEBUG - ✅ Exported learning phase metrics to InfluxDB
2026-05-03 18:25:43,378 - DEBUG - Wrote trajectory prediction metrics to InfluxDB: horizon=4h, mae_1h=0.021
2026-05-03 18:25:43,379 - DEBUG - ✅ Exported trajectory prediction metrics to InfluxDB
2026-05-03 18:25:43,379 - INFO - 📊 Exported all adaptive learning metrics to InfluxDB (cycle 50)
2026-05-03 18:25:43,380 - DEBUG - Setting HA state for sensor.ml_model_mae: {'state': '0.0324', 'attributes': {'state_class': 'measurement', 'unique_id': 'ml_heating_model_mae', 'friendly_name': 'ML Model MAE', 'unit_of_measurement': '°C', 'icon': 'mdi:chart-line', 'last_updated': '2026-05-03T16:25:43.380891+00:00'}}
2026-05-03 18:25:43,398 - DEBUG - Setting HA state for sensor.ml_model_rmse: {'state': '0.0444', 'attributes': {'state_class': 'measurement', 'unique_id': 'ml_heating_model_rmse', 'friendly_name': 'ML Model RMSE', 'unit_of_measurement': '°C', 'icon': 'mdi:chart-line', 'last_updated': '2026-05-03T16:25:43.380891+00:00'}}
2026-05-03 18:25:43,412 - DEBUG - Setting HA state for sensor.ml_heating_learning: {'state': '5.000', 'attributes': {'state_class': 'measurement', 'unique_id': 'ml_heating_learning', 'friendly_name': 'ML Adaptive Learning Metrics', 'unit_of_measurement': 'metrics', 'icon': 'mdi:brain', 'thermal_time_constant': 4.390554703745845, 'heat_loss_coefficient': 0.1245214561975565, 'outlet_effectiveness': 0.9526723072021629, 'pv_heat_weight': 0.0013071027240019444, 'fireplace_heat_weight': 0.387, 'tv_heat_weight': 0.35, 'solar_lag_minutes': 45.12401379351758, 'slab_time_constant_hours': 3.19, 'heat_source_channels_enabled': True, 'total_conductance': 0.3, 'equilibrium_ratio': 0.5, 'cycle_count': 50, 'parameter_updates': 18, 'model_health': 'excellent', 'learning_progress': 0.5, 'is_improving': True, 'improvement_percentage': 54.31149557725329, 'total_predictions': 51, 'learning_confidence': 5.0, 'last_updated': '2026-05-03T16:25:43.412148+00:00', 'delta_t_floor': 2.3, 'cloud_factor_exponent': 1.0, 'solar_decay_tau_hours': 0.9996183188967409, 'fp_heat_output_kw': 0.387, 'fp_decay_time_constant': 3.9144707244638868, 'room_spread_delay_minutes': 18.0, 'ch_heat_pump_history_count': 0, 'ch_heat_pump_last_error': 0.0, 'ch_pv_history_count': 48, 'ch_pv_last_error': 0.009045499111223876, 'ch_fireplace_history_count': 0, 'ch_fireplace_last_error': 0.0, 'ch_tv_history_count': 0, 'ch_tv_last_error': 0.0}}
2026-05-03 18:25:43,427 - DEBUG - Setting HA state for sensor.ml_model_mae: {'state': '0.0324', 'attributes': {'state_class': 'measurement', 'unique_id': 'ml_heating_model_mae', 'friendly_name': 'ML Model MAE', 'unit_of_measurement': '°C', 'icon': 'mdi:chart-line', 'mae_1h': 0.021407544702509423, 'mae_6h': 0.032397849426670476, 'mae_24h': 0.032397849426670476, 'trend_direction': 'improving', 'prediction_count': 51, 'last_updated': '2026-05-03T16:25:43.412148+00:00'}}
2026-05-03 18:25:43,443 - DEBUG - Setting HA state for sensor.ml_model_rmse: {'state': '0.0444', 'attributes': {'state_class': 'measurement', 'unique_id': 'ml_heating_model_rmse', 'friendly_name': 'ML Model RMSE', 'unit_of_measurement': '°C', 'icon': 'mdi:chart-line', 'recent_max_error': 0.037590907217026626, 'std_error': 0.0304, 'mean_bias': 0.0, 'prediction_count': 51, 'last_updated': '2026-05-03T16:25:43.412148+00:00'}}
2026-05-03 18:25:43,457 - DEBUG - Setting HA state for sensor.ml_prediction_accuracy: {'state': '100.0', 'attributes': {'state_class': 'measurement', 'unique_id': 'ml_prediction_accuracy', 'friendly_name': 'ML Prediction Accuracy', 'unit_of_measurement': '%', 'icon': 'mdi:target', 'perfect_accuracy_pct': 0.0, 'tolerable_accuracy_pct': 100.0, 'poor_accuracy_pct': 0.0, 'prediction_count_24h': 0, 'excellent_all_time_pct': 96.07843137254902, 'good_all_time_pct': 100.0, 'last_updated': '2026-05-03T16:25:43.412148+00:00'}}
2026-05-03 18:25:43,472 - DEBUG - Logged refactored sensor metrics to HA
2026-05-03 18:25:43,472 - DEBUG - Logging feature importance
2026-05-03 18:25:43,472 - DEBUG - Setting HA state for sensor.ml_feature_importance: {'state': '5', 'attributes': {'state_class': 'measurement', 'unique_id': 'ml_heating_feature_importance', 'friendly_name': 'ML Feature Importance', 'unit_of_measurement': '%', 'icon': 'mdi:format-list-numbered', 'top_features': {'target_temp': 52.47, 'fireplace': 21.32, 'tv_power': 19.28, 'outdoor_temp': 6.86, 'pv_power': 0.07}, 'last_updated': '2026-05-03T16:25:43.472446+00:00'}}
2026-05-03 18:25:43,486 - INFO - ✅ Exported metrics to Home Assistant sensors successfully
2026-05-03 18:25:43,487 - INFO - ✅ Learning cycle 50: error=0.009°C, confidence=5.000, total_predictions=51
2026-05-03 18:25:43,487 - DEBUG - ✅ Online learning: applied_temp=19.0°C, actual_change=0.010°C, cycle=50
2026-05-03 18:25:43,487 - INFO - ❄️ Cooling mode active (state: cool)
2026-05-03 18:25:43,487 - DEBUG - ♻️ Reusing existing Model Wrapper instance
2026-05-03 18:25:43,487 - INFO - ❄️ COOLING MODE: ML will calculate cooling outlet temperature (outlet < inlet) — using cooling state /config/ml_heating/unified_thermal_state_cooling.json
2026-05-03 18:25:43,516 - DEBUG - Fireplace is OFF. Using main indoor temp for prediction.
2026-05-03 18:25:43,653 - DEBUG - PV forecast parsed successfully: [282.8, 2.0, 0.0, 0.0, 0.0, 0.0, 0.0, 0.0, 0.0, 0.0, 10.2, 342.0]W
2026-05-03 18:25:43,653 - DEBUG - Solar correction: enabled=True, percent=60.0%, factor=0.600
2026-05-03 18:25:43,670 - DEBUG - Delta calibration applied: offset=+2.91°C
2026-05-03 18:25:43,670 - DEBUG - Raw forecasts: [20.7, 18.8, 15.9, 14.4, 13.6, 12.9, 12.3, 11.6, 11.7, 11.6, 11.6, 11.1]
2026-05-03 18:25:43,670 - DEBUG - Calibrated forecasts: [23.61, 21.71, 18.81, 17.31, 16.51, 15.81, 15.21, 14.51, 14.61, 14.51, 14.51, 14.01]
2026-05-03 18:25:43,674 - INFO - ☀️ Forecast trajectory: PV=2460W, remaining_pv_hours=1 + min_steps=6 → 7 steps
2026-05-03 18:25:43,674 - DEBUG - ♻️ Reusing existing Model Wrapper instance
2026-05-03 18:25:43,679 - INFO - DEBUG: Wrapper params: U=0.1245214561975565, eff=0.9526723072021629, tau=4.390554703745845
2026-05-03 18:25:43,679 - DEBUG - ❄️ Cooling: tightened outlet_max to 19.0°C (inlet=21.0°C − delta=2.0°C)
2026-05-03 18:25:43,679 - INFO - ❄️ Cooling mode bounds: outlet 18.3–19.0°C (indoor=23.5°C, target=22.6°C)
2026-05-03 18:25:43,680 - DEBUG - 🔧 Using natural bounds: outlet_min=18.3°C, outlet_max=19.0°C
2026-05-03 18:25:43,680 - INFO - 🌡️ Using cycle-aligned forecast (10min): outdoor=23.6°C (vs current 23.6°C), PV=2555W (vs current 2771W)
2026-05-03 18:25:43,680 - DEBUG - DEBUG: Using PV history (len=18) instead of scalar 2554.6001851851847
2026-05-03 18:25:43,680 - INFO - 🔄 HP off (delta_t=-2.76): simulating HP-on delta_t=2.30 for binary search
2026-05-03 18:25:43,680 - DEBUG - 🎯 Binary search start: target=22.6°C, current=23.5°C, range=18.3-19.0°C
2026-05-03 18:25:43,680 - DEBUG - 🔍 Binary search features: inlet_temp=21.02, delta_t_floor=2.30, indoor_temp_delta_60m=-0.0340, horizon=7.0h, outlet_mid=18.7°C
2026-05-03 18:25:43,681 - DEBUG - ✅ Binary search trajectory OK (iter 1): outlet=18.7°C → predicted=22.28°C (steps=42, start=23.49→end=22.28)
2026-05-03 18:25:43,681 - DEBUG -    Iteration 1: outlet=18.7°C → predicted=22.28°C, error=-0.319°C (range: 18.3-19.0°C)
2026-05-03 18:25:43,681 - DEBUG -      → Cooling: Predicted below target, raising minimum to 18.7°C
2026-05-03 18:25:43,683 - DEBUG -    Iteration 2: outlet=18.8°C → predicted=22.28°C, error=-0.319°C (range: 18.7-19.0°C)
2026-05-03 18:25:43,683 - DEBUG -      → Cooling: Predicted below target, raising minimum to 18.8°C
2026-05-03 18:25:43,684 - DEBUG -    Iteration 3: outlet=18.9°C → predicted=22.28°C, error=-0.319°C (range: 18.8-19.0°C)
2026-05-03 18:25:43,684 - DEBUG -      → Cooling: Predicted below target, raising minimum to 18.9°C
2026-05-03 18:25:43,685 - DEBUG -    Iteration 4: outlet=19.0°C → predicted=22.28°C, error=-0.319°C (range: 18.9-19.0°C)
2026-05-03 18:25:43,685 - DEBUG -      → Cooling: Predicted below target, raising minimum to 19.0°C
2026-05-03 18:25:43,685 - INFO - 🔄 Binary search early exit after 5 iterations: range collapsed to 0.045°C, using 19.0°C
2026-05-03 18:25:43,686 - DEBUG - 🧠 Smart rounding is using cycle-aligned forecast: PV=2555W (caller sent PV=2771W)
2026-05-03 18:25:43,686 - INFO - 🎯 Prediction: Current 23.50°C → Target 22.6°C | Calculated outlet: 19.0°C (before smart rounding) (confidence: 5.000)
2026-05-03 18:25:43,686 - DEBUG - Model Wrapper: temp=19.0°C, error=0.900°C, confidence=5.000
2026-05-03 18:25:43,686 - DEBUG - EMA smoothing: 19.00°C → 19.0°C (last=19.0, α=0.50)
2026-05-03 18:25:43,686 - DEBUG - Smart rounding: 19.00°C is already integer
2026-05-03 18:25:43,686 - DEBUG - Setting target outlet temp
2026-05-03 18:25:43,686 - DEBUG - Setting HA state for sensor.ml_vorlauftemperatur: {'state': '19.0', 'attributes': {'state_class': 'measurement', 'unique_id': 'ml_heating_target_outlet_temp', 'friendly_name': 'ML Target Outlet Temp', 'unit_of_measurement': '°C', 'device_class': 'temperature', 'icon': 'mdi:thermometer-water'}}
2026-05-03 18:25:43,698 - DEBUG - Logging thermal model metrics
2026-05-03 18:25:43,698 - DEBUG - Setting HA state for sensor.ml_heating_state: {'state': '0', 'attributes': {'state_class': 'measurement', 'unique_id': 'ml_heating_state', 'friendly_name': 'ML Heating State', 'unit_of_measurement': 'state', 'icon': 'mdi:information-outline', 'state_description': 'OK - Prediction done', 'confidence': 5.0, 'suggested_temp': 19.0, 'final_temp': 19.0, 'predicted_indoor': 23.45, 'last_prediction_time': '2026-05-03T16:25:43.698565+00:00', 'temperature_error': 0.9}}
2026-05-03 18:25:43,712 - DEBUG - ✅ ACTIVE MODE: ML controlling heating via input_boolean.ml_heating
2026-05-03 18:25:43,714 - DEBUG - 🧠 Smart rounding is using cycle-aligned forecast: PV=2555W (caller sent PV=2771W)
2026-05-03 18:25:43,714 - DEBUG - Target: 22.6°C | Suggested: 19.0°C | Applied: 19.0°C | Actual Indoor: 23.50°C | Predicted Indoor: 23.44°C | Confidence: 5.000
2026-05-03 18:25:43,714 - INFO - Target: 22.6°C | Suggested: 19.0°C | Applied: 19.0°C | Actual Indoor: 23.50°C | Predicted Indoor: 23.44°C | Confidence: 5.000
2026-05-03 18:25:43,751 - DEBUG - 💾 Saved cooling thermal state to /config/ml_heating/unified_thermal_state_cooling.json
2026-05-03 18:25:43,752 - DEBUG - Operational state saved to /config/ml_heating/unified_thermal_state_cooling.json; updated keys: ['last_run_features', 'last_indoor_temp', 'last_avg_other_rooms_temp', 'last_fireplace_on', 'last_final_temp', 'last_predicted_indoor', 'last_is_blocking', 'last_blocking_reasons', 'setpoint_hold_cycles_remaining']
2026-05-03 18:25:43,752 - DEBUG - Setting HA state for sensor.ml_heating_features: {'state': '23.52', 'attributes': {'state_class': 'measurement', 'unique_id': 'ml_heating_features', 'friendly_name': 'ML Heating Features', 'unit_of_measurement': '°C', 'device_class': 'temperature', 'icon': 'mdi:feature-search-outline', 'living_room_temp': 23.52, 'outlet_temp': 18.259999999999998, 'indoor_temp_lag_30m': 23.504000000000005, 'target_temp': 22.6, 'outdoor_temp': 23.60625, 'dhw_heating': 0.0, 'dhw_disinfection': 0.0, 'dhw_boost_heater': 0.0, 'defrosting': 0.0, 'pv_now': 1476.0, 'pv_now_electrical': 2460.0, 'solar_correction_percent': 60.0, 'solar_correction_factor': 0.6, 'solar_correction_enabled': 1.0, 'fireplace_on': 0.0, 'tv_on': 0.0, 'temp_forecast_1h': 23.61, 'temp_forecast_2h': 21.71, 'temp_forecast_3h': 18.81, 'temp_forecast_4h': 17.31, 'temp_forecast_5h': 16.51, 'temp_forecast_6h': 15.81, 'temp_forecast_7h': 15.21, 'temp_forecast_8h': 14.51, 'temp_forecast_9h': 14.61, 'temp_forecast_10h': 14.51, 'temp_forecast_11h': 14.51, 'temp_forecast_12h': 14.01, 'pv_forecast_1h': 169.68, 'pv_forecast_2h': 1.2, 'pv_forecast_3h': 0.0, 'pv_forecast_4h': 0.0, 'pv_forecast_5h': 0.0, 'pv_forecast_6h': 0.0, 'pv_forecast_7h': 0.0, 'pv_forecast_8h': 0.0, 'pv_forecast_9h': 0.0, 'pv_forecast_10h': 0.0, 'pv_forecast_11h': 6.119999999999999, 'pv_forecast_12h': 205.2, 'pv_forecast_electrical_1h': 282.8, 'pv_forecast_electrical_2h': 2.0, 'pv_forecast_electrical_3h': 0.0, 'pv_forecast_electrical_4h': 0.0, 'pv_forecast_electrical_5h': 0.0, 'pv_forecast_electrical_6h': 0.0, 'pv_forecast_electrical_7h': 0.0, 'pv_forecast_electrical_8h': 0.0, 'pv_forecast_electrical_9h': 0.0, 'pv_forecast_electrical_10h': 0.0, 'pv_forecast_electrical_11h': 10.2, 'pv_forecast_electrical_12h': 342.0, 'cloud_cover_forecast_1h': 0.0, 'cloud_cover_forecast_2h': 0.0, 'cloud_cover_forecast_3h': 0.0, 'cloud_cover_forecast_4h': 0.0, 'cloud_cover_forecast_5h': 0.0, 'cloud_cover_forecast_6h': 0.0, 'cloud_cover_forecast_7h': 0.0, 'cloud_cover_forecast_8h': 0.0, 'cloud_cover_forecast_9h': 0.0, 'cloud_cover_forecast_10h': 0.0, 'cloud_cover_forecast_11h': 0.0, 'cloud_cover_forecast_12h': 0.0, 'temp_diff_indoor_outdoor': -0.10625000000000284, 'indoor_temp_gradient': 0.05399999999998073, 'outlet_indoor_diff': -5.239999999999998, 'indoor_temp_lag_10m': 23.5, 'indoor_temp_lag_60m': 23.534, 'outlet_temp_lag_30m': 20.68, 'outlet_temp_change': 0.026666666666667282, 'indoor_temp_delta_10m': -3.552713678800501e-15, 'indoor_temp_delta_30m': -0.004000000000008441, 'indoor_temp_delta_60m': -0.03400000000000247, 'hour_sin': -1.0, 'hour_cos': -1.8369701987210297e-16, 'month_sin': 0.8660254037844387, 'month_cos': -0.4999999999999998, 'outlet_effectiveness_ratio': 8.99999999999995, 'inlet_temp': 21.02, 'flow_rate': 14.0, 'power_consumption': 358.0, 'delta_t': -2.7600000000000016, 'thermal_power_kw': -2.6957840000000015, 'cop_realtime': -7.5301229050279375, 'temp_trend_forecast': -1.1994642857142854, 'heating_demand_forecast': 0.579, 'combined_forecast_thermal_load': 0.579, 'pv_power_history': [2656.2, 2310.6, 2409.0, 2143.7999999999997, 2117.4, 2411.4, 3783.6, 5112.0, 4697.4, 3894.0, 3231.6, 2884.7999999999997, 3119.4, 2113.2, 1878.0, 1871.3999999999999, 1836.6, 1415.0], 'last_updated': '2026-05-03T16:25:43.752626+00:00'}}
2026-05-03 18:25:43,768 - DEBUG - Published 89 features to sensor.ml_heating_features
2026-05-03 18:25:43,768 - DEBUG - ✅ CYCLE 21 END: 18:25:43 (duration: 0.7s)
2026-05-03 18:25:43,768 - DEBUG - 💤 POLLING START: Waiting 30min until next cycle...
2026-05-03 18:25:43,795 - DEBUG - Active sampling: buffered 6 readings
127.0.0.1 - - [03/May/2026 18:25:47] "GET /health HTTP/1.1" 200 -
127.0.0.1 - - [03/May/2026 18:26:17] "GET /health HTTP/1.1" 200 -
2026-05-03 18:26:43,826 - DEBUG - Active sampling: buffered 6 readings
127.0.0.1 - - [03/May/2026 18:26:47] "GET /health HTTP/1.1" 200 -
127.0.0.1 - - [03/May/2026 18:27:17] "GET /health HTTP/1.1" 200 -
2026-05-03 18:27:43,857 - DEBUG - Active sampling: buffered 6 readings
127.0.0.1 - - [03/May/2026 18:27:47] "GET /health HTTP/1.1" 200 -
127.0.0.1 - - [03/May/2026 18:28:17] "GET /health HTTP/1.1" 200 -
2026-05-03 18:28:43,893 - DEBUG - Active sampling: buffered 6 readings
127.0.0.1 - - [03/May/2026 18:28:47] "GET /health HTTP/1.1" 200 -
127.0.0.1 - - [03/May/2026 18:29:17] "GET /health HTTP/1.1" 200 -
2026-05-03 18:29:43,924 - DEBUG - Active sampling: buffered 6 readings
127.0.0.1 - - [03/May/2026 18:29:47] "GET /health HTTP/1.1" 200 -
127.0.0.1 - - [03/May/2026 18:30:17] "GET /health HTTP/1.1" 200 -
2026-05-03 18:30:43,955 - DEBUG - Active sampling: buffered 6 readings
127.0.0.1 - - [03/May/2026 18:30:47] "GET /health HTTP/1.1" 200 -
127.0.0.1 - - [03/May/2026 18:31:17] "GET /health HTTP/1.1" 200 -
2026-05-03 18:31:43,987 - DEBUG - Active sampling: buffered 6 readings
127.0.0.1 - - [03/May/2026 18:31:47] "GET /health HTTP/1.1" 200 -
127.0.0.1 - - [03/May/2026 18:32:17] "GET /health HTTP/1.1" 200 -
2026-05-03 18:32:44,018 - DEBUG - Active sampling: buffered 6 readings
127.0.0.1 - - [03/May/2026 18:32:47] "GET /health HTTP/1.1" 200 -
127.0.0.1 - - [03/May/2026 18:33:17] "GET /health HTTP/1.1" 200 -
2026-05-03 18:33:44,053 - DEBUG - Active sampling: buffered 6 readings
127.0.0.1 - - [03/May/2026 18:33:47] "GET /health HTTP/1.1" 200 -
127.0.0.1 - - [03/May/2026 18:34:17] "GET /health HTTP/1.1" 200 -
2026-05-03 18:34:44,086 - DEBUG - Active sampling: buffered 6 readings
127.0.0.1 - - [03/May/2026 18:34:47] "GET /health HTTP/1.1" 200 -
127.0.0.1 - - [03/May/2026 18:35:18] "GET /health HTTP/1.1" 200 -
2026-05-03 18:35:44,087 - DEBUG - ⏰ POLLING END: Waited 10.0min, starting next cycle...
2026-05-03 18:35:44,087 - DEBUG - 🔄 CYCLE 22 START: 18:35:44 (interval: 10.0min since last cycle)
2026-05-03 18:35:44,087 - DEBUG - ♻️ Reusing existing Model Wrapper instance
2026-05-03 18:35:44,087 - INFO - Successfully loaded operational state from /config/ml_heating/unified_thermal_state_cooling.json
2026-05-03 18:35:44,117 - DEBUG - Setting HA state for sensor.ml_heating_cop_realtime: {'state': '0.00', 'attributes': {'state_class': 'measurement', 'unique_id': 'ml_heating_cop_realtime', 'friendly_name': 'ML Heating COP (Realtime)', 'unit_of_measurement': 'COP', 'icon': 'mdi:heat-pump', 'device_class': 'power_factor'}}
2026-05-03 18:35:44,131 - DEBUG - Setting HA state for sensor.ml_heating_thermal_power: {'state': '-1.074', 'attributes': {'state_class': 'measurement', 'unique_id': 'ml_heating_thermal_power', 'friendly_name': 'ML Heating Thermal Power', 'unit_of_measurement': 'kW', 'icon': 'mdi:flash', 'device_class': 'power'}}
2026-05-03 18:35:44,167 - DEBUG - Wrote thermodynamic metrics to InfluxDB
2026-05-03 18:35:44,168 - DEBUG - Thermodynamic sensors updated: COP=0.00, Power=-1.074kW
2026-05-03 18:35:44,168 - DEBUG - ♻️ Reusing existing Model Wrapper instance
2026-05-03 18:35:44,168 - DEBUG - 🎯 ACTIVE MODE LEARNING (trajectory): Verifying ML prediction accuracy for 19.0°C outlet setting
2026-05-03 18:35:44,172 - DEBUG - ☀️ SolarChannel self-learned: avg_error=-0.016, pv_heat_weight=0.00129, solar_lag=45.1min, cloud_exp=1.00, solar_decay_tau=1.00h
2026-05-03 18:35:44,172 - INFO - ☀️ pv parameter update: attributed_error=-0.018840 | pv_heat_weight: 0.001307→0.001291 (Δ-0.000016) | solar_decay_tau_hours: 0.999618→0.99961 (Δ-0.000008) | solar_lag_minutes: 45.124014→45.124246 (Δ+0.000232)
2026-05-03 18:35:44,172 - INFO - Channel routing → [☀️ pv*] | error=-0.0188 | pv_current=1476W pv_smoothed=2771W | params_changed=pv
2026-05-03 18:35:44,217 - DEBUG - 💾 Saved cooling thermal state to /config/ml_heating/unified_thermal_state_cooling.json
2026-05-03 18:35:44,217 - DEBUG - Skipping legacy global adaptation: channel mode owns recent-window learning
2026-05-03 18:35:44,258 - DEBUG - 💾 Saved cooling thermal state to /config/ml_heating/unified_thermal_state_cooling.json
2026-05-03 18:35:44,258 - DEBUG - Prediction feedback: error=-0.019°C, confidence=5.000
2026-05-03 18:35:44,296 - DEBUG - 💾 Saved cooling thermal state to /config/ml_heating/unified_thermal_state_cooling.json
2026-05-03 18:35:44,296 - DEBUG - 💾 Saved 52 predictions to unified thermal state
2026-05-03 18:35:44,296 - DEBUG - Added prediction: pred=23.50, actual=23.48, error=-0.019
2026-05-03 18:35:44,333 - DEBUG - 💾 Saved cooling thermal state to /config/ml_heating/unified_thermal_state_cooling.json
2026-05-03 18:35:44,335 - DEBUG - Setting HA state for sensor.ml_model_mae: {'state': '0.0321', 'attributes': {'state_class': 'measurement', 'unique_id': 'ml_heating_model_mae', 'friendly_name': 'ML Model MAE', 'unit_of_measurement': '°C', 'icon': 'mdi:chart-line', 'last_updated': '2026-05-03T16:35:44.335207+00:00'}}
2026-05-03 18:35:44,348 - DEBUG - Setting HA state for sensor.ml_model_rmse: {'state': '0.0441', 'attributes': {'state_class': 'measurement', 'unique_id': 'ml_heating_model_rmse', 'friendly_name': 'ML Model RMSE', 'unit_of_measurement': '°C', 'icon': 'mdi:chart-line', 'last_updated': '2026-05-03T16:35:44.335207+00:00'}}
2026-05-03 18:35:44,378 - DEBUG - Setting HA state for sensor.ml_heating_learning: {'state': '5.000', 'attributes': {'state_class': 'measurement', 'unique_id': 'ml_heating_learning', 'friendly_name': 'ML Adaptive Learning Metrics', 'unit_of_measurement': 'metrics', 'icon': 'mdi:brain', 'thermal_time_constant': 4.390554703745845, 'heat_loss_coefficient': 0.1245214561975565, 'outlet_effectiveness': 0.9526723072021629, 'pv_heat_weight': 0.0012908628488562635, 'fireplace_heat_weight': 0.387, 'tv_heat_weight': 0.35, 'solar_lag_minutes': 45.124246261916994, 'slab_time_constant_hours': 3.19, 'heat_source_channels_enabled': True, 'total_conductance': 0.3, 'equilibrium_ratio': 0.5, 'cycle_count': 51, 'parameter_updates': 19, 'model_health': 'excellent', 'learning_progress': 0.51, 'is_improving': True, 'improvement_percentage': 51.166922716698856, 'total_predictions': 52, 'learning_confidence': 5.0, 'last_updated': '2026-05-03T16:35:44.378246+00:00', 'delta_t_floor': 2.3, 'cloud_factor_exponent': 1.0, 'solar_decay_tau_hours': 0.999610198959168, 'fp_heat_output_kw': 0.387, 'fp_decay_time_constant': 3.9144707244638868, 'room_spread_delay_minutes': 18.0, 'ch_heat_pump_history_count': 0, 'ch_heat_pump_last_error': 0.0, 'ch_pv_history_count': 49, 'ch_pv_last_error': -0.01884034733340556, 'ch_fireplace_history_count': 0, 'ch_fireplace_last_error': 0.0, 'ch_tv_history_count': 0, 'ch_tv_last_error': 0.0}}
2026-05-03 18:35:44,393 - DEBUG - Setting HA state for sensor.ml_model_mae: {'state': '0.0321', 'attributes': {'state_class': 'measurement', 'unique_id': 'ml_heating_model_mae', 'friendly_name': 'ML Model MAE', 'unit_of_measurement': '°C', 'icon': 'mdi:chart-line', 'mae_1h': 0.019926771785428937, 'mae_6h': 0.03213712823256923, 'mae_24h': 0.03213712823256923, 'trend_direction': 'improving', 'prediction_count': 52, 'last_updated': '2026-05-03T16:35:44.378246+00:00'}}
2026-05-03 18:35:44,407 - DEBUG - Setting HA state for sensor.ml_model_rmse: {'state': '0.0441', 'attributes': {'state_class': 'measurement', 'unique_id': 'ml_heating_model_rmse', 'friendly_name': 'ML Model RMSE', 'unit_of_measurement': '°C', 'icon': 'mdi:chart-line', 'recent_max_error': 0.037590907217026626, 'std_error': 0.0302, 'mean_bias': 0.0, 'prediction_count': 52, 'last_updated': '2026-05-03T16:35:44.378246+00:00'}}
2026-05-03 18:35:44,422 - DEBUG - Setting HA state for sensor.ml_prediction_accuracy: {'state': '100.0', 'attributes': {'state_class': 'measurement', 'unique_id': 'ml_prediction_accuracy', 'friendly_name': 'ML Prediction Accuracy', 'unit_of_measurement': '%', 'icon': 'mdi:target', 'perfect_accuracy_pct': 0.0, 'tolerable_accuracy_pct': 100.0, 'poor_accuracy_pct': 0.0, 'prediction_count_24h': 0, 'excellent_all_time_pct': 96.15384615384616, 'good_all_time_pct': 100.0, 'last_updated': '2026-05-03T16:35:44.378246+00:00'}}
2026-05-03 18:35:44,436 - DEBUG - Logged refactored sensor metrics to HA
2026-05-03 18:35:44,437 - DEBUG - Logging feature importance
2026-05-03 18:35:44,437 - DEBUG - Setting HA state for sensor.ml_feature_importance: {'state': '5', 'attributes': {'state_class': 'measurement', 'unique_id': 'ml_heating_feature_importance', 'friendly_name': 'ML Feature Importance', 'unit_of_measurement': '%', 'icon': 'mdi:format-list-numbered', 'top_features': {'target_temp': 52.47, 'fireplace': 21.32, 'tv_power': 19.28, 'outdoor_temp': 6.86, 'pv_power': 0.07}, 'last_updated': '2026-05-03T16:35:44.437102+00:00'}}
2026-05-03 18:35:44,451 - INFO - ✅ Exported metrics to Home Assistant sensors successfully
2026-05-03 18:35:44,451 - INFO - ✅ Learning cycle 51: error=0.019°C, confidence=5.000, total_predictions=52
2026-05-03 18:35:44,451 - DEBUG - ✅ Online learning: applied_temp=19.0°C, actual_change=-0.020°C, cycle=51
2026-05-03 18:35:44,451 - INFO - ❄️ Cooling mode active (state: cool)
2026-05-03 18:35:44,452 - DEBUG - ♻️ Reusing existing Model Wrapper instance
2026-05-03 18:35:44,452 - INFO - ❄️ COOLING MODE: ML will calculate cooling outlet temperature (outlet < inlet) — using cooling state /config/ml_heating/unified_thermal_state_cooling.json
2026-05-03 18:35:44,486 - DEBUG - Fireplace is OFF. Using main indoor temp for prediction.
2026-05-03 18:35:44,823 - DEBUG - PV forecast parsed successfully: [143.5, 0.0, 0.0, 0.0, 0.0, 0.0, 0.0, 0.0, 0.0, 0.0, 28.8, 565.5]W
2026-05-03 18:35:44,823 - DEBUG - Solar correction: enabled=True, percent=60.0%, factor=0.600
2026-05-03 18:35:44,841 - DEBUG - Delta calibration applied: offset=+2.91°C
2026-05-03 18:35:44,841 - DEBUG - Raw forecasts: [20.7, 18.8, 15.9, 14.4, 13.6, 12.9, 12.3, 11.6, 11.7, 11.6, 11.6, 11.1]
2026-05-03 18:35:44,841 - DEBUG - Calibrated forecasts: [23.61, 21.71, 18.81, 17.31, 16.51, 15.81, 15.21, 14.51, 14.61, 14.51, 14.51, 14.01]
2026-05-03 18:35:44,845 - INFO - ☀️ Forecast trajectory: PV=2110W, remaining_pv_hours=1 + min_steps=6 → 7 steps
2026-05-03 18:35:44,845 - DEBUG - ♻️ Reusing existing Model Wrapper instance
2026-05-03 18:35:44,851 - INFO - DEBUG: Wrapper params: U=0.1245214561975565, eff=0.9526723072021629, tau=4.390554703745845
2026-05-03 18:35:44,851 - DEBUG - ❄️ Cooling: tightened outlet_max to 18.9°C (inlet=20.9°C − delta=2.0°C)
2026-05-03 18:35:44,851 - INFO - ❄️ Cooling mode bounds: outlet 18.3–18.9°C (indoor=23.5°C, target=22.6°C)
2026-05-03 18:35:44,851 - DEBUG - 🔧 Using natural bounds: outlet_min=18.3°C, outlet_max=18.9°C
2026-05-03 18:35:44,851 - INFO - 🌡️ Using cycle-aligned forecast (10min): outdoor=23.6°C (vs current 23.6°C), PV=2485W (vs current 2703W)
2026-05-03 18:35:44,851 - DEBUG - DEBUG: Using PV history (len=18) instead of scalar 2484.823148148148
2026-05-03 18:35:44,851 - INFO - 🔄 HP off (delta_t=-1.34): simulating HP-on delta_t=2.30 for binary search
2026-05-03 18:35:44,851 - DEBUG - 🎯 Binary search start: target=22.6°C, current=23.5°C, range=18.3-18.9°C
2026-05-03 18:35:44,851 - DEBUG - 🔍 Binary search features: inlet_temp=20.9, delta_t_floor=2.30, indoor_temp_delta_60m=-0.0241, horizon=7.0h, outlet_mid=18.6°C
2026-05-03 18:35:44,853 - DEBUG - ✅ Binary search trajectory OK (iter 1): outlet=18.6°C → predicted=22.23°C (steps=42, start=23.48→end=22.23)
2026-05-03 18:35:44,853 - DEBUG -    Iteration 1: outlet=18.6°C → predicted=22.23°C, error=-0.374°C (range: 18.3-18.9°C)
2026-05-03 18:35:44,853 - DEBUG -      → Cooling: Predicted below target, raising minimum to 18.6°C
2026-05-03 18:35:44,854 - DEBUG -    Iteration 2: outlet=18.8°C → predicted=22.23°C, error=-0.374°C (range: 18.6-18.9°C)
2026-05-03 18:35:44,855 - DEBUG -      → Cooling: Predicted below target, raising minimum to 18.8°C
2026-05-03 18:35:44,856 - DEBUG -    Iteration 3: outlet=18.8°C → predicted=22.23°C, error=-0.374°C (range: 18.8-18.9°C)
2026-05-03 18:35:44,856 - DEBUG -      → Cooling: Predicted below target, raising minimum to 18.8°C
2026-05-03 18:35:44,857 - DEBUG -    Iteration 4: outlet=18.9°C → predicted=22.23°C, error=-0.374°C (range: 18.8-18.9°C)
2026-05-03 18:35:44,857 - DEBUG -      → Cooling: Predicted below target, raising minimum to 18.9°C
2026-05-03 18:35:44,857 - INFO - 🔄 Binary search early exit after 5 iterations: range collapsed to 0.038°C, using 18.9°C
2026-05-03 18:35:44,857 - DEBUG - 🧠 Smart rounding is using cycle-aligned forecast: PV=2485W (caller sent PV=2703W)
2026-05-03 18:35:44,857 - INFO - 🎯 Prediction: Current 23.48°C → Target 22.6°C | Calculated outlet: 18.9°C (before smart rounding) (confidence: 5.000)
2026-05-03 18:35:44,858 - DEBUG - Model Wrapper: temp=18.9°C, error=0.880°C, confidence=5.000
2026-05-03 18:35:44,858 - DEBUG - EMA smoothing: 18.88°C → 18.9°C (last=19.0, α=0.50)
2026-05-03 18:35:44,858 - DEBUG - ♻️ Reusing existing Model Wrapper instance
2026-05-03 18:35:44,858 - INFO - 🌡️ Using cycle-aligned forecast (10min): outdoor=23.2°C (vs current 23.2°C), PV=2485W (vs current 2703W)
2026-05-03 18:35:44,858 - DEBUG - 🧠 Smart rounding is using cycle-aligned forecast: PV=2485W (caller sent PV=2485W)
2026-05-03 18:35:44,858 - DEBUG - 🧠 Smart rounding is using cycle-aligned forecast: PV=2485W (caller sent PV=2485W)
2026-05-03 18:35:44,858 - DEBUG - Smart rounding: 18.90°C → 18°C (chose floor: floor→23.39°C [err=0.789], ceiling→23.42°C [err=0.820], target=22.6°C)
2026-05-03 18:35:44,858 - DEBUG - Setting target outlet temp
2026-05-03 18:35:44,858 - DEBUG - Setting HA state for sensor.ml_vorlauftemperatur: {'state': '18.9', 'attributes': {'state_class': 'measurement', 'unique_id': 'ml_heating_target_outlet_temp', 'friendly_name': 'ML Target Outlet Temp', 'unit_of_measurement': '°C', 'device_class': 'temperature', 'icon': 'mdi:thermometer-water'}}
2026-05-03 18:35:44,871 - DEBUG - Logging thermal model metrics
2026-05-03 18:35:44,871 - DEBUG - Setting HA state for sensor.ml_heating_state: {'state': '0', 'attributes': {'state_class': 'measurement', 'unique_id': 'ml_heating_state', 'friendly_name': 'ML Heating State', 'unit_of_measurement': 'state', 'icon': 'mdi:information-outline', 'state_description': 'OK - Prediction done', 'confidence': 5.0, 'suggested_temp': 18.88, 'final_temp': 18.9, 'predicted_indoor': 23.44, 'last_prediction_time': '2026-05-03T16:35:44.871527+00:00', 'temperature_error': 0.88}}
2026-05-03 18:35:44,886 - DEBUG - ✅ ACTIVE MODE: ML controlling heating via input_boolean.ml_heating
2026-05-03 18:35:44,888 - DEBUG - 🧠 Smart rounding is using cycle-aligned forecast: PV=2485W (caller sent PV=2703W)
2026-05-03 18:35:44,888 - DEBUG - Target: 22.6°C | Suggested: 18.9°C | Applied: 18.9°C | Actual Indoor: 23.48°C | Predicted Indoor: 23.42°C | Confidence: 5.000
2026-05-03 18:35:44,889 - INFO - Target: 22.6°C | Suggested: 18.9°C | Applied: 18.9°C | Actual Indoor: 23.48°C | Predicted Indoor: 23.42°C | Confidence: 5.000
2026-05-03 18:35:44,928 - DEBUG - 💾 Saved cooling thermal state to /config/ml_heating/unified_thermal_state_cooling.json
2026-05-03 18:35:44,928 - DEBUG - Operational state saved to /config/ml_heating/unified_thermal_state_cooling.json; updated keys: ['last_run_features', 'last_indoor_temp', 'last_avg_other_rooms_temp', 'last_fireplace_on', 'last_final_temp', 'last_predicted_indoor', 'last_is_blocking', 'last_blocking_reasons', 'setpoint_hold_cycles_remaining']
2026-05-03 18:35:44,929 - DEBUG - Setting HA state for sensor.ml_heating_features: {'state': '23.48', 'attributes': {'state_class': 'measurement', 'unique_id': 'ml_heating_features', 'friendly_name': 'ML Heating Features', 'unit_of_measurement': '°C', 'device_class': 'temperature', 'icon': 'mdi:feature-search-outline', 'living_room_temp': 23.48, 'outlet_temp': 19.56, 'indoor_temp_lag_30m': 23.499999999999996, 'target_temp': 22.6, 'outdoor_temp': 23.612499999999997, 'dhw_heating': 0.0, 'dhw_disinfection': 0.0, 'dhw_boost_heater': 0.0, 'defrosting': 0.0, 'pv_now': 1266.0, 'pv_now_electrical': 2110.0, 'solar_correction_percent': 60.0, 'solar_correction_factor': 0.6, 'solar_correction_enabled': 1.0, 'fireplace_on': 0.0, 'tv_on': 0.0, 'temp_forecast_1h': 23.61, 'temp_forecast_2h': 21.71, 'temp_forecast_3h': 18.81, 'temp_forecast_4h': 17.31, 'temp_forecast_5h': 16.51, 'temp_forecast_6h': 15.81, 'temp_forecast_7h': 15.21, 'temp_forecast_8h': 14.51, 'temp_forecast_9h': 14.61, 'temp_forecast_10h': 14.51, 'temp_forecast_11h': 14.51, 'temp_forecast_12h': 14.01, 'pv_forecast_1h': 86.1, 'pv_forecast_2h': 0.0, 'pv_forecast_3h': 0.0, 'pv_forecast_4h': 0.0, 'pv_forecast_5h': 0.0, 'pv_forecast_6h': 0.0, 'pv_forecast_7h': 0.0, 'pv_forecast_8h': 0.0, 'pv_forecast_9h': 0.0, 'pv_forecast_10h': 0.0, 'pv_forecast_11h': 17.28, 'pv_forecast_12h': 339.3, 'pv_forecast_electrical_1h': 143.5, 'pv_forecast_electrical_2h': 0.0, 'pv_forecast_electrical_3h': 0.0, 'pv_forecast_electrical_4h': 0.0, 'pv_forecast_electrical_5h': 0.0, 'pv_forecast_electrical_6h': 0.0, 'pv_forecast_electrical_7h': 0.0, 'pv_forecast_electrical_8h': 0.0, 'pv_forecast_electrical_9h': 0.0, 'pv_forecast_electrical_10h': 0.0, 'pv_forecast_electrical_11h': 28.8, 'pv_forecast_electrical_12h': 565.5, 'cloud_cover_forecast_1h': 0.0, 'cloud_cover_forecast_2h': 0.0, 'cloud_cover_forecast_3h': 0.0, 'cloud_cover_forecast_4h': 0.0, 'cloud_cover_forecast_5h': 0.0, 'cloud_cover_forecast_6h': 0.0, 'cloud_cover_forecast_7h': 0.0, 'cloud_cover_forecast_8h': 0.0, 'cloud_cover_forecast_9h': 0.0, 'cloud_cover_forecast_10h': 0.0, 'cloud_cover_forecast_11h': 0.0, 'cloud_cover_forecast_12h': 0.0, 'temp_diff_indoor_outdoor': -0.11562499999999787, 'indoor_temp_gradient': -0.03674999999998363, 'outlet_indoor_diff': -3.9368750000000006, 'indoor_temp_lag_10m': 23.488333333333333, 'indoor_temp_lag_60m': 23.521, 'outlet_temp_lag_30m': 18.92, 'outlet_temp_change': 0.16000000000000014, 'indoor_temp_delta_10m': 0.008541666666666003, 'indoor_temp_delta_30m': -0.003124999999997158, 'indoor_temp_delta_60m': -0.024125000000001506, 'hour_sin': -1.0, 'hour_cos': -1.8369701987210297e-16, 'month_sin': 0.8660254037844387, 'month_cos': -0.4999999999999998, 'outlet_effectiveness_ratio': 8.968749999999979, 'inlet_temp': 20.9, 'flow_rate': 14.0, 'power_consumption': 57.0, 'delta_t': -1.3399999999999999, 'thermal_power_kw': -1.3088226666666665, 'cop_realtime': 0.0, 'temp_trend_forecast': -1.2003571428571422, 'heating_demand_forecast': 0.579, 'combined_forecast_thermal_load': 0.579, 'pv_power_history': [2310.6, 2409.0, 2143.7999999999997, 2117.4, 2411.4, 3783.6, 5112.0, 4697.4, 3894.0, 3231.6, 2884.7999999999997, 3119.4, 2113.2, 1878.0, 1871.3999999999999, 1836.6, 1441.8, 1395.9999999999998], 'last_updated': '2026-05-03T16:35:44.928995+00:00'}}
2026-05-03 18:35:44,942 - DEBUG - Published 89 features to sensor.ml_heating_features
2026-05-03 18:35:44,943 - DEBUG - ✅ CYCLE 22 END: 18:35:44 (duration: 0.9s)
2026-05-03 18:35:44,943 - DEBUG - 💤 POLLING START: Waiting 30min until next cycle...
2026-05-03 18:35:44,971 - DEBUG - Active sampling: buffered 6 readings
127.0.0.1 - - [03/May/2026 18:35:48] "GET /health HTTP/1.1" 200 -
127.0.0.1 - - [03/May/2026 18:36:18] "GET /health HTTP/1.1" 200 -
2026-05-03 18:36:45,003 - DEBUG - Active sampling: buffered 6 readings
127.0.0.1 - - [03/May/2026 18:36:48] "GET /health HTTP/1.1" 200 -
127.0.0.1 - - [03/May/2026 18:37:18] "GET /health HTTP/1.1" 200 -
2026-05-03 18:37:45,035 - DEBUG - Active sampling: buffered 6 readings
127.0.0.1 - - [03/May/2026 18:37:48] "GET /health HTTP/1.1" 200 -
127.0.0.1 - - [03/May/2026 18:38:18] "GET /health HTTP/1.1" 200 -
2026-05-03 18:38:45,065 - DEBUG - Active sampling: buffered 6 readings
127.0.0.1 - - [03/May/2026 18:38:48] "GET /health HTTP/1.1" 200 -
127.0.0.1 - - [03/May/2026 18:39:18] "GET /health HTTP/1.1" 200 -
2026-05-03 18:39:45,096 - DEBUG - Active sampling: buffered 6 readings
127.0.0.1 - - [03/May/2026 18:39:48] "GET /health HTTP/1.1" 200 -
127.0.0.1 - - [03/May/2026 18:40:18] "GET /health HTTP/1.1" 200 -
2026-05-03 18:40:45,128 - DEBUG - Active sampling: buffered 6 readings
127.0.0.1 - - [03/May/2026 18:40:48] "GET /health HTTP/1.1" 200 -
127.0.0.1 - - [03/May/2026 18:41:18] "GET /health HTTP/1.1" 200 -
2026-05-03 18:41:45,160 - DEBUG - Active sampling: buffered 6 readings
127.0.0.1 - - [03/May/2026 18:41:48] "GET /health HTTP/1.1" 200 -
127.0.0.1 - - [03/May/2026 18:42:18] "GET /health HTTP/1.1" 200 -
2026-05-03 18:42:45,191 - DEBUG - Active sampling: buffered 6 readings
127.0.0.1 - - [03/May/2026 18:42:48] "GET /health HTTP/1.1" 200 -
127.0.0.1 - - [03/May/2026 18:43:18] "GET /health HTTP/1.1" 200 -
2026-05-03 18:43:45,222 - DEBUG - Active sampling: buffered 6 readings
127.0.0.1 - - [03/May/2026 18:43:48] "GET /health HTTP/1.1" 200 -
127.0.0.1 - - [03/May/2026 18:44:19] "GET /health HTTP/1.1" 200 -
2026-05-03 18:44:45,253 - DEBUG - Active sampling: buffered 6 readings
127.0.0.1 - - [03/May/2026 18:44:49] "GET /health HTTP/1.1" 200 -
127.0.0.1 - - [03/May/2026 18:45:19] "GET /health HTTP/1.1" 200 -
2026-05-03 18:45:45,255 - DEBUG - ⏰ POLLING END: Waited 10.0min, starting next cycle...
2026-05-03 18:45:45,255 - DEBUG - 🔄 CYCLE 23 START: 18:45:45 (interval: 10.0min since last cycle)
2026-05-03 18:45:45,255 - DEBUG - ♻️ Reusing existing Model Wrapper instance
2026-05-03 18:45:45,255 - INFO - Successfully loaded operational state from /config/ml_heating/unified_thermal_state_cooling.json
2026-05-03 18:45:45,286 - DEBUG - Setting HA state for sensor.ml_heating_cop_realtime: {'state': '0.00', 'attributes': {'state_class': 'measurement', 'unique_id': 'ml_heating_cop_realtime', 'friendly_name': 'ML Heating COP (Realtime)', 'unit_of_measurement': 'COP', 'icon': 'mdi:heat-pump', 'device_class': 'power_factor'}}
2026-05-03 18:45:45,301 - DEBUG - Setting HA state for sensor.ml_heating_thermal_power: {'state': '-0.391', 'attributes': {'state_class': 'measurement', 'unique_id': 'ml_heating_thermal_power', 'friendly_name': 'ML Heating Thermal Power', 'unit_of_measurement': 'kW', 'icon': 'mdi:flash', 'device_class': 'power'}}
2026-05-03 18:45:45,338 - DEBUG - Wrote thermodynamic metrics to InfluxDB
2026-05-03 18:45:45,339 - DEBUG - Thermodynamic sensors updated: COP=0.00, Power=-0.391kW
2026-05-03 18:45:45,339 - DEBUG - ♻️ Reusing existing Model Wrapper instance
2026-05-03 18:45:45,339 - DEBUG - 🎯 ACTIVE MODE LEARNING (trajectory): Verifying ML prediction accuracy for 18.9°C outlet setting
2026-05-03 18:45:45,342 - DEBUG - ☀️ SolarChannel self-learned: avg_error=-0.012, pv_heat_weight=0.00128, solar_lag=45.1min, cloud_exp=1.00, solar_decay_tau=1.00h
2026-05-03 18:45:45,342 - INFO - ☀️ pv parameter update: attributed_error=+0.036274 | pv_heat_weight: 0.001291→0.001279 (Δ-0.000012) | solar_decay_tau_hours: 0.99961→0.999604 (Δ-0.000006)
2026-05-03 18:45:45,342 - INFO - Channel routing → [☀️ pv*] | error=+0.0363 | pv_current=1266W pv_smoothed=2703W | params_changed=pv
2026-05-03 18:45:45,385 - DEBUG - 💾 Saved cooling thermal state to /config/ml_heating/unified_thermal_state_cooling.json
2026-05-03 18:45:45,385 - DEBUG - Skipping legacy global adaptation: channel mode owns recent-window learning
2026-05-03 18:45:45,426 - DEBUG - 💾 Saved cooling thermal state to /config/ml_heating/unified_thermal_state_cooling.json
2026-05-03 18:45:45,427 - DEBUG - Prediction feedback: error=0.036°C, confidence=5.000
2026-05-03 18:45:45,465 - DEBUG - 💾 Saved cooling thermal state to /config/ml_heating/unified_thermal_state_cooling.json
2026-05-03 18:45:45,465 - DEBUG - 💾 Saved 53 predictions to unified thermal state
2026-05-03 18:45:45,466 - DEBUG - Added prediction: pred=23.47, actual=23.51, error=0.036
2026-05-03 18:45:45,503 - DEBUG - 💾 Saved cooling thermal state to /config/ml_heating/unified_thermal_state_cooling.json
2026-05-03 18:45:45,504 - DEBUG - Setting HA state for sensor.ml_model_mae: {'state': '0.0322', 'attributes': {'state_class': 'measurement', 'unique_id': 'ml_heating_model_mae', 'friendly_name': 'ML Model MAE', 'unit_of_measurement': '°C', 'icon': 'mdi:chart-line', 'last_updated': '2026-05-03T16:45:45.504804+00:00'}}
2026-05-03 18:45:45,522 - DEBUG - Setting HA state for sensor.ml_model_rmse: {'state': '0.0440', 'attributes': {'state_class': 'measurement', 'unique_id': 'ml_heating_model_rmse', 'friendly_name': 'ML Model RMSE', 'unit_of_measurement': '°C', 'icon': 'mdi:chart-line', 'last_updated': '2026-05-03T16:45:45.504804+00:00'}}
2026-05-03 18:45:45,550 - DEBUG - Setting HA state for sensor.ml_heating_learning: {'state': '5.000', 'attributes': {'state_class': 'measurement', 'unique_id': 'ml_heating_learning', 'friendly_name': 'ML Adaptive Learning Metrics', 'unit_of_measurement': 'metrics', 'icon': 'mdi:brain', 'thermal_time_constant': 4.390554703745845, 'heat_loss_coefficient': 0.1245214561975565, 'outlet_effectiveness': 0.9526723072021629, 'pv_heat_weight': 0.0012786430390548048, 'fireplace_heat_weight': 0.387, 'tv_heat_weight': 0.35, 'solar_lag_minutes': 45.124246261916994, 'slab_time_constant_hours': 3.19, 'heat_source_channels_enabled': True, 'total_conductance': 0.3, 'equilibrium_ratio': 0.5, 'cycle_count': 52, 'parameter_updates': 20, 'model_health': 'excellent', 'learning_progress': 0.52, 'is_improving': True, 'improvement_percentage': 49.864622369350265, 'total_predictions': 53, 'learning_confidence': 5.0, 'last_updated': '2026-05-03T16:45:45.550618+00:00', 'delta_t_floor': 2.3, 'cloud_factor_exponent': 1.0, 'solar_decay_tau_hours': 0.9996040890542673, 'fp_heat_output_kw': 0.387, 'fp_decay_time_constant': 3.9144707244638868, 'room_spread_delay_minutes': 18.0, 'ch_heat_pump_history_count': 0, 'ch_heat_pump_last_error': 0.0, 'ch_pv_history_count': 50, 'ch_pv_last_error': 0.036273711918592966, 'ch_fireplace_history_count': 0, 'ch_fireplace_last_error': 0.0, 'ch_tv_history_count': 0, 'ch_tv_last_error': 0.0}}
2026-05-03 18:45:45,565 - DEBUG - Setting HA state for sensor.ml_model_mae: {'state': '0.0322', 'attributes': {'state_class': 'measurement', 'unique_id': 'ml_heating_model_mae', 'friendly_name': 'ML Model MAE', 'unit_of_measurement': '°C', 'icon': 'mdi:chart-line', 'mae_1h': 0.01929521804214514, 'mae_6h': 0.03221517698136213, 'mae_24h': 0.03221517698136213, 'trend_direction': 'improving', 'prediction_count': 53, 'last_updated': '2026-05-03T16:45:45.550618+00:00'}}
2026-05-03 18:45:45,580 - DEBUG - Setting HA state for sensor.ml_model_rmse: {'state': '0.0440', 'attributes': {'state_class': 'measurement', 'unique_id': 'ml_heating_model_rmse', 'friendly_name': 'ML Model RMSE', 'unit_of_measurement': '°C', 'icon': 'mdi:chart-line', 'recent_max_error': 0.037590907217026626, 'std_error': 0.0299, 'mean_bias': 0.0, 'prediction_count': 53, 'last_updated': '2026-05-03T16:45:45.550618+00:00'}}
2026-05-03 18:45:45,595 - DEBUG - Setting HA state for sensor.ml_prediction_accuracy: {'state': '100.0', 'attributes': {'state_class': 'measurement', 'unique_id': 'ml_prediction_accuracy', 'friendly_name': 'ML Prediction Accuracy', 'unit_of_measurement': '%', 'icon': 'mdi:target', 'perfect_accuracy_pct': 0.0, 'tolerable_accuracy_pct': 100.0, 'poor_accuracy_pct': 0.0, 'prediction_count_24h': 0, 'excellent_all_time_pct': 96.22641509433963, 'good_all_time_pct': 100.0, 'last_updated': '2026-05-03T16:45:45.550618+00:00'}}
2026-05-03 18:45:45,609 - DEBUG - Logged refactored sensor metrics to HA
2026-05-03 18:45:45,610 - DEBUG - Logging feature importance
2026-05-03 18:45:45,610 - DEBUG - Setting HA state for sensor.ml_feature_importance: {'state': '5', 'attributes': {'state_class': 'measurement', 'unique_id': 'ml_heating_feature_importance', 'friendly_name': 'ML Feature Importance', 'unit_of_measurement': '%', 'icon': 'mdi:format-list-numbered', 'top_features': {'target_temp': 52.48, 'fireplace': 21.32, 'tv_power': 19.28, 'outdoor_temp': 6.86, 'pv_power': 0.07}, 'last_updated': '2026-05-03T16:45:45.609994+00:00'}}
2026-05-03 18:45:45,624 - INFO - ✅ Exported metrics to Home Assistant sensors successfully
2026-05-03 18:45:45,624 - INFO - ✅ Learning cycle 52: error=0.036°C, confidence=5.000, total_predictions=53
2026-05-03 18:45:45,624 - DEBUG - ✅ Online learning: applied_temp=18.9°C, actual_change=0.030°C, cycle=52
2026-05-03 18:45:45,624 - INFO - ❄️ Cooling mode active (state: cool)
2026-05-03 18:45:45,624 - DEBUG - ♻️ Reusing existing Model Wrapper instance
2026-05-03 18:45:45,624 - INFO - ❄️ COOLING MODE: ML will calculate cooling outlet temperature (outlet < inlet) — using cooling state /config/ml_heating/unified_thermal_state_cooling.json
2026-05-03 18:45:45,654 - DEBUG - Fireplace is OFF. Using main indoor temp for prediction.
2026-05-03 18:45:45,795 - DEBUG - PV forecast parsed successfully: [52.5, 0.0, 0.0, 0.0, 0.0, 0.0, 0.0, 0.0, 0.0, 0.0, 67.2, 784.2]W
2026-05-03 18:45:45,795 - DEBUG - Solar correction: enabled=True, percent=100.0%, factor=1.000
2026-05-03 18:45:45,821 - DEBUG - Delta calibration applied: offset=+2.33°C
2026-05-03 18:45:45,821 - DEBUG - Raw forecasts: [21.1, 18.8, 16.7, 14.9, 13.7, 13.1, 12.2, 12.0, 11.7, 11.4, 11.1, 10.4]
2026-05-03 18:45:45,821 - DEBUG - Calibrated forecasts: [23.43, 21.13, 19.03, 17.23, 16.03, 15.43, 14.53, 14.33, 14.03, 13.73, 13.43, 12.73]
2026-05-03 18:45:45,824 - INFO - ☀️ Forecast trajectory: PV=1750W, remaining_pv_hours=1 + min_steps=6 → 7 steps
2026-05-03 18:45:45,825 - DEBUG - ♻️ Reusing existing Model Wrapper instance
2026-05-03 18:45:45,830 - INFO - DEBUG: Wrapper params: U=0.1245214561975565, eff=0.9526723072021629, tau=4.390554703745845
2026-05-03 18:45:45,830 - DEBUG - ❄️ Cooling: tightened outlet_max to 18.9°C (inlet=20.9°C − delta=2.0°C)
2026-05-03 18:45:45,831 - INFO - ❄️ Cooling mode bounds: outlet 18.3–18.9°C (indoor=23.5°C, target=22.6°C)
2026-05-03 18:45:45,831 - DEBUG - 🔧 Using natural bounds: outlet_min=18.3°C, outlet_max=18.9°C
2026-05-03 18:45:45,831 - INFO - 🌡️ Using cycle-aligned forecast (10min): outdoor=23.4°C (vs current 23.4°C), PV=4029W (vs current 4390W)
2026-05-03 18:45:45,831 - DEBUG - DEBUG: Using PV history (len=18) instead of scalar 4028.8472222222217
2026-05-03 18:45:45,831 - INFO - 🔄 HP off (delta_t=-0.52): simulating HP-on delta_t=2.30 for binary search
2026-05-03 18:45:45,831 - DEBUG - 🎯 Binary search start: target=22.6°C, current=23.5°C, range=18.3-18.9°C
2026-05-03 18:45:45,831 - DEBUG - 🔍 Binary search features: inlet_temp=20.9, delta_t_floor=2.30, indoor_temp_delta_60m=-0.0219, horizon=7.0h, outlet_mid=18.6°C
2026-05-03 18:45:45,833 - DEBUG - ✅ Binary search trajectory OK (iter 1): outlet=18.6°C → predicted=22.23°C (steps=42, start=23.49→end=22.23)
2026-05-03 18:45:45,833 - DEBUG -    Iteration 1: outlet=18.6°C → predicted=22.23°C, error=-0.374°C (range: 18.3-18.9°C)
2026-05-03 18:45:45,833 - DEBUG -      → Cooling: Predicted below target, raising minimum to 18.6°C
2026-05-03 18:45:45,834 - DEBUG -    Iteration 2: outlet=18.8°C → predicted=22.23°C, error=-0.374°C (range: 18.6-18.9°C)
2026-05-03 18:45:45,834 - DEBUG -      → Cooling: Predicted below target, raising minimum to 18.8°C
2026-05-03 18:45:45,836 - DEBUG -    Iteration 3: outlet=18.8°C → predicted=22.23°C, error=-0.374°C (range: 18.8-18.9°C)
2026-05-03 18:45:45,836 - DEBUG -      → Cooling: Predicted below target, raising minimum to 18.8°C
2026-05-03 18:45:45,837 - DEBUG -    Iteration 4: outlet=18.9°C → predicted=22.23°C, error=-0.374°C (range: 18.8-18.9°C)
2026-05-03 18:45:45,837 - DEBUG -      → Cooling: Predicted below target, raising minimum to 18.9°C
2026-05-03 18:45:45,837 - INFO - 🔄 Binary search early exit after 5 iterations: range collapsed to 0.038°C, using 18.9°C
2026-05-03 18:45:45,837 - DEBUG - 🧠 Smart rounding is using cycle-aligned forecast: PV=4029W (caller sent PV=4390W)
2026-05-03 18:45:45,837 - INFO - 🎯 Prediction: Current 23.51°C → Target 22.6°C | Calculated outlet: 18.9°C (before smart rounding) (confidence: 5.000)
2026-05-03 18:45:45,837 - DEBUG - Model Wrapper: temp=18.9°C, error=0.910°C, confidence=5.000
2026-05-03 18:45:45,837 - DEBUG - EMA smoothing: 18.88°C → 18.9°C (last=18.9, α=0.50)
2026-05-03 18:45:45,837 - DEBUG - ♻️ Reusing existing Model Wrapper instance
2026-05-03 18:45:45,837 - INFO - 🌡️ Using cycle-aligned forecast (10min): outdoor=22.9°C (vs current 22.9°C), PV=4029W (vs current 4390W)
2026-05-03 18:45:45,837 - DEBUG - 🧠 Smart rounding is using cycle-aligned forecast: PV=4029W (caller sent PV=4029W)
2026-05-03 18:45:45,837 - DEBUG - 🧠 Smart rounding is using cycle-aligned forecast: PV=4029W (caller sent PV=4029W)
2026-05-03 18:45:45,838 - DEBUG - Smart rounding: 18.90°C → 18°C (chose floor: floor→23.43°C [err=0.832], ceiling→23.46°C [err=0.864], target=22.6°C)
2026-05-03 18:45:45,838 - DEBUG - Setting target outlet temp
2026-05-03 18:45:45,838 - DEBUG - Setting HA state for sensor.ml_vorlauftemperatur: {'state': '18.9', 'attributes': {'state_class': 'measurement', 'unique_id': 'ml_heating_target_outlet_temp', 'friendly_name': 'ML Target Outlet Temp', 'unit_of_measurement': '°C', 'device_class': 'temperature', 'icon': 'mdi:thermometer-water'}}
2026-05-03 18:45:45,854 - DEBUG - Logging thermal model metrics
2026-05-03 18:45:45,854 - DEBUG - Setting HA state for sensor.ml_heating_state: {'state': '0', 'attributes': {'state_class': 'measurement', 'unique_id': 'ml_heating_state', 'friendly_name': 'ML Heating State', 'unit_of_measurement': 'state', 'icon': 'mdi:information-outline', 'state_description': 'OK - Prediction done', 'confidence': 5.0, 'suggested_temp': 18.88, 'final_temp': 18.9, 'predicted_indoor': 23.45, 'last_prediction_time': '2026-05-03T16:45:45.854265+00:00', 'temperature_error': 0.91}}
2026-05-03 18:45:45,868 - DEBUG - ✅ ACTIVE MODE: ML controlling heating via input_boolean.ml_heating
2026-05-03 18:45:45,869 - DEBUG - 🧠 Smart rounding is using cycle-aligned forecast: PV=4029W (caller sent PV=4390W)
2026-05-03 18:45:45,870 - DEBUG - Target: 22.6°C | Suggested: 18.9°C | Applied: 18.9°C | Actual Indoor: 23.51°C | Predicted Indoor: 23.46°C | Confidence: 5.000
2026-05-03 18:45:45,870 - INFO - Target: 22.6°C | Suggested: 18.9°C | Applied: 18.9°C | Actual Indoor: 23.51°C | Predicted Indoor: 23.46°C | Confidence: 5.000
2026-05-03 18:45:45,910 - DEBUG - 💾 Saved cooling thermal state to /config/ml_heating/unified_thermal_state_cooling.json
2026-05-03 18:45:45,910 - DEBUG - Operational state saved to /config/ml_heating/unified_thermal_state_cooling.json; updated keys: ['last_run_features', 'last_indoor_temp', 'last_avg_other_rooms_temp', 'last_fireplace_on', 'last_final_temp', 'last_predicted_indoor', 'last_is_blocking', 'last_blocking_reasons', 'setpoint_hold_cycles_remaining']
2026-05-03 18:45:45,910 - DEBUG - Setting HA state for sensor.ml_heating_features: {'state': '23.52', 'attributes': {'state_class': 'measurement', 'unique_id': 'ml_heating_features', 'friendly_name': 'ML Heating Features', 'unit_of_measurement': '°C', 'device_class': 'temperature', 'icon': 'mdi:feature-search-outline', 'living_room_temp': 23.52, 'outlet_temp': 20.380000000000003, 'indoor_temp_lag_30m': 23.5, 'target_temp': 22.6, 'outdoor_temp': 23.431250000000002, 'dhw_heating': 0.0, 'dhw_disinfection': 0.0, 'dhw_boost_heater': 0.0, 'defrosting': 0.0, 'pv_now': 1750.0, 'pv_now_electrical': 1750.0, 'solar_correction_percent': 100.0, 'solar_correction_factor': 1.0, 'solar_correction_enabled': 1.0, 'fireplace_on': 0.0, 'tv_on': 0.0, 'temp_forecast_1h': 23.43, 'temp_forecast_2h': 21.13, 'temp_forecast_3h': 19.03, 'temp_forecast_4h': 17.23, 'temp_forecast_5h': 16.03, 'temp_forecast_6h': 15.43, 'temp_forecast_7h': 14.53, 'temp_forecast_8h': 14.33, 'temp_forecast_9h': 14.03, 'temp_forecast_10h': 13.73, 'temp_forecast_11h': 13.43, 'temp_forecast_12h': 12.73, 'pv_forecast_1h': 52.5, 'pv_forecast_2h': 0.0, 'pv_forecast_3h': 0.0, 'pv_forecast_4h': 0.0, 'pv_forecast_5h': 0.0, 'pv_forecast_6h': 0.0, 'pv_forecast_7h': 0.0, 'pv_forecast_8h': 0.0, 'pv_forecast_9h': 0.0, 'pv_forecast_10h': 0.0, 'pv_forecast_11h': 67.2, 'pv_forecast_12h': 784.2, 'pv_forecast_electrical_1h': 52.5, 'pv_forecast_electrical_2h': 0.0, 'pv_forecast_electrical_3h': 0.0, 'pv_forecast_electrical_4h': 0.0, 'pv_forecast_electrical_5h': 0.0, 'pv_forecast_electrical_6h': 0.0, 'pv_forecast_electrical_7h': 0.0, 'pv_forecast_electrical_8h': 0.0, 'pv_forecast_electrical_9h': 0.0, 'pv_forecast_electrical_10h': 0.0, 'pv_forecast_electrical_11h': 67.2, 'pv_forecast_electrical_12h': 784.2, 'cloud_cover_forecast_1h': 0.0, 'cloud_cover_forecast_2h': 0.0, 'cloud_cover_forecast_3h': 0.0, 'cloud_cover_forecast_4h': 0.0, 'cloud_cover_forecast_5h': 0.0, 'cloud_cover_forecast_6h': 0.0, 'cloud_cover_forecast_7h': 0.0, 'cloud_cover_forecast_8h': 0.0, 'cloud_cover_forecast_9h': 0.0, 'cloud_cover_forecast_10h': 0.0, 'cloud_cover_forecast_11h': 0.0, 'cloud_cover_forecast_12h': 0.0, 'temp_diff_indoor_outdoor': 0.05687500000000156, 'indoor_temp_gradient': 0.10275000000002166, 'outlet_indoor_diff': -3.108125000000001, 'indoor_temp_lag_10m': 23.485, 'indoor_temp_lag_60m': 23.509999999999998, 'outlet_temp_lag_30m': 18.32, 'outlet_temp_change': 0.08000000000000185, 'indoor_temp_delta_10m': 0.0031250000000042633, 'indoor_temp_delta_30m': -0.011874999999996305, 'indoor_temp_delta_60m': -0.021874999999994316, 'hour_sin': -1.0, 'hour_cos': -1.8369701987210297e-16, 'month_sin': 0.8660254037844387, 'month_cos': -0.4999999999999998, 'outlet_effectiveness_ratio': 8.881250000000023, 'inlet_temp': 20.9, 'flow_rate': 14.0, 'power_consumption': 57.0, 'delta_t': -0.519999999999996, 'thermal_power_kw': -0.5079013333333294, 'cop_realtime': 0.0, 'temp_trend_forecast': -1.2716071428571432, 'heating_demand_forecast': 0.6470000000000001, 'combined_forecast_thermal_load': 0.6470000000000001, 'pv_power_history': [4015.0, 3573.0, 3529.0, 4019.0, 6306.0, 8520.0, 7829.0, 6490.0, 5386.0, 4808.0, 5199.0, 3522.0, 3130.0, 3119.0, 3061.0, 2403.0, 2282.0, 1835.0], 'last_updated': '2026-05-03T16:45:45.910759+00:00'}}
2026-05-03 18:45:45,925 - DEBUG - Published 89 features to sensor.ml_heating_features
2026-05-03 18:45:45,925 - DEBUG - ✅ CYCLE 23 END: 18:45:45 (duration: 0.7s)
2026-05-03 18:45:45,925 - DEBUG - 💤 POLLING START: Waiting 30min until next cycle...
2026-05-03 18:45:45,953 - DEBUG - Active sampling: buffered 6 readings
127.0.0.1 - - [03/May/2026 18:45:49] "GET /health HTTP/1.1" 200 -
127.0.0.1 - - [03/May/2026 18:46:19] "GET /health HTTP/1.1" 200 -
2026-05-03 18:46:45,984 - DEBUG - Active sampling: buffered 6 readings
127.0.0.1 - - [03/May/2026 18:46:49] "GET /health HTTP/1.1" 200 -
127.0.0.1 - - [03/May/2026 18:47:19] "GET /health HTTP/1.1" 200 -
2026-05-03 18:47:46,015 - DEBUG - Active sampling: buffered 6 readings
127.0.0.1 - - [03/May/2026 18:47:49] "GET /health HTTP/1.1" 200 -
127.0.0.1 - - [03/May/2026 18:48:19] "GET /health HTTP/1.1" 200 -
2026-05-03 18:48:46,047 - DEBUG - Active sampling: buffered 6 readings
127.0.0.1 - - [03/May/2026 18:48:49] "GET /health HTTP/1.1" 200 -
127.0.0.1 - - [03/May/2026 18:49:19] "GET /health HTTP/1.1" 200 -
2026-05-03 18:49:46,078 - DEBUG - Active sampling: buffered 6 readings
127.0.0.1 - - [03/May/2026 18:49:49] "GET /health HTTP/1.1" 200 -
127.0.0.1 - - [03/May/2026 18:50:19] "GET /health HTTP/1.1" 200 -
2026-05-03 18:50:46,165 - DEBUG - Active sampling: buffered 6 readings
127.0.0.1 - - [03/May/2026 18:50:49] "GET /health HTTP/1.1" 200 -
127.0.0.1 - - [03/May/2026 18:51:19] "GET /health HTTP/1.1" 200 -
2026-05-03 18:51:46,196 - DEBUG - Active sampling: buffered 6 readings
127.0.0.1 - - [03/May/2026 18:51:49] "GET /health HTTP/1.1" 200 -
127.0.0.1 - - [03/May/2026 18:52:19] "GET /health HTTP/1.1" 200 -
2026-05-03 18:52:46,227 - DEBUG - Active sampling: buffered 6 readings
127.0.0.1 - - [03/May/2026 18:52:49] "GET /health HTTP/1.1" 200 -
127.0.0.1 - - [03/May/2026 18:53:19] "GET /health HTTP/1.1" 200 -
2026-05-03 18:53:46,260 - DEBUG - Active sampling: buffered 6 readings
127.0.0.1 - - [03/May/2026 18:53:50] "GET /health HTTP/1.1" 200 -
127.0.0.1 - - [03/May/2026 18:54:20] "GET /health HTTP/1.1" 200 -
2026-05-03 18:54:46,291 - DEBUG - Active sampling: buffered 6 readings
127.0.0.1 - - [03/May/2026 18:54:50] "GET /health HTTP/1.1" 200 -
127.0.0.1 - - [03/May/2026 18:55:20] "GET /health HTTP/1.1" 200 -
2026-05-03 18:55:46,293 - DEBUG - ⏰ POLLING END: Waited 10.0min, starting next cycle...
2026-05-03 18:55:46,293 - DEBUG - 🔄 CYCLE 24 START: 18:55:46 (interval: 10.0min since last cycle)
2026-05-03 18:55:46,293 - DEBUG - ♻️ Reusing existing Model Wrapper instance
2026-05-03 18:55:46,293 - INFO - Successfully loaded operational state from /config/ml_heating/unified_thermal_state_cooling.json
2026-05-03 18:55:46,323 - DEBUG - Setting HA state for sensor.ml_heating_cop_realtime: {'state': '0.00', 'attributes': {'state_class': 'measurement', 'unique_id': 'ml_heating_cop_realtime', 'friendly_name': 'ML Heating COP (Realtime)', 'unit_of_measurement': 'COP', 'icon': 'mdi:heat-pump', 'device_class': 'power_factor'}}
2026-05-03 18:55:46,336 - DEBUG - Setting HA state for sensor.ml_heating_thermal_power: {'state': '-0.293', 'attributes': {'state_class': 'measurement', 'unique_id': 'ml_heating_thermal_power', 'friendly_name': 'ML Heating Thermal Power', 'unit_of_measurement': 'kW', 'icon': 'mdi:flash', 'device_class': 'power'}}
2026-05-03 18:55:46,433 - DEBUG - Wrote thermodynamic metrics to InfluxDB
2026-05-03 18:55:46,433 - DEBUG - Thermodynamic sensors updated: COP=0.00, Power=-0.293kW
2026-05-03 18:55:46,433 - DEBUG - ♻️ Reusing existing Model Wrapper instance
2026-05-03 18:55:46,433 - DEBUG - 🎯 ACTIVE MODE LEARNING (trajectory): Verifying ML prediction accuracy for 18.9°C outlet setting
2026-05-03 18:55:46,437 - DEBUG - ☀️ SolarChannel self-learned: avg_error=-0.011, pv_heat_weight=0.00127, solar_lag=45.1min, cloud_exp=1.00, solar_decay_tau=1.00h
2026-05-03 18:55:46,437 - INFO - ☀️ pv parameter update: attributed_error=-0.017067 | pv_heat_weight: 0.001279→0.001268 (Δ-0.000011) | solar_decay_tau_hours: 0.999604→0.999599 (Δ-0.000005)
2026-05-03 18:55:46,437 - INFO - Channel routing → [☀️ pv*] | error=-0.0171 | pv_current=1750W pv_smoothed=4390W | params_changed=pv
2026-05-03 18:55:46,483 - DEBUG - 💾 Saved cooling thermal state to /config/ml_heating/unified_thermal_state_cooling.json
2026-05-03 18:55:46,484 - DEBUG - Skipping legacy global adaptation: channel mode owns recent-window learning
2026-05-03 18:55:46,526 - DEBUG - 💾 Saved cooling thermal state to /config/ml_heating/unified_thermal_state_cooling.json
2026-05-03 18:55:46,527 - DEBUG - Prediction feedback: error=-0.017°C, confidence=5.000
2026-05-03 18:55:46,568 - DEBUG - 💾 Saved cooling thermal state to /config/ml_heating/unified_thermal_state_cooling.json
2026-05-03 18:55:46,569 - DEBUG - 💾 Saved 54 predictions to unified thermal state
2026-05-03 18:55:46,569 - DEBUG - Added prediction: pred=23.51, actual=23.49, error=-0.017
2026-05-03 18:55:46,611 - DEBUG - 💾 Saved cooling thermal state to /config/ml_heating/unified_thermal_state_cooling.json
2026-05-03 18:55:46,613 - DEBUG - Setting HA state for sensor.ml_model_mae: {'state': '0.0319', 'attributes': {'state_class': 'measurement', 'unique_id': 'ml_heating_model_mae', 'friendly_name': 'ML Model MAE', 'unit_of_measurement': '°C', 'icon': 'mdi:chart-line', 'last_updated': '2026-05-03T16:55:46.613094+00:00'}}
2026-05-03 18:55:46,626 - DEBUG - Setting HA state for sensor.ml_model_rmse: {'state': '0.0436', 'attributes': {'state_class': 'measurement', 'unique_id': 'ml_heating_model_rmse', 'friendly_name': 'ML Model RMSE', 'unit_of_measurement': '°C', 'icon': 'mdi:chart-line', 'last_updated': '2026-05-03T16:55:46.613094+00:00'}}
2026-05-03 18:55:46,640 - DEBUG - Setting HA state for sensor.ml_heating_learning: {'state': '5.000', 'attributes': {'state_class': 'measurement', 'unique_id': 'ml_heating_learning', 'friendly_name': 'ML Adaptive Learning Metrics', 'unit_of_measurement': 'metrics', 'icon': 'mdi:brain', 'thermal_time_constant': 4.390554703745845, 'heat_loss_coefficient': 0.1245214561975565, 'outlet_effectiveness': 0.9526723072021629, 'pv_heat_weight': 0.0012679846495242746, 'fireplace_heat_weight': 0.387, 'tv_heat_weight': 0.35, 'solar_lag_minutes': 45.124246261916994, 'slab_time_constant_hours': 3.19, 'heat_source_channels_enabled': True, 'total_conductance': 0.3, 'equilibrium_ratio': 0.5, 'cycle_count': 53, 'parameter_updates': 21, 'model_health': 'excellent', 'learning_progress': 0.53, 'is_improving': True, 'improvement_percentage': 46.86270226805548, 'total_predictions': 54, 'learning_confidence': 5.0, 'last_updated': '2026-05-03T16:55:46.640766+00:00', 'delta_t_floor': 2.3, 'cloud_factor_exponent': 1.0, 'solar_decay_tau_hours': 0.9995987598595021, 'fp_heat_output_kw': 0.387, 'fp_decay_time_constant': 3.9144707244638868, 'room_spread_delay_minutes': 18.0, 'ch_heat_pump_history_count': 0, 'ch_heat_pump_last_error': 0.0, 'ch_pv_history_count': 51, 'ch_pv_last_error': -0.017066655805223263, 'ch_fireplace_history_count': 0, 'ch_fireplace_last_error': 0.0, 'ch_tv_history_count': 0, 'ch_tv_last_error': 0.0}}
2026-05-03 18:55:46,656 - DEBUG - Setting HA state for sensor.ml_model_mae: {'state': '0.0319', 'attributes': {'state_class': 'measurement', 'unique_id': 'ml_heating_model_mae', 'friendly_name': 'ML Model MAE', 'unit_of_measurement': '°C', 'icon': 'mdi:chart-line', 'mae_1h': 0.01948584311692277, 'mae_6h': 0.03193464881143363, 'mae_24h': 0.03193464881143363, 'trend_direction': 'improving', 'prediction_count': 54, 'last_updated': '2026-05-03T16:55:46.640766+00:00'}}
2026-05-03 18:55:46,671 - DEBUG - Setting HA state for sensor.ml_model_rmse: {'state': '0.0436', 'attributes': {'state_class': 'measurement', 'unique_id': 'ml_heating_model_rmse', 'friendly_name': 'ML Model RMSE', 'unit_of_measurement': '°C', 'icon': 'mdi:chart-line', 'recent_max_error': 0.037590907217026626, 'std_error': 0.0297, 'mean_bias': 0.0, 'prediction_count': 54, 'last_updated': '2026-05-03T16:55:46.640766+00:00'}}
2026-05-03 18:55:46,685 - DEBUG - Setting HA state for sensor.ml_prediction_accuracy: {'state': '100.0', 'attributes': {'state_class': 'measurement', 'unique_id': 'ml_prediction_accuracy', 'friendly_name': 'ML Prediction Accuracy', 'unit_of_measurement': '%', 'icon': 'mdi:target', 'perfect_accuracy_pct': 0.0, 'tolerable_accuracy_pct': 100.0, 'poor_accuracy_pct': 0.0, 'prediction_count_24h': 0, 'excellent_all_time_pct': 96.29629629629629, 'good_all_time_pct': 100.0, 'last_updated': '2026-05-03T16:55:46.640766+00:00'}}
2026-05-03 18:55:46,698 - DEBUG - Logged refactored sensor metrics to HA
2026-05-03 18:55:46,698 - DEBUG - Logging feature importance
2026-05-03 18:55:46,699 - DEBUG - Setting HA state for sensor.ml_feature_importance: {'state': '5', 'attributes': {'state_class': 'measurement', 'unique_id': 'ml_heating_feature_importance', 'friendly_name': 'ML Feature Importance', 'unit_of_measurement': '%', 'icon': 'mdi:format-list-numbered', 'top_features': {'target_temp': 52.48, 'fireplace': 21.32, 'tv_power': 19.28, 'outdoor_temp': 6.86, 'pv_power': 0.07}, 'last_updated': '2026-05-03T16:55:46.698914+00:00'}}
2026-05-03 18:55:46,713 - INFO - ✅ Exported metrics to Home Assistant sensors successfully
2026-05-03 18:55:46,713 - INFO - ✅ Learning cycle 53: error=0.017°C, confidence=5.000, total_predictions=54
2026-05-03 18:55:46,714 - DEBUG - ✅ Online learning: applied_temp=18.9°C, actual_change=-0.020°C, cycle=53
2026-05-03 18:55:46,714 - INFO - ❄️ Cooling mode active (state: cool)
2026-05-03 18:55:46,714 - DEBUG - ♻️ Reusing existing Model Wrapper instance
2026-05-03 18:55:46,714 - INFO - ❄️ COOLING MODE: ML will calculate cooling outlet temperature (outlet < inlet) — using cooling state /config/ml_heating/unified_thermal_state_cooling.json
2026-05-03 18:55:46,743 - DEBUG - Fireplace is OFF. Using main indoor temp for prediction.
2026-05-03 18:55:47,372 - DEBUG - PV forecast parsed successfully: [53.2, 0.0, 0.0, 0.0, 0.0, 0.0, 0.0, 0.0, 0.0, 0.0, 67.2, 784.2]W
2026-05-03 18:55:47,372 - DEBUG - Solar correction: enabled=True, percent=100.0%, factor=1.000
2026-05-03 18:55:47,389 - DEBUG - Delta calibration applied: offset=+1.92°C
2026-05-03 18:55:47,390 - DEBUG - Raw forecasts: [21.1, 18.8, 16.7, 14.9, 13.7, 13.1, 12.2, 12.0, 11.7, 11.4, 11.1, 10.4]
2026-05-03 18:55:47,390 - DEBUG - Calibrated forecasts: [23.02, 20.72, 18.62, 16.82, 15.62, 15.02, 14.12, 13.92, 13.62, 13.32, 13.02, 12.32]
2026-05-03 18:55:47,393 - INFO - ☀️ Forecast trajectory: PV=1460W < threshold=1500W, only 0 forecast hours above threshold (need 6) → inactive, 6 steps
2026-05-03 18:55:47,394 - DEBUG - ♻️ Reusing existing Model Wrapper instance
2026-05-03 18:55:47,399 - INFO - DEBUG: Wrapper params: U=0.1245214561975565, eff=0.9526723072021629, tau=4.390554703745845
2026-05-03 18:55:47,400 - DEBUG - ❄️ Cooling: tightened outlet_max to 19.0°C (inlet=21.0°C − delta=2.0°C)
2026-05-03 18:55:47,400 - INFO - ❄️ Cooling mode bounds: outlet 18.3–19.0°C (indoor=23.5°C, target=22.6°C)
2026-05-03 18:55:47,400 - DEBUG - 🔧 Using natural bounds: outlet_min=18.3°C, outlet_max=19.0°C
2026-05-03 18:55:47,400 - INFO - 🌡️ Using cycle-aligned forecast (10min): outdoor=23.0°C (vs current 23.0°C), PV=3898W (vs current 4248W)
2026-05-03 18:55:47,400 - DEBUG - DEBUG: Using PV history (len=18) instead of scalar 3897.975
2026-05-03 18:55:47,400 - INFO - 🔄 HP off (delta_t=-0.30): simulating HP-on delta_t=2.30 for binary search
2026-05-03 18:55:47,401 - DEBUG - 🎯 Binary search start: target=22.6°C, current=23.5°C, range=18.3-19.0°C
2026-05-03 18:55:47,401 - DEBUG - 🔍 Binary search features: inlet_temp=21.0, delta_t_floor=2.30, indoor_temp_delta_60m=-0.0115, horizon=6.0h, outlet_mid=18.6°C
2026-05-03 18:55:47,402 - DEBUG - ✅ Binary search trajectory OK (iter 1): outlet=18.6°C → predicted=22.33°C (steps=36, start=23.47→end=22.33)
2026-05-03 18:55:47,402 - DEBUG -    Iteration 1: outlet=18.6°C → predicted=22.33°C, error=-0.268°C (range: 18.3-19.0°C)
2026-05-03 18:55:47,402 - DEBUG -      → Cooling: Predicted below target, raising minimum to 18.6°C
2026-05-03 18:55:47,404 - DEBUG -    Iteration 2: outlet=18.8°C → predicted=22.33°C, error=-0.268°C (range: 18.6-19.0°C)
2026-05-03 18:55:47,404 - DEBUG -      → Cooling: Predicted below target, raising minimum to 18.8°C
2026-05-03 18:55:47,405 - DEBUG -    Iteration 3: outlet=18.9°C → predicted=22.33°C, error=-0.268°C (range: 18.8-19.0°C)
2026-05-03 18:55:47,405 - DEBUG -      → Cooling: Predicted below target, raising minimum to 18.9°C
2026-05-03 18:55:47,406 - DEBUG -    Iteration 4: outlet=19.0°C → predicted=22.33°C, error=-0.268°C (range: 18.9-19.0°C)
2026-05-03 18:55:47,406 - DEBUG -      → Cooling: Predicted below target, raising minimum to 19.0°C
2026-05-03 18:55:47,406 - INFO - 🔄 Binary search early exit after 5 iterations: range collapsed to 0.044°C, using 19.0°C
2026-05-03 18:55:47,407 - DEBUG - 🧠 Smart rounding is using cycle-aligned forecast: PV=3898W (caller sent PV=4248W)
2026-05-03 18:55:47,407 - INFO - 🎯 Prediction: Current 23.49°C → Target 22.6°C | Calculated outlet: 19.0°C (before smart rounding) (confidence: 5.000)
2026-05-03 18:55:47,407 - DEBUG - Model Wrapper: temp=19.0°C, error=0.890°C, confidence=5.000
2026-05-03 18:55:47,407 - DEBUG - EMA smoothing: 18.98°C → 18.9°C (last=18.9, α=0.50)
2026-05-03 18:55:47,407 - DEBUG - ♻️ Reusing existing Model Wrapper instance
2026-05-03 18:55:47,407 - INFO - 🌡️ Using cycle-aligned forecast (10min): outdoor=22.5°C (vs current 22.5°C), PV=3898W (vs current 4248W)
2026-05-03 18:55:47,407 - DEBUG - 🧠 Smart rounding is using cycle-aligned forecast: PV=3898W (caller sent PV=3898W)
2026-05-03 18:55:47,407 - DEBUG - 🧠 Smart rounding is using cycle-aligned forecast: PV=3898W (caller sent PV=3898W)
2026-05-03 18:55:47,408 - DEBUG - Smart rounding: 18.90°C → 18°C (chose floor: floor→23.41°C [err=0.810], ceiling→23.44°C [err=0.842], target=22.6°C)
2026-05-03 18:55:47,408 - DEBUG - Setting target outlet temp
2026-05-03 18:55:47,408 - DEBUG - Setting HA state for sensor.ml_vorlauftemperatur: {'state': '18.9', 'attributes': {'state_class': 'measurement', 'unique_id': 'ml_heating_target_outlet_temp', 'friendly_name': 'ML Target Outlet Temp', 'unit_of_measurement': '°C', 'device_class': 'temperature', 'icon': 'mdi:thermometer-water'}}
2026-05-03 18:55:47,420 - DEBUG - Logging thermal model metrics
2026-05-03 18:55:47,420 - DEBUG - Setting HA state for sensor.ml_heating_state: {'state': '0', 'attributes': {'state_class': 'measurement', 'unique_id': 'ml_heating_state', 'friendly_name': 'ML Heating State', 'unit_of_measurement': 'state', 'icon': 'mdi:information-outline', 'state_description': 'OK - Prediction done', 'confidence': 5.0, 'suggested_temp': 18.98, 'final_temp': 18.9, 'predicted_indoor': 23.44, 'last_prediction_time': '2026-05-03T16:55:47.420305+00:00', 'temperature_error': 0.89}}
2026-05-03 18:55:47,435 - DEBUG - ✅ ACTIVE MODE: ML controlling heating via input_boolean.ml_heating
2026-05-03 18:55:47,436 - DEBUG - 🧠 Smart rounding is using cycle-aligned forecast: PV=3898W (caller sent PV=4248W)
2026-05-03 18:55:47,437 - DEBUG - Target: 22.6°C | Suggested: 19.0°C | Applied: 18.9°C | Actual Indoor: 23.49°C | Predicted Indoor: 23.44°C | Confidence: 5.000
2026-05-03 18:55:47,437 - INFO - Target: 22.6°C | Suggested: 19.0°C | Applied: 18.9°C | Actual Indoor: 23.49°C | Predicted Indoor: 23.44°C | Confidence: 5.000
2026-05-03 18:55:47,477 - DEBUG - 💾 Saved cooling thermal state to /config/ml_heating/unified_thermal_state_cooling.json
2026-05-03 18:55:47,477 - DEBUG - Operational state saved to /config/ml_heating/unified_thermal_state_cooling.json; updated keys: ['last_run_features', 'last_indoor_temp', 'last_avg_other_rooms_temp', 'last_fireplace_on', 'last_final_temp', 'last_predicted_indoor', 'last_is_blocking', 'last_blocking_reasons', 'setpoint_hold_cycles_remaining']
2026-05-03 18:55:47,478 - DEBUG - Setting HA state for sensor.ml_heating_features: {'state': '23.48', 'attributes': {'state_class': 'measurement', 'unique_id': 'ml_heating_features', 'friendly_name': 'ML Heating Features', 'unit_of_measurement': '°C', 'device_class': 'temperature', 'icon': 'mdi:feature-search-outline', 'living_room_temp': 23.48, 'outlet_temp': 20.7, 'indoor_temp_lag_30m': 23.487999999999996, 'target_temp': 22.6, 'outdoor_temp': 23.01875, 'dhw_heating': 0.0, 'dhw_disinfection': 0.0, 'dhw_boost_heater': 0.0, 'defrosting': 0.0, 'pv_now': 1460.0, 'pv_now_electrical': 1460.0, 'solar_correction_percent': 100.0, 'solar_correction_factor': 1.0, 'solar_correction_enabled': 1.0, 'fireplace_on': 0.0, 'tv_on': 0.0, 'temp_forecast_1h': 23.02, 'temp_forecast_2h': 20.72, 'temp_forecast_3h': 18.62, 'temp_forecast_4h': 16.82, 'temp_forecast_5h': 15.62, 'temp_forecast_6h': 15.02, 'temp_forecast_7h': 14.12, 'temp_forecast_8h': 13.92, 'temp_forecast_9h': 13.62, 'temp_forecast_10h': 13.32, 'temp_forecast_11h': 13.02, 'temp_forecast_12h': 12.32, 'pv_forecast_1h': 53.2, 'pv_forecast_2h': 0.0, 'pv_forecast_3h': 0.0, 'pv_forecast_4h': 0.0, 'pv_forecast_5h': 0.0, 'pv_forecast_6h': 0.0, 'pv_forecast_7h': 0.0, 'pv_forecast_8h': 0.0, 'pv_forecast_9h': 0.0, 'pv_forecast_10h': 0.0, 'pv_forecast_11h': 67.2, 'pv_forecast_12h': 784.2, 'pv_forecast_electrical_1h': 53.2, 'pv_forecast_electrical_2h': 0.0, 'pv_forecast_electrical_3h': 0.0, 'pv_forecast_electrical_4h': 0.0, 'pv_forecast_electrical_5h': 0.0, 'pv_forecast_electrical_6h': 0.0, 'pv_forecast_electrical_7h': 0.0, 'pv_forecast_electrical_8h': 0.0, 'pv_forecast_electrical_9h': 0.0, 'pv_forecast_electrical_10h': 0.0, 'pv_forecast_electrical_11h': 67.2, 'pv_forecast_electrical_12h': 784.2, 'cloud_cover_forecast_1h': 0.0, 'cloud_cover_forecast_2h': 0.0, 'cloud_cover_forecast_3h': 0.0, 'cloud_cover_forecast_4h': 0.0, 'cloud_cover_forecast_5h': 0.0, 'cloud_cover_forecast_6h': 0.0, 'cloud_cover_forecast_7h': 0.0, 'cloud_cover_forecast_8h': 0.0, 'cloud_cover_forecast_9h': 0.0, 'cloud_cover_forecast_10h': 0.0, 'cloud_cover_forecast_11h': 0.0, 'cloud_cover_forecast_12h': 0.0, 'temp_diff_indoor_outdoor': 0.47375000000000256, 'indoor_temp_gradient': 0.0030000000000143245, 'outlet_indoor_diff': -2.792500000000004, 'indoor_temp_lag_10m': 23.493333333333336, 'indoor_temp_lag_60m': 23.504000000000005, 'outlet_temp_lag_30m': 19.6, 'outlet_temp_change': 0.04999999999999716, 'indoor_temp_delta_10m': -0.0008333333333325754, 'indoor_temp_delta_30m': 0.004500000000007276, 'indoor_temp_delta_60m': -0.01150000000000162, 'hour_sin': -1.0, 'hour_cos': -1.8369701987210297e-16, 'month_sin': 0.8660254037844387, 'month_cos': -0.4999999999999998, 'outlet_effectiveness_ratio': 8.925000000000018, 'inlet_temp': 21.0, 'flow_rate': 14.0, 'power_consumption': 57.0, 'delta_t': -0.3000000000000007, 'thermal_power_kw': -0.2930200000000007, 'cop_realtime': 0.0, 'temp_trend_forecast': -1.2712500000000002, 'heating_demand_forecast': 0.6880000000000002, 'combined_forecast_thermal_load': 0.6880000000000002, 'pv_power_history': [3573.0, 3529.0, 4019.0, 6306.0, 8520.0, 7829.0, 6490.0, 5386.0, 4808.0, 5199.0, 3522.0, 3130.0, 3119.0, 3061.0, 2403.0, 2282.0, 1769.0, 1510.0], 'last_updated': '2026-05-03T16:55:47.478008+00:00'}}
2026-05-03 18:55:47,492 - DEBUG - Published 89 features to sensor.ml_heating_features
2026-05-03 18:55:47,492 - DEBUG - ✅ CYCLE 24 END: 18:55:47 (duration: 1.2s)
2026-05-03 18:55:47,492 - DEBUG - 💤 POLLING START: Waiting 30min until next cycle...
2026-05-03 18:55:47,520 - DEBUG - Active sampling: buffered 6 readings
127.0.0.1 - - [03/May/2026 18:55:50] "GET /health HTTP/1.1" 200 -
127.0.0.1 - - [03/May/2026 18:56:20] "GET /health HTTP/1.1" 200 -
2026-05-03 18:56:47,551 - DEBUG - Active sampling: buffered 6 readings
127.0.0.1 - - [03/May/2026 18:56:50] "GET /health HTTP/1.1" 200 -
127.0.0.1 - - [03/May/2026 18:57:20] "GET /health HTTP/1.1" 200 -
2026-05-03 18:57:47,581 - DEBUG - Active sampling: buffered 6 readings
127.0.0.1 - - [03/May/2026 18:57:50] "GET /health HTTP/1.1" 200 -
127.0.0.1 - - [03/May/2026 18:58:20] "GET /health HTTP/1.1" 200 -
2026-05-03 18:58:47,612 - DEBUG - Active sampling: buffered 6 readings
127.0.0.1 - - [03/May/2026 18:58:50] "GET /health HTTP/1.1" 200 -
127.0.0.1 - - [03/May/2026 18:59:20] "GET /health HTTP/1.1" 200 -
2026-05-03 18:59:47,642 - DEBUG - Active sampling: buffered 6 readings
127.0.0.1 - - [03/May/2026 18:59:50] "GET /health HTTP/1.1" 200 -
127.0.0.1 - - [03/May/2026 19:00:20] "GET /health HTTP/1.1" 200 -
2026-05-03 19:00:47,675 - DEBUG - Active sampling: buffered 6 readings
127.0.0.1 - - [03/May/2026 19:00:50] "GET /health HTTP/1.1" 200 -
127.0.0.1 - - [03/May/2026 19:01:20] "GET /health HTTP/1.1" 200 -
2026-05-03 19:01:47,706 - DEBUG - Active sampling: buffered 6 readings
127.0.0.1 - - [03/May/2026 19:01:50] "GET /health HTTP/1.1" 200 -
127.0.0.1 - - [03/May/2026 19:02:20] "GET /health HTTP/1.1" 200 -
2026-05-03 19:02:47,737 - DEBUG - Active sampling: buffered 6 readings
127.0.0.1 - - [03/May/2026 19:02:51] "GET /health HTTP/1.1" 200 -
127.0.0.1 - - [03/May/2026 19:03:21] "GET /health HTTP/1.1" 200 -
2026-05-03 19:03:47,768 - DEBUG - Active sampling: buffered 6 readings
127.0.0.1 - - [03/May/2026 19:03:51] "GET /health HTTP/1.1" 200 -
127.0.0.1 - - [03/May/2026 19:04:21] "GET /health HTTP/1.1" 200 -
2026-05-03 19:04:47,800 - DEBUG - Active sampling: buffered 6 readings
127.0.0.1 - - [03/May/2026 19:04:51] "GET /health HTTP/1.1" 200 -
127.0.0.1 - - [03/May/2026 19:05:21] "GET /health HTTP/1.1" 200 -
2026-05-03 19:05:47,801 - DEBUG - ⏰ POLLING END: Waited 10.0min, starting next cycle...
2026-05-03 19:05:47,801 - DEBUG - 🔄 CYCLE 25 START: 19:05:47 (interval: 10.0min since last cycle)
2026-05-03 19:05:47,802 - DEBUG - ♻️ Reusing existing Model Wrapper instance
2026-05-03 19:05:47,802 - INFO - Successfully loaded operational state from /config/ml_heating/unified_thermal_state_cooling.json
2026-05-03 19:05:47,831 - DEBUG - Setting HA state for sensor.ml_heating_cop_realtime: {'state': '0.00', 'attributes': {'state_class': 'measurement', 'unique_id': 'ml_heating_cop_realtime', 'friendly_name': 'ML Heating COP (Realtime)', 'unit_of_measurement': 'COP', 'icon': 'mdi:heat-pump', 'device_class': 'power_factor'}}
2026-05-03 19:05:47,843 - DEBUG - Setting HA state for sensor.ml_heating_thermal_power: {'state': '-0.293', 'attributes': {'state_class': 'measurement', 'unique_id': 'ml_heating_thermal_power', 'friendly_name': 'ML Heating Thermal Power', 'unit_of_measurement': 'kW', 'icon': 'mdi:flash', 'device_class': 'power'}}
2026-05-03 19:05:47,881 - DEBUG - Wrote thermodynamic metrics to InfluxDB
2026-05-03 19:05:47,881 - DEBUG - Thermodynamic sensors updated: COP=0.00, Power=-0.293kW
2026-05-03 19:05:47,881 - DEBUG - ♻️ Reusing existing Model Wrapper instance
2026-05-03 19:05:47,881 - DEBUG - 🎯 ACTIVE MODE LEARNING (trajectory): Verifying ML prediction accuracy for 18.9°C outlet setting
2026-05-03 19:05:47,885 - DEBUG - ☀️ SolarChannel self-learned: avg_error=-0.007, pv_heat_weight=0.00126, solar_lag=45.1min, cloud_exp=1.00, solar_decay_tau=1.00h
2026-05-03 19:05:47,885 - INFO - ☀️ pv parameter update: attributed_error=+0.027554 | pv_heat_weight: 0.001268→0.001261 (Δ-0.000007) | solar_decay_tau_hours: 0.999599→0.999595 (Δ-0.000003)
2026-05-03 19:05:47,885 - INFO - Channel routing → [☀️ pv*] | error=+0.0276 | pv_current=1460W pv_smoothed=4248W | params_changed=pv
2026-05-03 19:05:47,931 - DEBUG - 💾 Saved cooling thermal state to /config/ml_heating/unified_thermal_state_cooling.json
2026-05-03 19:05:47,932 - DEBUG - Skipping legacy global adaptation: channel mode owns recent-window learning
2026-05-03 19:05:47,975 - DEBUG - 💾 Saved cooling thermal state to /config/ml_heating/unified_thermal_state_cooling.json
2026-05-03 19:05:47,976 - DEBUG - Prediction feedback: error=0.028°C, confidence=5.000
2026-05-03 19:05:48,015 - DEBUG - 💾 Saved cooling thermal state to /config/ml_heating/unified_thermal_state_cooling.json
2026-05-03 19:05:48,016 - DEBUG - 💾 Saved 55 predictions to unified thermal state
2026-05-03 19:05:48,016 - DEBUG - Added prediction: pred=23.47, actual=23.50, error=0.028
2026-05-03 19:05:48,055 - DEBUG - 💾 Saved cooling thermal state to /config/ml_heating/unified_thermal_state_cooling.json
2026-05-03 19:05:48,058 - DEBUG - Setting HA state for sensor.ml_model_mae: {'state': '0.0319', 'attributes': {'state_class': 'measurement', 'unique_id': 'ml_heating_model_mae', 'friendly_name': 'ML Model MAE', 'unit_of_measurement': '°C', 'icon': 'mdi:chart-line', 'last_updated': '2026-05-03T17:05:48.057997+00:00'}}
2026-05-03 19:05:48,080 - DEBUG - Setting HA state for sensor.ml_model_rmse: {'state': '0.0434', 'attributes': {'state_class': 'measurement', 'unique_id': 'ml_heating_model_rmse', 'friendly_name': 'ML Model RMSE', 'unit_of_measurement': '°C', 'icon': 'mdi:chart-line', 'last_updated': '2026-05-03T17:05:48.057997+00:00'}}
2026-05-03 19:05:48,094 - DEBUG - Setting HA state for sensor.ml_heating_learning: {'state': '5.000', 'attributes': {'state_class': 'measurement', 'unique_id': 'ml_heating_learning', 'friendly_name': 'ML Adaptive Learning Metrics', 'unit_of_measurement': 'metrics', 'icon': 'mdi:brain', 'thermal_time_constant': 4.390554703745845, 'heat_loss_coefficient': 0.1245214561975565, 'outlet_effectiveness': 0.9526723072021629, 'pv_heat_weight': 0.0012614066793062168, 'fireplace_heat_weight': 0.387, 'tv_heat_weight': 0.35, 'solar_lag_minutes': 45.124246261916994, 'slab_time_constant_hours': 3.19, 'heat_source_channels_enabled': True, 'total_conductance': 0.3, 'equilibrium_ratio': 0.5, 'cycle_count': 54, 'parameter_updates': 22, 'model_health': 'excellent', 'learning_progress': 0.54, 'is_improving': True, 'improvement_percentage': 46.40102991778778, 'total_predictions': 55, 'learning_confidence': 5.0, 'last_updated': '2026-05-03T17:05:48.093932+00:00', 'delta_t_floor': 2.3, 'cloud_factor_exponent': 1.0, 'solar_decay_tau_hours': 0.999595470874393, 'fp_heat_output_kw': 0.387, 'fp_decay_time_constant': 3.9144707244638868, 'room_spread_delay_minutes': 18.0, 'ch_heat_pump_history_count': 0, 'ch_heat_pump_last_error': 0.0, 'ch_pv_history_count': 52, 'ch_pv_last_error': 0.02755350414972213, 'ch_fireplace_history_count': 0, 'ch_fireplace_last_error': 0.0, 'ch_tv_history_count': 0, 'ch_tv_last_error': 0.0}}
2026-05-03 19:05:48,109 - DEBUG - Setting HA state for sensor.ml_model_mae: {'state': '0.0319', 'attributes': {'state_class': 'measurement', 'unique_id': 'ml_heating_model_mae', 'friendly_name': 'ML Model MAE', 'unit_of_measurement': '°C', 'icon': 'mdi:chart-line', 'mae_1h': 0.02145472333576374, 'mae_6h': 0.03185499163576615, 'mae_24h': 0.03185499163576615, 'trend_direction': 'improving', 'prediction_count': 55, 'last_updated': '2026-05-03T17:05:48.093932+00:00'}}
2026-05-03 19:05:48,123 - DEBUG - Setting HA state for sensor.ml_model_rmse: {'state': '0.0434', 'attributes': {'state_class': 'measurement', 'unique_id': 'ml_heating_model_rmse', 'friendly_name': 'ML Model RMSE', 'unit_of_measurement': '°C', 'icon': 'mdi:chart-line', 'recent_max_error': 0.037590907217026626, 'std_error': 0.0294, 'mean_bias': 0.0, 'prediction_count': 55, 'last_updated': '2026-05-03T17:05:48.093932+00:00'}}
2026-05-03 19:05:48,138 - DEBUG - Setting HA state for sensor.ml_prediction_accuracy: {'state': '100.0', 'attributes': {'state_class': 'measurement', 'unique_id': 'ml_prediction_accuracy', 'friendly_name': 'ML Prediction Accuracy', 'unit_of_measurement': '%', 'icon': 'mdi:target', 'perfect_accuracy_pct': 0.0, 'tolerable_accuracy_pct': 100.0, 'poor_accuracy_pct': 0.0, 'prediction_count_24h': 0, 'excellent_all_time_pct': 96.36363636363636, 'good_all_time_pct': 100.0, 'last_updated': '2026-05-03T17:05:48.093932+00:00'}}
2026-05-03 19:05:48,152 - DEBUG - Logged refactored sensor metrics to HA
2026-05-03 19:05:48,153 - DEBUG - Logging feature importance
2026-05-03 19:05:48,153 - DEBUG - Setting HA state for sensor.ml_feature_importance: {'state': '5', 'attributes': {'state_class': 'measurement', 'unique_id': 'ml_heating_feature_importance', 'friendly_name': 'ML Feature Importance', 'unit_of_measurement': '%', 'icon': 'mdi:format-list-numbered', 'top_features': {'target_temp': 52.48, 'fireplace': 21.32, 'tv_power': 19.28, 'outdoor_temp': 6.86, 'pv_power': 0.07}, 'last_updated': '2026-05-03T17:05:48.153040+00:00'}}
2026-05-03 19:05:48,167 - INFO - ✅ Exported metrics to Home Assistant sensors successfully
2026-05-03 19:05:48,167 - INFO - ✅ Learning cycle 54: error=0.028°C, confidence=5.000, total_predictions=55
2026-05-03 19:05:48,167 - DEBUG - ✅ Online learning: applied_temp=18.9°C, actual_change=0.010°C, cycle=54
2026-05-03 19:05:48,167 - INFO - ❄️ Cooling mode active (state: cool)
2026-05-03 19:05:48,167 - DEBUG - ♻️ Reusing existing Model Wrapper instance
2026-05-03 19:05:48,167 - INFO - ❄️ COOLING MODE: ML will calculate cooling outlet temperature (outlet < inlet) — using cooling state /config/ml_heating/unified_thermal_state_cooling.json
2026-05-03 19:05:48,196 - DEBUG - Fireplace is OFF. Using main indoor temp for prediction.
2026-05-03 19:05:48,370 - DEBUG - PV forecast parsed successfully: [19.5, 0.0, 0.0, 0.0, 0.0, 0.0, 0.0, 0.0, 0.0, 0.0, 192.0, 1160.8]W
2026-05-03 19:05:48,371 - DEBUG - Solar correction: enabled=True, percent=100.0%, factor=1.000
2026-05-03 19:05:48,391 - DEBUG - Delta calibration applied: offset=+3.85°C
2026-05-03 19:05:48,391 - DEBUG - Raw forecasts: [18.8, 16.7, 14.9, 13.7, 13.1, 12.2, 12.0, 11.7, 11.4, 11.1, 10.4, 11.1]
2026-05-03 19:05:48,391 - DEBUG - Calibrated forecasts: [22.65, 20.55, 18.75, 17.55, 16.95, 16.05, 15.85, 15.55, 15.25, 14.95, 14.25, 14.95]
2026-05-03 19:05:48,394 - INFO - ☀️ Forecast trajectory: PV=1200W < threshold=1500W, only 0 forecast hours above threshold (need 6) → inactive, 6 steps
2026-05-03 19:05:48,394 - DEBUG - ♻️ Reusing existing Model Wrapper instance
2026-05-03 19:05:48,399 - INFO - DEBUG: Wrapper params: U=0.1245214561975565, eff=0.9526723072021629, tau=4.390554703745845
2026-05-03 19:05:48,399 - DEBUG - PV scalar: no forecast sun (1h=20W ≤ 50W), snapping to pv_now=1200W (rolling window reset)
2026-05-03 19:05:48,399 - DEBUG - ❄️ Cooling: tightened outlet_max to 19.1°C (inlet=21.1°C − delta=2.0°C)
2026-05-03 19:05:48,399 - INFO - ❄️ Cooling mode bounds: outlet 18.3–19.1°C (indoor=23.5°C, target=22.6°C)
2026-05-03 19:05:48,400 - DEBUG - 🔧 Using natural bounds: outlet_min=18.3°C, outlet_max=19.1°C
2026-05-03 19:05:48,400 - INFO - 🌡️ Using cycle-aligned forecast (10min): outdoor=22.6°C (vs current 22.6°C), PV=1102W (vs current 1200W)
2026-05-03 19:05:48,400 - DEBUG - DEBUG: No PV history found, using scalar avg_pv: 1101.625
2026-05-03 19:05:48,400 - INFO - 🔄 HP off (delta_t=-0.28): simulating HP-on delta_t=2.30 for binary search
2026-05-03 19:05:48,400 - DEBUG - 🎯 Binary search start: target=22.6°C, current=23.5°C, range=18.3-19.1°C
2026-05-03 19:05:48,400 - DEBUG - 🔍 Binary search features: inlet_temp=21.1, delta_t_floor=2.30, indoor_temp_delta_60m=-0.0069, horizon=6.0h, outlet_mid=18.7°C
2026-05-03 19:05:48,401 - DEBUG - ✅ Binary search trajectory OK (iter 1): outlet=18.7°C → predicted=22.33°C (steps=36, start=23.45→end=22.33)
2026-05-03 19:05:48,401 - DEBUG -    Iteration 1: outlet=18.7°C → predicted=22.33°C, error=-0.267°C (range: 18.3-19.1°C)
2026-05-03 19:05:48,401 - DEBUG -      → Cooling: Predicted below target, raising minimum to 18.7°C
2026-05-03 19:05:48,402 - DEBUG -    Iteration 2: outlet=18.9°C → predicted=22.33°C, error=-0.267°C (range: 18.7-19.1°C)
2026-05-03 19:05:48,402 - DEBUG -      → Cooling: Predicted below target, raising minimum to 18.9°C
2026-05-03 19:05:48,403 - DEBUG -    Iteration 3: outlet=19.0°C → predicted=22.33°C, error=-0.267°C (range: 18.9-19.1°C)
2026-05-03 19:05:48,403 - DEBUG -      → Cooling: Predicted below target, raising minimum to 19.0°C
2026-05-03 19:05:48,404 - DEBUG -    Iteration 4: outlet=19.1°C → predicted=22.33°C, error=-0.267°C (range: 19.0-19.1°C)
2026-05-03 19:05:48,404 - DEBUG -      → Cooling: Predicted below target, raising minimum to 19.1°C
2026-05-03 19:05:48,405 - DEBUG -    Iteration 5: outlet=19.1°C → predicted=22.33°C, error=-0.267°C (range: 19.1-19.1°C)
2026-05-03 19:05:48,405 - DEBUG -      → Cooling: Predicted below target, raising minimum to 19.1°C
2026-05-03 19:05:48,405 - INFO - 🔄 Binary search early exit after 6 iterations: range collapsed to 0.025°C, using 19.1°C
2026-05-03 19:05:48,405 - DEBUG - 🧠 Smart rounding is using cycle-aligned forecast: PV=1102W (caller sent PV=1200W)
2026-05-03 19:05:48,405 - INFO - 🎯 Prediction: Current 23.50°C → Target 22.6°C | Calculated outlet: 19.1°C (before smart rounding) (confidence: 5.000)
2026-05-03 19:05:48,405 - DEBUG - Model Wrapper: temp=19.1°C, error=0.900°C, confidence=5.000
2026-05-03 19:05:48,405 - DEBUG - EMA smoothing: 19.09°C → 19.0°C (last=18.9, α=0.50)
2026-05-03 19:05:48,405 - DEBUG - Smart rounding: 19.00°C is already integer
2026-05-03 19:05:48,405 - DEBUG - Setting target outlet temp
2026-05-03 19:05:48,405 - DEBUG - Setting HA state for sensor.ml_vorlauftemperatur: {'state': '19.0', 'attributes': {'state_class': 'measurement', 'unique_id': 'ml_heating_target_outlet_temp', 'friendly_name': 'ML Target Outlet Temp', 'unit_of_measurement': '°C', 'device_class': 'temperature', 'icon': 'mdi:thermometer-water'}}
2026-05-03 19:05:48,418 - DEBUG - Logging thermal model metrics
2026-05-03 19:05:48,418 - DEBUG - Setting HA state for sensor.ml_heating_state: {'state': '0', 'attributes': {'state_class': 'measurement', 'unique_id': 'ml_heating_state', 'friendly_name': 'ML Heating State', 'unit_of_measurement': 'state', 'icon': 'mdi:information-outline', 'state_description': 'OK - Prediction done', 'confidence': 5.0, 'suggested_temp': 19.09, 'final_temp': 19.0, 'predicted_indoor': 23.39, 'last_prediction_time': '2026-05-03T17:05:48.418540+00:00', 'temperature_error': 0.9}}
2026-05-03 19:05:48,435 - DEBUG - ✅ ACTIVE MODE: ML controlling heating via input_boolean.ml_heating
2026-05-03 19:05:48,437 - DEBUG - 🧠 Smart rounding is using cycle-aligned forecast: PV=1102W (caller sent PV=4119W)
2026-05-03 19:05:48,437 - DEBUG - Target: 22.6°C | Suggested: 19.1°C | Applied: 19.0°C | Actual Indoor: 23.50°C | Predicted Indoor: 23.40°C | Confidence: 5.000
2026-05-03 19:05:48,438 - INFO - Target: 22.6°C | Suggested: 19.1°C | Applied: 19.0°C | Actual Indoor: 23.50°C | Predicted Indoor: 23.40°C | Confidence: 5.000
2026-05-03 19:05:48,478 - DEBUG - 💾 Saved cooling thermal state to /config/ml_heating/unified_thermal_state_cooling.json
2026-05-03 19:05:48,478 - DEBUG - Operational state saved to /config/ml_heating/unified_thermal_state_cooling.json; updated keys: ['last_run_features', 'last_indoor_temp', 'last_avg_other_rooms_temp', 'last_fireplace_on', 'last_final_temp', 'last_predicted_indoor', 'last_is_blocking', 'last_blocking_reasons', 'setpoint_hold_cycles_remaining']
2026-05-03 19:05:48,479 - DEBUG - Setting HA state for sensor.ml_heating_features: {'state': '23.50', 'attributes': {'state_class': 'measurement', 'unique_id': 'ml_heating_features', 'friendly_name': 'ML Heating Features', 'unit_of_measurement': '°C', 'device_class': 'temperature', 'icon': 'mdi:feature-search-outline', 'living_room_temp': 23.5, 'outlet_temp': 20.82, 'indoor_temp_lag_30m': 23.488000000000003, 'target_temp': 22.6, 'outdoor_temp': 22.646875000000005, 'dhw_heating': 0.0, 'dhw_disinfection': 0.0, 'dhw_boost_heater': 0.0, 'defrosting': 0.0, 'pv_now': 1200.0, 'pv_now_electrical': 1200.0, 'solar_correction_percent': 100.0, 'solar_correction_factor': 1.0, 'solar_correction_enabled': 1.0, 'fireplace_on': 0.0, 'tv_on': 0.0, 'temp_forecast_1h': 22.65, 'temp_forecast_2h': 20.55, 'temp_forecast_3h': 18.75, 'temp_forecast_4h': 17.55, 'temp_forecast_5h': 16.95, 'temp_forecast_6h': 16.05, 'temp_forecast_7h': 15.85, 'temp_forecast_8h': 15.55, 'temp_forecast_9h': 15.25, 'temp_forecast_10h': 14.95, 'temp_forecast_11h': 14.25, 'temp_forecast_12h': 14.95, 'pv_forecast_1h': 19.5, 'pv_forecast_2h': 0.0, 'pv_forecast_3h': 0.0, 'pv_forecast_4h': 0.0, 'pv_forecast_5h': 0.0, 'pv_forecast_6h': 0.0, 'pv_forecast_7h': 0.0, 'pv_forecast_8h': 0.0, 'pv_forecast_9h': 0.0, 'pv_forecast_10h': 0.0, 'pv_forecast_11h': 192.0, 'pv_forecast_12h': 1160.8, 'pv_forecast_electrical_1h': 19.5, 'pv_forecast_electrical_2h': 0.0, 'pv_forecast_electrical_3h': 0.0, 'pv_forecast_electrical_4h': 0.0, 'pv_forecast_electrical_5h': 0.0, 'pv_forecast_electrical_6h': 0.0, 'pv_forecast_electrical_7h': 0.0, 'pv_forecast_electrical_8h': 0.0, 'pv_forecast_electrical_9h': 0.0, 'pv_forecast_electrical_10h': 0.0, 'pv_forecast_electrical_11h': 192.0, 'pv_forecast_electrical_12h': 1160.8, 'cloud_cover_forecast_1h': 0.0, 'cloud_cover_forecast_2h': 0.0, 'cloud_cover_forecast_3h': 0.0, 'cloud_cover_forecast_4h': 0.0, 'cloud_cover_forecast_5h': 0.0, 'cloud_cover_forecast_6h': 0.0, 'cloud_cover_forecast_7h': 0.0, 'cloud_cover_forecast_8h': 0.0, 'cloud_cover_forecast_9h': 0.0, 'cloud_cover_forecast_10h': 0.0, 'cloud_cover_forecast_11h': 0.0, 'cloud_cover_forecast_12h': 0.0, 'temp_diff_indoor_outdoor': 0.8462499999999942, 'indoor_temp_gradient': -0.11325000000000784, 'outlet_indoor_diff': -2.673124999999999, 'indoor_temp_lag_10m': 23.49333333333333, 'indoor_temp_lag_60m': 23.499999999999996, 'outlet_temp_lag_30m': 20.4, 'outlet_temp_change': 0.019999999999999574, 'indoor_temp_delta_10m': -0.00020833333332959114, 'indoor_temp_delta_30m': 0.005124999999996049, 'indoor_temp_delta_60m': -0.0068749999999973, 'hour_sin': -0.9659258262890684, 'hour_cos': 0.2588190451025203, 'month_sin': 0.8660254037844387, 'month_cos': -0.4999999999999998, 'outlet_effectiveness_ratio': 8.931249999999977, 'inlet_temp': 21.1, 'flow_rate': 14.0, 'power_consumption': 23.0, 'delta_t': -0.28000000000000114, 'thermal_power_kw': -0.27348533333333447, 'cop_realtime': 0.0, 'temp_trend_forecast': -1.0994791666666675, 'heating_demand_forecast': 0.49499999999999994, 'combined_forecast_thermal_load': 0.49499999999999994, 'pv_power_history': [3529.0, 4019.0, 6306.0, 8520.0, 7829.0, 6490.0, 5386.0, 4808.0, 5199.0, 3522.0, 3130.0, 3119.0, 3061.0, 2403.0, 2282.0, 1769.0, 1478.0, 1293.3333333333333], 'last_updated': '2026-05-03T17:05:48.478858+00:00'}}
2026-05-03 19:05:48,492 - DEBUG - Published 89 features to sensor.ml_heating_features
2026-05-03 19:05:48,492 - DEBUG - ✅ CYCLE 25 END: 19:05:48 (duration: 0.7s)
2026-05-03 19:05:48,492 - DEBUG - 💤 POLLING START: Waiting 30min until next cycle...
2026-05-03 19:05:48,519 - DEBUG - Active sampling: buffered 6 readings
127.0.0.1 - - [03/May/2026 19:05:51] "GET /health HTTP/1.1" 200 -
127.0.0.1 - - [03/May/2026 19:06:21] "GET /health HTTP/1.1" 200 -
2026-05-03 19:06:48,554 - DEBUG - Active sampling: buffered 6 readings
127.0.0.1 - - [03/May/2026 19:06:51] "GET /health HTTP/1.1" 200 -
127.0.0.1 - - [03/May/2026 19:07:21] "GET /health HTTP/1.1" 200 -
2026-05-03 19:07:48,585 - DEBUG - Active sampling: buffered 6 readings
127.0.0.1 - - [03/May/2026 19:07:51] "GET /health HTTP/1.1" 200 -
127.0.0.1 - - [03/May/2026 19:08:21] "GET /health HTTP/1.1" 200 -
2026-05-03 19:08:48,615 - DEBUG - Active sampling: buffered 6 readings
127.0.0.1 - - [03/May/2026 19:08:51] "GET /health HTTP/1.1" 200 -
127.0.0.1 - - [03/May/2026 19:09:21] "GET /health HTTP/1.1" 200 -
2026-05-03 19:09:48,646 - DEBUG - Active sampling: buffered 6 readings
127.0.0.1 - - [03/May/2026 19:09:51] "GET /health HTTP/1.1" 200 -
127.0.0.1 - - [03/May/2026 19:10:21] "GET /health HTTP/1.1" 200 -
2026-05-03 19:10:48,678 - DEBUG - Active sampling: buffered 6 readings
127.0.0.1 - - [03/May/2026 19:10:51] "GET /health HTTP/1.1" 200 -
127.0.0.1 - - [03/May/2026 19:11:21] "GET /health HTTP/1.1" 200 -
2026-05-03 19:11:48,718 - DEBUG - Active sampling: buffered 6 readings
127.0.0.1 - - [03/May/2026 19:11:51] "GET /health HTTP/1.1" 200 -
127.0.0.1 - - [03/May/2026 19:12:22] "GET /health HTTP/1.1" 200 -
2026-05-03 19:12:48,749 - DEBUG - Active sampling: buffered 6 readings
127.0.0.1 - - [03/May/2026 19:12:52] "GET /health HTTP/1.1" 200 -
127.0.0.1 - - [03/May/2026 19:13:22] "GET /health HTTP/1.1" 200 -
2026-05-03 19:13:48,781 - DEBUG - Active sampling: buffered 6 readings
127.0.0.1 - - [03/May/2026 19:13:52] "GET /health HTTP/1.1" 200 -
127.0.0.1 - - [03/May/2026 19:14:22] "GET /health HTTP/1.1" 200 -
2026-05-03 19:14:48,813 - DEBUG - Active sampling: buffered 6 readings
127.0.0.1 - - [03/May/2026 19:14:52] "GET /health HTTP/1.1" 200 -
127.0.0.1 - - [03/May/2026 19:15:22] "GET /health HTTP/1.1" 200 -
2026-05-03 19:15:48,814 - DEBUG - ⏰ POLLING END: Waited 10.0min, starting next cycle...
2026-05-03 19:15:48,815 - DEBUG - 🔄 CYCLE 26 START: 19:15:48 (interval: 10.0min since last cycle)
2026-05-03 19:15:48,815 - DEBUG - ♻️ Reusing existing Model Wrapper instance
2026-05-03 19:15:48,815 - INFO - Successfully loaded operational state from /config/ml_heating/unified_thermal_state_cooling.json
2026-05-03 19:15:48,843 - DEBUG - Setting HA state for sensor.ml_heating_cop_realtime: {'state': '0.00', 'attributes': {'state_class': 'measurement', 'unique_id': 'ml_heating_cop_realtime', 'friendly_name': 'ML Heating COP (Realtime)', 'unit_of_measurement': 'COP', 'icon': 'mdi:heat-pump', 'device_class': 'power_factor'}}
2026-05-03 19:15:48,855 - DEBUG - Setting HA state for sensor.ml_heating_thermal_power: {'state': '-0.293', 'attributes': {'state_class': 'measurement', 'unique_id': 'ml_heating_thermal_power', 'friendly_name': 'ML Heating Thermal Power', 'unit_of_measurement': 'kW', 'icon': 'mdi:flash', 'device_class': 'power'}}
2026-05-03 19:15:48,891 - DEBUG - Wrote thermodynamic metrics to InfluxDB
2026-05-03 19:15:48,891 - DEBUG - Thermodynamic sensors updated: COP=0.00, Power=-0.293kW
2026-05-03 19:15:48,891 - DEBUG - ♻️ Reusing existing Model Wrapper instance
2026-05-03 19:15:48,892 - DEBUG - 🎯 ACTIVE MODE LEARNING (trajectory): Verifying ML prediction accuracy for 19.0°C outlet setting
2026-05-03 19:15:48,894 - DEBUG - ☀️ SolarChannel self-learned: avg_error=-0.003, pv_heat_weight=0.00126, solar_lag=45.1min, cloud_exp=1.00, solar_decay_tau=1.00h
2026-05-03 19:15:48,895 - INFO - ☀️ pv parameter update: attributed_error=+0.011778 | pv_heat_weight: 0.001261→0.001259 (Δ-0.000003) | solar_decay_tau_hours: 0.999595→0.999594 (Δ-0.000001)
2026-05-03 19:15:48,895 - INFO - Channel routing → [☀️ pv*] | error=+0.0118 | pv_current=1200W pv_smoothed=4119W | params_changed=pv
2026-05-03 19:15:48,941 - DEBUG - 💾 Saved cooling thermal state to /config/ml_heating/unified_thermal_state_cooling.json
2026-05-03 19:15:48,941 - DEBUG - Skipping legacy global adaptation: channel mode owns recent-window learning
2026-05-03 19:15:48,985 - DEBUG - 💾 Saved cooling thermal state to /config/ml_heating/unified_thermal_state_cooling.json
2026-05-03 19:15:48,986 - DEBUG - Prediction feedback: error=0.012°C, confidence=5.000
2026-05-03 19:15:49,026 - DEBUG - 💾 Saved cooling thermal state to /config/ml_heating/unified_thermal_state_cooling.json
2026-05-03 19:15:49,026 - DEBUG - 💾 Saved 56 predictions to unified thermal state
2026-05-03 19:15:49,026 - DEBUG - Added prediction: pred=23.47, actual=23.48, error=0.012
2026-05-03 19:15:49,065 - DEBUG - 💾 Saved cooling thermal state to /config/ml_heating/unified_thermal_state_cooling.json
2026-05-03 19:15:49,090 - DEBUG - Wrote prediction metrics to InfluxDB bucket 'ml_heating_features' with MAE(1h)=0.020
2026-05-03 19:15:49,090 - DEBUG - ✅ Exported prediction metrics to InfluxDB
2026-05-03 19:15:49,101 - DEBUG - Wrote thermal learning metrics to InfluxDB: effectiveness=0.953, confidence=5.00
2026-05-03 19:15:49,101 - DEBUG - ✅ Exported thermal learning metrics to InfluxDB
2026-05-03 19:15:49,113 - DEBUG - Wrote feature importances to Influx bucket 'ml_heating_features' (measurement=feature_importance) with timestamp 2026-05-03T17:15:49.101533+00:00
2026-05-03 19:15:49,113 - DEBUG - ✅ Exported feature importance to InfluxDB
2026-05-03 19:15:49,122 - DEBUG - Wrote learning phase metrics to InfluxDB: phase=high_confidence, stability=1.00
2026-05-03 19:15:49,122 - DEBUG - ✅ Exported learning phase metrics to InfluxDB
2026-05-03 19:15:49,133 - DEBUG - Wrote trajectory prediction metrics to InfluxDB: horizon=4h, mae_1h=0.020
2026-05-03 19:15:49,134 - DEBUG - ✅ Exported trajectory prediction metrics to InfluxDB
2026-05-03 19:15:49,134 - INFO - 📊 Exported all adaptive learning metrics to InfluxDB (cycle 55)
2026-05-03 19:15:49,135 - DEBUG - Setting HA state for sensor.ml_model_mae: {'state': '0.0315', 'attributes': {'state_class': 'measurement', 'unique_id': 'ml_heating_model_mae', 'friendly_name': 'ML Model MAE', 'unit_of_measurement': '°C', 'icon': 'mdi:chart-line', 'last_updated': '2026-05-03T17:15:49.135402+00:00'}}
2026-05-03 19:15:49,153 - DEBUG - Setting HA state for sensor.ml_model_rmse: {'state': '0.0430', 'attributes': {'state_class': 'measurement', 'unique_id': 'ml_heating_model_rmse', 'friendly_name': 'ML Model RMSE', 'unit_of_measurement': '°C', 'icon': 'mdi:chart-line', 'last_updated': '2026-05-03T17:15:49.135402+00:00'}}
2026-05-03 19:15:49,170 - DEBUG - Setting HA state for sensor.ml_heating_learning: {'state': '5.000', 'attributes': {'state_class': 'measurement', 'unique_id': 'ml_heating_learning', 'friendly_name': 'ML Adaptive Learning Metrics', 'unit_of_measurement': 'metrics', 'icon': 'mdi:brain', 'thermal_time_constant': 4.390554703745845, 'heat_loss_coefficient': 0.1245214561975565, 'outlet_effectiveness': 0.9526723072021629, 'pv_heat_weight': 0.0012588800833755389, 'fireplace_heat_weight': 0.387, 'tv_heat_weight': 0.35, 'solar_lag_minutes': 45.124246261916994, 'slab_time_constant_hours': 3.19, 'heat_source_channels_enabled': True, 'total_conductance': 0.3, 'equilibrium_ratio': 0.5, 'cycle_count': 55, 'parameter_updates': 23, 'model_health': 'excellent', 'learning_progress': 0.55, 'is_improving': True, 'improvement_percentage': 44.00879181063594, 'total_predictions': 56, 'learning_confidence': 5.0, 'last_updated': '2026-05-03T17:15:49.170115+00:00', 'delta_t_floor': 2.3, 'cloud_factor_exponent': 1.0, 'solar_decay_tau_hours': 0.9995942075764277, 'fp_heat_output_kw': 0.387, 'fp_decay_time_constant': 3.9144707244638868, 'room_spread_delay_minutes': 18.0, 'ch_heat_pump_history_count': 0, 'ch_heat_pump_last_error': 0.0, 'ch_pv_history_count': 53, 'ch_pv_last_error': 0.011777895443461972, 'ch_fireplace_history_count': 0, 'ch_fireplace_last_error': 0.0, 'ch_tv_history_count': 0, 'ch_tv_last_error': 0.0}}
2026-05-03 19:15:49,183 - DEBUG - Setting HA state for sensor.ml_model_mae: {'state': '0.0315', 'attributes': {'state_class': 'measurement', 'unique_id': 'ml_heating_model_mae', 'friendly_name': 'ML Model MAE', 'unit_of_measurement': '°C', 'icon': 'mdi:chart-line', 'mae_1h': 0.01971280974651002, 'mae_6h': 0.03149647206090357, 'mae_24h': 0.03149647206090357, 'trend_direction': 'improving', 'prediction_count': 56, 'last_updated': '2026-05-03T17:15:49.170115+00:00'}}
2026-05-03 19:15:49,198 - DEBUG - Setting HA state for sensor.ml_model_rmse: {'state': '0.0430', 'attributes': {'state_class': 'measurement', 'unique_id': 'ml_heating_model_rmse', 'friendly_name': 'ML Model RMSE', 'unit_of_measurement': '°C', 'icon': 'mdi:chart-line', 'recent_max_error': 0.037590907217026626, 'std_error': 0.0293, 'mean_bias': 0.0, 'prediction_count': 56, 'last_updated': '2026-05-03T17:15:49.170115+00:00'}}
2026-05-03 19:15:49,213 - DEBUG - Setting HA state for sensor.ml_prediction_accuracy: {'state': '100.0', 'attributes': {'state_class': 'measurement', 'unique_id': 'ml_prediction_accuracy', 'friendly_name': 'ML Prediction Accuracy', 'unit_of_measurement': '%', 'icon': 'mdi:target', 'perfect_accuracy_pct': 0.0, 'tolerable_accuracy_pct': 100.0, 'poor_accuracy_pct': 0.0, 'prediction_count_24h': 0, 'excellent_all_time_pct': 96.42857142857143, 'good_all_time_pct': 100.0, 'last_updated': '2026-05-03T17:15:49.170115+00:00'}}
2026-05-03 19:15:49,227 - DEBUG - Logged refactored sensor metrics to HA
2026-05-03 19:15:49,228 - DEBUG - Logging feature importance
2026-05-03 19:15:49,228 - DEBUG - Setting HA state for sensor.ml_feature_importance: {'state': '5', 'attributes': {'state_class': 'measurement', 'unique_id': 'ml_heating_feature_importance', 'friendly_name': 'ML Feature Importance', 'unit_of_measurement': '%', 'icon': 'mdi:format-list-numbered', 'top_features': {'target_temp': 52.48, 'fireplace': 21.32, 'tv_power': 19.28, 'outdoor_temp': 6.86, 'pv_power': 0.07}, 'last_updated': '2026-05-03T17:15:49.228197+00:00'}}
2026-05-03 19:15:49,242 - INFO - ✅ Exported metrics to Home Assistant sensors successfully
2026-05-03 19:15:49,242 - INFO - ✅ Learning cycle 55: error=0.012°C, confidence=5.000, total_predictions=56
2026-05-03 19:15:49,242 - DEBUG - ✅ Online learning: applied_temp=19.0°C, actual_change=-0.020°C, cycle=55
2026-05-03 19:15:49,242 - INFO - ❄️ Cooling mode active (state: cool)
2026-05-03 19:15:49,242 - DEBUG - ♻️ Reusing existing Model Wrapper instance
2026-05-03 19:15:49,242 - INFO - ❄️ COOLING MODE: ML will calculate cooling outlet temperature (outlet < inlet) — using cooling state /config/ml_heating/unified_thermal_state_cooling.json
2026-05-03 19:15:49,272 - DEBUG - Fireplace is OFF. Using main indoor temp for prediction.
2026-05-03 19:15:49,402 - DEBUG - PV forecast parsed successfully: [2.0, 0.0, 0.0, 0.0, 0.0, 0.0, 0.0, 0.0, 0.0, 10.2, 370.5, 1543.2]W
2026-05-03 19:15:49,402 - DEBUG - Solar correction: enabled=True, percent=100.0%, factor=1.000
2026-05-03 19:15:49,419 - DEBUG - Delta calibration applied: offset=+3.46°C
2026-05-03 19:15:49,419 - DEBUG - Raw forecasts: [18.8, 16.7, 14.9, 13.7, 13.1, 12.2, 12.0, 11.7, 11.4, 11.1, 10.4, 11.1]
2026-05-03 19:15:49,419 - DEBUG - Calibrated forecasts: [22.26, 20.16, 18.36, 17.16, 16.56, 15.66, 15.46, 15.16, 14.86, 14.56, 13.86, 14.56]
2026-05-03 19:15:49,423 - INFO - ☀️ Forecast trajectory: PV=920W < threshold=1500W, only 1 forecast hours above threshold (need 6) → inactive, 6 steps
2026-05-03 19:15:49,423 - DEBUG - ♻️ Reusing existing Model Wrapper instance
2026-05-03 19:15:49,428 - INFO - DEBUG: Wrapper params: U=0.1245214561975565, eff=0.9526723072021629, tau=4.390554703745845
2026-05-03 19:15:49,429 - DEBUG - PV scalar: no forecast sun (1h=2W ≤ 50W), snapping to pv_now=920W (rolling window reset)
2026-05-03 19:15:49,429 - DEBUG - ❄️ Cooling: tightened outlet_max to 19.2°C (inlet=21.2°C − delta=2.0°C)
2026-05-03 19:15:49,429 - INFO - ❄️ Cooling mode bounds: outlet 18.3–19.2°C (indoor=23.5°C, target=22.6°C)
2026-05-03 19:15:49,429 - DEBUG - 🔧 Using natural bounds: outlet_min=18.3°C, outlet_max=19.2°C
2026-05-03 19:15:49,429 - INFO - 🌡️ Using cycle-aligned forecast (10min): outdoor=22.3°C (vs current 22.3°C), PV=843W (vs current 920W)
2026-05-03 19:15:49,429 - DEBUG - DEBUG: No PV history found, using scalar avg_pv: 843.4999999999999
2026-05-03 19:15:49,429 - INFO - 🔄 HP off (delta_t=-0.30): simulating HP-on delta_t=2.30 for binary search
2026-05-03 19:15:49,429 - DEBUG - 🎯 Binary search start: target=22.6°C, current=23.5°C, range=18.3-19.2°C
2026-05-03 19:15:49,429 - DEBUG - 🔍 Binary search features: inlet_temp=21.2, delta_t_floor=2.30, indoor_temp_delta_60m=-0.0056, horizon=6.0h, outlet_mid=18.8°C
2026-05-03 19:15:49,430 - DEBUG - ✅ Binary search trajectory OK (iter 1): outlet=18.8°C → predicted=22.29°C (steps=36, start=23.45→end=22.29)
2026-05-03 19:15:49,430 - DEBUG -    Iteration 1: outlet=18.8°C → predicted=22.29°C, error=-0.306°C (range: 18.3-19.2°C)
2026-05-03 19:15:49,430 - DEBUG -      → Cooling: Predicted below target, raising minimum to 18.8°C
2026-05-03 19:15:49,431 - DEBUG -    Iteration 2: outlet=19.0°C → predicted=22.29°C, error=-0.306°C (range: 18.8-19.2°C)
2026-05-03 19:15:49,431 - DEBUG -      → Cooling: Predicted below target, raising minimum to 19.0°C
2026-05-03 19:15:49,432 - DEBUG -    Iteration 3: outlet=19.1°C → predicted=22.29°C, error=-0.306°C (range: 19.0-19.2°C)
2026-05-03 19:15:49,432 - DEBUG -      → Cooling: Predicted below target, raising minimum to 19.1°C
2026-05-03 19:15:49,433 - DEBUG -    Iteration 4: outlet=19.1°C → predicted=22.29°C, error=-0.306°C (range: 19.1-19.2°C)
2026-05-03 19:15:49,433 - DEBUG -      → Cooling: Predicted below target, raising minimum to 19.1°C
2026-05-03 19:15:49,434 - DEBUG -    Iteration 5: outlet=19.2°C → predicted=22.29°C, error=-0.306°C (range: 19.1-19.2°C)
2026-05-03 19:15:49,434 - DEBUG -      → Cooling: Predicted below target, raising minimum to 19.2°C
2026-05-03 19:15:49,434 - INFO - 🔄 Binary search early exit after 6 iterations: range collapsed to 0.028°C, using 19.2°C
2026-05-03 19:15:49,434 - DEBUG - 🧠 Smart rounding is using cycle-aligned forecast: PV=843W (caller sent PV=920W)
2026-05-03 19:15:49,434 - INFO - 🎯 Prediction: Current 23.48°C → Target 22.6°C | Calculated outlet: 19.2°C (before smart rounding) (confidence: 5.000)
2026-05-03 19:15:49,434 - DEBUG - Model Wrapper: temp=19.2°C, error=0.880°C, confidence=5.000
2026-05-03 19:15:49,434 - DEBUG - EMA smoothing: 19.19°C → 19.1°C (last=19.0, α=0.50)
2026-05-03 19:15:49,434 - DEBUG - ♻️ Reusing existing Model Wrapper instance
2026-05-03 19:15:49,434 - INFO - 🌡️ Using cycle-aligned forecast (10min): outdoor=21.7°C (vs current 21.6°C), PV=3640W (vs current 3971W)
2026-05-03 19:15:49,434 - DEBUG - 🧠 Smart rounding is using cycle-aligned forecast: PV=843W (caller sent PV=3640W)
2026-05-03 19:15:49,435 - DEBUG - 🧠 Smart rounding is using cycle-aligned forecast: PV=843W (caller sent PV=3640W)
2026-05-03 19:15:49,435 - DEBUG - Smart rounding: 19.10°C → 19°C (chose floor: floor→23.37°C [err=0.768], ceiling→23.40°C [err=0.800], target=22.6°C)
2026-05-03 19:15:49,435 - DEBUG - Setting target outlet temp
2026-05-03 19:15:49,435 - DEBUG - Setting HA state for sensor.ml_vorlauftemperatur: {'state': '19.1', 'attributes': {'state_class': 'measurement', 'unique_id': 'ml_heating_target_outlet_temp', 'friendly_name': 'ML Target Outlet Temp', 'unit_of_measurement': '°C', 'device_class': 'temperature', 'icon': 'mdi:thermometer-water'}}
2026-05-03 19:15:49,447 - DEBUG - Logging thermal model metrics
2026-05-03 19:15:49,448 - DEBUG - Setting HA state for sensor.ml_heating_state: {'state': '0', 'attributes': {'state_class': 'measurement', 'unique_id': 'ml_heating_state', 'friendly_name': 'ML Heating State', 'unit_of_measurement': 'state', 'icon': 'mdi:information-outline', 'state_description': 'OK - Prediction done', 'confidence': 5.0, 'suggested_temp': 19.19, 'final_temp': 19.1, 'predicted_indoor': 23.39, 'last_prediction_time': '2026-05-03T17:15:49.448045+00:00', 'temperature_error': 0.88}}
2026-05-03 19:15:49,468 - DEBUG - ✅ ACTIVE MODE: ML controlling heating via input_boolean.ml_heating
2026-05-03 19:15:49,470 - DEBUG - 🧠 Smart rounding is using cycle-aligned forecast: PV=843W (caller sent PV=3971W)
2026-05-03 19:15:49,470 - DEBUG - Target: 22.6°C | Suggested: 19.2°C | Applied: 19.1°C | Actual Indoor: 23.48°C | Predicted Indoor: 23.37°C | Confidence: 5.000
2026-05-03 19:15:49,470 - INFO - Target: 22.6°C | Suggested: 19.2°C | Applied: 19.1°C | Actual Indoor: 23.48°C | Predicted Indoor: 23.37°C | Confidence: 5.000
2026-05-03 19:15:49,511 - DEBUG - 💾 Saved cooling thermal state to /config/ml_heating/unified_thermal_state_cooling.json
2026-05-03 19:15:49,511 - DEBUG - Operational state saved to /config/ml_heating/unified_thermal_state_cooling.json; updated keys: ['last_run_features', 'last_indoor_temp', 'last_avg_other_rooms_temp', 'last_fireplace_on', 'last_final_temp', 'last_predicted_indoor', 'last_is_blocking', 'last_blocking_reasons', 'setpoint_hold_cycles_remaining']
2026-05-03 19:15:49,512 - DEBUG - Setting HA state for sensor.ml_heating_features: {'state': '23.44', 'attributes': {'state_class': 'measurement', 'unique_id': 'ml_heating_features', 'friendly_name': 'ML Heating Features', 'unit_of_measurement': '°C', 'device_class': 'temperature', 'icon': 'mdi:feature-search-outline', 'living_room_temp': 23.44, 'outlet_temp': 20.9, 'indoor_temp_lag_30m': 23.493000000000002, 'target_temp': 22.6, 'outdoor_temp': 22.2625, 'dhw_heating': 0.0, 'dhw_disinfection': 0.0, 'dhw_boost_heater': 0.0, 'defrosting': 0.0, 'pv_now': 920.0, 'pv_now_electrical': 920.0, 'solar_correction_percent': 100.0, 'solar_correction_factor': 1.0, 'solar_correction_enabled': 1.0, 'fireplace_on': 0.0, 'tv_on': 0.0, 'temp_forecast_1h': 22.26, 'temp_forecast_2h': 20.16, 'temp_forecast_3h': 18.36, 'temp_forecast_4h': 17.16, 'temp_forecast_5h': 16.56, 'temp_forecast_6h': 15.66, 'temp_forecast_7h': 15.46, 'temp_forecast_8h': 15.16, 'temp_forecast_9h': 14.86, 'temp_forecast_10h': 14.56, 'temp_forecast_11h': 13.86, 'temp_forecast_12h': 14.56, 'pv_forecast_1h': 2.0, 'pv_forecast_2h': 0.0, 'pv_forecast_3h': 0.0, 'pv_forecast_4h': 0.0, 'pv_forecast_5h': 0.0, 'pv_forecast_6h': 0.0, 'pv_forecast_7h': 0.0, 'pv_forecast_8h': 0.0, 'pv_forecast_9h': 0.0, 'pv_forecast_10h': 10.2, 'pv_forecast_11h': 370.5, 'pv_forecast_12h': 1543.2, 'pv_forecast_electrical_1h': 2.0, 'pv_forecast_electrical_2h': 0.0, 'pv_forecast_electrical_3h': 0.0, 'pv_forecast_electrical_4h': 0.0, 'pv_forecast_electrical_5h': 0.0, 'pv_forecast_electrical_6h': 0.0, 'pv_forecast_electrical_7h': 0.0, 'pv_forecast_electrical_8h': 0.0, 'pv_forecast_electrical_9h': 0.0, 'pv_forecast_electrical_10h': 10.2, 'pv_forecast_electrical_11h': 370.5, 'pv_forecast_electrical_12h': 1543.2, 'cloud_cover_forecast_1h': 0.0, 'cloud_cover_forecast_2h': 0.0, 'cloud_cover_forecast_3h': 0.0, 'cloud_cover_forecast_4h': 0.0, 'cloud_cover_forecast_5h': 0.0, 'cloud_cover_forecast_6h': 0.0, 'cloud_cover_forecast_7h': 0.0, 'cloud_cover_forecast_8h': 0.0, 'cloud_cover_forecast_9h': 0.0, 'cloud_cover_forecast_10h': 0.0, 'cloud_cover_forecast_11h': 0.0, 'cloud_cover_forecast_12h': 0.0, 'temp_diff_indoor_outdoor': 1.2318750000000058, 'indoor_temp_gradient': -0.1417499999999947, 'outlet_indoor_diff': -2.5943750000000065, 'indoor_temp_lag_10m': 23.491666666666664, 'indoor_temp_lag_60m': 23.5, 'outlet_temp_lag_30m': 20.710000000000004, 'outlet_temp_change': -3.552713678800501e-15, 'indoor_temp_delta_10m': 0.0027083333333415283, 'indoor_temp_delta_30m': 0.0013750000000030127, 'indoor_temp_delta_60m': -0.005624999999994884, 'hour_sin': -0.9659258262890684, 'hour_cos': 0.2588190451025203, 'month_sin': 0.8660254037844387, 'month_cos': -0.4999999999999998, 'outlet_effectiveness_ratio': 8.943750000000037, 'inlet_temp': 21.2, 'flow_rate': 14.0, 'power_consumption': 23.0, 'delta_t': -0.3000000000000007, 'thermal_power_kw': -0.2930200000000007, 'cop_realtime': 0.0, 'temp_trend_forecast': -1.1004166666666666, 'heating_demand_forecast': 0.534, 'combined_forecast_thermal_load': 0.534, 'pv_power_history': [4019.0, 6306.0, 8520.0, 7829.0, 6490.0, 5386.0, 4808.0, 5199.0, 3522.0, 3130.0, 3119.0, 3061.0, 2403.0, 2282.0, 1769.0, 1478.0, 1220.0, 940.0], 'last_updated': '2026-05-03T17:15:49.511854+00:00'}}
2026-05-03 19:15:49,525 - DEBUG - Published 89 features to sensor.ml_heating_features
2026-05-03 19:15:49,525 - DEBUG - ✅ CYCLE 26 END: 19:15:49 (duration: 0.7s)
2026-05-03 19:15:49,525 - DEBUG - 💤 POLLING START: Waiting 30min until next cycle...
2026-05-03 19:15:49,552 - DEBUG - Active sampling: buffered 6 readings
127.0.0.1 - - [03/May/2026 19:15:52] "GET /health HTTP/1.1" 200 -
127.0.0.1 - - [03/May/2026 19:16:22] "GET /health HTTP/1.1" 200 -
2026-05-03 19:16:49,583 - DEBUG - Active sampling: buffered 6 readings
127.0.0.1 - - [03/May/2026 19:16:52] "GET /health HTTP/1.1" 200 -
127.0.0.1 - - [03/May/2026 19:17:22] "GET /health HTTP/1.1" 200 -
2026-05-03 19:17:49,616 - DEBUG - Active sampling: buffered 6 readings
127.0.0.1 - - [03/May/2026 19:17:52] "GET /health HTTP/1.1" 200 -
127.0.0.1 - - [03/May/2026 19:18:22] "GET /health HTTP/1.1" 200 -
2026-05-03 19:18:49,647 - DEBUG - Active sampling: buffered 6 readings
127.0.0.1 - - [03/May/2026 19:18:52] "GET /health HTTP/1.1" 200 -
127.0.0.1 - - [03/May/2026 19:19:22] "GET /health HTTP/1.1" 200 -
2026-05-03 19:19:49,678 - DEBUG - Active sampling: buffered 6 readings
127.0.0.1 - - [03/May/2026 19:19:52] "GET /health HTTP/1.1" 200 -
127.0.0.1 - - [03/May/2026 19:20:22] "GET /health HTTP/1.1" 200 -
2026-05-03 19:20:49,710 - DEBUG - Active sampling: buffered 6 readings
127.0.0.1 - - [03/May/2026 19:20:52] "GET /health HTTP/1.1" 200 -
127.0.0.1 - - [03/May/2026 19:21:23] "GET /health HTTP/1.1" 200 -
2026-05-03 19:21:49,740 - DEBUG - Active sampling: buffered 6 readings
127.0.0.1 - - [03/May/2026 19:21:53] "GET /health HTTP/1.1" 200 -
127.0.0.1 - - [03/May/2026 19:22:23] "GET /health HTTP/1.1" 200 -
2026-05-03 19:22:49,771 - DEBUG - Active sampling: buffered 6 readings
127.0.0.1 - - [03/May/2026 19:22:53] "GET /health HTTP/1.1" 200 -
127.0.0.1 - - [03/May/2026 19:23:23] "GET /health HTTP/1.1" 200 -
2026-05-03 19:23:49,810 - DEBUG - Active sampling: buffered 6 readings
127.0.0.1 - - [03/May/2026 19:23:53] "GET /health HTTP/1.1" 200 -
127.0.0.1 - - [03/May/2026 19:24:23] "GET /health HTTP/1.1" 200 -
2026-05-03 19:24:49,845 - DEBUG - Active sampling: buffered 6 readings
127.0.0.1 - - [03/May/2026 19:24:53] "GET /health HTTP/1.1" 200 -
127.0.0.1 - - [03/May/2026 19:25:23] "GET /health HTTP/1.1" 200 -
2026-05-03 19:25:49,846 - DEBUG - ⏰ POLLING END: Waited 10.0min, starting next cycle...
2026-05-03 19:25:49,847 - DEBUG - 🔄 CYCLE 27 START: 19:25:49 (interval: 10.0min since last cycle)
2026-05-03 19:25:49,847 - DEBUG - ♻️ Reusing existing Model Wrapper instance
2026-05-03 19:25:49,847 - INFO - Successfully loaded operational state from /config/ml_heating/unified_thermal_state_cooling.json
2026-05-03 19:25:49,876 - DEBUG - Setting HA state for sensor.ml_heating_cop_realtime: {'state': '0.00', 'attributes': {'state_class': 'measurement', 'unique_id': 'ml_heating_cop_realtime', 'friendly_name': 'ML Heating COP (Realtime)', 'unit_of_measurement': 'COP', 'icon': 'mdi:heat-pump', 'device_class': 'power_factor'}}
2026-05-03 19:25:49,889 - DEBUG - Setting HA state for sensor.ml_heating_thermal_power: {'state': '-0.293', 'attributes': {'state_class': 'measurement', 'unique_id': 'ml_heating_thermal_power', 'friendly_name': 'ML Heating Thermal Power', 'unit_of_measurement': 'kW', 'icon': 'mdi:flash', 'device_class': 'power'}}
2026-05-03 19:25:49,928 - DEBUG - Wrote thermodynamic metrics to InfluxDB
2026-05-03 19:25:49,928 - DEBUG - Thermodynamic sensors updated: COP=0.00, Power=-0.293kW
2026-05-03 19:25:49,928 - DEBUG - ♻️ Reusing existing Model Wrapper instance
2026-05-03 19:25:49,928 - DEBUG - 🎯 ACTIVE MODE LEARNING (trajectory): Verifying ML prediction accuracy for 19.1°C outlet setting
2026-05-03 19:25:49,931 - DEBUG - ☀️ SolarChannel self-learned: avg_error=0.006, pv_heat_weight=0.00126, solar_lag=45.1min, cloud_exp=1.00, solar_decay_tau=1.00h
2026-05-03 19:25:49,932 - INFO - ☀️ pv parameter update: attributed_error=+0.045350 | pv_heat_weight: 0.001259→0.001265 (Δ+0.000006) | solar_decay_tau_hours: 0.999594→0.999597 (Δ+0.000003)
2026-05-03 19:25:49,932 - INFO - Channel routing → [☀️ pv*] | error=+0.0454 | pv_current=920W pv_smoothed=3971W | params_changed=pv
2026-05-03 19:25:49,979 - DEBUG - 💾 Saved cooling thermal state to /config/ml_heating/unified_thermal_state_cooling.json
2026-05-03 19:25:49,980 - DEBUG - Skipping legacy global adaptation: channel mode owns recent-window learning
2026-05-03 19:25:50,026 - DEBUG - 💾 Saved cooling thermal state to /config/ml_heating/unified_thermal_state_cooling.json
2026-05-03 19:25:50,027 - DEBUG - Prediction feedback: error=0.045°C, confidence=5.000
2026-05-03 19:25:50,071 - DEBUG - 💾 Saved cooling thermal state to /config/ml_heating/unified_thermal_state_cooling.json
2026-05-03 19:25:50,072 - DEBUG - 💾 Saved 57 predictions to unified thermal state
2026-05-03 19:25:50,072 - DEBUG - Added prediction: pred=23.43, actual=23.48, error=0.045
2026-05-03 19:25:50,115 - DEBUG - 💾 Saved cooling thermal state to /config/ml_heating/unified_thermal_state_cooling.json
2026-05-03 19:25:50,118 - DEBUG - Setting HA state for sensor.ml_model_mae: {'state': '0.0317', 'attributes': {'state_class': 'measurement', 'unique_id': 'ml_heating_model_mae', 'friendly_name': 'ML Model MAE', 'unit_of_measurement': '°C', 'icon': 'mdi:chart-line', 'last_updated': '2026-05-03T17:25:50.117927+00:00'}}
2026-05-03 19:25:50,141 - DEBUG - Setting HA state for sensor.ml_model_rmse: {'state': '0.0431', 'attributes': {'state_class': 'measurement', 'unique_id': 'ml_heating_model_rmse', 'friendly_name': 'ML Model RMSE', 'unit_of_measurement': '°C', 'icon': 'mdi:chart-line', 'last_updated': '2026-05-03T17:25:50.117927+00:00'}}
2026-05-03 19:25:50,156 - DEBUG - Setting HA state for sensor.ml_heating_learning: {'state': '5.000', 'attributes': {'state_class': 'measurement', 'unique_id': 'ml_heating_learning', 'friendly_name': 'ML Adaptive Learning Metrics', 'unit_of_measurement': 'metrics', 'icon': 'mdi:brain', 'thermal_time_constant': 4.390554703745845, 'heat_loss_coefficient': 0.1245214561975565, 'outlet_effectiveness': 0.9526723072021629, 'pv_heat_weight': 0.0012646476214137332, 'fireplace_heat_weight': 0.387, 'tv_heat_weight': 0.35, 'solar_lag_minutes': 45.124246261916994, 'slab_time_constant_hours': 3.19, 'heat_source_channels_enabled': True, 'total_conductance': 0.3, 'equilibrium_ratio': 0.5, 'cycle_count': 56, 'parameter_updates': 24, 'model_health': 'excellent', 'learning_progress': 0.56, 'is_improving': True, 'improvement_percentage': 42.067021131703626, 'total_predictions': 57, 'learning_confidence': 5.0, 'last_updated': '2026-05-03T17:25:50.155862+00:00', 'delta_t_floor': 2.3, 'cloud_factor_exponent': 1.0, 'solar_decay_tau_hours': 0.9995970913454468, 'fp_heat_output_kw': 0.387, 'fp_decay_time_constant': 3.9144707244638868, 'room_spread_delay_minutes': 18.0, 'ch_heat_pump_history_count': 0, 'ch_heat_pump_last_error': 0.0, 'ch_pv_history_count': 54, 'ch_pv_last_error': 0.04535043247169668, 'ch_fireplace_history_count': 0, 'ch_fireplace_last_error': 0.0, 'ch_tv_history_count': 0, 'ch_tv_last_error': 0.0}}
2026-05-03 19:25:50,172 - DEBUG - Setting HA state for sensor.ml_model_mae: {'state': '0.0317', 'attributes': {'state_class': 'measurement', 'unique_id': 'ml_heating_model_mae', 'friendly_name': 'ML Model MAE', 'unit_of_measurement': '°C', 'icon': 'mdi:chart-line', 'mae_1h': 0.022387788371234525, 'mae_6h': 0.03173952399793503, 'mae_24h': 0.03173952399793503, 'trend_direction': 'improving', 'prediction_count': 57, 'last_updated': '2026-05-03T17:25:50.155862+00:00'}}
2026-05-03 19:25:50,186 - DEBUG - Setting HA state for sensor.ml_model_rmse: {'state': '0.0431', 'attributes': {'state_class': 'measurement', 'unique_id': 'ml_heating_model_rmse', 'friendly_name': 'ML Model RMSE', 'unit_of_measurement': '°C', 'icon': 'mdi:chart-line', 'recent_max_error': 0.04535043247169668, 'std_error': 0.0291, 'mean_bias': 0.0, 'prediction_count': 57, 'last_updated': '2026-05-03T17:25:50.155862+00:00'}}
2026-05-03 19:25:50,200 - DEBUG - Setting HA state for sensor.ml_prediction_accuracy: {'state': '100.0', 'attributes': {'state_class': 'measurement', 'unique_id': 'ml_prediction_accuracy', 'friendly_name': 'ML Prediction Accuracy', 'unit_of_measurement': '%', 'icon': 'mdi:target', 'perfect_accuracy_pct': 0.0, 'tolerable_accuracy_pct': 100.0, 'poor_accuracy_pct': 0.0, 'prediction_count_24h': 0, 'excellent_all_time_pct': 96.49122807017544, 'good_all_time_pct': 100.0, 'last_updated': '2026-05-03T17:25:50.155862+00:00'}}
2026-05-03 19:25:50,214 - DEBUG - Logged refactored sensor metrics to HA
2026-05-03 19:25:50,215 - DEBUG - Logging feature importance
2026-05-03 19:25:50,215 - DEBUG - Setting HA state for sensor.ml_feature_importance: {'state': '5', 'attributes': {'state_class': 'measurement', 'unique_id': 'ml_heating_feature_importance', 'friendly_name': 'ML Feature Importance', 'unit_of_measurement': '%', 'icon': 'mdi:format-list-numbered', 'top_features': {'target_temp': 52.48, 'fireplace': 21.32, 'tv_power': 19.28, 'outdoor_temp': 6.86, 'pv_power': 0.07}, 'last_updated': '2026-05-03T17:25:50.215163+00:00'}}
2026-05-03 19:25:50,230 - INFO - ✅ Exported metrics to Home Assistant sensors successfully
2026-05-03 19:25:50,230 - INFO - ✅ Learning cycle 56: error=0.045°C, confidence=5.000, total_predictions=57
2026-05-03 19:25:50,231 - DEBUG - ✅ Online learning: applied_temp=19.1°C, actual_change=0.000°C, cycle=56
2026-05-03 19:25:50,231 - INFO - ❄️ Cooling mode active (state: cool)
2026-05-03 19:25:50,231 - DEBUG - ♻️ Reusing existing Model Wrapper instance
2026-05-03 19:25:50,231 - INFO - ❄️ COOLING MODE: ML will calculate cooling outlet temperature (outlet < inlet) — using cooling state /config/ml_heating/unified_thermal_state_cooling.json
2026-05-03 19:25:50,260 - DEBUG - Fireplace is OFF. Using main indoor temp for prediction.
2026-05-03 19:25:50,395 - DEBUG - PV forecast parsed successfully: [2.0, 0.0, 0.0, 0.0, 0.0, 0.0, 0.0, 0.0, 0.0, 10.2, 370.5, 1543.2]W
2026-05-03 19:25:50,395 - DEBUG - Solar correction: enabled=True, percent=100.0%, factor=1.000
2026-05-03 19:25:50,425 - DEBUG - Delta calibration applied: offset=+2.98°C
2026-05-03 19:25:50,425 - DEBUG - Raw forecasts: [18.8, 16.7, 14.9, 13.7, 13.1, 12.2, 12.0, 11.7, 11.4, 11.1, 10.4, 11.1]
2026-05-03 19:25:50,425 - DEBUG - Calibrated forecasts: [21.78, 19.68, 17.88, 16.68, 16.08, 15.18, 14.98, 14.68, 14.38, 14.08, 13.38, 14.08]
2026-05-03 19:25:50,429 - INFO - ☀️ Forecast trajectory: PV=660W < threshold=1500W, only 1 forecast hours above threshold (need 6) → inactive, 6 steps
2026-05-03 19:25:50,429 - DEBUG - ♻️ Reusing existing Model Wrapper instance
2026-05-03 19:25:50,435 - INFO - DEBUG: Wrapper params: U=0.1245214561975565, eff=0.9526723072021629, tau=4.390554703745845
2026-05-03 19:25:50,435 - DEBUG - PV scalar: no forecast sun (1h=2W ≤ 50W), snapping to pv_now=660W (rolling window reset)
2026-05-03 19:25:50,435 - DEBUG - ❄️ Cooling: tightened outlet_max to 19.2°C (inlet=21.2°C − delta=2.0°C)
2026-05-03 19:25:50,435 - INFO - ❄️ Cooling mode bounds: outlet 18.3–19.2°C (indoor=23.5°C, target=22.6°C)
2026-05-03 19:25:50,435 - DEBUG - 🔧 Using natural bounds: outlet_min=18.3°C, outlet_max=19.2°C
2026-05-03 19:25:50,435 - INFO - 🌡️ Using cycle-aligned forecast (10min): outdoor=21.8°C (vs current 21.8°C), PV=605W (vs current 660W)
2026-05-03 19:25:50,436 - DEBUG - DEBUG: No PV history found, using scalar avg_pv: 605.1666666666666
2026-05-03 19:25:50,436 - INFO - 🔄 HP off (delta_t=-0.22): simulating HP-on delta_t=2.30 for binary search
2026-05-03 19:25:50,436 - DEBUG - 🎯 Binary search start: target=22.6°C, current=23.5°C, range=18.3-19.2°C
2026-05-03 19:25:50,436 - DEBUG - 🔍 Binary search features: inlet_temp=21.22, delta_t_floor=2.30, indoor_temp_delta_60m=-0.0011, horizon=6.0h, outlet_mid=18.8°C
2026-05-03 19:25:50,437 - DEBUG - ✅ Binary search trajectory OK (iter 1): outlet=18.8°C → predicted=22.21°C (steps=36, start=23.43→end=22.21)
2026-05-03 19:25:50,437 - DEBUG -    Iteration 1: outlet=18.8°C → predicted=22.21°C, error=-0.393°C (range: 18.3-19.2°C)
2026-05-03 19:25:50,437 - DEBUG -      → Cooling: Predicted below target, raising minimum to 18.8°C
2026-05-03 19:25:50,438 - DEBUG -    Iteration 2: outlet=19.0°C → predicted=22.21°C, error=-0.393°C (range: 18.8-19.2°C)
2026-05-03 19:25:50,438 - DEBUG -      → Cooling: Predicted below target, raising minimum to 19.0°C
2026-05-03 19:25:50,439 - DEBUG -    Iteration 3: outlet=19.1°C → predicted=22.21°C, error=-0.393°C (range: 19.0-19.2°C)
2026-05-03 19:25:50,440 - DEBUG -      → Cooling: Predicted below target, raising minimum to 19.1°C
2026-05-03 19:25:50,440 - DEBUG -    Iteration 4: outlet=19.2°C → predicted=22.21°C, error=-0.393°C (range: 19.1-19.2°C)
2026-05-03 19:25:50,441 - DEBUG -      → Cooling: Predicted below target, raising minimum to 19.2°C
2026-05-03 19:25:50,441 - DEBUG -    Iteration 5: outlet=19.2°C → predicted=22.21°C, error=-0.393°C (range: 19.2-19.2°C)
2026-05-03 19:25:50,442 - DEBUG -      → Cooling: Predicted below target, raising minimum to 19.2°C
2026-05-03 19:25:50,442 - INFO - 🔄 Binary search early exit after 6 iterations: range collapsed to 0.029°C, using 19.2°C
2026-05-03 19:25:50,442 - DEBUG - 🧠 Smart rounding is using cycle-aligned forecast: PV=605W (caller sent PV=660W)
2026-05-03 19:25:50,442 - INFO - 🎯 Prediction: Current 23.48°C → Target 22.6°C | Calculated outlet: 19.2°C (before smart rounding) (confidence: 5.000)
2026-05-03 19:25:50,442 - DEBUG - Model Wrapper: temp=19.2°C, error=0.880°C, confidence=5.000
2026-05-03 19:25:50,442 - DEBUG - EMA smoothing: 19.21°C → 19.2°C (last=19.1, α=0.50)
2026-05-03 19:25:50,442 - DEBUG - ♻️ Reusing existing Model Wrapper instance
2026-05-03 19:25:50,442 - INFO - 🌡️ Using cycle-aligned forecast (10min): outdoor=21.1°C (vs current 21.0°C), PV=3468W (vs current 3783W)
2026-05-03 19:25:50,442 - DEBUG - 🧠 Smart rounding is using cycle-aligned forecast: PV=605W (caller sent PV=3468W)
2026-05-03 19:25:50,443 - DEBUG - 🧠 Smart rounding is using cycle-aligned forecast: PV=605W (caller sent PV=3468W)
2026-05-03 19:25:50,443 - DEBUG - Smart rounding: 19.20°C → 19°C (chose floor: floor→23.36°C [err=0.757], ceiling→23.39°C [err=0.788], target=22.6°C)
2026-05-03 19:25:50,443 - DEBUG - Setting target outlet temp
2026-05-03 19:25:50,443 - DEBUG - Setting HA state for sensor.ml_vorlauftemperatur: {'state': '19.2', 'attributes': {'state_class': 'measurement', 'unique_id': 'ml_heating_target_outlet_temp', 'friendly_name': 'ML Target Outlet Temp', 'unit_of_measurement': '°C', 'device_class': 'temperature', 'icon': 'mdi:thermometer-water'}}
2026-05-03 19:25:50,456 - DEBUG - Logging thermal model metrics
2026-05-03 19:25:50,456 - DEBUG - Setting HA state for sensor.ml_heating_state: {'state': '0', 'attributes': {'state_class': 'measurement', 'unique_id': 'ml_heating_state', 'friendly_name': 'ML Heating State', 'unit_of_measurement': 'state', 'icon': 'mdi:information-outline', 'state_description': 'OK - Prediction done', 'confidence': 5.0, 'suggested_temp': 19.21, 'final_temp': 19.2, 'predicted_indoor': 23.38, 'last_prediction_time': '2026-05-03T17:25:50.456396+00:00', 'temperature_error': 0.88}}
2026-05-03 19:25:50,474 - DEBUG - ✅ ACTIVE MODE: ML controlling heating via input_boolean.ml_heating
2026-05-03 19:25:50,475 - DEBUG - 🧠 Smart rounding is using cycle-aligned forecast: PV=605W (caller sent PV=3783W)
2026-05-03 19:25:50,476 - DEBUG - Target: 22.6°C | Suggested: 19.2°C | Applied: 19.2°C | Actual Indoor: 23.48°C | Predicted Indoor: 23.36°C | Confidence: 5.000
2026-05-03 19:25:50,476 - INFO - Target: 22.6°C | Suggested: 19.2°C | Applied: 19.2°C | Actual Indoor: 23.48°C | Predicted Indoor: 23.36°C | Confidence: 5.000
2026-05-03 19:25:50,518 - DEBUG - 💾 Saved cooling thermal state to /config/ml_heating/unified_thermal_state_cooling.json
2026-05-03 19:25:50,519 - DEBUG - Operational state saved to /config/ml_heating/unified_thermal_state_cooling.json; updated keys: ['last_run_features', 'last_indoor_temp', 'last_avg_other_rooms_temp', 'last_fireplace_on', 'last_final_temp', 'last_predicted_indoor', 'last_is_blocking', 'last_blocking_reasons', 'setpoint_hold_cycles_remaining']
2026-05-03 19:25:50,519 - DEBUG - Setting HA state for sensor.ml_heating_features: {'state': '23.44', 'attributes': {'state_class': 'measurement', 'unique_id': 'ml_heating_features', 'friendly_name': 'ML Heating Features', 'unit_of_measurement': '°C', 'device_class': 'temperature', 'icon': 'mdi:feature-search-outline', 'living_room_temp': 23.44, 'outlet_temp': 21.0, 'indoor_temp_lag_30m': 23.494999999999997, 'target_temp': 22.6, 'outdoor_temp': 21.784375, 'dhw_heating': 0.0, 'dhw_disinfection': 0.0, 'dhw_boost_heater': 0.0, 'defrosting': 0.0, 'pv_now': 660.0, 'pv_now_electrical': 660.0, 'solar_correction_percent': 100.0, 'solar_correction_factor': 1.0, 'solar_correction_enabled': 1.0, 'fireplace_on': 0.0, 'tv_on': 0.0, 'temp_forecast_1h': 21.78, 'temp_forecast_2h': 19.68, 'temp_forecast_3h': 17.88, 'temp_forecast_4h': 16.68, 'temp_forecast_5h': 16.08, 'temp_forecast_6h': 15.18, 'temp_forecast_7h': 14.98, 'temp_forecast_8h': 14.68, 'temp_forecast_9h': 14.38, 'temp_forecast_10h': 14.08, 'temp_forecast_11h': 13.38, 'temp_forecast_12h': 14.08, 'pv_forecast_1h': 2.0, 'pv_forecast_2h': 0.0, 'pv_forecast_3h': 0.0, 'pv_forecast_4h': 0.0, 'pv_forecast_5h': 0.0, 'pv_forecast_6h': 0.0, 'pv_forecast_7h': 0.0, 'pv_forecast_8h': 0.0, 'pv_forecast_9h': 0.0, 'pv_forecast_10h': 10.2, 'pv_forecast_11h': 370.5, 'pv_forecast_12h': 1543.2, 'pv_forecast_electrical_1h': 2.0, 'pv_forecast_electrical_2h': 0.0, 'pv_forecast_electrical_3h': 0.0, 'pv_forecast_electrical_4h': 0.0, 'pv_forecast_electrical_5h': 0.0, 'pv_forecast_electrical_6h': 0.0, 'pv_forecast_electrical_7h': 0.0, 'pv_forecast_electrical_8h': 0.0, 'pv_forecast_electrical_9h': 0.0, 'pv_forecast_electrical_10h': 10.2, 'pv_forecast_electrical_11h': 370.5, 'pv_forecast_electrical_12h': 1543.2, 'cloud_cover_forecast_1h': 0.0, 'cloud_cover_forecast_2h': 0.0, 'cloud_cover_forecast_3h': 0.0, 'cloud_cover_forecast_4h': 0.0, 'cloud_cover_forecast_5h': 0.0, 'cloud_cover_forecast_6h': 0.0, 'cloud_cover_forecast_7h': 0.0, 'cloud_cover_forecast_8h': 0.0, 'cloud_cover_forecast_9h': 0.0, 'cloud_cover_forecast_10h': 0.0, 'cloud_cover_forecast_11h': 0.0, 'cloud_cover_forecast_12h': 0.0, 'temp_diff_indoor_outdoor': 1.7025000000000041, 'indoor_temp_gradient': -0.22874999999996248, 'outlet_indoor_diff': -2.486875000000005, 'indoor_temp_lag_10m': 23.486666666666665, 'indoor_temp_lag_60m': 23.487999999999996, 'outlet_temp_lag_30m': 20.830000000000002, 'outlet_temp_change': 0.01666666666666572, 'indoor_temp_delta_10m': 0.00020833333334024928, 'indoor_temp_delta_30m': -0.00812499999999261, 'indoor_temp_delta_60m': -0.0011249999999911608, 'hour_sin': -0.9659258262890684, 'hour_cos': 0.2588190451025203, 'month_sin': 0.8660254037844387, 'month_cos': -0.4999999999999998, 'outlet_effectiveness_ratio': 8.868750000000034, 'inlet_temp': 21.22, 'flow_rate': 14.0, 'power_consumption': 23.0, 'delta_t': -0.21999999999999886, 'thermal_power_kw': -0.21488133333333223, 'cop_realtime': 0.0, 'temp_trend_forecast': -1.1007291666666668, 'heating_demand_forecast': 0.5820000000000001, 'combined_forecast_thermal_load': 0.5820000000000001, 'pv_power_history': [6306.0, 8520.0, 7829.0, 6490.0, 5386.0, 4808.0, 5199.0, 3522.0, 3130.0, 3119.0, 3061.0, 2403.0, 2282.0, 1769.0, 1478.0, 1220.0, 872.0, 706.6666666666666], 'last_updated': '2026-05-03T17:25:50.519398+00:00'}}
2026-05-03 19:25:50,533 - DEBUG - Published 89 features to sensor.ml_heating_features
2026-05-03 19:25:50,533 - DEBUG - ✅ CYCLE 27 END: 19:25:50 (duration: 0.7s)
2026-05-03 19:25:50,533 - DEBUG - 💤 POLLING START: Waiting 30min until next cycle...
2026-05-03 19:25:50,561 - DEBUG - Active sampling: buffered 6 readings
127.0.0.1 - - [03/May/2026 19:25:53] "GET /health HTTP/1.1" 200 -
127.0.0.1 - - [03/May/2026 19:26:23] "GET /health HTTP/1.1" 200 -
2026-05-03 19:26:50,591 - DEBUG - Active sampling: buffered 6 readings
127.0.0.1 - - [03/May/2026 19:26:53] "GET /health HTTP/1.1" 200 -
127.0.0.1 - - [03/May/2026 19:27:23] "GET /health HTTP/1.1" 200 -
2026-05-03 19:27:50,625 - DEBUG - Active sampling: buffered 6 readings
127.0.0.1 - - [03/May/2026 19:27:53] "GET /health HTTP/1.1" 200 -
127.0.0.1 - - [03/May/2026 19:28:23] "GET /health HTTP/1.1" 200 -
2026-05-03 19:28:50,659 - DEBUG - Active sampling: buffered 6 readings
127.0.0.1 - - [03/May/2026 19:28:53] "GET /health HTTP/1.1" 200 -
127.0.0.1 - - [03/May/2026 19:29:23] "GET /health HTTP/1.1" 200 -
2026-05-03 19:29:50,690 - DEBUG - Active sampling: buffered 6 readings
127.0.0.1 - - [03/May/2026 19:29:53] "GET /health HTTP/1.1" 200 -
127.0.0.1 - - [03/May/2026 19:30:23] "GET /health HTTP/1.1" 200 -
2026-05-03 19:30:50,722 - DEBUG - Active sampling: buffered 6 readings
127.0.0.1 - - [03/May/2026 19:30:54] "GET /health HTTP/1.1" 200 -
127.0.0.1 - - [03/May/2026 19:31:24] "GET /health HTTP/1.1" 200 -
2026-05-03 19:31:50,754 - DEBUG - Active sampling: buffered 6 readings
127.0.0.1 - - [03/May/2026 19:31:54] "GET /health HTTP/1.1" 200 -
127.0.0.1 - - [03/May/2026 19:32:24] "GET /health HTTP/1.1" 200 -
2026-05-03 19:32:50,790 - DEBUG - Active sampling: buffered 6 readings
127.0.0.1 - - [03/May/2026 19:32:54] "GET /health HTTP/1.1" 200 -
127.0.0.1 - - [03/May/2026 19:33:24] "GET /health HTTP/1.1" 200 -
2026-05-03 19:33:50,822 - DEBUG - Active sampling: buffered 6 readings
127.0.0.1 - - [03/May/2026 19:33:54] "GET /health HTTP/1.1" 200 -
127.0.0.1 - - [03/May/2026 19:34:24] "GET /health HTTP/1.1" 200 -
2026-05-03 19:34:50,858 - DEBUG - Active sampling: buffered 6 readings
127.0.0.1 - - [03/May/2026 19:34:54] "GET /health HTTP/1.1" 200 -
127.0.0.1 - - [03/May/2026 19:35:24] "GET /health HTTP/1.1" 200 -
2026-05-03 19:35:50,860 - DEBUG - ⏰ POLLING END: Waited 10.0min, starting next cycle...
2026-05-03 19:35:50,860 - DEBUG - 🔄 CYCLE 28 START: 19:35:50 (interval: 10.0min since last cycle)
2026-05-03 19:35:50,860 - DEBUG - ♻️ Reusing existing Model Wrapper instance
2026-05-03 19:35:50,860 - INFO - Successfully loaded operational state from /config/ml_heating/unified_thermal_state_cooling.json
2026-05-03 19:35:50,891 - DEBUG - Setting HA state for sensor.ml_heating_cop_realtime: {'state': '0.00', 'attributes': {'state_class': 'measurement', 'unique_id': 'ml_heating_cop_realtime', 'friendly_name': 'ML Heating COP (Realtime)', 'unit_of_measurement': 'COP', 'icon': 'mdi:heat-pump', 'device_class': 'power_factor'}}
2026-05-03 19:35:50,903 - DEBUG - Setting HA state for sensor.ml_heating_thermal_power: {'state': '-0.293', 'attributes': {'state_class': 'measurement', 'unique_id': 'ml_heating_thermal_power', 'friendly_name': 'ML Heating Thermal Power', 'unit_of_measurement': 'kW', 'icon': 'mdi:flash', 'device_class': 'power'}}
2026-05-03 19:35:50,943 - DEBUG - Wrote thermodynamic metrics to InfluxDB
2026-05-03 19:35:50,943 - DEBUG - Thermodynamic sensors updated: COP=0.00, Power=-0.293kW
2026-05-03 19:35:50,944 - DEBUG - ♻️ Reusing existing Model Wrapper instance
2026-05-03 19:35:50,944 - DEBUG - 🎯 ACTIVE MODE LEARNING (trajectory): Verifying ML prediction accuracy for 19.2°C outlet setting
2026-05-03 19:35:50,947 - DEBUG - ☀️ SolarChannel self-learned: avg_error=0.012, pv_heat_weight=0.00128, solar_lag=45.1min, cloud_exp=1.00, solar_decay_tau=1.00h
2026-05-03 19:35:50,947 - INFO - ☀️ pv parameter update: attributed_error=+0.053160 | pv_heat_weight: 0.001265→0.001276 (Δ+0.000012) | solar_decay_tau_hours: 0.999597→0.999603 (Δ+0.000006)
2026-05-03 19:35:50,947 - INFO - Channel routing → [☀️ pv*] | error=+0.0532 | pv_current=660W pv_smoothed=3783W | params_changed=pv
2026-05-03 19:35:50,995 - DEBUG - 💾 Saved cooling thermal state to /config/ml_heating/unified_thermal_state_cooling.json
2026-05-03 19:35:50,995 - DEBUG - Skipping legacy global adaptation: channel mode owns recent-window learning
2026-05-03 19:35:51,040 - DEBUG - 💾 Saved cooling thermal state to /config/ml_heating/unified_thermal_state_cooling.json
2026-05-03 19:35:51,040 - DEBUG - Prediction feedback: error=0.053°C, confidence=5.000
2026-05-03 19:35:51,082 - DEBUG - 💾 Saved cooling thermal state to /config/ml_heating/unified_thermal_state_cooling.json
2026-05-03 19:35:51,082 - DEBUG - 💾 Saved 58 predictions to unified thermal state
2026-05-03 19:35:51,082 - DEBUG - Added prediction: pred=23.42, actual=23.47, error=0.053
2026-05-03 19:35:51,123 - DEBUG - 💾 Saved cooling thermal state to /config/ml_heating/unified_thermal_state_cooling.json
2026-05-03 19:35:51,125 - DEBUG - Setting HA state for sensor.ml_model_mae: {'state': '0.0321', 'attributes': {'state_class': 'measurement', 'unique_id': 'ml_heating_model_mae', 'friendly_name': 'ML Model MAE', 'unit_of_measurement': '°C', 'icon': 'mdi:chart-line', 'last_updated': '2026-05-03T17:35:51.125761+00:00'}}
2026-05-03 19:35:51,143 - DEBUG - Setting HA state for sensor.ml_model_rmse: {'state': '0.0432', 'attributes': {'state_class': 'measurement', 'unique_id': 'ml_heating_model_rmse', 'friendly_name': 'ML Model RMSE', 'unit_of_measurement': '°C', 'icon': 'mdi:chart-line', 'last_updated': '2026-05-03T17:35:51.125761+00:00'}}
2026-05-03 19:35:51,158 - DEBUG - Setting HA state for sensor.ml_heating_learning: {'state': '5.000', 'attributes': {'state_class': 'measurement', 'unique_id': 'ml_heating_learning', 'friendly_name': 'ML Adaptive Learning Metrics', 'unit_of_measurement': 'metrics', 'icon': 'mdi:brain', 'thermal_time_constant': 4.390554703745845, 'heat_loss_coefficient': 0.1245214561975565, 'outlet_effectiveness': 0.9526723072021629, 'pv_heat_weight': 0.0012762128080806635, 'fireplace_heat_weight': 0.387, 'tv_heat_weight': 0.35, 'solar_lag_minutes': 45.124246261916994, 'slab_time_constant_hours': 3.19, 'heat_source_channels_enabled': True, 'total_conductance': 0.3, 'equilibrium_ratio': 0.5, 'cycle_count': 57, 'parameter_updates': 25, 'model_health': 'excellent', 'learning_progress': 0.57, 'is_improving': True, 'improvement_percentage': 38.42038164804852, 'total_predictions': 58, 'learning_confidence': 5.0, 'last_updated': '2026-05-03T17:35:51.158642+00:00', 'delta_t_floor': 2.3, 'cloud_factor_exponent': 1.0, 'solar_decay_tau_hours': 0.9996028739387803, 'fp_heat_output_kw': 0.387, 'fp_decay_time_constant': 3.9144707244638868, 'room_spread_delay_minutes': 18.0, 'ch_heat_pump_history_count': 0, 'ch_heat_pump_last_error': 0.0, 'ch_pv_history_count': 55, 'ch_pv_last_error': 0.053160022225721804, 'ch_fireplace_history_count': 0, 'ch_fireplace_last_error': 0.0, 'ch_tv_history_count': 0, 'ch_tv_last_error': 0.0}}
2026-05-03 19:35:51,173 - DEBUG - Setting HA state for sensor.ml_model_mae: {'state': '0.0321', 'attributes': {'state_class': 'measurement', 'unique_id': 'ml_heating_model_mae', 'friendly_name': 'ML Model MAE', 'unit_of_measurement': '°C', 'icon': 'mdi:chart-line', 'mae_1h': 0.024423136270849948, 'mae_6h': 0.03210884293289687, 'mae_24h': 0.03210884293289687, 'trend_direction': 'improving', 'prediction_count': 58, 'last_updated': '2026-05-03T17:35:51.158642+00:00'}}
2026-05-03 19:35:51,188 - DEBUG - Setting HA state for sensor.ml_model_rmse: {'state': '0.0432', 'attributes': {'state_class': 'measurement', 'unique_id': 'ml_heating_model_rmse', 'friendly_name': 'ML Model RMSE', 'unit_of_measurement': '°C', 'icon': 'mdi:chart-line', 'recent_max_error': 0.053160022225721804, 'std_error': 0.029, 'mean_bias': 0.0, 'prediction_count': 58, 'last_updated': '2026-05-03T17:35:51.158642+00:00'}}
2026-05-03 19:35:51,203 - DEBUG - Setting HA state for sensor.ml_prediction_accuracy: {'state': '100.0', 'attributes': {'state_class': 'measurement', 'unique_id': 'ml_prediction_accuracy', 'friendly_name': 'ML Prediction Accuracy', 'unit_of_measurement': '%', 'icon': 'mdi:target', 'perfect_accuracy_pct': 0.0, 'tolerable_accuracy_pct': 100.0, 'poor_accuracy_pct': 0.0, 'prediction_count_24h': 0, 'excellent_all_time_pct': 96.55172413793103, 'good_all_time_pct': 100.0, 'last_updated': '2026-05-03T17:35:51.158642+00:00'}}
2026-05-03 19:35:51,217 - DEBUG - Logged refactored sensor metrics to HA
2026-05-03 19:35:51,217 - DEBUG - Logging feature importance
2026-05-03 19:35:51,217 - DEBUG - Setting HA state for sensor.ml_feature_importance: {'state': '5', 'attributes': {'state_class': 'measurement', 'unique_id': 'ml_heating_feature_importance', 'friendly_name': 'ML Feature Importance', 'unit_of_measurement': '%', 'icon': 'mdi:format-list-numbered', 'top_features': {'target_temp': 52.48, 'fireplace': 21.32, 'tv_power': 19.28, 'outdoor_temp': 6.86, 'pv_power': 0.07}, 'last_updated': '2026-05-03T17:35:51.217816+00:00'}}
2026-05-03 19:35:51,232 - INFO - ✅ Exported metrics to Home Assistant sensors successfully
2026-05-03 19:35:51,232 - INFO - ✅ Learning cycle 57: error=0.053°C, confidence=5.000, total_predictions=58
2026-05-03 19:35:51,232 - DEBUG - ✅ Online learning: applied_temp=19.2°C, actual_change=-0.010°C, cycle=57
2026-05-03 19:35:51,232 - INFO - ❄️ Cooling mode active (state: cool)
2026-05-03 19:35:51,232 - DEBUG - ♻️ Reusing existing Model Wrapper instance
2026-05-03 19:35:51,232 - INFO - ❄️ COOLING MODE: ML will calculate cooling outlet temperature (outlet < inlet) — using cooling state /config/ml_heating/unified_thermal_state_cooling.json
2026-05-03 19:35:51,261 - DEBUG - Fireplace is OFF. Using main indoor temp for prediction.
2026-05-03 19:35:51,406 - DEBUG - PV forecast parsed successfully: [0.0, 0.0, 0.0, 0.0, 0.0, 0.0, 0.0, 0.0, 0.0, 31.5, 572.0, 1943.8]W
2026-05-03 19:35:51,406 - DEBUG - Solar correction: enabled=True, percent=100.0%, factor=1.000
2026-05-03 19:35:51,435 - DEBUG - Delta calibration applied: offset=+2.51°C
2026-05-03 19:35:51,435 - DEBUG - Raw forecasts: [18.8, 16.7, 14.9, 13.7, 13.1, 12.2, 12.0, 11.7, 11.4, 11.1, 10.4, 11.1]
2026-05-03 19:35:51,435 - DEBUG - Calibrated forecasts: [21.31, 19.21, 17.41, 16.21, 15.61, 14.71, 14.51, 14.21, 13.91, 13.61, 12.91, 13.61]
2026-05-03 19:35:51,439 - INFO - ☀️ Forecast trajectory: PV=610W < threshold=1500W, only 1 forecast hours above threshold (need 6) → inactive, 6 steps
2026-05-03 19:35:51,439 - DEBUG - ♻️ Reusing existing Model Wrapper instance
2026-05-03 19:35:51,445 - INFO - DEBUG: Wrapper params: U=0.1245214561975565, eff=0.9526723072021629, tau=4.390554703745845
2026-05-03 19:35:51,445 - DEBUG - PV scalar: no forecast sun (1h=0W ≤ 50W), snapping to pv_now=610W (rolling window reset)
2026-05-03 19:35:51,445 - DEBUG - ❄️ Cooling: tightened outlet_max to 19.3°C (inlet=21.3°C − delta=2.0°C)
2026-05-03 19:35:51,446 - INFO - ❄️ Cooling mode bounds: outlet 18.3–19.3°C (indoor=23.5°C, target=22.6°C)
2026-05-03 19:35:51,446 - DEBUG - 🔧 Using natural bounds: outlet_min=18.3°C, outlet_max=19.3°C
2026-05-03 19:35:51,446 - INFO - 🌡️ Using cycle-aligned forecast (10min): outdoor=21.3°C (vs current 21.3°C), PV=559W (vs current 610W)
2026-05-03 19:35:51,446 - DEBUG - DEBUG: No PV history found, using scalar avg_pv: 559.1666666666666
2026-05-03 19:35:51,446 - INFO - 🔄 HP off (delta_t=-0.30): simulating HP-on delta_t=2.30 for binary search
2026-05-03 19:35:51,446 - DEBUG - 🎯 Binary search start: target=22.6°C, current=23.5°C, range=18.3-19.3°C
2026-05-03 19:35:51,446 - DEBUG - 🔍 Binary search features: inlet_temp=21.3, delta_t_floor=2.30, indoor_temp_delta_60m=-0.0099, horizon=6.0h, outlet_mid=18.8°C
2026-05-03 19:35:51,447 - DEBUG - ✅ Binary search trajectory OK (iter 1): outlet=18.8°C → predicted=22.22°C (steps=36, start=23.44→end=22.22)
2026-05-03 19:35:51,447 - DEBUG -    Iteration 1: outlet=18.8°C → predicted=22.22°C, error=-0.378°C (range: 18.3-19.3°C)
2026-05-03 19:35:51,447 - DEBUG -      → Cooling: Predicted below target, raising minimum to 18.8°C
2026-05-03 19:35:51,448 - DEBUG -    Iteration 2: outlet=19.1°C → predicted=22.22°C, error=-0.378°C (range: 18.8-19.3°C)
2026-05-03 19:35:51,448 - DEBUG -      → Cooling: Predicted below target, raising minimum to 19.1°C
2026-05-03 19:35:51,449 - DEBUG -    Iteration 3: outlet=19.2°C → predicted=22.22°C, error=-0.378°C (range: 19.1-19.3°C)
2026-05-03 19:35:51,449 - DEBUG -      → Cooling: Predicted below target, raising minimum to 19.2°C
2026-05-03 19:35:51,450 - DEBUG -    Iteration 4: outlet=19.2°C → predicted=22.22°C, error=-0.378°C (range: 19.2-19.3°C)
2026-05-03 19:35:51,450 - DEBUG -      → Cooling: Predicted below target, raising minimum to 19.2°C
2026-05-03 19:35:51,451 - DEBUG -    Iteration 5: outlet=19.3°C → predicted=22.22°C, error=-0.378°C (range: 19.2-19.3°C)
2026-05-03 19:35:51,451 - DEBUG -      → Cooling: Predicted below target, raising minimum to 19.3°C
2026-05-03 19:35:51,451 - INFO - 🔄 Binary search early exit after 6 iterations: range collapsed to 0.031°C, using 19.3°C
2026-05-03 19:35:51,451 - DEBUG - 🧠 Smart rounding is using cycle-aligned forecast: PV=559W (caller sent PV=610W)
2026-05-03 19:35:51,451 - INFO - 🎯 Prediction: Current 23.47°C → Target 22.6°C | Calculated outlet: 19.3°C (before smart rounding) (confidence: 5.000)
2026-05-03 19:35:51,451 - DEBUG - Model Wrapper: temp=19.3°C, error=0.870°C, confidence=5.000
2026-05-03 19:35:51,452 - DEBUG - EMA smoothing: 19.28°C → 19.2°C (last=19.2, α=0.50)
2026-05-03 19:35:51,452 - DEBUG - ♻️ Reusing existing Model Wrapper instance
2026-05-03 19:35:51,452 - INFO - 🌡️ Using cycle-aligned forecast (10min): outdoor=20.8°C (vs current 20.7°C), PV=3177W (vs current 3466W)
2026-05-03 19:35:51,452 - DEBUG - 🧠 Smart rounding is using cycle-aligned forecast: PV=559W (caller sent PV=3177W)
2026-05-03 19:35:51,452 - DEBUG - 🧠 Smart rounding is using cycle-aligned forecast: PV=559W (caller sent PV=3177W)
2026-05-03 19:35:51,452 - DEBUG - Smart rounding: 19.20°C → 19°C (chose floor: floor→23.34°C [err=0.743], ceiling→23.37°C [err=0.775], target=22.6°C)
2026-05-03 19:35:51,452 - DEBUG - Setting target outlet temp
2026-05-03 19:35:51,452 - DEBUG - Setting HA state for sensor.ml_vorlauftemperatur: {'state': '19.2', 'attributes': {'state_class': 'measurement', 'unique_id': 'ml_heating_target_outlet_temp', 'friendly_name': 'ML Target Outlet Temp', 'unit_of_measurement': '°C', 'device_class': 'temperature', 'icon': 'mdi:thermometer-water'}}
2026-05-03 19:35:51,469 - DEBUG - Logging thermal model metrics
2026-05-03 19:35:51,469 - DEBUG - Setting HA state for sensor.ml_heating_state: {'state': '0', 'attributes': {'state_class': 'measurement', 'unique_id': 'ml_heating_state', 'friendly_name': 'ML Heating State', 'unit_of_measurement': 'state', 'icon': 'mdi:information-outline', 'state_description': 'OK - Prediction done', 'confidence': 5.0, 'suggested_temp': 19.28, 'final_temp': 19.2, 'predicted_indoor': 23.37, 'last_prediction_time': '2026-05-03T17:35:51.469637+00:00', 'temperature_error': 0.87}}
2026-05-03 19:35:51,483 - DEBUG - ✅ ACTIVE MODE: ML controlling heating via input_boolean.ml_heating
2026-05-03 19:35:51,485 - DEBUG - 🧠 Smart rounding is using cycle-aligned forecast: PV=559W (caller sent PV=3466W)
2026-05-03 19:35:51,485 - DEBUG - Target: 22.6°C | Suggested: 19.3°C | Applied: 19.2°C | Actual Indoor: 23.47°C | Predicted Indoor: 23.35°C | Confidence: 5.000
2026-05-03 19:35:51,486 - INFO - Target: 22.6°C | Suggested: 19.3°C | Applied: 19.2°C | Actual Indoor: 23.47°C | Predicted Indoor: 23.35°C | Confidence: 5.000
2026-05-03 19:35:51,529 - DEBUG - 💾 Saved cooling thermal state to /config/ml_heating/unified_thermal_state_cooling.json
2026-05-03 19:35:51,529 - DEBUG - Operational state saved to /config/ml_heating/unified_thermal_state_cooling.json; updated keys: ['last_run_features', 'last_indoor_temp', 'last_avg_other_rooms_temp', 'last_fireplace_on', 'last_final_temp', 'last_predicted_indoor', 'last_is_blocking', 'last_blocking_reasons', 'setpoint_hold_cycles_remaining']
2026-05-03 19:35:51,530 - DEBUG - Setting HA state for sensor.ml_heating_features: {'state': '23.36', 'attributes': {'state_class': 'measurement', 'unique_id': 'ml_heating_features', 'friendly_name': 'ML Heating Features', 'unit_of_measurement': '°C', 'device_class': 'temperature', 'icon': 'mdi:feature-search-outline', 'living_room_temp': 23.36, 'outlet_temp': 21.0, 'indoor_temp_lag_30m': 23.490999999999996, 'target_temp': 22.6, 'outdoor_temp': 21.3125, 'dhw_heating': 0.0, 'dhw_disinfection': 0.0, 'dhw_boost_heater': 0.0, 'defrosting': 0.0, 'pv_now': 610.0, 'pv_now_electrical': 610.0, 'solar_correction_percent': 100.0, 'solar_correction_factor': 1.0, 'solar_correction_enabled': 1.0, 'fireplace_on': 0.0, 'tv_on': 0.0, 'temp_forecast_1h': 21.31, 'temp_forecast_2h': 19.21, 'temp_forecast_3h': 17.41, 'temp_forecast_4h': 16.21, 'temp_forecast_5h': 15.61, 'temp_forecast_6h': 14.71, 'temp_forecast_7h': 14.51, 'temp_forecast_8h': 14.21, 'temp_forecast_9h': 13.91, 'temp_forecast_10h': 13.61, 'temp_forecast_11h': 12.91, 'temp_forecast_12h': 13.61, 'pv_forecast_1h': 0.0, 'pv_forecast_2h': 0.0, 'pv_forecast_3h': 0.0, 'pv_forecast_4h': 0.0, 'pv_forecast_5h': 0.0, 'pv_forecast_6h': 0.0, 'pv_forecast_7h': 0.0, 'pv_forecast_8h': 0.0, 'pv_forecast_9h': 0.0, 'pv_forecast_10h': 31.5, 'pv_forecast_11h': 572.0, 'pv_forecast_12h': 1943.8, 'pv_forecast_electrical_1h': 0.0, 'pv_forecast_electrical_2h': 0.0, 'pv_forecast_electrical_3h': 0.0, 'pv_forecast_electrical_4h': 0.0, 'pv_forecast_electrical_5h': 0.0, 'pv_forecast_electrical_6h': 0.0, 'pv_forecast_electrical_7h': 0.0, 'pv_forecast_electrical_8h': 0.0, 'pv_forecast_electrical_9h': 0.0, 'pv_forecast_electrical_10h': 31.5, 'pv_forecast_electrical_11h': 572.0, 'pv_forecast_electrical_12h': 1943.8, 'cloud_cover_forecast_1h': 0.0, 'cloud_cover_forecast_2h': 0.0, 'cloud_cover_forecast_3h': 0.0, 'cloud_cover_forecast_4h': 0.0, 'cloud_cover_forecast_5h': 0.0, 'cloud_cover_forecast_6h': 0.0, 'cloud_cover_forecast_7h': 0.0, 'cloud_cover_forecast_8h': 0.0, 'cloud_cover_forecast_9h': 0.0, 'cloud_cover_forecast_10h': 0.0, 'cloud_cover_forecast_11h': 0.0, 'cloud_cover_forecast_12h': 0.0, 'temp_diff_indoor_outdoor': 2.1656250000000057, 'indoor_temp_gradient': -0.45524999999993554, 'outlet_indoor_diff': -2.4781250000000057, 'indoor_temp_lag_10m': 23.473333333333333, 'indoor_temp_lag_60m': 23.488000000000003, 'outlet_temp_lag_30m': 20.900000000000002, 'outlet_temp_change': -0.01666666666666572, 'indoor_temp_delta_10m': 0.004791666666672967, 'indoor_temp_delta_30m': -0.012874999999990422, 'indoor_temp_delta_60m': -0.009874999999997414, 'hour_sin': -0.9659258262890684, 'hour_cos': 0.2588190451025203, 'month_sin': 0.8660254037844387, 'month_cos': -0.4999999999999998, 'outlet_effectiveness_ratio': 8.781250000000043, 'inlet_temp': 21.3, 'flow_rate': 14.0, 'power_consumption': 23.0, 'delta_t': -0.3000000000000007, 'thermal_power_kw': -0.2930200000000007, 'cop_realtime': 0.0, 'temp_trend_forecast': -1.1004166666666666, 'heating_demand_forecast': 0.629, 'combined_forecast_thermal_load': 0.629, 'pv_power_history': [8520.0, 7829.0, 6490.0, 5386.0, 4808.0, 5199.0, 3522.0, 3130.0, 3119.0, 3061.0, 2403.0, 2282.0, 1769.0, 1478.0, 1220.0, 872.0, 680.0, 621.6666666666666], 'last_updated': '2026-05-03T17:35:51.530139+00:00'}}
2026-05-03 19:35:51,543 - DEBUG - Published 89 features to sensor.ml_heating_features
2026-05-03 19:35:51,543 - DEBUG - ✅ CYCLE 28 END: 19:35:51 (duration: 0.7s)
2026-05-03 19:35:51,544 - DEBUG - 💤 POLLING START: Waiting 30min until next cycle...
2026-05-03 19:35:51,570 - DEBUG - Active sampling: buffered 6 readings
127.0.0.1 - - [03/May/2026 19:35:54] "GET /health HTTP/1.1" 200 -
127.0.0.1 - - [03/May/2026 19:36:24] "GET /health HTTP/1.1" 200 -
2026-05-03 19:36:51,659 - DEBUG - Active sampling: buffered 6 readings
127.0.0.1 - - [03/May/2026 19:36:54] "GET /health HTTP/1.1" 200 -
127.0.0.1 - - [03/May/2026 19:37:24] "GET /health HTTP/1.1" 200 -
2026-05-03 19:37:51,690 - DEBUG - Active sampling: buffered 6 readings
127.0.0.1 - - [03/May/2026 19:37:54] "GET /health HTTP/1.1" 200 -
127.0.0.1 - - [03/May/2026 19:38:24] "GET /health HTTP/1.1" 200 -
2026-05-03 19:38:51,721 - DEBUG - Active sampling: buffered 6 readings
127.0.0.1 - - [03/May/2026 19:38:54] "GET /health HTTP/1.1" 200 -
127.0.0.1 - - [03/May/2026 19:39:25] "GET /health HTTP/1.1" 200 -
2026-05-03 19:39:51,753 - DEBUG - Active sampling: buffered 6 readings
127.0.0.1 - - [03/May/2026 19:39:55] "GET /health HTTP/1.1" 200 -
127.0.0.1 - - [03/May/2026 19:40:25] "GET /health HTTP/1.1" 200 -
2026-05-03 19:40:51,785 - DEBUG - Active sampling: buffered 6 readings
127.0.0.1 - - [03/May/2026 19:40:55] "GET /health HTTP/1.1" 200 -
127.0.0.1 - - [03/May/2026 19:41:25] "GET /health HTTP/1.1" 200 -
2026-05-03 19:41:51,816 - DEBUG - Active sampling: buffered 6 readings
127.0.0.1 - - [03/May/2026 19:41:55] "GET /health HTTP/1.1" 200 -
127.0.0.1 - - [03/May/2026 19:42:25] "GET /health HTTP/1.1" 200 -
2026-05-03 19:42:51,848 - DEBUG - Active sampling: buffered 6 readings
127.0.0.1 - - [03/May/2026 19:42:55] "GET /health HTTP/1.1" 200 -
127.0.0.1 - - [03/May/2026 19:43:25] "GET /health HTTP/1.1" 200 -
2026-05-03 19:43:51,879 - DEBUG - Active sampling: buffered 6 readings
127.0.0.1 - - [03/May/2026 19:43:55] "GET /health HTTP/1.1" 200 -
127.0.0.1 - - [03/May/2026 19:44:25] "GET /health HTTP/1.1" 200 -
2026-05-03 19:44:51,911 - DEBUG - Active sampling: buffered 6 readings
127.0.0.1 - - [03/May/2026 19:44:55] "GET /health HTTP/1.1" 200 -
127.0.0.1 - - [03/May/2026 19:45:25] "GET /health HTTP/1.1" 200 -
2026-05-03 19:45:51,912 - DEBUG - ⏰ POLLING END: Waited 10.0min, starting next cycle...
2026-05-03 19:45:51,913 - DEBUG - 🔄 CYCLE 29 START: 19:45:51 (interval: 10.0min since last cycle)
2026-05-03 19:45:51,913 - DEBUG - ♻️ Reusing existing Model Wrapper instance
2026-05-03 19:45:51,913 - INFO - Successfully loaded operational state from /config/ml_heating/unified_thermal_state_cooling.json
2026-05-03 19:45:51,943 - DEBUG - Setting HA state for sensor.ml_heating_cop_realtime: {'state': '0.00', 'attributes': {'state_class': 'measurement', 'unique_id': 'ml_heating_cop_realtime', 'friendly_name': 'ML Heating COP (Realtime)', 'unit_of_measurement': 'COP', 'icon': 'mdi:heat-pump', 'device_class': 'power_factor'}}
2026-05-03 19:45:51,955 - DEBUG - Setting HA state for sensor.ml_heating_thermal_power: {'state': '-0.293', 'attributes': {'state_class': 'measurement', 'unique_id': 'ml_heating_thermal_power', 'friendly_name': 'ML Heating Thermal Power', 'unit_of_measurement': 'kW', 'icon': 'mdi:flash', 'device_class': 'power'}}
2026-05-03 19:45:51,994 - DEBUG - Wrote thermodynamic metrics to InfluxDB
2026-05-03 19:45:51,994 - DEBUG - Thermodynamic sensors updated: COP=0.00, Power=-0.293kW
2026-05-03 19:45:51,994 - DEBUG - ♻️ Reusing existing Model Wrapper instance
2026-05-03 19:45:51,994 - DEBUG - 🎯 ACTIVE MODE LEARNING (trajectory): Verifying ML prediction accuracy for 19.2°C outlet setting
2026-05-03 19:45:51,997 - DEBUG - ☀️ SolarChannel self-learned: avg_error=0.012, pv_heat_weight=0.00129, solar_lag=45.1min, cloud_exp=1.00, solar_decay_tau=1.00h
2026-05-03 19:45:51,997 - INFO - ☀️ pv parameter update: attributed_error=-0.026641 | pv_heat_weight: 0.001276→0.001288 (Δ+0.000012) | solar_decay_tau_hours: 0.999603→0.999609 (Δ+0.000006)
2026-05-03 19:45:51,997 - INFO - Channel routing → [☀️ pv*] | error=-0.0266 | pv_current=610W pv_smoothed=3466W | params_changed=pv
2026-05-03 19:45:52,048 - DEBUG - 💾 Saved cooling thermal state to /config/ml_heating/unified_thermal_state_cooling.json
2026-05-03 19:45:52,049 - DEBUG - Skipping legacy global adaptation: channel mode owns recent-window learning
2026-05-03 19:45:52,096 - DEBUG - 💾 Saved cooling thermal state to /config/ml_heating/unified_thermal_state_cooling.json
2026-05-03 19:45:52,096 - DEBUG - Prediction feedback: error=-0.027°C, confidence=5.000
2026-05-03 19:45:52,139 - DEBUG - 💾 Saved cooling thermal state to /config/ml_heating/unified_thermal_state_cooling.json
2026-05-03 19:45:52,140 - DEBUG - 💾 Saved 59 predictions to unified thermal state
2026-05-03 19:45:52,140 - DEBUG - Added prediction: pred=23.48, actual=23.45, error=-0.027
2026-05-03 19:45:52,181 - DEBUG - 💾 Saved cooling thermal state to /config/ml_heating/unified_thermal_state_cooling.json
2026-05-03 19:45:52,183 - DEBUG - Setting HA state for sensor.ml_model_mae: {'state': '0.0320', 'attributes': {'state_class': 'measurement', 'unique_id': 'ml_heating_model_mae', 'friendly_name': 'ML Model MAE', 'unit_of_measurement': '°C', 'icon': 'mdi:chart-line', 'last_updated': '2026-05-03T17:45:52.183842+00:00'}}
2026-05-03 19:45:52,212 - DEBUG - Setting HA state for sensor.ml_model_rmse: {'state': '0.0430', 'attributes': {'state_class': 'measurement', 'unique_id': 'ml_heating_model_rmse', 'friendly_name': 'ML Model RMSE', 'unit_of_measurement': '°C', 'icon': 'mdi:chart-line', 'last_updated': '2026-05-03T17:45:52.183842+00:00'}}
2026-05-03 19:45:52,226 - DEBUG - Setting HA state for sensor.ml_heating_learning: {'state': '5.000', 'attributes': {'state_class': 'measurement', 'unique_id': 'ml_heating_learning', 'friendly_name': 'ML Adaptive Learning Metrics', 'unit_of_measurement': 'metrics', 'icon': 'mdi:brain', 'thermal_time_constant': 4.390554703745845, 'heat_loss_coefficient': 0.1245214561975565, 'outlet_effectiveness': 0.9526723072021629, 'pv_heat_weight': 0.001288166201317693, 'fireplace_heat_weight': 0.387, 'tv_heat_weight': 0.35, 'solar_lag_minutes': 45.124246261916994, 'slab_time_constant_hours': 3.19, 'heat_source_channels_enabled': True, 'total_conductance': 0.3, 'equilibrium_ratio': 0.5, 'cycle_count': 58, 'parameter_updates': 26, 'model_health': 'excellent', 'learning_progress': 0.58, 'is_improving': True, 'improvement_percentage': 38.238632735664915, 'total_predictions': 59, 'learning_confidence': 5.0, 'last_updated': '2026-05-03T17:45:52.226323+00:00', 'delta_t_floor': 2.3, 'cloud_factor_exponent': 1.0, 'solar_decay_tau_hours': 0.9996088506353988, 'fp_heat_output_kw': 0.387, 'fp_decay_time_constant': 3.9144707244638868, 'room_spread_delay_minutes': 18.0, 'ch_heat_pump_history_count': 0, 'ch_heat_pump_last_error': 0.0, 'ch_pv_history_count': 56, 'ch_pv_last_error': -0.02664101739949487, 'ch_fireplace_history_count': 0, 'ch_fireplace_last_error': 0.0, 'ch_tv_history_count': 0, 'ch_tv_last_error': 0.0}}
2026-05-03 19:45:52,241 - DEBUG - Setting HA state for sensor.ml_model_mae: {'state': '0.0320', 'attributes': {'state_class': 'measurement', 'unique_id': 'ml_heating_model_mae', 'friendly_name': 'ML Model MAE', 'unit_of_measurement': '°C', 'icon': 'mdi:chart-line', 'mae_1h': 0.0235106454527223, 'mae_6h': 0.03201616792385616, 'mae_24h': 0.03201616792385616, 'trend_direction': 'improving', 'prediction_count': 59, 'last_updated': '2026-05-03T17:45:52.226323+00:00'}}
2026-05-03 19:45:52,256 - DEBUG - Setting HA state for sensor.ml_model_rmse: {'state': '0.0430', 'attributes': {'state_class': 'measurement', 'unique_id': 'ml_heating_model_rmse', 'friendly_name': 'ML Model RMSE', 'unit_of_measurement': '°C', 'icon': 'mdi:chart-line', 'recent_max_error': 0.053160022225721804, 'std_error': 0.0287, 'mean_bias': 0.0, 'prediction_count': 59, 'last_updated': '2026-05-03T17:45:52.226323+00:00'}}
2026-05-03 19:45:52,270 - DEBUG - Setting HA state for sensor.ml_prediction_accuracy: {'state': '100.0', 'attributes': {'state_class': 'measurement', 'unique_id': 'ml_prediction_accuracy', 'friendly_name': 'ML Prediction Accuracy', 'unit_of_measurement': '%', 'icon': 'mdi:target', 'perfect_accuracy_pct': 0.0, 'tolerable_accuracy_pct': 100.0, 'poor_accuracy_pct': 0.0, 'prediction_count_24h': 0, 'excellent_all_time_pct': 96.61016949152543, 'good_all_time_pct': 100.0, 'last_updated': '2026-05-03T17:45:52.226323+00:00'}}
2026-05-03 19:45:52,285 - DEBUG - Logged refactored sensor metrics to HA
2026-05-03 19:45:52,285 - DEBUG - Logging feature importance
2026-05-03 19:45:52,286 - DEBUG - Setting HA state for sensor.ml_feature_importance: {'state': '5', 'attributes': {'state_class': 'measurement', 'unique_id': 'ml_heating_feature_importance', 'friendly_name': 'ML Feature Importance', 'unit_of_measurement': '%', 'icon': 'mdi:format-list-numbered', 'top_features': {'target_temp': 52.47, 'fireplace': 21.32, 'tv_power': 19.28, 'outdoor_temp': 6.86, 'pv_power': 0.07}, 'last_updated': '2026-05-03T17:45:52.285892+00:00'}}
2026-05-03 19:45:52,300 - INFO - ✅ Exported metrics to Home Assistant sensors successfully
2026-05-03 19:45:52,301 - INFO - ✅ Learning cycle 58: error=0.027°C, confidence=5.000, total_predictions=59
2026-05-03 19:45:52,301 - DEBUG - ✅ Online learning: applied_temp=19.2°C, actual_change=-0.020°C, cycle=58
2026-05-03 19:45:52,301 - INFO - ❄️ Cooling mode active (state: cool)
2026-05-03 19:45:52,301 - DEBUG - ♻️ Reusing existing Model Wrapper instance
2026-05-03 19:45:52,301 - INFO - ❄️ COOLING MODE: ML will calculate cooling outlet temperature (outlet < inlet) — using cooling state /config/ml_heating/unified_thermal_state_cooling.json
2026-05-03 19:45:52,329 - DEBUG - Fireplace is OFF. Using main indoor temp for prediction.
2026-05-03 19:45:52,501 - DEBUG - PV forecast parsed successfully: [0.0, 0.0, 0.0, 0.0, 0.0, 0.0, 0.0, 0.0, 0.0, 67.2, 784.2, 2420.0]W
2026-05-03 19:45:52,501 - DEBUG - Solar correction: enabled=True, percent=100.0%, factor=1.000
2026-05-03 19:45:52,532 - DEBUG - Delta calibration applied: offset=+2.05°C
2026-05-03 19:45:52,532 - DEBUG - Raw forecasts: [18.8, 16.7, 14.9, 13.7, 13.1, 12.2, 12.0, 11.7, 11.4, 11.1, 10.4, 11.1]
2026-05-03 19:45:52,532 - DEBUG - Calibrated forecasts: [20.85, 18.75, 16.95, 15.75, 15.15, 14.25, 14.05, 13.75, 13.45, 13.15, 12.45, 13.15]
2026-05-03 19:45:52,536 - INFO - ☀️ Forecast trajectory: PV=540W < threshold=1500W, only 1 forecast hours above threshold (need 6) → inactive, 6 steps
2026-05-03 19:45:52,536 - DEBUG - ♻️ Reusing existing Model Wrapper instance
2026-05-03 19:45:52,541 - INFO - DEBUG: Wrapper params: U=0.1245214561975565, eff=0.9526723072021629, tau=4.390554703745845
2026-05-03 19:45:52,542 - DEBUG - PV scalar: no forecast sun (1h=0W ≤ 50W), snapping to pv_now=540W (rolling window reset)
2026-05-03 19:45:52,542 - DEBUG - ❄️ Cooling: tightened outlet_max to 19.3°C (inlet=21.3°C − delta=2.0°C)
2026-05-03 19:45:52,542 - INFO - ❄️ Cooling mode bounds: outlet 18.3–19.3°C (indoor=23.5°C, target=22.6°C)
2026-05-03 19:45:52,542 - DEBUG - 🔧 Using natural bounds: outlet_min=18.3°C, outlet_max=19.3°C
2026-05-03 19:45:52,542 - INFO - 🌡️ Using cycle-aligned forecast (10min): outdoor=20.8°C (vs current 20.8°C), PV=495W (vs current 540W)
2026-05-03 19:45:52,542 - DEBUG - DEBUG: No PV history found, using scalar avg_pv: 495.0
2026-05-03 19:45:52,542 - INFO - 🔄 HP off (delta_t=-0.22): simulating HP-on delta_t=2.30 for binary search
2026-05-03 19:45:52,542 - DEBUG - 🎯 Binary search start: target=22.6°C, current=23.5°C, range=18.3-19.3°C
2026-05-03 19:45:52,542 - DEBUG - 🔍 Binary search features: inlet_temp=21.32, delta_t_floor=2.30, indoor_temp_delta_60m=-0.0299, horizon=6.0h, outlet_mid=18.8°C
2026-05-03 19:45:52,543 - DEBUG - ✅ Binary search trajectory OK (iter 1): outlet=18.8°C → predicted=22.15°C (steps=36, start=23.42→end=22.15)
2026-05-03 19:45:52,543 - DEBUG -    Iteration 1: outlet=18.8°C → predicted=22.15°C, error=-0.446°C (range: 18.3-19.3°C)
2026-05-03 19:45:52,543 - DEBUG -      → Cooling: Predicted below target, raising minimum to 18.8°C
2026-05-03 19:45:52,545 - DEBUG -    Iteration 2: outlet=19.1°C → predicted=22.15°C, error=-0.446°C (range: 18.8-19.3°C)
2026-05-03 19:45:52,545 - DEBUG -      → Cooling: Predicted below target, raising minimum to 19.1°C
2026-05-03 19:45:52,546 - DEBUG -    Iteration 3: outlet=19.2°C → predicted=22.15°C, error=-0.446°C (range: 19.1-19.3°C)
2026-05-03 19:45:52,546 - DEBUG -      → Cooling: Predicted below target, raising minimum to 19.2°C
2026-05-03 19:45:52,547 - DEBUG -    Iteration 4: outlet=19.3°C → predicted=22.15°C, error=-0.446°C (range: 19.2-19.3°C)
2026-05-03 19:45:52,547 - DEBUG -      → Cooling: Predicted below target, raising minimum to 19.3°C
2026-05-03 19:45:52,548 - DEBUG -    Iteration 5: outlet=19.3°C → predicted=22.15°C, error=-0.446°C (range: 19.3-19.3°C)
2026-05-03 19:45:52,548 - DEBUG -      → Cooling: Predicted below target, raising minimum to 19.3°C
2026-05-03 19:45:52,548 - INFO - 🔄 Binary search early exit after 6 iterations: range collapsed to 0.032°C, using 19.3°C
2026-05-03 19:45:52,548 - DEBUG - 🧠 Smart rounding is using cycle-aligned forecast: PV=495W (caller sent PV=540W)
2026-05-03 19:45:52,548 - INFO - 🎯 Prediction: Current 23.45°C → Target 22.6°C | Calculated outlet: 19.3°C (before smart rounding) (confidence: 5.000)
2026-05-03 19:45:52,548 - DEBUG - Model Wrapper: temp=19.3°C, error=0.850°C, confidence=5.000
2026-05-03 19:45:52,548 - DEBUG - EMA smoothing: 19.30°C → 19.3°C (last=19.2, α=0.50)
2026-05-03 19:45:52,549 - DEBUG - ♻️ Reusing existing Model Wrapper instance
2026-05-03 19:45:52,549 - INFO - 🌡️ Using cycle-aligned forecast (10min): outdoor=20.4°C (vs current 20.4°C), PV=2771W (vs current 3023W)
2026-05-03 19:45:52,549 - DEBUG - 🧠 Smart rounding is using cycle-aligned forecast: PV=495W (caller sent PV=2771W)
2026-05-03 19:45:52,549 - DEBUG - 🧠 Smart rounding is using cycle-aligned forecast: PV=495W (caller sent PV=2771W)
2026-05-03 19:45:52,549 - DEBUG - Smart rounding: 19.30°C → 19°C (chose floor: floor→23.32°C [err=0.719], ceiling→23.35°C [err=0.751], target=22.6°C)
2026-05-03 19:45:52,549 - DEBUG - Setting target outlet temp
2026-05-03 19:45:52,549 - DEBUG - Setting HA state for sensor.ml_vorlauftemperatur: {'state': '19.3', 'attributes': {'state_class': 'measurement', 'unique_id': 'ml_heating_target_outlet_temp', 'friendly_name': 'ML Target Outlet Temp', 'unit_of_measurement': '°C', 'device_class': 'temperature', 'icon': 'mdi:thermometer-water'}}
2026-05-03 19:45:52,562 - DEBUG - Logging thermal model metrics
2026-05-03 19:45:52,562 - DEBUG - Setting HA state for sensor.ml_heating_state: {'state': '0', 'attributes': {'state_class': 'measurement', 'unique_id': 'ml_heating_state', 'friendly_name': 'ML Heating State', 'unit_of_measurement': 'state', 'icon': 'mdi:information-outline', 'state_description': 'OK - Prediction done', 'confidence': 5.0, 'suggested_temp': 19.3, 'final_temp': 19.3, 'predicted_indoor': 23.36, 'last_prediction_time': '2026-05-03T17:45:52.562188+00:00', 'temperature_error': 0.85}}
2026-05-03 19:45:52,578 - DEBUG - ✅ ACTIVE MODE: ML controlling heating via input_boolean.ml_heating
2026-05-03 19:45:52,579 - DEBUG - 🧠 Smart rounding is using cycle-aligned forecast: PV=495W (caller sent PV=3023W)
2026-05-03 19:45:52,580 - DEBUG - Target: 22.6°C | Suggested: 19.3°C | Applied: 19.3°C | Actual Indoor: 23.45°C | Predicted Indoor: 23.33°C | Confidence: 5.000
2026-05-03 19:45:52,580 - INFO - Target: 22.6°C | Suggested: 19.3°C | Applied: 19.3°C | Actual Indoor: 23.45°C | Predicted Indoor: 23.33°C | Confidence: 5.000
2026-05-03 19:45:52,623 - DEBUG - 💾 Saved cooling thermal state to /config/ml_heating/unified_thermal_state_cooling.json
2026-05-03 19:45:52,624 - DEBUG - Operational state saved to /config/ml_heating/unified_thermal_state_cooling.json; updated keys: ['last_run_features', 'last_indoor_temp', 'last_avg_other_rooms_temp', 'last_fireplace_on', 'last_final_temp', 'last_predicted_indoor', 'last_is_blocking', 'last_blocking_reasons', 'setpoint_hold_cycles_remaining']
2026-05-03 19:45:52,624 - DEBUG - Setting HA state for sensor.ml_heating_features: {'state': '23.36', 'attributes': {'state_class': 'measurement', 'unique_id': 'ml_heating_features', 'friendly_name': 'ML Heating Features', 'unit_of_measurement': '°C', 'device_class': 'temperature', 'icon': 'mdi:feature-search-outline', 'living_room_temp': 23.36, 'outlet_temp': 21.1, 'indoor_temp_lag_30m': 23.482999999999997, 'target_temp': 22.6, 'outdoor_temp': 20.849999999999998, 'dhw_heating': 0.0, 'dhw_disinfection': 0.0, 'dhw_boost_heater': 0.0, 'defrosting': 0.0, 'pv_now': 540.0, 'pv_now_electrical': 540.0, 'solar_correction_percent': 100.0, 'solar_correction_factor': 1.0, 'solar_correction_enabled': 1.0, 'fireplace_on': 0.0, 'tv_on': 0.0, 'temp_forecast_1h': 20.85, 'temp_forecast_2h': 18.75, 'temp_forecast_3h': 16.95, 'temp_forecast_4h': 15.75, 'temp_forecast_5h': 15.15, 'temp_forecast_6h': 14.25, 'temp_forecast_7h': 14.05, 'temp_forecast_8h': 13.75, 'temp_forecast_9h': 13.45, 'temp_forecast_10h': 13.15, 'temp_forecast_11h': 12.45, 'temp_forecast_12h': 13.15, 'pv_forecast_1h': 0.0, 'pv_forecast_2h': 0.0, 'pv_forecast_3h': 0.0, 'pv_forecast_4h': 0.0, 'pv_forecast_5h': 0.0, 'pv_forecast_6h': 0.0, 'pv_forecast_7h': 0.0, 'pv_forecast_8h': 0.0, 'pv_forecast_9h': 0.0, 'pv_forecast_10h': 67.2, 'pv_forecast_11h': 784.2, 'pv_forecast_12h': 2420.0, 'pv_forecast_electrical_1h': 0.0, 'pv_forecast_electrical_2h': 0.0, 'pv_forecast_electrical_3h': 0.0, 'pv_forecast_electrical_4h': 0.0, 'pv_forecast_electrical_5h': 0.0, 'pv_forecast_electrical_6h': 0.0, 'pv_forecast_electrical_7h': 0.0, 'pv_forecast_electrical_8h': 0.0, 'pv_forecast_electrical_9h': 0.0, 'pv_forecast_electrical_10h': 67.2, 'pv_forecast_electrical_11h': 784.2, 'pv_forecast_electrical_12h': 2420.0, 'cloud_cover_forecast_1h': 0.0, 'cloud_cover_forecast_2h': 0.0, 'cloud_cover_forecast_3h': 0.0, 'cloud_cover_forecast_4h': 0.0, 'cloud_cover_forecast_5h': 0.0, 'cloud_cover_forecast_6h': 0.0, 'cloud_cover_forecast_7h': 0.0, 'cloud_cover_forecast_8h': 0.0, 'cloud_cover_forecast_9h': 0.0, 'cloud_cover_forecast_10h': 0.0, 'cloud_cover_forecast_11h': 0.0, 'cloud_cover_forecast_12h': 0.0, 'temp_diff_indoor_outdoor': 2.613125, 'indoor_temp_gradient': -0.683250000000001, 'outlet_indoor_diff': -2.3631249999999966, 'indoor_temp_lag_10m': 23.455, 'indoor_temp_lag_60m': 23.493000000000002, 'outlet_temp_lag_30m': 20.990000000000002, 'outlet_temp_change': 3.552713678800501e-15, 'indoor_temp_delta_10m': 0.008124999999999716, 'indoor_temp_delta_30m': -0.019874999999998977, 'indoor_temp_delta_60m': -0.029875000000004093, 'hour_sin': -0.9659258262890684, 'hour_cos': 0.2588190451025203, 'month_sin': 0.8660254037844387, 'month_cos': -0.4999999999999998, 'outlet_effectiveness_ratio': 8.631249999999966, 'inlet_temp': 21.32, 'flow_rate': 14.0, 'power_consumption': 26.0, 'delta_t': -0.21999999999999886, 'thermal_power_kw': -0.21488133333333223, 'cop_realtime': 0.0, 'temp_trend_forecast': -1.0999999999999996, 'heating_demand_forecast': 0.675, 'combined_forecast_thermal_load': 0.675, 'pv_power_history': [7829.0, 6490.0, 5386.0, 4808.0, 5199.0, 3522.0, 3130.0, 3119.0, 3061.0, 2403.0, 2282.0, 1769.0, 1478.0, 1220.0, 872.0, 680.0, 611.0, 555.0], 'last_updated': '2026-05-03T17:45:52.624331+00:00'}}
2026-05-03 19:45:52,638 - DEBUG - Published 89 features to sensor.ml_heating_features
2026-05-03 19:45:52,638 - DEBUG - ✅ CYCLE 29 END: 19:45:52 (duration: 0.7s)
2026-05-03 19:45:52,638 - DEBUG - 💤 POLLING START: Waiting 30min until next cycle...
2026-05-03 19:45:52,665 - DEBUG - Active sampling: buffered 6 readings
127.0.0.1 - - [03/May/2026 19:45:55] "GET /health HTTP/1.1" 200 -
127.0.0.1 - - [03/May/2026 19:46:25] "GET /health HTTP/1.1" 200 -
2026-05-03 19:46:52,698 - DEBUG - Active sampling: buffered 6 readings
127.0.0.1 - - [03/May/2026 19:46:55] "GET /health HTTP/1.1" 200 -
127.0.0.1 - - [03/May/2026 19:47:25] "GET /health HTTP/1.1" 200 -
2026-05-03 19:47:52,730 - DEBUG - Active sampling: buffered 6 readings
127.0.0.1 - - [03/May/2026 19:47:55] "GET /health HTTP/1.1" 200 -
127.0.0.1 - - [03/May/2026 19:48:25] "GET /health HTTP/1.1" 200 -
2026-05-03 19:48:52,761 - DEBUG - Active sampling: buffered 6 readings
127.0.0.1 - - [03/May/2026 19:48:56] "GET /health HTTP/1.1" 200 -
127.0.0.1 - - [03/May/2026 19:49:26] "GET /health HTTP/1.1" 200 -
2026-05-03 19:49:52,793 - DEBUG - Active sampling: buffered 6 readings
127.0.0.1 - - [03/May/2026 19:49:56] "GET /health HTTP/1.1" 200 -
127.0.0.1 - - [03/May/2026 19:50:26] "GET /health HTTP/1.1" 200 -
2026-05-03 19:50:52,825 - DEBUG - Active sampling: buffered 6 readings
127.0.0.1 - - [03/May/2026 19:50:56] "GET /health HTTP/1.1" 200 -
127.0.0.1 - - [03/May/2026 19:51:26] "GET /health HTTP/1.1" 200 -
2026-05-03 19:51:52,856 - DEBUG - Active sampling: buffered 6 readings
127.0.0.1 - - [03/May/2026 19:51:56] "GET /health HTTP/1.1" 200 -
127.0.0.1 - - [03/May/2026 19:52:26] "GET /health HTTP/1.1" 200 -
2026-05-03 19:52:52,889 - DEBUG - Active sampling: buffered 6 readings
127.0.0.1 - - [03/May/2026 19:52:56] "GET /health HTTP/1.1" 200 -
127.0.0.1 - - [03/May/2026 19:53:26] "GET /health HTTP/1.1" 200 -
2026-05-03 19:53:52,923 - DEBUG - Active sampling: buffered 6 readings
127.0.0.1 - - [03/May/2026 19:53:56] "GET /health HTTP/1.1" 200 -
127.0.0.1 - - [03/May/2026 19:54:26] "GET /health HTTP/1.1" 200 -
2026-05-03 19:54:52,954 - DEBUG - Active sampling: buffered 6 readings
127.0.0.1 - - [03/May/2026 19:54:56] "GET /health HTTP/1.1" 200 -
127.0.0.1 - - [03/May/2026 19:55:26] "GET /health HTTP/1.1" 200 -
2026-05-03 19:55:52,955 - DEBUG - ⏰ POLLING END: Waited 10.0min, starting next cycle...
2026-05-03 19:55:52,955 - DEBUG - 🔄 CYCLE 30 START: 19:55:52 (interval: 10.0min since last cycle)
2026-05-03 19:55:52,955 - DEBUG - ♻️ Reusing existing Model Wrapper instance
2026-05-03 19:55:52,956 - INFO - Successfully loaded operational state from /config/ml_heating/unified_thermal_state_cooling.json
2026-05-03 19:55:52,985 - DEBUG - Setting HA state for sensor.ml_heating_cop_realtime: {'state': '0.00', 'attributes': {'state_class': 'measurement', 'unique_id': 'ml_heating_cop_realtime', 'friendly_name': 'ML Heating COP (Realtime)', 'unit_of_measurement': 'COP', 'icon': 'mdi:heat-pump', 'device_class': 'power_factor'}}
2026-05-03 19:55:52,997 - DEBUG - Setting HA state for sensor.ml_heating_thermal_power: {'state': '-0.195', 'attributes': {'state_class': 'measurement', 'unique_id': 'ml_heating_thermal_power', 'friendly_name': 'ML Heating Thermal Power', 'unit_of_measurement': 'kW', 'icon': 'mdi:flash', 'device_class': 'power'}}
2026-05-03 19:55:53,035 - DEBUG - Wrote thermodynamic metrics to InfluxDB
2026-05-03 19:55:53,035 - DEBUG - Thermodynamic sensors updated: COP=0.00, Power=-0.195kW
2026-05-03 19:55:53,035 - DEBUG - ♻️ Reusing existing Model Wrapper instance
2026-05-03 19:55:53,035 - DEBUG - 🎯 ACTIVE MODE LEARNING (trajectory): Verifying ML prediction accuracy for 19.3°C outlet setting
2026-05-03 19:55:53,039 - DEBUG - ☀️ SolarChannel self-learned: avg_error=0.010, pv_heat_weight=0.00130, solar_lag=45.1min, cloud_exp=1.00, solar_decay_tau=1.00h
2026-05-03 19:55:53,039 - INFO - ☀️ pv parameter update: attributed_error=-0.020705 | pv_heat_weight: 0.001288→0.001298 (Δ+0.000010) | solar_decay_tau_hours: 0.999609→0.999614 (Δ+0.000005)
2026-05-03 19:55:53,039 - INFO - Channel routing → [☀️ pv*] | error=-0.0207 | pv_current=540W pv_smoothed=3023W | params_changed=pv
2026-05-03 19:55:53,088 - DEBUG - 💾 Saved cooling thermal state to /config/ml_heating/unified_thermal_state_cooling.json
2026-05-03 19:55:53,089 - DEBUG - Skipping legacy global adaptation: channel mode owns recent-window learning
2026-05-03 19:55:53,140 - DEBUG - 💾 Saved cooling thermal state to /config/ml_heating/unified_thermal_state_cooling.json
2026-05-03 19:55:53,140 - DEBUG - Prediction feedback: error=-0.021°C, confidence=5.000
2026-05-03 19:55:53,183 - DEBUG - 💾 Saved cooling thermal state to /config/ml_heating/unified_thermal_state_cooling.json
2026-05-03 19:55:53,184 - DEBUG - 💾 Saved 60 predictions to unified thermal state
2026-05-03 19:55:53,184 - DEBUG - Added prediction: pred=23.45, actual=23.43, error=-0.021
2026-05-03 19:55:53,227 - DEBUG - 💾 Saved cooling thermal state to /config/ml_heating/unified_thermal_state_cooling.json
2026-05-03 19:55:53,230 - DEBUG - Setting HA state for sensor.ml_model_mae: {'state': '0.0318', 'attributes': {'state_class': 'measurement', 'unique_id': 'ml_heating_model_mae', 'friendly_name': 'ML Model MAE', 'unit_of_measurement': '°C', 'icon': 'mdi:chart-line', 'last_updated': '2026-05-03T17:55:53.230100+00:00'}}
2026-05-03 19:55:53,259 - DEBUG - Setting HA state for sensor.ml_model_rmse: {'state': '0.0427', 'attributes': {'state_class': 'measurement', 'unique_id': 'ml_heating_model_rmse', 'friendly_name': 'ML Model RMSE', 'unit_of_measurement': '°C', 'icon': 'mdi:chart-line', 'last_updated': '2026-05-03T17:55:53.230100+00:00'}}
2026-05-03 19:55:53,273 - DEBUG - Setting HA state for sensor.ml_heating_learning: {'state': '5.000', 'attributes': {'state_class': 'measurement', 'unique_id': 'ml_heating_learning', 'friendly_name': 'ML Adaptive Learning Metrics', 'unit_of_measurement': 'metrics', 'icon': 'mdi:brain', 'thermal_time_constant': 4.390554703745845, 'heat_loss_coefficient': 0.1245214561975565, 'outlet_effectiveness': 0.9526723072021629, 'pv_heat_weight': 0.0012981569711843402, 'fireplace_heat_weight': 0.387, 'tv_heat_weight': 0.35, 'solar_lag_minutes': 45.124246261916994, 'slab_time_constant_hours': 3.19, 'heat_source_channels_enabled': True, 'total_conductance': 0.3, 'equilibrium_ratio': 0.5, 'cycle_count': 59, 'parameter_updates': 27, 'model_health': 'excellent', 'learning_progress': 0.59, 'is_improving': True, 'improvement_percentage': 38.12084064347802, 'total_predictions': 60, 'learning_confidence': 5.0, 'last_updated': '2026-05-03T17:55:53.272980+00:00', 'delta_t_floor': 2.3, 'cloud_factor_exponent': 1.0, 'solar_decay_tau_hours': 0.9996138460203322, 'fp_heat_output_kw': 0.387, 'fp_decay_time_constant': 3.9144707244638868, 'room_spread_delay_minutes': 18.0, 'ch_heat_pump_history_count': 0, 'ch_heat_pump_last_error': 0.0, 'ch_pv_history_count': 57, 'ch_pv_last_error': -0.020705346115825307, 'ch_fireplace_history_count': 0, 'ch_fireplace_last_error': 0.0, 'ch_tv_history_count': 0, 'ch_tv_last_error': 0.0}}
2026-05-03 19:55:53,287 - DEBUG - Setting HA state for sensor.ml_model_mae: {'state': '0.0318', 'attributes': {'state_class': 'measurement', 'unique_id': 'ml_heating_model_mae', 'friendly_name': 'ML Model MAE', 'unit_of_measurement': '°C', 'icon': 'mdi:chart-line', 'mae_1h': 0.02483471895723799, 'mae_6h': 0.03182765422705565, 'mae_24h': 0.03182765422705565, 'trend_direction': 'improving', 'prediction_count': 60, 'last_updated': '2026-05-03T17:55:53.272980+00:00'}}
2026-05-03 19:55:53,304 - DEBUG - Setting HA state for sensor.ml_model_rmse: {'state': '0.0427', 'attributes': {'state_class': 'measurement', 'unique_id': 'ml_heating_model_rmse', 'friendly_name': 'ML Model RMSE', 'unit_of_measurement': '°C', 'icon': 'mdi:chart-line', 'recent_max_error': 0.053160022225721804, 'std_error': 0.0285, 'mean_bias': 0.0, 'prediction_count': 60, 'last_updated': '2026-05-03T17:55:53.272980+00:00'}}
2026-05-03 19:55:53,318 - DEBUG - Setting HA state for sensor.ml_prediction_accuracy: {'state': '100.0', 'attributes': {'state_class': 'measurement', 'unique_id': 'ml_prediction_accuracy', 'friendly_name': 'ML Prediction Accuracy', 'unit_of_measurement': '%', 'icon': 'mdi:target', 'perfect_accuracy_pct': 0.0, 'tolerable_accuracy_pct': 100.0, 'poor_accuracy_pct': 0.0, 'prediction_count_24h': 0, 'excellent_all_time_pct': 96.66666666666667, 'good_all_time_pct': 100.0, 'last_updated': '2026-05-03T17:55:53.272980+00:00'}}
2026-05-03 19:55:53,332 - DEBUG - Logged refactored sensor metrics to HA
2026-05-03 19:55:53,332 - DEBUG - Logging feature importance
2026-05-03 19:55:53,332 - DEBUG - Setting HA state for sensor.ml_feature_importance: {'state': '5', 'attributes': {'state_class': 'measurement', 'unique_id': 'ml_heating_feature_importance', 'friendly_name': 'ML Feature Importance', 'unit_of_measurement': '%', 'icon': 'mdi:format-list-numbered', 'top_features': {'target_temp': 52.47, 'fireplace': 21.32, 'tv_power': 19.28, 'outdoor_temp': 6.86, 'pv_power': 0.07}, 'last_updated': '2026-05-03T17:55:53.332517+00:00'}}
2026-05-03 19:55:53,346 - INFO - ✅ Exported metrics to Home Assistant sensors successfully
2026-05-03 19:55:53,346 - INFO - ✅ Learning cycle 59: error=0.021°C, confidence=5.000, total_predictions=60
2026-05-03 19:55:53,346 - DEBUG - ✅ Online learning: applied_temp=19.3°C, actual_change=-0.020°C, cycle=59
2026-05-03 19:55:53,347 - INFO - ❄️ Cooling mode active (state: cool)
2026-05-03 19:55:53,347 - DEBUG - ♻️ Reusing existing Model Wrapper instance
2026-05-03 19:55:53,347 - INFO - ❄️ COOLING MODE: ML will calculate cooling outlet temperature (outlet < inlet) — using cooling state /config/ml_heating/unified_thermal_state_cooling.json
2026-05-03 19:55:53,375 - DEBUG - Fireplace is OFF. Using main indoor temp for prediction.
2026-05-03 19:55:53,572 - DEBUG - PV forecast parsed successfully: [0.0, 0.0, 0.0, 0.0, 0.0, 0.0, 0.0, 0.0, 0.0, 67.2, 784.2, 2420.0]W
2026-05-03 19:55:53,572 - DEBUG - Solar correction: enabled=True, percent=100.0%, factor=1.000
2026-05-03 19:55:53,603 - DEBUG - Delta calibration applied: offset=+1.67°C
2026-05-03 19:55:53,604 - DEBUG - Raw forecasts: [18.8, 16.7, 14.9, 13.7, 13.1, 12.2, 12.0, 11.7, 11.4, 11.1, 10.4, 11.1]
2026-05-03 19:55:53,604 - DEBUG - Calibrated forecasts: [20.47, 18.37, 16.57, 15.37, 14.77, 13.87, 13.67, 13.37, 13.07, 12.77, 12.07, 12.77]
2026-05-03 19:55:53,607 - INFO - ☀️ Forecast trajectory: PV=390W < threshold=1500W, only 1 forecast hours above threshold (need 6) → inactive, 6 steps
2026-05-03 19:55:53,608 - DEBUG - ♻️ Reusing existing Model Wrapper instance
2026-05-03 19:55:53,613 - INFO - DEBUG: Wrapper params: U=0.1245214561975565, eff=0.9526723072021629, tau=4.390554703745845
2026-05-03 19:55:53,613 - DEBUG - PV scalar: no forecast sun (1h=0W ≤ 50W), snapping to pv_now=390W (rolling window reset)
2026-05-03 19:55:53,613 - DEBUG - ❄️ Cooling: tightened outlet_max to 19.4°C (inlet=21.4°C − delta=2.0°C)
2026-05-03 19:55:53,613 - INFO - ❄️ Cooling mode bounds: outlet 18.3–19.4°C (indoor=23.5°C, target=22.6°C)
2026-05-03 19:55:53,613 - DEBUG - 🔧 Using natural bounds: outlet_min=18.3°C, outlet_max=19.4°C
2026-05-03 19:55:53,613 - INFO - 🌡️ Using cycle-aligned forecast (10min): outdoor=20.5°C (vs current 20.5°C), PV=358W (vs current 390W)
2026-05-03 19:55:53,614 - DEBUG - DEBUG: No PV history found, using scalar avg_pv: 357.5
2026-05-03 19:55:53,614 - INFO - 🔄 HP off (delta_t=-0.24): simulating HP-on delta_t=2.30 for binary search
2026-05-03 19:55:53,614 - DEBUG - 🎯 Binary search start: target=22.6°C, current=23.5°C, range=18.3-19.4°C
2026-05-03 19:55:53,614 - DEBUG - 🔍 Binary search features: inlet_temp=21.380000000000003, delta_t_floor=2.30, indoor_temp_delta_60m=-0.0544, horizon=6.0h, outlet_mid=18.8°C
2026-05-03 19:55:53,615 - DEBUG - ✅ Binary search trajectory OK (iter 1): outlet=18.8°C → predicted=22.10°C (steps=36, start=23.40→end=22.10)
2026-05-03 19:55:53,615 - DEBUG -    Iteration 1: outlet=18.8°C → predicted=22.10°C, error=-0.500°C (range: 18.3-19.4°C)
2026-05-03 19:55:53,615 - DEBUG -      → Cooling: Predicted below target, raising minimum to 18.8°C
2026-05-03 19:55:53,616 - DEBUG -    Iteration 2: outlet=19.1°C → predicted=22.10°C, error=-0.500°C (range: 18.8-19.4°C)
2026-05-03 19:55:53,617 - DEBUG -      → Cooling: Predicted below target, raising minimum to 19.1°C
2026-05-03 19:55:53,618 - DEBUG -    Iteration 3: outlet=19.2°C → predicted=22.10°C, error=-0.500°C (range: 19.1-19.4°C)
2026-05-03 19:55:53,618 - DEBUG -      → Cooling: Predicted below target, raising minimum to 19.2°C
2026-05-03 19:55:53,619 - DEBUG -    Iteration 4: outlet=19.3°C → predicted=22.10°C, error=-0.500°C (range: 19.2-19.4°C)
2026-05-03 19:55:53,619 - DEBUG -      → Cooling: Predicted below target, raising minimum to 19.3°C
2026-05-03 19:55:53,620 - DEBUG -    Iteration 5: outlet=19.3°C → predicted=22.10°C, error=-0.500°C (range: 19.3-19.4°C)
2026-05-03 19:55:53,620 - DEBUG -      → Cooling: Predicted below target, raising minimum to 19.3°C
2026-05-03 19:55:53,620 - INFO - 🔄 Binary search early exit after 6 iterations: range collapsed to 0.034°C, using 19.4°C
2026-05-03 19:55:53,621 - DEBUG - 🧠 Smart rounding is using cycle-aligned forecast: PV=358W (caller sent PV=390W)
2026-05-03 19:55:53,621 - INFO - 🎯 Prediction: Current 23.43°C → Target 22.6°C | Calculated outlet: 19.4°C (before smart rounding) (confidence: 5.000)
2026-05-03 19:55:53,621 - DEBUG - Model Wrapper: temp=19.4°C, error=0.830°C, confidence=5.000
2026-05-03 19:55:53,621 - DEBUG - EMA smoothing: 19.36°C → 19.3°C (last=19.3, α=0.50)
2026-05-03 19:55:53,621 - DEBUG - ♻️ Reusing existing Model Wrapper instance
2026-05-03 19:55:53,621 - INFO - 🌡️ Using cycle-aligned forecast (10min): outdoor=19.9°C (vs current 19.9°C), PV=2393W (vs current 2610W)
2026-05-03 19:55:53,621 - DEBUG - 🧠 Smart rounding is using cycle-aligned forecast: PV=358W (caller sent PV=2393W)
2026-05-03 19:55:53,621 - DEBUG - 🧠 Smart rounding is using cycle-aligned forecast: PV=358W (caller sent PV=2393W)
2026-05-03 19:55:53,622 - DEBUG - Smart rounding: 19.30°C → 19°C (chose floor: floor→23.29°C [err=0.693], ceiling→23.32°C [err=0.720], target=22.6°C)
2026-05-03 19:55:53,622 - DEBUG - Setting target outlet temp
2026-05-03 19:55:53,622 - DEBUG - Setting HA state for sensor.ml_vorlauftemperatur: {'state': '19.3', 'attributes': {'state_class': 'measurement', 'unique_id': 'ml_heating_target_outlet_temp', 'friendly_name': 'ML Target Outlet Temp', 'unit_of_measurement': '°C', 'device_class': 'temperature', 'icon': 'mdi:thermometer-water'}}
2026-05-03 19:55:53,634 - DEBUG - Logging thermal model metrics
2026-05-03 19:55:53,634 - DEBUG - Setting HA state for sensor.ml_heating_state: {'state': '0', 'attributes': {'state_class': 'measurement', 'unique_id': 'ml_heating_state', 'friendly_name': 'ML Heating State', 'unit_of_measurement': 'state', 'icon': 'mdi:information-outline', 'state_description': 'OK - Prediction done', 'confidence': 5.0, 'suggested_temp': 19.36, 'final_temp': 19.3, 'predicted_indoor': 23.34, 'last_prediction_time': '2026-05-03T17:55:53.634352+00:00', 'temperature_error': 0.83}}
2026-05-03 19:55:53,648 - DEBUG - ✅ ACTIVE MODE: ML controlling heating via input_boolean.ml_heating
2026-05-03 19:55:53,649 - DEBUG - 🧠 Smart rounding is using cycle-aligned forecast: PV=358W (caller sent PV=2610W)
2026-05-03 19:55:53,650 - DEBUG - Target: 22.6°C | Suggested: 19.4°C | Applied: 19.3°C | Actual Indoor: 23.43°C | Predicted Indoor: 23.30°C | Confidence: 5.000
2026-05-03 19:55:53,650 - INFO - Target: 22.6°C | Suggested: 19.4°C | Applied: 19.3°C | Actual Indoor: 23.43°C | Predicted Indoor: 23.30°C | Confidence: 5.000
2026-05-03 19:55:53,695 - DEBUG - 💾 Saved cooling thermal state to /config/ml_heating/unified_thermal_state_cooling.json
2026-05-03 19:55:53,695 - DEBUG - Operational state saved to /config/ml_heating/unified_thermal_state_cooling.json; updated keys: ['last_run_features', 'last_indoor_temp', 'last_avg_other_rooms_temp', 'last_fireplace_on', 'last_final_temp', 'last_predicted_indoor', 'last_is_blocking', 'last_blocking_reasons', 'setpoint_hold_cycles_remaining']
2026-05-03 19:55:53,696 - DEBUG - Setting HA state for sensor.ml_heating_features: {'state': '23.34', 'attributes': {'state_class': 'measurement', 'unique_id': 'ml_heating_features', 'friendly_name': 'ML Heating Features', 'unit_of_measurement': '°C', 'device_class': 'temperature', 'icon': 'mdi:feature-search-outline', 'living_room_temp': 23.34, 'outlet_temp': 21.14, 'indoor_temp_lag_30m': 23.471, 'target_temp': 22.6, 'outdoor_temp': 20.474999999999998, 'dhw_heating': 0.0, 'dhw_disinfection': 0.0, 'dhw_boost_heater': 0.0, 'defrosting': 0.0, 'pv_now': 390.0, 'pv_now_electrical': 390.0, 'solar_correction_percent': 100.0, 'solar_correction_factor': 1.0, 'solar_correction_enabled': 1.0, 'fireplace_on': 0.0, 'tv_on': 0.0, 'temp_forecast_1h': 20.47, 'temp_forecast_2h': 18.37, 'temp_forecast_3h': 16.57, 'temp_forecast_4h': 15.37, 'temp_forecast_5h': 14.77, 'temp_forecast_6h': 13.87, 'temp_forecast_7h': 13.67, 'temp_forecast_8h': 13.37, 'temp_forecast_9h': 13.07, 'temp_forecast_10h': 12.77, 'temp_forecast_11h': 12.07, 'temp_forecast_12h': 12.77, 'pv_forecast_1h': 0.0, 'pv_forecast_2h': 0.0, 'pv_forecast_3h': 0.0, 'pv_forecast_4h': 0.0, 'pv_forecast_5h': 0.0, 'pv_forecast_6h': 0.0, 'pv_forecast_7h': 0.0, 'pv_forecast_8h': 0.0, 'pv_forecast_9h': 0.0, 'pv_forecast_10h': 67.2, 'pv_forecast_11h': 784.2, 'pv_forecast_12h': 2420.0, 'pv_forecast_electrical_1h': 0.0, 'pv_forecast_electrical_2h': 0.0, 'pv_forecast_electrical_3h': 0.0, 'pv_forecast_electrical_4h': 0.0, 'pv_forecast_electrical_5h': 0.0, 'pv_forecast_electrical_6h': 0.0, 'pv_forecast_electrical_7h': 0.0, 'pv_forecast_electrical_8h': 0.0, 'pv_forecast_electrical_9h': 0.0, 'pv_forecast_electrical_10h': 67.2, 'pv_forecast_electrical_11h': 784.2, 'pv_forecast_electrical_12h': 2420.0, 'cloud_cover_forecast_1h': 0.0, 'cloud_cover_forecast_2h': 0.0, 'cloud_cover_forecast_3h': 0.0, 'cloud_cover_forecast_4h': 0.0, 'cloud_cover_forecast_5h': 0.0, 'cloud_cover_forecast_6h': 0.0, 'cloud_cover_forecast_7h': 0.0, 'cloud_cover_forecast_8h': 0.0, 'cloud_cover_forecast_9h': 0.0, 'cloud_cover_forecast_10h': 0.0, 'cloud_cover_forecast_11h': 0.0, 'cloud_cover_forecast_12h': 0.0, 'temp_diff_indoor_outdoor': 2.965625000000003, 'indoor_temp_gradient': -0.8782500000000155, 'outlet_indoor_diff': -2.300625, 'indoor_temp_lag_10m': 23.436666666666667, 'indoor_temp_lag_60m': 23.494999999999997, 'outlet_temp_lag_30m': 21.04, 'outlet_temp_change': 0.006666666666667709, 'indoor_temp_delta_10m': 0.003958333333333286, 'indoor_temp_delta_30m': -0.030374999999999375, 'indoor_temp_delta_60m': -0.05437499999999673, 'hour_sin': -0.9659258262890684, 'hour_cos': 0.2588190451025203, 'month_sin': 0.8660254037844387, 'month_cos': -0.4999999999999998, 'outlet_effectiveness_ratio': 8.406249999999993, 'inlet_temp': 21.380000000000003, 'flow_rate': 14.0, 'power_consumption': 47.0, 'delta_t': -0.240000000000002, 'thermal_power_kw': -0.23441600000000196, 'cop_realtime': 0.0, 'temp_trend_forecast': -1.100833333333333, 'heating_demand_forecast': 0.7130000000000001, 'combined_forecast_thermal_load': 0.7130000000000001, 'pv_power_history': [6490.0, 5386.0, 4808.0, 5199.0, 3522.0, 3130.0, 3119.0, 3061.0, 2403.0, 2282.0, 1769.0, 1478.0, 1220.0, 872.0, 680.0, 611.0, 523.0, 433.3333333333333], 'last_updated': '2026-05-03T17:55:53.695845+00:00'}}
2026-05-03 19:55:53,709 - DEBUG - Published 89 features to sensor.ml_heating_features
2026-05-03 19:55:53,710 - DEBUG - ✅ CYCLE 30 END: 19:55:53 (duration: 0.8s)
2026-05-03 19:55:53,710 - DEBUG - 💤 POLLING START: Waiting 30min until next cycle...
2026-05-03 19:55:53,738 - DEBUG - Active sampling: buffered 6 readings
127.0.0.1 - - [03/May/2026 19:55:56] "GET /health HTTP/1.1" 200 -
127.0.0.1 - - [03/May/2026 19:56:26] "GET /health HTTP/1.1" 200 -
2026-05-03 19:56:53,769 - DEBUG - Active sampling: buffered 6 readings
127.0.0.1 - - [03/May/2026 19:56:56] "GET /health HTTP/1.1" 200 -
127.0.0.1 - - [03/May/2026 19:57:26] "GET /health HTTP/1.1" 200 -
2026-05-03 19:57:53,801 - DEBUG - Active sampling: buffered 6 readings
127.0.0.1 - - [03/May/2026 19:57:56] "GET /health HTTP/1.1" 200 -
127.0.0.1 - - [03/May/2026 19:58:27] "GET /health HTTP/1.1" 200 -
2026-05-03 19:58:53,842 - DEBUG - Active sampling: buffered 6 readings
127.0.0.1 - - [03/May/2026 19:58:57] "GET /health HTTP/1.1" 200 -
127.0.0.1 - - [03/May/2026 19:59:27] "GET /health HTTP/1.1" 200 -
2026-05-03 19:59:53,873 - DEBUG - Active sampling: buffered 6 readings
127.0.0.1 - - [03/May/2026 19:59:57] "GET /health HTTP/1.1" 200 -
127.0.0.1 - - [03/May/2026 20:00:27] "GET /health HTTP/1.1" 200 -
2026-05-03 20:00:53,905 - DEBUG - Active sampling: buffered 6 readings
127.0.0.1 - - [03/May/2026 20:00:57] "GET /health HTTP/1.1" 200 -
127.0.0.1 - - [03/May/2026 20:01:27] "GET /health HTTP/1.1" 200 -
2026-05-03 20:01:53,935 - DEBUG - Active sampling: buffered 6 readings
127.0.0.1 - - [03/May/2026 20:01:57] "GET /health HTTP/1.1" 200 -
127.0.0.1 - - [03/May/2026 20:02:27] "GET /health HTTP/1.1" 200 -
2026-05-03 20:02:53,965 - DEBUG - Active sampling: buffered 6 readings
127.0.0.1 - - [03/May/2026 20:02:57] "GET /health HTTP/1.1" 200 -
127.0.0.1 - - [03/May/2026 20:03:27] "GET /health HTTP/1.1" 200 -
2026-05-03 20:03:53,996 - DEBUG - Active sampling: buffered 6 readings
127.0.0.1 - - [03/May/2026 20:03:57] "GET /health HTTP/1.1" 200 -
127.0.0.1 - - [03/May/2026 20:04:27] "GET /health HTTP/1.1" 200 -
2026-05-03 20:04:54,029 - DEBUG - Active sampling: buffered 6 readings
127.0.0.1 - - [03/May/2026 20:04:57] "GET /health HTTP/1.1" 200 -
127.0.0.1 - - [03/May/2026 20:05:27] "GET /health HTTP/1.1" 200 -
2026-05-03 20:05:54,030 - DEBUG - ⏰ POLLING END: Waited 10.0min, starting next cycle...
2026-05-03 20:05:54,031 - DEBUG - 🔄 CYCLE 31 START: 20:05:54 (interval: 10.0min since last cycle)
2026-05-03 20:05:54,031 - DEBUG - ♻️ Reusing existing Model Wrapper instance
2026-05-03 20:05:54,031 - INFO - Successfully loaded operational state from /config/ml_heating/unified_thermal_state_cooling.json
2026-05-03 20:05:54,059 - DEBUG - Setting HA state for sensor.ml_heating_cop_realtime: {'state': '0.00', 'attributes': {'state_class': 'measurement', 'unique_id': 'ml_heating_cop_realtime', 'friendly_name': 'ML Heating COP (Realtime)', 'unit_of_measurement': 'COP', 'icon': 'mdi:heat-pump', 'device_class': 'power_factor'}}
2026-05-03 20:05:54,071 - DEBUG - Setting HA state for sensor.ml_heating_thermal_power: {'state': '-0.195', 'attributes': {'state_class': 'measurement', 'unique_id': 'ml_heating_thermal_power', 'friendly_name': 'ML Heating Thermal Power', 'unit_of_measurement': 'kW', 'icon': 'mdi:flash', 'device_class': 'power'}}
2026-05-03 20:05:54,111 - DEBUG - Wrote thermodynamic metrics to InfluxDB
2026-05-03 20:05:54,111 - DEBUG - Thermodynamic sensors updated: COP=0.00, Power=-0.195kW
2026-05-03 20:05:54,111 - DEBUG - ♻️ Reusing existing Model Wrapper instance
2026-05-03 20:05:54,111 - DEBUG - 🎯 ACTIVE MODE LEARNING (trajectory): Verifying ML prediction accuracy for 19.3°C outlet setting
2026-05-03 20:05:54,114 - DEBUG - ☀️ SolarChannel self-learned: avg_error=0.010, pv_heat_weight=0.00131, solar_lag=45.1min, cloud_exp=1.00, solar_decay_tau=1.00h
2026-05-03 20:05:54,114 - INFO - ☀️ pv parameter update: attributed_error=+0.004499 | pv_heat_weight: 0.001298→0.001308 (Δ+0.000010) | solar_decay_tau_hours: 0.999614→0.999619 (Δ+0.000005)
2026-05-03 20:05:54,114 - INFO - Channel routing → [☀️ pv*] | error=+0.0045 | pv_current=390W pv_smoothed=2610W | params_changed=pv
2026-05-03 20:05:54,165 - DEBUG - 💾 Saved cooling thermal state to /config/ml_heating/unified_thermal_state_cooling.json
2026-05-03 20:05:54,166 - DEBUG - Skipping legacy global adaptation: channel mode owns recent-window learning
2026-05-03 20:05:54,213 - DEBUG - 💾 Saved cooling thermal state to /config/ml_heating/unified_thermal_state_cooling.json
2026-05-03 20:05:54,214 - DEBUG - Prediction feedback: error=0.004°C, confidence=5.000
2026-05-03 20:05:54,257 - DEBUG - 💾 Saved cooling thermal state to /config/ml_heating/unified_thermal_state_cooling.json
2026-05-03 20:05:54,257 - DEBUG - 💾 Saved 61 predictions to unified thermal state
2026-05-03 20:05:54,258 - DEBUG - Added prediction: pred=23.43, actual=23.43, error=0.004
2026-05-03 20:05:54,300 - DEBUG - 💾 Saved cooling thermal state to /config/ml_heating/unified_thermal_state_cooling.json
2026-05-03 20:05:54,321 - DEBUG - Wrote prediction metrics to InfluxDB bucket 'ml_heating_features' with MAE(1h)=0.023
2026-05-03 20:05:54,321 - DEBUG - ✅ Exported prediction metrics to InfluxDB
2026-05-03 20:05:54,332 - DEBUG - Wrote thermal learning metrics to InfluxDB: effectiveness=0.953, confidence=5.00
2026-05-03 20:05:54,332 - DEBUG - ✅ Exported thermal learning metrics to InfluxDB
2026-05-03 20:05:54,344 - DEBUG - Wrote feature importances to Influx bucket 'ml_heating_features' (measurement=feature_importance) with timestamp 2026-05-03T18:05:54.332824+00:00
2026-05-03 20:05:54,344 - DEBUG - ✅ Exported feature importance to InfluxDB
2026-05-03 20:05:54,356 - DEBUG - Wrote learning phase metrics to InfluxDB: phase=high_confidence, stability=1.00
2026-05-03 20:05:54,356 - DEBUG - ✅ Exported learning phase metrics to InfluxDB
2026-05-03 20:05:54,372 - DEBUG - Wrote trajectory prediction metrics to InfluxDB: horizon=4h, mae_1h=0.023
2026-05-03 20:05:54,372 - DEBUG - ✅ Exported trajectory prediction metrics to InfluxDB
2026-05-03 20:05:54,372 - INFO - 📊 Exported all adaptive learning metrics to InfluxDB (cycle 60)
2026-05-03 20:05:54,374 - DEBUG - Setting HA state for sensor.ml_model_mae: {'state': '0.0314', 'attributes': {'state_class': 'measurement', 'unique_id': 'ml_heating_model_mae', 'friendly_name': 'ML Model MAE', 'unit_of_measurement': '°C', 'icon': 'mdi:chart-line', 'last_updated': '2026-05-03T18:05:54.374064+00:00'}}
2026-05-03 20:05:54,389 - DEBUG - Setting HA state for sensor.ml_model_rmse: {'state': '0.0424', 'attributes': {'state_class': 'measurement', 'unique_id': 'ml_heating_model_rmse', 'friendly_name': 'ML Model RMSE', 'unit_of_measurement': '°C', 'icon': 'mdi:chart-line', 'last_updated': '2026-05-03T18:05:54.374064+00:00'}}
2026-05-03 20:05:54,402 - DEBUG - Setting HA state for sensor.ml_heating_learning: {'state': '5.000', 'attributes': {'state_class': 'measurement', 'unique_id': 'ml_heating_learning', 'friendly_name': 'ML Adaptive Learning Metrics', 'unit_of_measurement': 'metrics', 'icon': 'mdi:brain', 'thermal_time_constant': 4.390554703745845, 'heat_loss_coefficient': 0.1245214561975565, 'outlet_effectiveness': 0.9526723072021629, 'pv_heat_weight': 0.0013076930505105653, 'fireplace_heat_weight': 0.387, 'tv_heat_weight': 0.35, 'solar_lag_minutes': 45.124246261916994, 'slab_time_constant_hours': 3.19, 'heat_source_channels_enabled': True, 'total_conductance': 0.3, 'equilibrium_ratio': 0.5, 'cycle_count': 60, 'parameter_updates': 28, 'model_health': 'excellent', 'learning_progress': 0.6, 'is_improving': True, 'improvement_percentage': 39.74790430065988, 'total_predictions': 61, 'learning_confidence': 5.0, 'last_updated': '2026-05-03T18:05:54.402694+00:00', 'delta_t_floor': 2.3, 'cloud_factor_exponent': 1.0, 'solar_decay_tau_hours': 0.9996186140599953, 'fp_heat_output_kw': 0.387, 'fp_decay_time_constant': 3.9144707244638868, 'room_spread_delay_minutes': 18.0, 'ch_heat_pump_history_count': 0, 'ch_heat_pump_last_error': 0.0, 'ch_pv_history_count': 58, 'ch_pv_last_error': 0.004498593707005227, 'ch_fireplace_history_count': 0, 'ch_fireplace_last_error': 0.0, 'ch_tv_history_count': 0, 'ch_tv_last_error': 0.0}}
2026-05-03 20:05:54,417 - DEBUG - Setting HA state for sensor.ml_model_mae: {'state': '0.0314', 'attributes': {'state_class': 'measurement', 'unique_id': 'ml_heating_model_mae', 'friendly_name': 'ML Model MAE', 'unit_of_measurement': '°C', 'icon': 'mdi:chart-line', 'mae_1h': 0.022666011507781175, 'mae_6h': 0.03137963684148105, 'mae_24h': 0.03137963684148105, 'trend_direction': 'improving', 'prediction_count': 61, 'last_updated': '2026-05-03T18:05:54.402694+00:00'}}
2026-05-03 20:05:54,431 - DEBUG - Setting HA state for sensor.ml_model_rmse: {'state': '0.0424', 'attributes': {'state_class': 'measurement', 'unique_id': 'ml_heating_model_rmse', 'friendly_name': 'ML Model RMSE', 'unit_of_measurement': '°C', 'icon': 'mdi:chart-line', 'recent_max_error': 0.053160022225721804, 'std_error': 0.0285, 'mean_bias': 0.0, 'prediction_count': 61, 'last_updated': '2026-05-03T18:05:54.402694+00:00'}}
2026-05-03 20:05:54,446 - DEBUG - Setting HA state for sensor.ml_prediction_accuracy: {'state': '100.0', 'attributes': {'state_class': 'measurement', 'unique_id': 'ml_prediction_accuracy', 'friendly_name': 'ML Prediction Accuracy', 'unit_of_measurement': '%', 'icon': 'mdi:target', 'perfect_accuracy_pct': 0.0, 'tolerable_accuracy_pct': 100.0, 'poor_accuracy_pct': 0.0, 'prediction_count_24h': 0, 'excellent_all_time_pct': 96.72131147540983, 'good_all_time_pct': 100.0, 'last_updated': '2026-05-03T18:05:54.402694+00:00'}}
2026-05-03 20:05:54,460 - DEBUG - Logged refactored sensor metrics to HA
2026-05-03 20:05:54,461 - DEBUG - Logging feature importance
2026-05-03 20:05:54,461 - DEBUG - Setting HA state for sensor.ml_feature_importance: {'state': '5', 'attributes': {'state_class': 'measurement', 'unique_id': 'ml_heating_feature_importance', 'friendly_name': 'ML Feature Importance', 'unit_of_measurement': '%', 'icon': 'mdi:format-list-numbered', 'top_features': {'target_temp': 52.47, 'fireplace': 21.32, 'tv_power': 19.28, 'outdoor_temp': 6.86, 'pv_power': 0.07}, 'last_updated': '2026-05-03T18:05:54.461295+00:00'}}
2026-05-03 20:05:54,475 - INFO - ✅ Exported metrics to Home Assistant sensors successfully
2026-05-03 20:05:54,475 - INFO - ✅ Learning cycle 60: error=0.004°C, confidence=5.000, total_predictions=61
2026-05-03 20:05:54,475 - DEBUG - ✅ Online learning: applied_temp=19.3°C, actual_change=0.000°C, cycle=60
2026-05-03 20:05:54,475 - INFO - ❄️ Cooling mode active (state: cool)
2026-05-03 20:05:54,475 - DEBUG - ♻️ Reusing existing Model Wrapper instance
2026-05-03 20:05:54,475 - INFO - ❄️ COOLING MODE: ML will calculate cooling outlet temperature (outlet < inlet) — using cooling state /config/ml_heating/unified_thermal_state_cooling.json
2026-05-03 20:05:54,504 - DEBUG - Fireplace is OFF. Using main indoor temp for prediction.
2026-05-03 20:05:54,649 - DEBUG - PV forecast parsed successfully: [0.0, 0.0, 0.0, 0.0, 0.0, 0.0, 0.0, 0.0, 0.0, 192.0, 1160.8, 2618.2]W
2026-05-03 20:05:54,649 - DEBUG - Solar correction: enabled=True, percent=100.0%, factor=1.000
2026-05-03 20:05:54,666 - DEBUG - Delta calibration applied: offset=+3.39°C
2026-05-03 20:05:54,666 - DEBUG - Raw forecasts: [16.7, 14.9, 13.7, 13.1, 12.2, 12.0, 11.7, 11.4, 11.1, 10.4, 11.1, 12.7]
2026-05-03 20:05:54,666 - DEBUG - Calibrated forecasts: [20.09, 18.29, 17.09, 16.49, 15.59, 15.39, 15.09, 14.79, 14.49, 13.79, 14.49, 16.09]
2026-05-03 20:05:54,670 - INFO - ☀️ Forecast trajectory: PV=280W < threshold=1500W, only 1 forecast hours above threshold (need 6) → inactive, 6 steps
2026-05-03 20:05:54,670 - DEBUG - ♻️ Reusing existing Model Wrapper instance
2026-05-03 20:05:54,675 - INFO - DEBUG: Wrapper params: U=0.1245214561975565, eff=0.9526723072021629, tau=4.390554703745845
2026-05-03 20:05:54,675 - DEBUG - PV scalar: no forecast sun (1h=0W ≤ 50W), snapping to pv_now=280W (rolling window reset)
2026-05-03 20:05:54,675 - DEBUG - ❄️ Cooling: tightened outlet_max to 19.4°C (inlet=21.4°C − delta=2.0°C)
2026-05-03 20:05:54,675 - INFO - ❄️ Cooling mode bounds: outlet 18.3–19.4°C (indoor=23.5°C, target=22.6°C)
2026-05-03 20:05:54,675 - DEBUG - 🔧 Using natural bounds: outlet_min=18.3°C, outlet_max=19.4°C
2026-05-03 20:05:54,676 - INFO - 🌡️ Using cycle-aligned forecast (10min): outdoor=20.1°C (vs current 20.1°C), PV=257W (vs current 280W)
2026-05-03 20:05:54,676 - DEBUG - DEBUG: No PV history found, using scalar avg_pv: 256.66666666666663
2026-05-03 20:05:54,676 - INFO - 🔄 HP off (delta_t=-0.20): simulating HP-on delta_t=2.30 for binary search
2026-05-03 20:05:54,676 - DEBUG - 🎯 Binary search start: target=22.6°C, current=23.5°C, range=18.3-19.4°C
2026-05-03 20:05:54,676 - DEBUG - 🔍 Binary search features: inlet_temp=21.4, delta_t_floor=2.30, indoor_temp_delta_60m=-0.0597, horizon=6.0h, outlet_mid=18.9°C
2026-05-03 20:05:54,677 - DEBUG - ✅ Binary search trajectory OK (iter 1): outlet=18.9°C → predicted=22.13°C (steps=36, start=23.37→end=22.13)
2026-05-03 20:05:54,677 - DEBUG -    Iteration 1: outlet=18.9°C → predicted=22.13°C, error=-0.468°C (range: 18.3-19.4°C)
2026-05-03 20:05:54,677 - DEBUG -      → Cooling: Predicted below target, raising minimum to 18.9°C
2026-05-03 20:05:54,678 - DEBUG -    Iteration 2: outlet=19.1°C → predicted=22.13°C, error=-0.468°C (range: 18.9-19.4°C)
2026-05-03 20:05:54,678 - DEBUG -      → Cooling: Predicted below target, raising minimum to 19.1°C
2026-05-03 20:05:54,680 - DEBUG -    Iteration 3: outlet=19.3°C → predicted=22.13°C, error=-0.468°C (range: 19.1-19.4°C)
2026-05-03 20:05:54,680 - DEBUG -      → Cooling: Predicted below target, raising minimum to 19.3°C
2026-05-03 20:05:54,682 - DEBUG -    Iteration 4: outlet=19.3°C → predicted=22.13°C, error=-0.468°C (range: 19.3-19.4°C)
2026-05-03 20:05:54,682 - DEBUG -      → Cooling: Predicted below target, raising minimum to 19.3°C
2026-05-03 20:05:54,684 - DEBUG -    Iteration 5: outlet=19.4°C → predicted=22.13°C, error=-0.468°C (range: 19.3-19.4°C)
2026-05-03 20:05:54,684 - DEBUG -      → Cooling: Predicted below target, raising minimum to 19.4°C
2026-05-03 20:05:54,684 - INFO - 🔄 Binary search early exit after 6 iterations: range collapsed to 0.034°C, using 19.4°C
2026-05-03 20:05:54,684 - DEBUG - 🧠 Smart rounding is using cycle-aligned forecast: PV=257W (caller sent PV=280W)
2026-05-03 20:05:54,684 - INFO - 🎯 Prediction: Current 23.43°C → Target 22.6°C | Calculated outlet: 19.4°C (before smart rounding) (confidence: 5.000)
2026-05-03 20:05:54,684 - DEBUG - Model Wrapper: temp=19.4°C, error=0.830°C, confidence=5.000
2026-05-03 20:05:54,684 - DEBUG - EMA smoothing: 19.38°C → 19.3°C (last=19.3, α=0.50)
2026-05-03 20:05:54,685 - DEBUG - ♻️ Reusing existing Model Wrapper instance
2026-05-03 20:05:54,685 - INFO - 🌡️ Using cycle-aligned forecast (10min): outdoor=19.6°C (vs current 19.6°C), PV=2077W (vs current 2266W)
2026-05-03 20:05:54,685 - DEBUG - 🧠 Smart rounding is using cycle-aligned forecast: PV=257W (caller sent PV=2077W)
2026-05-03 20:05:54,685 - DEBUG - 🧠 Smart rounding is using cycle-aligned forecast: PV=257W (caller sent PV=2077W)
2026-05-03 20:05:54,685 - DEBUG - Smart rounding: 19.30°C → 19°C (chose floor: floor→23.29°C [err=0.687], ceiling→23.32°C [err=0.718], target=22.6°C)
2026-05-03 20:05:54,685 - DEBUG - Setting target outlet temp
2026-05-03 20:05:54,685 - DEBUG - Setting HA state for sensor.ml_vorlauftemperatur: {'state': '19.3', 'attributes': {'state_class': 'measurement', 'unique_id': 'ml_heating_target_outlet_temp', 'friendly_name': 'ML Target Outlet Temp', 'unit_of_measurement': '°C', 'device_class': 'temperature', 'icon': 'mdi:thermometer-water'}}
2026-05-03 20:05:54,718 - DEBUG - Logging thermal model metrics
2026-05-03 20:05:54,718 - DEBUG - Setting HA state for sensor.ml_heating_state: {'state': '0', 'attributes': {'state_class': 'measurement', 'unique_id': 'ml_heating_state', 'friendly_name': 'ML Heating State', 'unit_of_measurement': 'state', 'icon': 'mdi:information-outline', 'state_description': 'OK - Prediction done', 'confidence': 5.0, 'suggested_temp': 19.38, 'final_temp': 19.3, 'predicted_indoor': 23.32, 'last_prediction_time': '2026-05-03T18:05:54.718257+00:00', 'temperature_error': 0.83}}
2026-05-03 20:05:54,732 - DEBUG - ✅ ACTIVE MODE: ML controlling heating via input_boolean.ml_heating
2026-05-03 20:05:54,734 - DEBUG - 🧠 Smart rounding is using cycle-aligned forecast: PV=257W (caller sent PV=2266W)
2026-05-03 20:05:54,734 - DEBUG - Target: 22.6°C | Suggested: 19.4°C | Applied: 19.3°C | Actual Indoor: 23.43°C | Predicted Indoor: 23.30°C | Confidence: 5.000
2026-05-03 20:05:54,734 - INFO - Target: 22.6°C | Suggested: 19.4°C | Applied: 19.3°C | Actual Indoor: 23.43°C | Predicted Indoor: 23.30°C | Confidence: 5.000
2026-05-03 20:05:54,781 - DEBUG - 💾 Saved cooling thermal state to /config/ml_heating/unified_thermal_state_cooling.json
2026-05-03 20:05:54,781 - DEBUG - Operational state saved to /config/ml_heating/unified_thermal_state_cooling.json; updated keys: ['last_run_features', 'last_indoor_temp', 'last_avg_other_rooms_temp', 'last_fireplace_on', 'last_final_temp', 'last_predicted_indoor', 'last_is_blocking', 'last_blocking_reasons', 'setpoint_hold_cycles_remaining']
2026-05-03 20:05:54,782 - DEBUG - Setting HA state for sensor.ml_heating_features: {'state': '23.30', 'attributes': {'state_class': 'measurement', 'unique_id': 'ml_heating_features', 'friendly_name': 'ML Heating Features', 'unit_of_measurement': '°C', 'device_class': 'temperature', 'icon': 'mdi:feature-search-outline', 'living_room_temp': 23.3, 'outlet_temp': 21.2, 'indoor_temp_lag_30m': 23.450999999999997, 'target_temp': 22.6, 'outdoor_temp': 20.093750000000007, 'dhw_heating': 0.0, 'dhw_disinfection': 0.0, 'dhw_boost_heater': 0.0, 'defrosting': 0.0, 'pv_now': 280.0, 'pv_now_electrical': 280.0, 'solar_correction_percent': 100.0, 'solar_correction_factor': 1.0, 'solar_correction_enabled': 1.0, 'fireplace_on': 0.0, 'tv_on': 0.0, 'temp_forecast_1h': 20.09, 'temp_forecast_2h': 18.29, 'temp_forecast_3h': 17.09, 'temp_forecast_4h': 16.49, 'temp_forecast_5h': 15.59, 'temp_forecast_6h': 15.39, 'temp_forecast_7h': 15.09, 'temp_forecast_8h': 14.79, 'temp_forecast_9h': 14.49, 'temp_forecast_10h': 13.79, 'temp_forecast_11h': 14.49, 'temp_forecast_12h': 16.09, 'pv_forecast_1h': 0.0, 'pv_forecast_2h': 0.0, 'pv_forecast_3h': 0.0, 'pv_forecast_4h': 0.0, 'pv_forecast_5h': 0.0, 'pv_forecast_6h': 0.0, 'pv_forecast_7h': 0.0, 'pv_forecast_8h': 0.0, 'pv_forecast_9h': 0.0, 'pv_forecast_10h': 192.0, 'pv_forecast_11h': 1160.8, 'pv_forecast_12h': 2618.2, 'pv_forecast_electrical_1h': 0.0, 'pv_forecast_electrical_2h': 0.0, 'pv_forecast_electrical_3h': 0.0, 'pv_forecast_electrical_4h': 0.0, 'pv_forecast_electrical_5h': 0.0, 'pv_forecast_electrical_6h': 0.0, 'pv_forecast_electrical_7h': 0.0, 'pv_forecast_electrical_8h': 0.0, 'pv_forecast_electrical_9h': 0.0, 'pv_forecast_electrical_10h': 192.0, 'pv_forecast_electrical_11h': 1160.8, 'pv_forecast_electrical_12h': 2618.2, 'cloud_cover_forecast_1h': 0.0, 'cloud_cover_forecast_2h': 0.0, 'cloud_cover_forecast_3h': 0.0, 'cloud_cover_forecast_4h': 0.0, 'cloud_cover_forecast_5h': 0.0, 'cloud_cover_forecast_6h': 0.0, 'cloud_cover_forecast_7h': 0.0, 'cloud_cover_forecast_8h': 0.0, 'cloud_cover_forecast_9h': 0.0, 'cloud_cover_forecast_10h': 0.0, 'cloud_cover_forecast_11h': 0.0, 'cloud_cover_forecast_12h': 0.0, 'temp_diff_indoor_outdoor': 3.3374999999999986, 'indoor_temp_gradient': -0.8444999999999396, 'outlet_indoor_diff': -2.2312500000000064, 'indoor_temp_lag_10m': 23.426666666666666, 'indoor_temp_lag_60m': 23.490999999999996, 'outlet_temp_lag_30m': 21.099999999999998, 'outlet_temp_change': 0.0, 'indoor_temp_delta_10m': 0.004583333333339823, 'indoor_temp_delta_30m': -0.019749999999991275, 'indoor_temp_delta_60m': -0.05974999999999042, 'hour_sin': -0.8660254037844386, 'hour_cos': 0.5000000000000001, 'month_sin': 0.8660254037844387, 'month_cos': -0.4999999999999998, 'outlet_effectiveness_ratio': 8.312500000000043, 'inlet_temp': 21.4, 'flow_rate': 14.0, 'power_consumption': 23.0, 'delta_t': -0.1999999999999993, 'thermal_power_kw': -0.19534666666666597, 'cop_realtime': 0.0, 'temp_trend_forecast': -0.7839583333333344, 'heating_demand_forecast': 0.5609999999999999, 'combined_forecast_thermal_load': 0.5609999999999999, 'pv_power_history': [5386.0, 4808.0, 5199.0, 3522.0, 3130.0, 3119.0, 3061.0, 2403.0, 2282.0, 1769.0, 1478.0, 1220.0, 872.0, 680.0, 611.0, 523.0, 406.0, 310.0], 'last_updated': '2026-05-03T18:05:54.782060+00:00'}}
2026-05-03 20:05:54,795 - DEBUG - Published 89 features to sensor.ml_heating_features
2026-05-03 20:05:54,795 - DEBUG - ✅ CYCLE 31 END: 20:05:54 (duration: 0.8s)
2026-05-03 20:05:54,796 - DEBUG - 💤 POLLING START: Waiting 30min until next cycle...
2026-05-03 20:05:54,823 - DEBUG - Active sampling: buffered 6 readings
127.0.0.1 - - [03/May/2026 20:05:57] "GET /health HTTP/1.1" 200 -
127.0.0.1 - - [03/May/2026 20:06:27] "GET /health HTTP/1.1" 200 -
2026-05-03 20:06:54,854 - DEBUG - Active sampling: buffered 6 readings
127.0.0.1 - - [03/May/2026 20:06:57] "GET /health HTTP/1.1" 200 -
127.0.0.1 - - [03/May/2026 20:07:28] "GET /health HTTP/1.1" 200 -
2026-05-03 20:07:54,885 - DEBUG - Active sampling: buffered 6 readings
127.0.0.1 - - [03/May/2026 20:07:58] "GET /health HTTP/1.1" 200 -
127.0.0.1 - - [03/May/2026 20:08:28] "GET /health HTTP/1.1" 200 -
2026-05-03 20:08:54,916 - DEBUG - Active sampling: buffered 6 readings
127.0.0.1 - - [03/May/2026 20:08:58] "GET /health HTTP/1.1" 200 -
127.0.0.1 - - [03/May/2026 20:09:28] "GET /health HTTP/1.1" 200 -
2026-05-03 20:09:54,948 - DEBUG - Active sampling: buffered 6 readings
127.0.0.1 - - [03/May/2026 20:09:58] "GET /health HTTP/1.1" 200 -
127.0.0.1 - - [03/May/2026 20:10:28] "GET /health HTTP/1.1" 200 -
2026-05-03 20:10:54,980 - DEBUG - Active sampling: buffered 6 readings
127.0.0.1 - - [03/May/2026 20:10:58] "GET /health HTTP/1.1" 200 -
127.0.0.1 - - [03/May/2026 20:11:28] "GET /health HTTP/1.1" 200 -
2026-05-03 20:11:55,011 - DEBUG - Active sampling: buffered 6 readings
127.0.0.1 - - [03/May/2026 20:11:58] "GET /health HTTP/1.1" 200 -
127.0.0.1 - - [03/May/2026 20:12:28] "GET /health HTTP/1.1" 200 -
2026-05-03 20:12:55,042 - DEBUG - Active sampling: buffered 6 readings
127.0.0.1 - - [03/May/2026 20:12:58] "GET /health HTTP/1.1" 200 -
127.0.0.1 - - [03/May/2026 20:13:28] "GET /health HTTP/1.1" 200 -
2026-05-03 20:13:55,073 - DEBUG - Active sampling: buffered 6 readings
127.0.0.1 - - [03/May/2026 20:13:58] "GET /health HTTP/1.1" 200 -
127.0.0.1 - - [03/May/2026 20:14:28] "GET /health HTTP/1.1" 200 -
2026-05-03 20:14:55,106 - DEBUG - Active sampling: buffered 6 readings
127.0.0.1 - - [03/May/2026 20:14:58] "GET /health HTTP/1.1" 200 -
127.0.0.1 - - [03/May/2026 20:15:28] "GET /health HTTP/1.1" 200 -
2026-05-03 20:15:55,107 - DEBUG - ⏰ POLLING END: Waited 10.0min, starting next cycle...
2026-05-03 20:15:55,108 - DEBUG - 🔄 CYCLE 32 START: 20:15:55 (interval: 10.0min since last cycle)
2026-05-03 20:15:55,108 - DEBUG - ♻️ Reusing existing Model Wrapper instance
2026-05-03 20:15:55,108 - INFO - Successfully loaded operational state from /config/ml_heating/unified_thermal_state_cooling.json
2026-05-03 20:15:55,137 - DEBUG - Setting HA state for sensor.ml_heating_cop_realtime: {'state': '0.00', 'attributes': {'state_class': 'measurement', 'unique_id': 'ml_heating_cop_realtime', 'friendly_name': 'ML Heating COP (Realtime)', 'unit_of_measurement': 'COP', 'icon': 'mdi:heat-pump', 'device_class': 'power_factor'}}
2026-05-03 20:15:55,149 - DEBUG - Setting HA state for sensor.ml_heating_thermal_power: {'state': '-0.098', 'attributes': {'state_class': 'measurement', 'unique_id': 'ml_heating_thermal_power', 'friendly_name': 'ML Heating Thermal Power', 'unit_of_measurement': 'kW', 'icon': 'mdi:flash', 'device_class': 'power'}}
2026-05-03 20:15:55,193 - DEBUG - Wrote thermodynamic metrics to InfluxDB
2026-05-03 20:15:55,193 - DEBUG - Thermodynamic sensors updated: COP=0.00, Power=-0.098kW
2026-05-03 20:15:55,193 - DEBUG - ♻️ Reusing existing Model Wrapper instance
2026-05-03 20:15:55,194 - DEBUG - 🎯 ACTIVE MODE LEARNING (trajectory): Verifying ML prediction accuracy for 19.3°C outlet setting
2026-05-03 20:15:55,197 - DEBUG - ☀️ SolarChannel self-learned: avg_error=0.011, pv_heat_weight=0.00132, solar_lag=45.1min, cloud_exp=1.00, solar_decay_tau=1.00h
2026-05-03 20:15:55,197 - INFO - ☀️ pv parameter update: attributed_error=-0.008283 | pv_heat_weight: 0.001308→0.001318 (Δ+0.000011) | solar_decay_tau_hours: 0.999619→0.999624 (Δ+0.000005)
2026-05-03 20:15:55,197 - INFO - Channel routing → [☀️ pv*] | error=-0.0083 | pv_current=280W pv_smoothed=2266W | params_changed=pv
2026-05-03 20:15:55,248 - DEBUG - 💾 Saved cooling thermal state to /config/ml_heating/unified_thermal_state_cooling.json
2026-05-03 20:15:55,249 - DEBUG - Skipping legacy global adaptation: channel mode owns recent-window learning
2026-05-03 20:15:55,297 - DEBUG - 💾 Saved cooling thermal state to /config/ml_heating/unified_thermal_state_cooling.json
2026-05-03 20:15:55,297 - DEBUG - Prediction feedback: error=-0.008°C, confidence=5.000
2026-05-03 20:15:55,342 - DEBUG - 💾 Saved cooling thermal state to /config/ml_heating/unified_thermal_state_cooling.json
2026-05-03 20:15:55,342 - DEBUG - 💾 Saved 62 predictions to unified thermal state
2026-05-03 20:15:55,342 - DEBUG - Added prediction: pred=23.42, actual=23.41, error=-0.008
2026-05-03 20:15:55,387 - DEBUG - 💾 Saved cooling thermal state to /config/ml_heating/unified_thermal_state_cooling.json
2026-05-03 20:15:55,389 - DEBUG - Setting HA state for sensor.ml_model_mae: {'state': '0.0310', 'attributes': {'state_class': 'measurement', 'unique_id': 'ml_heating_model_mae', 'friendly_name': 'ML Model MAE', 'unit_of_measurement': '°C', 'icon': 'mdi:chart-line', 'last_updated': '2026-05-03T18:15:55.389242+00:00'}}
2026-05-03 20:15:55,403 - DEBUG - Setting HA state for sensor.ml_model_rmse: {'state': '0.0421', 'attributes': {'state_class': 'measurement', 'unique_id': 'ml_heating_model_rmse', 'friendly_name': 'ML Model RMSE', 'unit_of_measurement': '°C', 'icon': 'mdi:chart-line', 'last_updated': '2026-05-03T18:15:55.389242+00:00'}}
2026-05-03 20:15:55,417 - DEBUG - Setting HA state for sensor.ml_heating_learning: {'state': '5.000', 'attributes': {'state_class': 'measurement', 'unique_id': 'ml_heating_learning', 'friendly_name': 'ML Adaptive Learning Metrics', 'unit_of_measurement': 'metrics', 'icon': 'mdi:brain', 'thermal_time_constant': 4.390554703745845, 'heat_loss_coefficient': 0.1245214561975565, 'outlet_effectiveness': 0.9526723072021629, 'pv_heat_weight': 0.0013182848529071155, 'fireplace_heat_weight': 0.387, 'tv_heat_weight': 0.35, 'solar_lag_minutes': 45.124246261916994, 'slab_time_constant_hours': 3.19, 'heat_source_channels_enabled': True, 'total_conductance': 0.3, 'equilibrium_ratio': 0.5, 'cycle_count': 61, 'parameter_updates': 29, 'model_health': 'excellent', 'learning_progress': 0.61, 'is_improving': True, 'improvement_percentage': 40.69892439825335, 'total_predictions': 62, 'learning_confidence': 5.0, 'last_updated': '2026-05-03T18:15:55.417000+00:00', 'delta_t_floor': 2.3, 'cloud_factor_exponent': 1.0, 'solar_decay_tau_hours': 0.9996239099611935, 'fp_heat_output_kw': 0.387, 'fp_decay_time_constant': 3.9144707244638868, 'room_spread_delay_minutes': 18.0, 'ch_heat_pump_history_count': 0, 'ch_heat_pump_last_error': 0.0, 'ch_pv_history_count': 59, 'ch_pv_last_error': -0.008283116630156684, 'ch_fireplace_history_count': 0, 'ch_fireplace_last_error': 0.0, 'ch_tv_history_count': 0, 'ch_tv_last_error': 0.0}}
2026-05-03 20:15:55,431 - DEBUG - Setting HA state for sensor.ml_model_mae: {'state': '0.0310', 'attributes': {'state_class': 'measurement', 'unique_id': 'ml_heating_model_mae', 'friendly_name': 'ML Model MAE', 'unit_of_measurement': '°C', 'icon': 'mdi:chart-line', 'mae_1h': 0.02326634519262753, 'mae_6h': 0.03100711232194356, 'mae_24h': 0.03100711232194356, 'trend_direction': 'improving', 'prediction_count': 62, 'last_updated': '2026-05-03T18:15:55.417000+00:00'}}
2026-05-03 20:15:55,448 - DEBUG - Setting HA state for sensor.ml_model_rmse: {'state': '0.0421', 'attributes': {'state_class': 'measurement', 'unique_id': 'ml_heating_model_rmse', 'friendly_name': 'ML Model RMSE', 'unit_of_measurement': '°C', 'icon': 'mdi:chart-line', 'recent_max_error': 0.053160022225721804, 'std_error': 0.0284, 'mean_bias': 0.0, 'prediction_count': 62, 'last_updated': '2026-05-03T18:15:55.417000+00:00'}}
2026-05-03 20:15:55,462 - DEBUG - Setting HA state for sensor.ml_prediction_accuracy: {'state': '100.0', 'attributes': {'state_class': 'measurement', 'unique_id': 'ml_prediction_accuracy', 'friendly_name': 'ML Prediction Accuracy', 'unit_of_measurement': '%', 'icon': 'mdi:target', 'perfect_accuracy_pct': 0.0, 'tolerable_accuracy_pct': 100.0, 'poor_accuracy_pct': 0.0, 'prediction_count_24h': 0, 'excellent_all_time_pct': 96.7741935483871, 'good_all_time_pct': 100.0, 'last_updated': '2026-05-03T18:15:55.417000+00:00'}}
2026-05-03 20:15:55,475 - DEBUG - Logged refactored sensor metrics to HA
2026-05-03 20:15:55,476 - DEBUG - Logging feature importance
2026-05-03 20:15:55,476 - DEBUG - Setting HA state for sensor.ml_feature_importance: {'state': '5', 'attributes': {'state_class': 'measurement', 'unique_id': 'ml_heating_feature_importance', 'friendly_name': 'ML Feature Importance', 'unit_of_measurement': '%', 'icon': 'mdi:format-list-numbered', 'top_features': {'target_temp': 52.47, 'fireplace': 21.32, 'tv_power': 19.28, 'outdoor_temp': 6.86, 'pv_power': 0.07}, 'last_updated': '2026-05-03T18:15:55.476057+00:00'}}
2026-05-03 20:15:55,489 - INFO - ✅ Exported metrics to Home Assistant sensors successfully
2026-05-03 20:15:55,490 - INFO - ✅ Learning cycle 61: error=0.008°C, confidence=5.000, total_predictions=62
2026-05-03 20:15:55,490 - DEBUG - ✅ Online learning: applied_temp=19.3°C, actual_change=-0.020°C, cycle=61
2026-05-03 20:15:55,490 - INFO - ❄️ Cooling mode active (state: cool)
2026-05-03 20:15:55,490 - DEBUG - ♻️ Reusing existing Model Wrapper instance
2026-05-03 20:15:55,490 - INFO - ❄️ COOLING MODE: ML will calculate cooling outlet temperature (outlet < inlet) — using cooling state /config/ml_heating/unified_thermal_state_cooling.json
2026-05-03 20:15:55,518 - DEBUG - Fireplace is OFF. Using main indoor temp for prediction.
2026-05-03 20:15:55,714 - DEBUG - PV forecast parsed successfully: [0.0, 0.0, 0.0, 0.0, 0.0, 0.0, 0.0, 0.0, 10.2, 370.5, 1543.2, 2844.0]W
2026-05-03 20:15:55,714 - DEBUG - Solar correction: enabled=True, percent=100.0%, factor=1.000
2026-05-03 20:15:55,750 - DEBUG - Delta calibration applied: offset=+3.01°C
2026-05-03 20:15:55,750 - DEBUG - Raw forecasts: [16.7, 14.9, 13.7, 13.1, 12.2, 12.0, 11.7, 11.4, 11.1, 10.4, 11.1, 12.7]
2026-05-03 20:15:55,750 - DEBUG - Calibrated forecasts: [19.71, 17.91, 16.71, 16.11, 15.21, 15.01, 14.71, 14.41, 14.11, 13.41, 14.11, 15.71]
2026-05-03 20:15:55,754 - INFO - ☀️ Forecast trajectory: PV=160W < threshold=1500W, only 2 forecast hours above threshold (need 6) → inactive, 6 steps
2026-05-03 20:15:55,754 - DEBUG - ♻️ Reusing existing Model Wrapper instance
2026-05-03 20:15:55,759 - INFO - DEBUG: Wrapper params: U=0.1245214561975565, eff=0.9526723072021629, tau=4.390554703745845
2026-05-03 20:15:55,759 - DEBUG - PV scalar: no forecast sun (1h=0W ≤ 50W), snapping to pv_now=160W (rolling window reset)
2026-05-03 20:15:55,759 - DEBUG - ❄️ Cooling: tightened outlet_max to 19.4°C (inlet=21.4°C − delta=2.0°C)
2026-05-03 20:15:55,759 - INFO - ❄️ Cooling mode bounds: outlet 18.3–19.4°C (indoor=23.4°C, target=22.6°C)
2026-05-03 20:15:55,759 - DEBUG - 🔧 Using natural bounds: outlet_min=18.3°C, outlet_max=19.4°C
2026-05-03 20:15:55,759 - INFO - 🌡️ Using cycle-aligned forecast (10min): outdoor=19.7°C (vs current 19.7°C), PV=147W (vs current 160W)
2026-05-03 20:15:55,759 - DEBUG - DEBUG: No PV history found, using scalar avg_pv: 146.66666666666666
2026-05-03 20:15:55,760 - INFO - 🔄 HP off (delta_t=-0.18): simulating HP-on delta_t=2.30 for binary search
2026-05-03 20:15:55,760 - DEBUG - 🎯 Binary search start: target=22.6°C, current=23.4°C, range=18.3-19.4°C
2026-05-03 20:15:55,760 - DEBUG - 🔍 Binary search features: inlet_temp=21.419999999999998, delta_t_floor=2.30, indoor_temp_delta_60m=-0.0642, horizon=6.0h, outlet_mid=18.9°C
2026-05-03 20:15:55,761 - DEBUG - ✅ Binary search trajectory OK (iter 1): outlet=18.9°C → predicted=22.08°C (steps=36, start=23.35→end=22.08)
2026-05-03 20:15:55,761 - DEBUG -    Iteration 1: outlet=18.9°C → predicted=22.08°C, error=-0.521°C (range: 18.3-19.4°C)
2026-05-03 20:15:55,761 - DEBUG -      → Cooling: Predicted below target, raising minimum to 18.9°C
2026-05-03 20:15:55,762 - DEBUG -    Iteration 2: outlet=19.1°C → predicted=22.08°C, error=-0.521°C (range: 18.9-19.4°C)
2026-05-03 20:15:55,762 - DEBUG -      → Cooling: Predicted below target, raising minimum to 19.1°C
2026-05-03 20:15:55,763 - DEBUG -    Iteration 3: outlet=19.3°C → predicted=22.08°C, error=-0.521°C (range: 19.1-19.4°C)
2026-05-03 20:15:55,764 - DEBUG -      → Cooling: Predicted below target, raising minimum to 19.3°C
2026-05-03 20:15:55,765 - DEBUG -    Iteration 4: outlet=19.4°C → predicted=22.08°C, error=-0.521°C (range: 19.3-19.4°C)
2026-05-03 20:15:55,765 - DEBUG -      → Cooling: Predicted below target, raising minimum to 19.4°C
2026-05-03 20:15:55,766 - DEBUG -    Iteration 5: outlet=19.4°C → predicted=22.08°C, error=-0.521°C (range: 19.4-19.4°C)
2026-05-03 20:15:55,766 - DEBUG -      → Cooling: Predicted below target, raising minimum to 19.4°C
2026-05-03 20:15:55,766 - INFO - 🔄 Binary search early exit after 6 iterations: range collapsed to 0.035°C, using 19.4°C
2026-05-03 20:15:55,766 - DEBUG - 🧠 Smart rounding is using cycle-aligned forecast: PV=147W (caller sent PV=160W)
2026-05-03 20:15:55,766 - INFO - 🎯 Prediction: Current 23.41°C → Target 22.6°C | Calculated outlet: 19.4°C (before smart rounding) (confidence: 5.000)
2026-05-03 20:15:55,766 - DEBUG - Model Wrapper: temp=19.4°C, error=0.810°C, confidence=5.000
2026-05-03 20:15:55,766 - DEBUG - EMA smoothing: 19.40°C → 19.4°C (last=19.3, α=0.50)
2026-05-03 20:15:55,766 - DEBUG - ♻️ Reusing existing Model Wrapper instance
2026-05-03 20:15:55,766 - INFO - 🌡️ Using cycle-aligned forecast (10min): outdoor=19.2°C (vs current 19.2°C), PV=1811W (vs current 1975W)
2026-05-03 20:15:55,766 - DEBUG - 🧠 Smart rounding is using cycle-aligned forecast: PV=147W (caller sent PV=1811W)
2026-05-03 20:15:55,766 - DEBUG - 🧠 Smart rounding is using cycle-aligned forecast: PV=147W (caller sent PV=1811W)
2026-05-03 20:15:55,767 - DEBUG - Smart rounding: 19.40°C → 19°C (chose floor: floor→23.26°C [err=0.661], ceiling→23.29°C [err=0.693], target=22.6°C)
2026-05-03 20:15:55,767 - DEBUG - Setting target outlet temp
2026-05-03 20:15:55,767 - DEBUG - Setting HA state for sensor.ml_vorlauftemperatur: {'state': '19.4', 'attributes': {'state_class': 'measurement', 'unique_id': 'ml_heating_target_outlet_temp', 'friendly_name': 'ML Target Outlet Temp', 'unit_of_measurement': '°C', 'device_class': 'temperature', 'icon': 'mdi:thermometer-water'}}
2026-05-03 20:15:55,780 - DEBUG - Logging thermal model metrics
2026-05-03 20:15:55,780 - DEBUG - Setting HA state for sensor.ml_heating_state: {'state': '0', 'attributes': {'state_class': 'measurement', 'unique_id': 'ml_heating_state', 'friendly_name': 'ML Heating State', 'unit_of_measurement': 'state', 'icon': 'mdi:information-outline', 'state_description': 'OK - Prediction done', 'confidence': 5.0, 'suggested_temp': 19.4, 'final_temp': 19.4, 'predicted_indoor': 23.3, 'last_prediction_time': '2026-05-03T18:15:55.780293+00:00', 'temperature_error': 0.81}}
2026-05-03 20:15:55,797 - DEBUG - ✅ ACTIVE MODE: ML controlling heating via input_boolean.ml_heating
2026-05-03 20:15:55,798 - DEBUG - 🧠 Smart rounding is using cycle-aligned forecast: PV=147W (caller sent PV=1975W)
2026-05-03 20:15:55,799 - DEBUG - Target: 22.6°C | Suggested: 19.4°C | Applied: 19.4°C | Actual Indoor: 23.41°C | Predicted Indoor: 23.27°C | Confidence: 5.000
2026-05-03 20:15:55,799 - INFO - Target: 22.6°C | Suggested: 19.4°C | Applied: 19.4°C | Actual Indoor: 23.41°C | Predicted Indoor: 23.27°C | Confidence: 5.000
2026-05-03 20:15:55,844 - DEBUG - 💾 Saved cooling thermal state to /config/ml_heating/unified_thermal_state_cooling.json
2026-05-03 20:15:55,845 - DEBUG - Operational state saved to /config/ml_heating/unified_thermal_state_cooling.json; updated keys: ['last_run_features', 'last_indoor_temp', 'last_avg_other_rooms_temp', 'last_fireplace_on', 'last_final_temp', 'last_predicted_indoor', 'last_is_blocking', 'last_blocking_reasons', 'setpoint_hold_cycles_remaining']
2026-05-03 20:15:55,845 - DEBUG - Setting HA state for sensor.ml_heating_features: {'state': '23.30', 'attributes': {'state_class': 'measurement', 'unique_id': 'ml_heating_features', 'friendly_name': 'ML Heating Features', 'unit_of_measurement': '°C', 'device_class': 'temperature', 'icon': 'mdi:feature-search-outline', 'living_room_temp': 23.3, 'outlet_temp': 21.240000000000002, 'indoor_temp_lag_30m': 23.436, 'target_temp': 22.6, 'outdoor_temp': 19.709375000000005, 'dhw_heating': 0.0, 'dhw_disinfection': 0.0, 'dhw_boost_heater': 0.0, 'defrosting': 0.0, 'pv_now': 160.0, 'pv_now_electrical': 160.0, 'solar_correction_percent': 100.0, 'solar_correction_factor': 1.0, 'solar_correction_enabled': 1.0, 'fireplace_on': 0.0, 'tv_on': 0.0, 'temp_forecast_1h': 19.71, 'temp_forecast_2h': 17.91, 'temp_forecast_3h': 16.71, 'temp_forecast_4h': 16.11, 'temp_forecast_5h': 15.21, 'temp_forecast_6h': 15.01, 'temp_forecast_7h': 14.71, 'temp_forecast_8h': 14.41, 'temp_forecast_9h': 14.11, 'temp_forecast_10h': 13.41, 'temp_forecast_11h': 14.11, 'temp_forecast_12h': 15.71, 'pv_forecast_1h': 0.0, 'pv_forecast_2h': 0.0, 'pv_forecast_3h': 0.0, 'pv_forecast_4h': 0.0, 'pv_forecast_5h': 0.0, 'pv_forecast_6h': 0.0, 'pv_forecast_7h': 0.0, 'pv_forecast_8h': 0.0, 'pv_forecast_9h': 10.2, 'pv_forecast_10h': 370.5, 'pv_forecast_11h': 1543.2, 'pv_forecast_12h': 2844.0, 'pv_forecast_electrical_1h': 0.0, 'pv_forecast_electrical_2h': 0.0, 'pv_forecast_electrical_3h': 0.0, 'pv_forecast_electrical_4h': 0.0, 'pv_forecast_electrical_5h': 0.0, 'pv_forecast_electrical_6h': 0.0, 'pv_forecast_electrical_7h': 0.0, 'pv_forecast_electrical_8h': 0.0, 'pv_forecast_electrical_9h': 10.2, 'pv_forecast_electrical_10h': 370.5, 'pv_forecast_electrical_11h': 1543.2, 'pv_forecast_electrical_12h': 2844.0, 'cloud_cover_forecast_1h': 0.0, 'cloud_cover_forecast_2h': 0.0, 'cloud_cover_forecast_3h': 0.0, 'cloud_cover_forecast_4h': 0.0, 'cloud_cover_forecast_5h': 0.0, 'cloud_cover_forecast_6h': 0.0, 'cloud_cover_forecast_7h': 0.0, 'cloud_cover_forecast_8h': 0.0, 'cloud_cover_forecast_9h': 0.0, 'cloud_cover_forecast_10h': 0.0, 'cloud_cover_forecast_11h': 0.0, 'cloud_cover_forecast_12h': 0.0, 'temp_diff_indoor_outdoor': 3.7093750000000014, 'indoor_temp_gradient': -0.8654999999999546, 'outlet_indoor_diff': -2.1787500000000044, 'indoor_temp_lag_10m': 23.415000000000003, 'indoor_temp_lag_60m': 23.482999999999997, 'outlet_temp_lag_30m': 21.139999999999997, 'outlet_temp_change': 0.0066666666666712615, 'indoor_temp_delta_10m': 0.003750000000003695, 'indoor_temp_delta_30m': -0.01724999999999355, 'indoor_temp_delta_60m': -0.06424999999999059, 'hour_sin': -0.8660254037844386, 'hour_cos': 0.5000000000000001, 'month_sin': 0.8660254037844387, 'month_cos': -0.4999999999999998, 'outlet_effectiveness_ratio': 8.18750000000005, 'inlet_temp': 21.419999999999998, 'flow_rate': 14.0, 'power_consumption': 69.0, 'delta_t': -0.17999999999999616, 'thermal_power_kw': -0.17581199999999625, 'cop_realtime': 0.0, 'temp_trend_forecast': -0.7832291666666675, 'heating_demand_forecast': 0.5990000000000001, 'combined_forecast_thermal_load': 0.5990000000000001, 'pv_power_history': [4808.0, 5199.0, 3522.0, 3130.0, 3119.0, 3061.0, 2403.0, 2282.0, 1769.0, 1478.0, 1220.0, 872.0, 680.0, 611.0, 523.0, 406.0, 289.0, 185.0], 'last_updated': '2026-05-03T18:15:55.845281+00:00'}}
2026-05-03 20:15:55,858 - DEBUG - Published 89 features to sensor.ml_heating_features
2026-05-03 20:15:55,859 - DEBUG - ✅ CYCLE 32 END: 20:15:55 (duration: 0.8s)
2026-05-03 20:15:55,859 - DEBUG - 💤 POLLING START: Waiting 30min until next cycle...
2026-05-03 20:15:55,886 - DEBUG - Active sampling: buffered 6 readings
127.0.0.1 - - [03/May/2026 20:15:58] "GET /health HTTP/1.1" 200 -
127.0.0.1 - - [03/May/2026 20:16:28] "GET /health HTTP/1.1" 200 -
2026-05-03 20:16:55,917 - DEBUG - Active sampling: buffered 6 readings
127.0.0.1 - - [03/May/2026 20:16:59] "GET /health HTTP/1.1" 200 -
127.0.0.1 - - [03/May/2026 20:17:29] "GET /health HTTP/1.1" 200 -
2026-05-03 20:17:55,949 - DEBUG - Active sampling: buffered 6 readings
127.0.0.1 - - [03/May/2026 20:17:59] "GET /health HTTP/1.1" 200 -
127.0.0.1 - - [03/May/2026 20:18:29] "GET /health HTTP/1.1" 200 -
2026-05-03 20:18:55,980 - DEBUG - Active sampling: buffered 6 readings
127.0.0.1 - - [03/May/2026 20:18:59] "GET /health HTTP/1.1" 200 -
127.0.0.1 - - [03/May/2026 20:19:29] "GET /health HTTP/1.1" 200 -
2026-05-03 20:19:56,011 - DEBUG - Active sampling: buffered 6 readings
127.0.0.1 - - [03/May/2026 20:19:59] "GET /health HTTP/1.1" 200 -
127.0.0.1 - - [03/May/2026 20:20:29] "GET /health HTTP/1.1" 200 -
2026-05-03 20:20:56,044 - DEBUG - Active sampling: buffered 6 readings
127.0.0.1 - - [03/May/2026 20:20:59] "GET /health HTTP/1.1" 200 -
127.0.0.1 - - [03/May/2026 20:21:29] "GET /health HTTP/1.1" 200 -
2026-05-03 20:21:56,078 - DEBUG - Active sampling: buffered 6 readings
127.0.0.1 - - [03/May/2026 20:21:59] "GET /health HTTP/1.1" 200 -
127.0.0.1 - - [03/May/2026 20:22:29] "GET /health HTTP/1.1" 200 -
2026-05-03 20:22:56,115 - DEBUG - Active sampling: buffered 6 readings
127.0.0.1 - - [03/May/2026 20:22:59] "GET /health HTTP/1.1" 200 -
127.0.0.1 - - [03/May/2026 20:23:29] "GET /health HTTP/1.1" 200 -
2026-05-03 20:23:56,150 - DEBUG - Active sampling: buffered 6 readings
127.0.0.1 - - [03/May/2026 20:23:59] "GET /health HTTP/1.1" 200 -
127.0.0.1 - - [03/May/2026 20:24:29] "GET /health HTTP/1.1" 200 -
2026-05-03 20:24:56,183 - DEBUG - Active sampling: buffered 6 readings
127.0.0.1 - - [03/May/2026 20:24:59] "GET /health HTTP/1.1" 200 -
127.0.0.1 - - [03/May/2026 20:25:29] "GET /health HTTP/1.1" 200 -
2026-05-03 20:25:56,184 - DEBUG - ⏰ POLLING END: Waited 10.0min, starting next cycle...
2026-05-03 20:25:56,185 - DEBUG - 🔄 CYCLE 33 START: 20:25:56 (interval: 10.0min since last cycle)
2026-05-03 20:25:56,185 - DEBUG - ♻️ Reusing existing Model Wrapper instance
2026-05-03 20:25:56,185 - INFO - Successfully loaded operational state from /config/ml_heating/unified_thermal_state_cooling.json
2026-05-03 20:25:56,271 - DEBUG - Setting HA state for sensor.ml_heating_cop_realtime: {'state': '0.00', 'attributes': {'state_class': 'measurement', 'unique_id': 'ml_heating_cop_realtime', 'friendly_name': 'ML Heating COP (Realtime)', 'unit_of_measurement': 'COP', 'icon': 'mdi:heat-pump', 'device_class': 'power_factor'}}
2026-05-03 20:25:56,283 - DEBUG - Setting HA state for sensor.ml_heating_thermal_power: {'state': '-0.195', 'attributes': {'state_class': 'measurement', 'unique_id': 'ml_heating_thermal_power', 'friendly_name': 'ML Heating Thermal Power', 'unit_of_measurement': 'kW', 'icon': 'mdi:flash', 'device_class': 'power'}}
2026-05-03 20:25:56,326 - DEBUG - Wrote thermodynamic metrics to InfluxDB
2026-05-03 20:25:56,326 - DEBUG - Thermodynamic sensors updated: COP=0.00, Power=-0.195kW
2026-05-03 20:25:56,327 - DEBUG - ♻️ Reusing existing Model Wrapper instance
2026-05-03 20:25:56,327 - DEBUG - 🎯 ACTIVE MODE LEARNING (trajectory): Verifying ML prediction accuracy for 19.4°C outlet setting
2026-05-03 20:25:56,330 - DEBUG - ☀️ SolarChannel self-learned: avg_error=0.008, pv_heat_weight=0.00133, solar_lag=45.1min, cloud_exp=1.00, solar_decay_tau=1.00h
2026-05-03 20:25:56,330 - INFO - ☀️ pv parameter update: attributed_error=+0.007978 | pv_heat_weight: 0.001318→0.001326 (Δ+0.000008) | solar_decay_tau_hours: 0.999624→0.999628 (Δ+0.000004)
2026-05-03 20:25:56,330 - INFO - Channel routing → [☀️ pv*] | error=+0.0080 | pv_current=160W pv_smoothed=1975W | params_changed=pv
2026-05-03 20:25:56,381 - DEBUG - 💾 Saved cooling thermal state to /config/ml_heating/unified_thermal_state_cooling.json
2026-05-03 20:25:56,382 - DEBUG - Skipping legacy global adaptation: channel mode owns recent-window learning
2026-05-03 20:25:56,431 - DEBUG - 💾 Saved cooling thermal state to /config/ml_heating/unified_thermal_state_cooling.json
2026-05-03 20:25:56,431 - DEBUG - Prediction feedback: error=0.008°C, confidence=5.000
2026-05-03 20:25:56,476 - DEBUG - 💾 Saved cooling thermal state to /config/ml_heating/unified_thermal_state_cooling.json
2026-05-03 20:25:56,477 - DEBUG - 💾 Saved 63 predictions to unified thermal state
2026-05-03 20:25:56,477 - DEBUG - Added prediction: pred=23.39, actual=23.40, error=0.008
2026-05-03 20:25:56,523 - DEBUG - 💾 Saved cooling thermal state to /config/ml_heating/unified_thermal_state_cooling.json
2026-05-03 20:25:56,524 - DEBUG - Setting HA state for sensor.ml_model_mae: {'state': '0.0306', 'attributes': {'state_class': 'measurement', 'unique_id': 'ml_heating_model_mae', 'friendly_name': 'ML Model MAE', 'unit_of_measurement': '°C', 'icon': 'mdi:chart-line', 'last_updated': '2026-05-03T18:25:56.524907+00:00'}}
2026-05-03 20:25:56,538 - DEBUG - Setting HA state for sensor.ml_model_rmse: {'state': '0.0417', 'attributes': {'state_class': 'measurement', 'unique_id': 'ml_heating_model_rmse', 'friendly_name': 'ML Model RMSE', 'unit_of_measurement': '°C', 'icon': 'mdi:chart-line', 'last_updated': '2026-05-03T18:25:56.524907+00:00'}}
2026-05-03 20:25:56,552 - DEBUG - Setting HA state for sensor.ml_heating_learning: {'state': '5.000', 'attributes': {'state_class': 'measurement', 'unique_id': 'ml_heating_learning', 'friendly_name': 'ML Adaptive Learning Metrics', 'unit_of_measurement': 'metrics', 'icon': 'mdi:brain', 'thermal_time_constant': 4.390554703745845, 'heat_loss_coefficient': 0.1245214561975565, 'outlet_effectiveness': 0.9526723072021629, 'pv_heat_weight': 0.0013260470968993702, 'fireplace_heat_weight': 0.387, 'tv_heat_weight': 0.35, 'solar_lag_minutes': 45.124246261916994, 'slab_time_constant_hours': 3.19, 'heat_source_channels_enabled': True, 'total_conductance': 0.3, 'equilibrium_ratio': 0.5, 'cycle_count': 62, 'parameter_updates': 30, 'model_health': 'excellent', 'learning_progress': 0.62, 'is_improving': True, 'improvement_percentage': 41.91164307586977, 'total_predictions': 63, 'learning_confidence': 5.0, 'last_updated': '2026-05-03T18:25:56.552059+00:00', 'delta_t_floor': 2.3, 'cloud_factor_exponent': 1.0, 'solar_decay_tau_hours': 0.9996277910831897, 'fp_heat_output_kw': 0.387, 'fp_decay_time_constant': 3.9144707244638868, 'room_spread_delay_minutes': 18.0, 'ch_heat_pump_history_count': 0, 'ch_heat_pump_last_error': 0.0, 'ch_pv_history_count': 60, 'ch_pv_last_error': 0.007978127875638563, 'ch_fireplace_history_count': 0, 'ch_fireplace_last_error': 0.0, 'ch_tv_history_count': 0, 'ch_tv_last_error': 0.0}}
2026-05-03 20:25:56,566 - DEBUG - Setting HA state for sensor.ml_model_mae: {'state': '0.0306', 'attributes': {'state_class': 'measurement', 'unique_id': 'ml_heating_model_mae', 'friendly_name': 'ML Model MAE', 'unit_of_measurement': '°C', 'icon': 'mdi:chart-line', 'mae_1h': 0.023177397589662085, 'mae_6h': 0.030641572886287924, 'mae_24h': 0.030641572886287924, 'trend_direction': 'improving', 'prediction_count': 63, 'last_updated': '2026-05-03T18:25:56.552059+00:00'}}
2026-05-03 20:25:56,583 - DEBUG - Setting HA state for sensor.ml_model_rmse: {'state': '0.0417', 'attributes': {'state_class': 'measurement', 'unique_id': 'ml_heating_model_rmse', 'friendly_name': 'ML Model RMSE', 'unit_of_measurement': '°C', 'icon': 'mdi:chart-line', 'recent_max_error': 0.053160022225721804, 'std_error': 0.0283, 'mean_bias': 0.0, 'prediction_count': 63, 'last_updated': '2026-05-03T18:25:56.552059+00:00'}}
2026-05-03 20:25:56,598 - DEBUG - Setting HA state for sensor.ml_prediction_accuracy: {'state': '100.0', 'attributes': {'state_class': 'measurement', 'unique_id': 'ml_prediction_accuracy', 'friendly_name': 'ML Prediction Accuracy', 'unit_of_measurement': '%', 'icon': 'mdi:target', 'perfect_accuracy_pct': 0.0, 'tolerable_accuracy_pct': 100.0, 'poor_accuracy_pct': 0.0, 'prediction_count_24h': 0, 'excellent_all_time_pct': 96.82539682539682, 'good_all_time_pct': 100.0, 'last_updated': '2026-05-03T18:25:56.552059+00:00'}}
2026-05-03 20:25:56,613 - DEBUG - Logged refactored sensor metrics to HA
2026-05-03 20:25:56,613 - DEBUG - Logging feature importance
2026-05-03 20:25:56,613 - DEBUG - Setting HA state for sensor.ml_feature_importance: {'state': '5', 'attributes': {'state_class': 'measurement', 'unique_id': 'ml_heating_feature_importance', 'friendly_name': 'ML Feature Importance', 'unit_of_measurement': '%', 'icon': 'mdi:format-list-numbered', 'top_features': {'target_temp': 52.47, 'fireplace': 21.32, 'tv_power': 19.28, 'outdoor_temp': 6.86, 'pv_power': 0.07}, 'last_updated': '2026-05-03T18:25:56.613273+00:00'}}
2026-05-03 20:25:56,626 - INFO - ✅ Exported metrics to Home Assistant sensors successfully
2026-05-03 20:25:56,626 - INFO - ✅ Learning cycle 62: error=0.008°C, confidence=5.000, total_predictions=63
2026-05-03 20:25:56,626 - DEBUG - ✅ Online learning: applied_temp=19.4°C, actual_change=-0.010°C, cycle=62
2026-05-03 20:25:56,626 - INFO - ❄️ Cooling mode active (state: cool)
2026-05-03 20:25:56,626 - DEBUG - ♻️ Reusing existing Model Wrapper instance
2026-05-03 20:25:56,627 - INFO - ❄️ COOLING MODE: ML will calculate cooling outlet temperature (outlet < inlet) — using cooling state /config/ml_heating/unified_thermal_state_cooling.json
2026-05-03 20:25:56,656 - DEBUG - Fireplace is OFF. Using main indoor temp for prediction.
2026-05-03 20:25:56,802 - DEBUG - PV forecast parsed successfully: [0.0, 0.0, 0.0, 0.0, 0.0, 0.0, 0.0, 0.0, 10.2, 370.5, 1543.2, 2844.0]W
2026-05-03 20:25:56,803 - DEBUG - Solar correction: enabled=True, percent=100.0%, factor=1.000
2026-05-03 20:25:56,888 - DEBUG - Delta calibration applied: offset=+2.62°C
2026-05-03 20:25:56,888 - DEBUG - Raw forecasts: [16.7, 14.9, 13.7, 13.1, 12.2, 12.0, 11.7, 11.4, 11.1, 10.4, 11.1, 12.7]
2026-05-03 20:25:56,888 - DEBUG - Calibrated forecasts: [19.32, 17.52, 16.32, 15.72, 14.82, 14.62, 14.32, 14.02, 13.72, 13.02, 13.72, 15.32]
2026-05-03 20:25:56,892 - INFO - ☀️ Forecast trajectory: PV=80W < threshold=1500W, only 2 forecast hours above threshold (need 6) → inactive, 6 steps
2026-05-03 20:25:56,893 - DEBUG - ♻️ Reusing existing Model Wrapper instance
2026-05-03 20:25:56,900 - INFO - DEBUG: Wrapper params: U=0.1245214561975565, eff=0.9526723072021629, tau=4.390554703745845
2026-05-03 20:25:56,900 - DEBUG - PV scalar: no forecast sun (1h=0W ≤ 50W), snapping to pv_now=80W (rolling window reset)
2026-05-03 20:25:56,900 - DEBUG - ❄️ Cooling: tightened outlet_max to 19.5°C (inlet=21.5°C − delta=2.0°C)
2026-05-03 20:25:56,900 - INFO - ❄️ Cooling mode bounds: outlet 18.3–19.5°C (indoor=23.4°C, target=22.6°C)
2026-05-03 20:25:56,901 - DEBUG - 🔧 Using natural bounds: outlet_min=18.3°C, outlet_max=19.5°C
2026-05-03 20:25:56,901 - INFO - 🌡️ Using cycle-aligned forecast (10min): outdoor=19.3°C (vs current 19.3°C), PV=73W (vs current 80W)
2026-05-03 20:25:56,901 - DEBUG - DEBUG: No PV history found, using scalar avg_pv: 73.33333333333333
2026-05-03 20:25:56,901 - INFO - 🔄 HP off (delta_t=-0.20): simulating HP-on delta_t=2.30 for binary search
2026-05-03 20:25:56,901 - DEBUG - 🎯 Binary search start: target=22.6°C, current=23.4°C, range=18.3-19.5°C
2026-05-03 20:25:56,901 - DEBUG - 🔍 Binary search features: inlet_temp=21.5, delta_t_floor=2.30, indoor_temp_delta_60m=-0.0610, horizon=6.0h, outlet_mid=18.9°C
2026-05-03 20:25:56,903 - DEBUG - ✅ Binary search trajectory OK (iter 1): outlet=18.9°C → predicted=22.06°C (steps=36, start=23.34→end=22.06)
2026-05-03 20:25:56,903 - DEBUG -    Iteration 1: outlet=18.9°C → predicted=22.06°C, error=-0.542°C (range: 18.3-19.5°C)
2026-05-03 20:25:56,903 - DEBUG -      → Cooling: Predicted below target, raising minimum to 18.9°C
2026-05-03 20:25:56,905 - DEBUG -    Iteration 2: outlet=19.2°C → predicted=22.06°C, error=-0.542°C (range: 18.9-19.5°C)
2026-05-03 20:25:56,905 - DEBUG -      → Cooling: Predicted below target, raising minimum to 19.2°C
2026-05-03 20:25:56,906 - DEBUG -    Iteration 3: outlet=19.4°C → predicted=22.06°C, error=-0.542°C (range: 19.2-19.5°C)
2026-05-03 20:25:56,906 - DEBUG -      → Cooling: Predicted below target, raising minimum to 19.4°C
2026-05-03 20:25:56,907 - DEBUG -    Iteration 4: outlet=19.4°C → predicted=22.06°C, error=-0.542°C (range: 19.4-19.5°C)
2026-05-03 20:25:56,907 - DEBUG -      → Cooling: Predicted below target, raising minimum to 19.4°C
2026-05-03 20:25:56,909 - DEBUG -    Iteration 5: outlet=19.5°C → predicted=22.06°C, error=-0.542°C (range: 19.4-19.5°C)
2026-05-03 20:25:56,909 - DEBUG -      → Cooling: Predicted below target, raising minimum to 19.5°C
2026-05-03 20:25:56,909 - INFO - 🔄 Binary search early exit after 6 iterations: range collapsed to 0.038°C, using 19.5°C
2026-05-03 20:25:56,909 - DEBUG - 🧠 Smart rounding is using cycle-aligned forecast: PV=73W (caller sent PV=80W)
2026-05-03 20:25:56,909 - INFO - 🎯 Prediction: Current 23.40°C → Target 22.6°C | Calculated outlet: 19.5°C (before smart rounding) (confidence: 5.000)
2026-05-03 20:25:56,909 - DEBUG - Model Wrapper: temp=19.5°C, error=0.800°C, confidence=5.000
2026-05-03 20:25:56,909 - DEBUG - EMA smoothing: 19.48°C → 19.4°C (last=19.4, α=0.50)
2026-05-03 20:25:56,909 - DEBUG - ♻️ Reusing existing Model Wrapper instance
2026-05-03 20:25:56,909 - INFO - 🌡️ Using cycle-aligned forecast (10min): outdoor=18.7°C (vs current 18.6°C), PV=1570W (vs current 1713W)
2026-05-03 20:25:56,910 - DEBUG - 🧠 Smart rounding is using cycle-aligned forecast: PV=73W (caller sent PV=1570W)
2026-05-03 20:25:56,910 - DEBUG - 🧠 Smart rounding is using cycle-aligned forecast: PV=73W (caller sent PV=1570W)
2026-05-03 20:25:56,910 - DEBUG - Smart rounding: 19.40°C → 19°C (chose floor: floor→23.25°C [err=0.646], ceiling→23.28°C [err=0.678], target=22.6°C)
2026-05-03 20:25:56,910 - DEBUG - Setting target outlet temp
2026-05-03 20:25:56,910 - DEBUG - Setting HA state for sensor.ml_vorlauftemperatur: {'state': '19.4', 'attributes': {'state_class': 'measurement', 'unique_id': 'ml_heating_target_outlet_temp', 'friendly_name': 'ML Target Outlet Temp', 'unit_of_measurement': '°C', 'device_class': 'temperature', 'icon': 'mdi:thermometer-water'}}
2026-05-03 20:25:56,926 - DEBUG - Logging thermal model metrics
2026-05-03 20:25:56,926 - DEBUG - Setting HA state for sensor.ml_heating_state: {'state': '0', 'attributes': {'state_class': 'measurement', 'unique_id': 'ml_heating_state', 'friendly_name': 'ML Heating State', 'unit_of_measurement': 'state', 'icon': 'mdi:information-outline', 'state_description': 'OK - Prediction done', 'confidence': 5.0, 'suggested_temp': 19.48, 'final_temp': 19.4, 'predicted_indoor': 23.28, 'last_prediction_time': '2026-05-03T18:25:56.926513+00:00', 'temperature_error': 0.8}}
2026-05-03 20:25:56,942 - DEBUG - ✅ ACTIVE MODE: ML controlling heating via input_boolean.ml_heating
2026-05-03 20:25:56,943 - DEBUG - 🧠 Smart rounding is using cycle-aligned forecast: PV=73W (caller sent PV=1713W)
2026-05-03 20:25:56,944 - DEBUG - Target: 22.6°C | Suggested: 19.5°C | Applied: 19.4°C | Actual Indoor: 23.40°C | Predicted Indoor: 23.26°C | Confidence: 5.000
2026-05-03 20:25:56,944 - INFO - Target: 22.6°C | Suggested: 19.5°C | Applied: 19.4°C | Actual Indoor: 23.40°C | Predicted Indoor: 23.26°C | Confidence: 5.000
2026-05-03 20:25:56,991 - DEBUG - 💾 Saved cooling thermal state to /config/ml_heating/unified_thermal_state_cooling.json
2026-05-03 20:25:56,991 - DEBUG - Operational state saved to /config/ml_heating/unified_thermal_state_cooling.json; updated keys: ['last_run_features', 'last_indoor_temp', 'last_avg_other_rooms_temp', 'last_fireplace_on', 'last_final_temp', 'last_predicted_indoor', 'last_is_blocking', 'last_blocking_reasons', 'setpoint_hold_cycles_remaining']
2026-05-03 20:25:56,992 - DEBUG - Setting HA state for sensor.ml_heating_features: {'state': '23.30', 'attributes': {'state_class': 'measurement', 'unique_id': 'ml_heating_features', 'friendly_name': 'ML Heating Features', 'unit_of_measurement': '°C', 'device_class': 'temperature', 'icon': 'mdi:feature-search-outline', 'living_room_temp': 23.3, 'outlet_temp': 21.3, 'indoor_temp_lag_30m': 23.424000000000003, 'target_temp': 22.6, 'outdoor_temp': 19.315625, 'dhw_heating': 0.0, 'dhw_disinfection': 0.0, 'dhw_boost_heater': 0.0, 'defrosting': 0.0, 'pv_now': 80.0, 'pv_now_electrical': 80.0, 'solar_correction_percent': 100.0, 'solar_correction_factor': 1.0, 'solar_correction_enabled': 1.0, 'fireplace_on': 0.0, 'tv_on': 0.0, 'temp_forecast_1h': 19.32, 'temp_forecast_2h': 17.52, 'temp_forecast_3h': 16.32, 'temp_forecast_4h': 15.72, 'temp_forecast_5h': 14.82, 'temp_forecast_6h': 14.62, 'temp_forecast_7h': 14.32, 'temp_forecast_8h': 14.02, 'temp_forecast_9h': 13.72, 'temp_forecast_10h': 13.02, 'temp_forecast_11h': 13.72, 'temp_forecast_12h': 15.32, 'pv_forecast_1h': 0.0, 'pv_forecast_2h': 0.0, 'pv_forecast_3h': 0.0, 'pv_forecast_4h': 0.0, 'pv_forecast_5h': 0.0, 'pv_forecast_6h': 0.0, 'pv_forecast_7h': 0.0, 'pv_forecast_8h': 0.0, 'pv_forecast_9h': 10.2, 'pv_forecast_10h': 370.5, 'pv_forecast_11h': 1543.2, 'pv_forecast_12h': 2844.0, 'pv_forecast_electrical_1h': 0.0, 'pv_forecast_electrical_2h': 0.0, 'pv_forecast_electrical_3h': 0.0, 'pv_forecast_electrical_4h': 0.0, 'pv_forecast_electrical_5h': 0.0, 'pv_forecast_electrical_6h': 0.0, 'pv_forecast_electrical_7h': 0.0, 'pv_forecast_electrical_8h': 0.0, 'pv_forecast_electrical_9h': 10.2, 'pv_forecast_electrical_10h': 370.5, 'pv_forecast_electrical_11h': 1543.2, 'pv_forecast_electrical_12h': 2844.0, 'cloud_cover_forecast_1h': 0.0, 'cloud_cover_forecast_2h': 0.0, 'cloud_cover_forecast_3h': 0.0, 'cloud_cover_forecast_4h': 0.0, 'cloud_cover_forecast_5h': 0.0, 'cloud_cover_forecast_6h': 0.0, 'cloud_cover_forecast_7h': 0.0, 'cloud_cover_forecast_8h': 0.0, 'cloud_cover_forecast_9h': 0.0, 'cloud_cover_forecast_10h': 0.0, 'cloud_cover_forecast_11h': 0.0, 'cloud_cover_forecast_12h': 0.0, 'temp_diff_indoor_outdoor': 4.094375000000003, 'indoor_temp_gradient': -0.7439999999999714, 'outlet_indoor_diff': -2.110000000000003, 'indoor_temp_lag_10m': 23.40833333333333, 'indoor_temp_lag_60m': 23.471, 'outlet_temp_lag_30m': 21.199999999999996, 'outlet_temp_change': 0.016666666666669272, 'indoor_temp_delta_10m': 0.0016666666666722563, 'indoor_temp_delta_30m': -0.013999999999999346, 'indoor_temp_delta_60m': -0.06099999999999639, 'hour_sin': -0.8660254037844386, 'hour_cos': 0.5000000000000001, 'month_sin': 0.8660254037844387, 'month_cos': -0.4999999999999998, 'outlet_effectiveness_ratio': 8.100000000000023, 'inlet_temp': 21.5, 'flow_rate': 14.0, 'power_consumption': 23.0, 'delta_t': -0.1999999999999993, 'thermal_power_kw': -0.19534666666666597, 'cop_realtime': 0.0, 'temp_trend_forecast': -0.7826041666666669, 'heating_demand_forecast': 0.6380000000000001, 'combined_forecast_thermal_load': 0.6380000000000001, 'pv_power_history': [5199.0, 3522.0, 3130.0, 3119.0, 3061.0, 2403.0, 2282.0, 1769.0, 1478.0, 1220.0, 872.0, 680.0, 611.0, 523.0, 406.0, 289.0, 170.0, 100.0], 'last_updated': '2026-05-03T18:25:56.992061+00:00'}}
2026-05-03 20:25:57,006 - DEBUG - Published 89 features to sensor.ml_heating_features
2026-05-03 20:25:57,006 - DEBUG - ✅ CYCLE 33 END: 20:25:57 (duration: 0.8s)
2026-05-03 20:25:57,006 - DEBUG - 💤 POLLING START: Waiting 30min until next cycle...
2026-05-03 20:25:57,034 - DEBUG - Active sampling: buffered 6 readings
127.0.0.1 - - [03/May/2026 20:25:59] "GET /health HTTP/1.1" 200 -
127.0.0.1 - - [03/May/2026 20:26:29] "GET /health HTTP/1.1" 200 -
2026-05-03 20:26:57,068 - DEBUG - Active sampling: buffered 6 readings
127.0.0.1 - - [03/May/2026 20:27:00] "GET /health HTTP/1.1" 200 -
127.0.0.1 - - [03/May/2026 20:27:30] "GET /health HTTP/1.1" 200 -
2026-05-03 20:27:57,100 - DEBUG - Active sampling: buffered 6 readings
127.0.0.1 - - [03/May/2026 20:28:00] "GET /health HTTP/1.1" 200 -
127.0.0.1 - - [03/May/2026 20:28:30] "GET /health HTTP/1.1" 200 -
2026-05-03 20:28:57,133 - DEBUG - Active sampling: buffered 6 readings
127.0.0.1 - - [03/May/2026 20:29:00] "GET /health HTTP/1.1" 200 -
127.0.0.1 - - [03/May/2026 20:29:30] "GET /health HTTP/1.1" 200 -
2026-05-03 20:29:57,166 - DEBUG - Active sampling: buffered 6 readings
127.0.0.1 - - [03/May/2026 20:30:00] "GET /health HTTP/1.1" 200 -
127.0.0.1 - - [03/May/2026 20:30:30] "GET /health HTTP/1.1" 200 -
2026-05-03 20:30:57,199 - DEBUG - Active sampling: buffered 6 readings
127.0.0.1 - - [03/May/2026 20:30:59] "GET /health HTTP/1.1" 200 -
127.0.0.1 - - [03/May/2026 20:31:30] "GET /health HTTP/1.1" 200 -
2026-05-03 20:31:56,739 - DEBUG - Active sampling: buffered 6 readings
127.0.0.1 - - [03/May/2026 20:32:00] "GET /health HTTP/1.1" 200 -
127.0.0.1 - - [03/May/2026 20:32:30] "GET /health HTTP/1.1" 200 -
2026-05-03 20:32:56,772 - DEBUG - Active sampling: buffered 6 readings
127.0.0.1 - - [03/May/2026 20:33:00] "GET /health HTTP/1.1" 200 -
127.0.0.1 - - [03/May/2026 20:33:30] "GET /health HTTP/1.1" 200 -
2026-05-03 20:33:56,804 - DEBUG - Active sampling: buffered 6 readings
127.0.0.1 - - [03/May/2026 20:34:00] "GET /health HTTP/1.1" 200 -
127.0.0.1 - - [03/May/2026 20:34:30] "GET /health HTTP/1.1" 200 -
2026-05-03 20:34:56,835 - DEBUG - Active sampling: buffered 6 readings
127.0.0.1 - - [03/May/2026 20:35:00] "GET /health HTTP/1.1" 200 -
127.0.0.1 - - [03/May/2026 20:35:30] "GET /health HTTP/1.1" 200 -
2026-05-03 20:35:56,868 - DEBUG - Active sampling: buffered 6 readings
127.0.0.1 - - [03/May/2026 20:36:00] "GET /health HTTP/1.1" 200 -
127.0.0.1 - - [03/May/2026 20:36:30] "GET /health HTTP/1.1" 200 -
2026-05-03 20:36:56,869 - DEBUG - ⏰ POLLING END: Waited 11.0min, starting next cycle...
2026-05-03 20:36:56,870 - DEBUG - 🔄 CYCLE 34 START: 20:36:56 (interval: 11.0min since last cycle)
2026-05-03 20:36:56,870 - DEBUG - ♻️ Reusing existing Model Wrapper instance
2026-05-03 20:36:56,870 - INFO - Successfully loaded operational state from /config/ml_heating/unified_thermal_state_cooling.json
2026-05-03 20:36:56,900 - DEBUG - Setting HA state for sensor.ml_heating_cop_realtime: {'state': '0.00', 'attributes': {'state_class': 'measurement', 'unique_id': 'ml_heating_cop_realtime', 'friendly_name': 'ML Heating COP (Realtime)', 'unit_of_measurement': 'COP', 'icon': 'mdi:heat-pump', 'device_class': 'power_factor'}}
2026-05-03 20:36:56,912 - DEBUG - Setting HA state for sensor.ml_heating_thermal_power: {'state': '-0.098', 'attributes': {'state_class': 'measurement', 'unique_id': 'ml_heating_thermal_power', 'friendly_name': 'ML Heating Thermal Power', 'unit_of_measurement': 'kW', 'icon': 'mdi:flash', 'device_class': 'power'}}
2026-05-03 20:36:56,957 - DEBUG - Wrote thermodynamic metrics to InfluxDB
2026-05-03 20:36:56,957 - DEBUG - Thermodynamic sensors updated: COP=0.00, Power=-0.098kW
2026-05-03 20:36:56,957 - DEBUG - ♻️ Reusing existing Model Wrapper instance
2026-05-03 20:36:56,957 - DEBUG - 🎯 ACTIVE MODE LEARNING (trajectory): Verifying ML prediction accuracy for 19.4°C outlet setting
2026-05-03 20:36:56,960 - DEBUG - ☀️ SolarChannel self-learned: avg_error=0.012, pv_heat_weight=0.00134, solar_lag=45.1min, cloud_exp=1.00, solar_decay_tau=1.00h
2026-05-03 20:36:56,961 - INFO - ☀️ pv parameter update: attributed_error=+0.022923 | pv_heat_weight: 0.001326→0.001338 (Δ+0.000012) | solar_decay_tau_hours: 0.999628→0.999634 (Δ+0.000006)
2026-05-03 20:36:56,961 - INFO - Channel routing → [☀️ pv*] | error=+0.0229 | pv_current=80W pv_smoothed=1713W | params_changed=pv
2026-05-03 20:36:57,015 - DEBUG - 💾 Saved cooling thermal state to /config/ml_heating/unified_thermal_state_cooling.json
2026-05-03 20:36:57,016 - DEBUG - Skipping legacy global adaptation: channel mode owns recent-window learning
2026-05-03 20:36:57,066 - DEBUG - 💾 Saved cooling thermal state to /config/ml_heating/unified_thermal_state_cooling.json
2026-05-03 20:36:57,067 - DEBUG - Prediction feedback: error=0.023°C, confidence=5.000
2026-05-03 20:36:57,114 - DEBUG - 💾 Saved cooling thermal state to /config/ml_heating/unified_thermal_state_cooling.json
2026-05-03 20:36:57,114 - DEBUG - 💾 Saved 64 predictions to unified thermal state
2026-05-03 20:36:57,114 - DEBUG - Added prediction: pred=23.38, actual=23.40, error=0.023
2026-05-03 20:36:57,160 - DEBUG - 💾 Saved cooling thermal state to /config/ml_heating/unified_thermal_state_cooling.json
2026-05-03 20:36:57,161 - DEBUG - Setting HA state for sensor.ml_model_mae: {'state': '0.0305', 'attributes': {'state_class': 'measurement', 'unique_id': 'ml_heating_model_mae', 'friendly_name': 'ML Model MAE', 'unit_of_measurement': '°C', 'icon': 'mdi:chart-line', 'last_updated': '2026-05-03T18:36:57.161758+00:00'}}
2026-05-03 20:36:57,195 - DEBUG - Setting HA state for sensor.ml_model_rmse: {'state': '0.0415', 'attributes': {'state_class': 'measurement', 'unique_id': 'ml_heating_model_rmse', 'friendly_name': 'ML Model RMSE', 'unit_of_measurement': '°C', 'icon': 'mdi:chart-line', 'last_updated': '2026-05-03T18:36:57.161758+00:00'}}
2026-05-03 20:36:57,209 - DEBUG - Setting HA state for sensor.ml_heating_learning: {'state': '5.000', 'attributes': {'state_class': 'measurement', 'unique_id': 'ml_heating_learning', 'friendly_name': 'ML Adaptive Learning Metrics', 'unit_of_measurement': 'metrics', 'icon': 'mdi:brain', 'thermal_time_constant': 4.390554703745845, 'heat_loss_coefficient': 0.1245214561975565, 'outlet_effectiveness': 0.9526723072021629, 'pv_heat_weight': 0.001337808306851723, 'fireplace_heat_weight': 0.387, 'tv_heat_weight': 0.35, 'solar_lag_minutes': 45.124246261916994, 'slab_time_constant_hours': 3.19, 'heat_source_channels_enabled': True, 'total_conductance': 0.3, 'equilibrium_ratio': 0.5, 'cycle_count': 63, 'parameter_updates': 31, 'model_health': 'excellent', 'learning_progress': 0.63, 'is_improving': True, 'improvement_percentage': 42.47694449645793, 'total_predictions': 64, 'learning_confidence': 5.0, 'last_updated': '2026-05-03T18:36:57.209155+00:00', 'delta_t_floor': 2.3, 'cloud_factor_exponent': 1.0, 'solar_decay_tau_hours': 0.9996336716881659, 'fp_heat_output_kw': 0.387, 'fp_decay_time_constant': 3.9144707244638868, 'room_spread_delay_minutes': 18.0, 'ch_heat_pump_history_count': 0, 'ch_heat_pump_last_error': 0.0, 'ch_pv_history_count': 61, 'ch_pv_last_error': 0.02292300379576062, 'ch_fireplace_history_count': 0, 'ch_fireplace_last_error': 0.0, 'ch_tv_history_count': 0, 'ch_tv_last_error': 0.0}}
2026-05-03 20:36:57,222 - DEBUG - Setting HA state for sensor.ml_model_mae: {'state': '0.0305', 'attributes': {'state_class': 'measurement', 'unique_id': 'ml_heating_model_mae', 'friendly_name': 'ML Model MAE', 'unit_of_measurement': '°C', 'icon': 'mdi:chart-line', 'mae_1h': 0.023517618961525006, 'mae_6h': 0.030520970244248435, 'mae_24h': 0.030520970244248435, 'trend_direction': 'improving', 'prediction_count': 64, 'last_updated': '2026-05-03T18:36:57.209155+00:00'}}
2026-05-03 20:36:57,237 - DEBUG - Setting HA state for sensor.ml_model_rmse: {'state': '0.0415', 'attributes': {'state_class': 'measurement', 'unique_id': 'ml_heating_model_rmse', 'friendly_name': 'ML Model RMSE', 'unit_of_measurement': '°C', 'icon': 'mdi:chart-line', 'recent_max_error': 0.053160022225721804, 'std_error': 0.0281, 'mean_bias': 0.0, 'prediction_count': 64, 'last_updated': '2026-05-03T18:36:57.209155+00:00'}}
2026-05-03 20:36:57,252 - DEBUG - Setting HA state for sensor.ml_prediction_accuracy: {'state': '100.0', 'attributes': {'state_class': 'measurement', 'unique_id': 'ml_prediction_accuracy', 'friendly_name': 'ML Prediction Accuracy', 'unit_of_measurement': '%', 'icon': 'mdi:target', 'perfect_accuracy_pct': 0.0, 'tolerable_accuracy_pct': 100.0, 'poor_accuracy_pct': 0.0, 'prediction_count_24h': 0, 'excellent_all_time_pct': 96.875, 'good_all_time_pct': 100.0, 'last_updated': '2026-05-03T18:36:57.209155+00:00'}}
2026-05-03 20:36:57,266 - DEBUG - Logged refactored sensor metrics to HA
2026-05-03 20:36:57,266 - DEBUG - Logging feature importance
2026-05-03 20:36:57,267 - DEBUG - Setting HA state for sensor.ml_feature_importance: {'state': '5', 'attributes': {'state_class': 'measurement', 'unique_id': 'ml_heating_feature_importance', 'friendly_name': 'ML Feature Importance', 'unit_of_measurement': '%', 'icon': 'mdi:format-list-numbered', 'top_features': {'target_temp': 52.47, 'fireplace': 21.32, 'tv_power': 19.28, 'outdoor_temp': 6.86, 'pv_power': 0.07}, 'last_updated': '2026-05-03T18:36:57.266948+00:00'}}
2026-05-03 20:36:57,280 - INFO - ✅ Exported metrics to Home Assistant sensors successfully
2026-05-03 20:36:57,280 - INFO - ✅ Learning cycle 63: error=0.023°C, confidence=5.000, total_predictions=64
2026-05-03 20:36:57,281 - DEBUG - ✅ Online learning: applied_temp=19.4°C, actual_change=0.000°C, cycle=63
2026-05-03 20:36:57,281 - INFO - ❄️ Cooling mode active (state: cool)
2026-05-03 20:36:57,281 - DEBUG - ♻️ Reusing existing Model Wrapper instance
2026-05-03 20:36:57,281 - INFO - ❄️ COOLING MODE: ML will calculate cooling outlet temperature (outlet < inlet) — using cooling state /config/ml_heating/unified_thermal_state_cooling.json
2026-05-03 20:36:57,309 - DEBUG - Fireplace is OFF. Using main indoor temp for prediction.
2026-05-03 20:36:57,443 - DEBUG - PV forecast parsed successfully: [0.0, 0.0, 0.0, 0.0, 0.0, 0.0, 0.0, 0.0, 31.5, 572.0, 1943.8, 3041.5]W
2026-05-03 20:36:57,443 - DEBUG - Solar correction: enabled=True, percent=100.0%, factor=1.000
2026-05-03 20:36:57,487 - DEBUG - Delta calibration applied: offset=+2.19°C
2026-05-03 20:36:57,487 - DEBUG - Raw forecasts: [16.7, 14.9, 13.7, 13.1, 12.2, 12.0, 11.7, 11.4, 11.1, 10.4, 11.1, 12.7]
2026-05-03 20:36:57,487 - DEBUG - Calibrated forecasts: [18.89, 17.09, 15.89, 15.29, 14.39, 14.19, 13.89, 13.59, 13.29, 12.59, 13.29, 14.89]
2026-05-03 20:36:57,491 - DEBUG - 📡 HLC session: opened (PV=30 W < 50 W threshold)
2026-05-03 20:36:57,492 - DEBUG - 💾 HLC session: saved 0 session records to /config/ml_heating/hlc_sessions.json
2026-05-03 20:36:57,492 - INFO - ☀️ Forecast trajectory: PV=30W < zero_w=50W → night mode, 6 steps
2026-05-03 20:36:57,492 - DEBUG - ♻️ Reusing existing Model Wrapper instance
2026-05-03 20:36:57,497 - INFO - DEBUG: Wrapper params: U=0.1245214561975565, eff=0.9526723072021629, tau=4.390554703745845
2026-05-03 20:36:57,497 - DEBUG - PV scalar: no forecast sun (1h=0W ≤ 50W), snapping to pv_now=30W (rolling window reset)
2026-05-03 20:36:57,497 - DEBUG - ❄️ Cooling: tightened outlet_max to 19.5°C (inlet=21.5°C − delta=2.0°C)
2026-05-03 20:36:57,497 - INFO - ❄️ Cooling mode bounds: outlet 18.3–19.5°C (indoor=23.4°C, target=22.6°C)
2026-05-03 20:36:57,497 - DEBUG - 🔧 Using natural bounds: outlet_min=18.3°C, outlet_max=19.5°C
2026-05-03 20:36:57,497 - INFO - 🌡️ Using cycle-aligned forecast (10min): outdoor=18.9°C (vs current 18.9°C), PV=28W (vs current 30W)
2026-05-03 20:36:57,497 - DEBUG - DEBUG: No PV history found, using scalar avg_pv: 27.5
2026-05-03 20:36:57,497 - INFO - 🔄 HP off (delta_t=-0.18): simulating HP-on delta_t=2.30 for binary search
2026-05-03 20:36:57,497 - DEBUG - 🎯 Binary search start: target=22.6°C, current=23.4°C, range=18.3-19.5°C
2026-05-03 20:36:57,497 - DEBUG - 🔍 Binary search features: inlet_temp=21.5, delta_t_floor=2.30, indoor_temp_delta_60m=-0.0454, horizon=6.0h, outlet_mid=18.9°C
2026-05-03 20:36:57,499 - DEBUG - ✅ Binary search trajectory OK (iter 1): outlet=18.9°C → predicted=22.02°C (steps=36, start=23.33→end=22.02)
2026-05-03 20:36:57,499 - DEBUG -    Iteration 1: outlet=18.9°C → predicted=22.02°C, error=-0.583°C (range: 18.3-19.5°C)
2026-05-03 20:36:57,499 - DEBUG -      → Cooling: Predicted below target, raising minimum to 18.9°C
2026-05-03 20:36:57,500 - DEBUG -    Iteration 2: outlet=19.2°C → predicted=22.02°C, error=-0.583°C (range: 18.9-19.5°C)
2026-05-03 20:36:57,500 - DEBUG -      → Cooling: Predicted below target, raising minimum to 19.2°C
2026-05-03 20:36:57,501 - DEBUG -    Iteration 3: outlet=19.4°C → predicted=22.02°C, error=-0.583°C (range: 19.2-19.5°C)
2026-05-03 20:36:57,501 - DEBUG -      → Cooling: Predicted below target, raising minimum to 19.4°C
2026-05-03 20:36:57,502 - DEBUG -    Iteration 4: outlet=19.4°C → predicted=22.02°C, error=-0.583°C (range: 19.4-19.5°C)
2026-05-03 20:36:57,502 - DEBUG -      → Cooling: Predicted below target, raising minimum to 19.4°C
2026-05-03 20:36:57,504 - DEBUG -    Iteration 5: outlet=19.5°C → predicted=22.02°C, error=-0.583°C (range: 19.4-19.5°C)
2026-05-03 20:36:57,504 - DEBUG -      → Cooling: Predicted below target, raising minimum to 19.5°C
2026-05-03 20:36:57,504 - INFO - 🔄 Binary search early exit after 6 iterations: range collapsed to 0.038°C, using 19.5°C
2026-05-03 20:36:57,504 - DEBUG - 🧠 Smart rounding is using cycle-aligned forecast: PV=28W (caller sent PV=30W)
2026-05-03 20:36:57,504 - INFO - 🎯 Prediction: Current 23.40°C → Target 22.6°C | Calculated outlet: 19.5°C (before smart rounding) (confidence: 5.000)
2026-05-03 20:36:57,504 - DEBUG - Model Wrapper: temp=19.5°C, error=0.800°C, confidence=5.000
2026-05-03 20:36:57,504 - DEBUG - EMA smoothing: 19.48°C → 19.4°C (last=19.4, α=0.50)
2026-05-03 20:36:57,504 - DEBUG - ♻️ Reusing existing Model Wrapper instance
2026-05-03 20:36:57,504 - INFO - 🌡️ Using cycle-aligned forecast (10min): outdoor=18.5°C (vs current 18.5°C), PV=1307W (vs current 1426W)
2026-05-03 20:36:57,504 - DEBUG - 🧠 Smart rounding is using cycle-aligned forecast: PV=28W (caller sent PV=1307W)
2026-05-03 20:36:57,505 - DEBUG - 🧠 Smart rounding is using cycle-aligned forecast: PV=28W (caller sent PV=1307W)
2026-05-03 20:36:57,505 - DEBUG - Smart rounding: 19.40°C → 19°C (chose floor: floor→23.24°C [err=0.642], ceiling→23.27°C [err=0.674], target=22.6°C)
2026-05-03 20:36:57,505 - DEBUG - Setting target outlet temp
2026-05-03 20:36:57,505 - DEBUG - Setting HA state for sensor.ml_vorlauftemperatur: {'state': '19.4', 'attributes': {'state_class': 'measurement', 'unique_id': 'ml_heating_target_outlet_temp', 'friendly_name': 'ML Target Outlet Temp', 'unit_of_measurement': '°C', 'device_class': 'temperature', 'icon': 'mdi:thermometer-water'}}
2026-05-03 20:36:57,517 - DEBUG - Logging thermal model metrics
2026-05-03 20:36:57,518 - DEBUG - Setting HA state for sensor.ml_heating_state: {'state': '0', 'attributes': {'state_class': 'measurement', 'unique_id': 'ml_heating_state', 'friendly_name': 'ML Heating State', 'unit_of_measurement': 'state', 'icon': 'mdi:information-outline', 'state_description': 'OK - Prediction done', 'confidence': 5.0, 'suggested_temp': 19.48, 'final_temp': 19.4, 'predicted_indoor': 23.27, 'last_prediction_time': '2026-05-03T18:36:57.518136+00:00', 'temperature_error': 0.8}}
2026-05-03 20:36:57,533 - DEBUG - ✅ ACTIVE MODE: ML controlling heating via input_boolean.ml_heating
2026-05-03 20:36:57,534 - DEBUG - 🧠 Smart rounding is using cycle-aligned forecast: PV=28W (caller sent PV=1426W)
2026-05-03 20:36:57,534 - DEBUG - Target: 22.6°C | Suggested: 19.5°C | Applied: 19.4°C | Actual Indoor: 23.40°C | Predicted Indoor: 23.25°C | Confidence: 5.000
2026-05-03 20:36:57,534 - INFO - Target: 22.6°C | Suggested: 19.5°C | Applied: 19.4°C | Actual Indoor: 23.40°C | Predicted Indoor: 23.25°C | Confidence: 5.000
2026-05-03 20:36:57,580 - DEBUG - 💾 Saved cooling thermal state to /config/ml_heating/unified_thermal_state_cooling.json
2026-05-03 20:36:57,581 - DEBUG - Operational state saved to /config/ml_heating/unified_thermal_state_cooling.json; updated keys: ['last_run_features', 'last_indoor_temp', 'last_avg_other_rooms_temp', 'last_fireplace_on', 'last_final_temp', 'last_predicted_indoor', 'last_is_blocking', 'last_blocking_reasons', 'setpoint_hold_cycles_remaining']
2026-05-03 20:36:57,581 - DEBUG - Setting HA state for sensor.ml_heating_features: {'state': '23.30', 'attributes': {'state_class': 'measurement', 'unique_id': 'ml_heating_features', 'friendly_name': 'ML Heating Features', 'unit_of_measurement': '°C', 'device_class': 'temperature', 'icon': 'mdi:feature-search-outline', 'living_room_temp': 23.3, 'outlet_temp': 21.32, 'indoor_temp_lag_30m': 23.412, 'target_temp': 22.6, 'outdoor_temp': 18.890625, 'dhw_heating': 0.0, 'dhw_disinfection': 0.0, 'dhw_boost_heater': 0.0, 'defrosting': 0.0, 'pv_now': 30.0, 'pv_now_electrical': 30.0, 'solar_correction_percent': 100.0, 'solar_correction_factor': 1.0, 'solar_correction_enabled': 1.0, 'fireplace_on': 0.0, 'tv_on': 0.0, 'temp_forecast_1h': 18.89, 'temp_forecast_2h': 17.09, 'temp_forecast_3h': 15.89, 'temp_forecast_4h': 15.29, 'temp_forecast_5h': 14.39, 'temp_forecast_6h': 14.19, 'temp_forecast_7h': 13.89, 'temp_forecast_8h': 13.59, 'temp_forecast_9h': 13.29, 'temp_forecast_10h': 12.59, 'temp_forecast_11h': 13.29, 'temp_forecast_12h': 14.89, 'pv_forecast_1h': 0.0, 'pv_forecast_2h': 0.0, 'pv_forecast_3h': 0.0, 'pv_forecast_4h': 0.0, 'pv_forecast_5h': 0.0, 'pv_forecast_6h': 0.0, 'pv_forecast_7h': 0.0, 'pv_forecast_8h': 0.0, 'pv_forecast_9h': 31.5, 'pv_forecast_10h': 572.0, 'pv_forecast_11h': 1943.8, 'pv_forecast_12h': 3041.5, 'pv_forecast_electrical_1h': 0.0, 'pv_forecast_electrical_2h': 0.0, 'pv_forecast_electrical_3h': 0.0, 'pv_forecast_electrical_4h': 0.0, 'pv_forecast_electrical_5h': 0.0, 'pv_forecast_electrical_6h': 0.0, 'pv_forecast_electrical_7h': 0.0, 'pv_forecast_electrical_8h': 0.0, 'pv_forecast_electrical_9h': 31.5, 'pv_forecast_electrical_10h': 572.0, 'pv_forecast_electrical_11h': 1943.8, 'pv_forecast_electrical_12h': 3041.5, 'cloud_cover_forecast_1h': 0.0, 'cloud_cover_forecast_2h': 0.0, 'cloud_cover_forecast_3h': 0.0, 'cloud_cover_forecast_4h': 0.0, 'cloud_cover_forecast_5h': 0.0, 'cloud_cover_forecast_6h': 0.0, 'cloud_cover_forecast_7h': 0.0, 'cloud_cover_forecast_8h': 0.0, 'cloud_cover_forecast_9h': 0.0, 'cloud_cover_forecast_10h': 0.0, 'cloud_cover_forecast_11h': 0.0, 'cloud_cover_forecast_12h': 0.0, 'temp_diff_indoor_outdoor': 4.514999999999997, 'indoor_temp_gradient': -0.6922500000000227, 'outlet_indoor_diff': -2.0856249999999967, 'indoor_temp_lag_10m': 23.405714285714286, 'indoor_temp_lag_60m': 23.450999999999997, 'outlet_temp_lag_30m': 21.240000000000002, 'outlet_temp_change': 0.019999999999999574, 'indoor_temp_delta_10m': -8.928571428867826e-05, 'indoor_temp_delta_30m': -0.006375000000002018, 'indoor_temp_delta_60m': -0.04537499999999994, 'hour_sin': -0.8660254037844386, 'hour_cos': 0.5000000000000001, 'month_sin': 0.8660254037844387, 'month_cos': -0.4999999999999998, 'outlet_effectiveness_ratio': 8.056249999999956, 'inlet_temp': 21.5, 'flow_rate': 14.0, 'power_consumption': 23.0, 'delta_t': -0.17999999999999972, 'thermal_power_kw': -0.17581199999999972, 'cop_realtime': 0.0, 'temp_trend_forecast': -0.7834375000000001, 'heating_demand_forecast': 0.681, 'combined_forecast_thermal_load': 0.681, 'pv_power_history': [3522.0, 3130.0, 3119.0, 3061.0, 2403.0, 2282.0, 1769.0, 1478.0, 1220.0, 872.0, 680.0, 611.0, 523.0, 406.0, 289.0, 170.0, 90.0, 44.285714285714285], 'last_updated': '2026-05-03T18:36:57.581618+00:00'}}
2026-05-03 20:36:57,596 - DEBUG - Published 89 features to sensor.ml_heating_features
2026-05-03 20:36:57,596 - DEBUG - ✅ CYCLE 34 END: 20:36:57 (duration: 0.7s)
2026-05-03 20:36:57,596 - DEBUG - 💤 POLLING START: Waiting 30min until next cycle...
2026-05-03 20:36:57,623 - DEBUG - Active sampling: buffered 6 readings
127.0.0.1 - - [03/May/2026 20:37:00] "GET /health HTTP/1.1" 200 -
127.0.0.1 - - [03/May/2026 20:37:30] "GET /health HTTP/1.1" 200 -
2026-05-03 20:37:57,655 - DEBUG - Active sampling: buffered 6 readings
127.0.0.1 - - [03/May/2026 20:38:00] "GET /health HTTP/1.1" 200 -
127.0.0.1 - - [03/May/2026 20:38:30] "GET /health HTTP/1.1" 200 -
2026-05-03 20:38:57,693 - DEBUG - Active sampling: buffered 6 readings
127.0.0.1 - - [03/May/2026 20:39:00] "GET /health HTTP/1.1" 200 -
127.0.0.1 - - [03/May/2026 20:39:30] "GET /health HTTP/1.1" 200 -
2026-05-03 20:39:57,725 - DEBUG - Active sampling: buffered 6 readings
127.0.0.1 - - [03/May/2026 20:40:00] "GET /health HTTP/1.1" 200 -
127.0.0.1 - - [03/May/2026 20:40:31] "GET /health HTTP/1.1" 200 -
2026-05-03 20:40:57,757 - DEBUG - Active sampling: buffered 6 readings
127.0.0.1 - - [03/May/2026 20:41:01] "GET /health HTTP/1.1" 200 -
127.0.0.1 - - [03/May/2026 20:41:31] "GET /health HTTP/1.1" 200 -
2026-05-03 20:41:57,790 - DEBUG - Active sampling: buffered 6 readings
127.0.0.1 - - [03/May/2026 20:42:01] "GET /health HTTP/1.1" 200 -
127.0.0.1 - - [03/May/2026 20:42:31] "GET /health HTTP/1.1" 200 -
2026-05-03 20:42:57,821 - DEBUG - Active sampling: buffered 6 readings
127.0.0.1 - - [03/May/2026 20:43:01] "GET /health HTTP/1.1" 200 -
127.0.0.1 - - [03/May/2026 20:43:31] "GET /health HTTP/1.1" 200 -
2026-05-03 20:43:57,854 - DEBUG - Active sampling: buffered 6 readings
127.0.0.1 - - [03/May/2026 20:44:01] "GET /health HTTP/1.1" 200 -
127.0.0.1 - - [03/May/2026 20:44:31] "GET /health HTTP/1.1" 200 -
2026-05-03 20:44:57,886 - DEBUG - Active sampling: buffered 6 readings
127.0.0.1 - - [03/May/2026 20:45:01] "GET /health HTTP/1.1" 200 -
127.0.0.1 - - [03/May/2026 20:45:31] "GET /health HTTP/1.1" 200 -
2026-05-03 20:45:57,919 - DEBUG - Active sampling: buffered 6 readings
127.0.0.1 - - [03/May/2026 20:46:01] "GET /health HTTP/1.1" 200 -
127.0.0.1 - - [03/May/2026 20:46:31] "GET /health HTTP/1.1" 200 -
2026-05-03 20:46:57,921 - DEBUG - ⏰ POLLING END: Waited 10.0min, starting next cycle...
2026-05-03 20:46:57,921 - DEBUG - 🔄 CYCLE 35 START: 20:46:57 (interval: 10.0min since last cycle)
2026-05-03 20:46:57,921 - DEBUG - ♻️ Reusing existing Model Wrapper instance
2026-05-03 20:46:57,921 - INFO - Successfully loaded operational state from /config/ml_heating/unified_thermal_state_cooling.json
2026-05-03 20:46:57,951 - DEBUG - Setting HA state for sensor.ml_heating_cop_realtime: {'state': '0.00', 'attributes': {'state_class': 'measurement', 'unique_id': 'ml_heating_cop_realtime', 'friendly_name': 'ML Heating COP (Realtime)', 'unit_of_measurement': 'COP', 'icon': 'mdi:heat-pump', 'device_class': 'power_factor'}}
2026-05-03 20:46:57,963 - DEBUG - Setting HA state for sensor.ml_heating_thermal_power: {'state': '-0.195', 'attributes': {'state_class': 'measurement', 'unique_id': 'ml_heating_thermal_power', 'friendly_name': 'ML Heating Thermal Power', 'unit_of_measurement': 'kW', 'icon': 'mdi:flash', 'device_class': 'power'}}
2026-05-03 20:46:57,999 - DEBUG - Wrote thermodynamic metrics to InfluxDB
2026-05-03 20:46:57,999 - DEBUG - Thermodynamic sensors updated: COP=0.00, Power=-0.195kW
2026-05-03 20:46:57,999 - DEBUG - ♻️ Reusing existing Model Wrapper instance
2026-05-03 20:46:57,999 - DEBUG - 🎯 ACTIVE MODE LEARNING (trajectory): Verifying ML prediction accuracy for 19.4°C outlet setting
2026-05-03 20:46:58,002 - DEBUG - ☀️ SolarChannel self-learned: avg_error=0.011, pv_heat_weight=0.00135, solar_lag=45.1min, cloud_exp=1.00, solar_decay_tau=1.00h
2026-05-03 20:46:58,002 - INFO - ☀️ pv parameter update: attributed_error=+0.022146 | pv_heat_weight: 0.001338→0.001349 (Δ+0.000011) | solar_decay_tau_hours: 0.999634→0.999639 (Δ+0.000006)
2026-05-03 20:46:58,002 - INFO - Channel routing → [☀️ pv*] | error=+0.0221 | pv_current=30W pv_smoothed=1426W | params_changed=pv
2026-05-03 20:46:58,056 - DEBUG - 💾 Saved cooling thermal state to /config/ml_heating/unified_thermal_state_cooling.json
2026-05-03 20:46:58,057 - DEBUG - Skipping legacy global adaptation: channel mode owns recent-window learning
2026-05-03 20:46:58,107 - DEBUG - 💾 Saved cooling thermal state to /config/ml_heating/unified_thermal_state_cooling.json
2026-05-03 20:46:58,108 - DEBUG - Prediction feedback: error=0.022°C, confidence=5.000
2026-05-03 20:46:58,154 - DEBUG - 💾 Saved cooling thermal state to /config/ml_heating/unified_thermal_state_cooling.json
2026-05-03 20:46:58,155 - DEBUG - 💾 Saved 65 predictions to unified thermal state
2026-05-03 20:46:58,155 - DEBUG - Added prediction: pred=23.37, actual=23.39, error=0.022
2026-05-03 20:46:58,201 - DEBUG - 💾 Saved cooling thermal state to /config/ml_heating/unified_thermal_state_cooling.json
2026-05-03 20:46:58,203 - DEBUG - Setting HA state for sensor.ml_model_mae: {'state': '0.0304', 'attributes': {'state_class': 'measurement', 'unique_id': 'ml_heating_model_mae', 'friendly_name': 'ML Model MAE', 'unit_of_measurement': '°C', 'icon': 'mdi:chart-line', 'last_updated': '2026-05-03T18:46:58.203048+00:00'}}
2026-05-03 20:46:58,237 - DEBUG - Setting HA state for sensor.ml_model_rmse: {'state': '0.0413', 'attributes': {'state_class': 'measurement', 'unique_id': 'ml_heating_model_rmse', 'friendly_name': 'ML Model RMSE', 'unit_of_measurement': '°C', 'icon': 'mdi:chart-line', 'last_updated': '2026-05-03T18:46:58.203048+00:00'}}
2026-05-03 20:46:58,251 - DEBUG - Setting HA state for sensor.ml_heating_learning: {'state': '5.000', 'attributes': {'state_class': 'measurement', 'unique_id': 'ml_heating_learning', 'friendly_name': 'ML Adaptive Learning Metrics', 'unit_of_measurement': 'metrics', 'icon': 'mdi:brain', 'thermal_time_constant': 4.390554703745845, 'heat_loss_coefficient': 0.1245214561975565, 'outlet_effectiveness': 0.9526723072021629, 'pv_heat_weight': 0.0013490287625063891, 'fireplace_heat_weight': 0.387, 'tv_heat_weight': 0.35, 'solar_lag_minutes': 45.124246261916994, 'slab_time_constant_hours': 3.19, 'heat_source_channels_enabled': True, 'total_conductance': 0.3, 'equilibrium_ratio': 0.5, 'cycle_count': 64, 'parameter_updates': 32, 'model_health': 'excellent', 'learning_progress': 0.64, 'is_improving': True, 'improvement_percentage': 42.4882727533066, 'total_predictions': 65, 'learning_confidence': 5.0, 'last_updated': '2026-05-03T18:46:58.251274+00:00', 'delta_t_floor': 2.3, 'cloud_factor_exponent': 1.0, 'solar_decay_tau_hours': 0.9996392819159932, 'fp_heat_output_kw': 0.387, 'fp_decay_time_constant': 3.9144707244638868, 'room_spread_delay_minutes': 18.0, 'ch_heat_pump_history_count': 0, 'ch_heat_pump_last_error': 0.0, 'ch_pv_history_count': 62, 'ch_pv_last_error': 0.02214596117285339, 'ch_fireplace_history_count': 0, 'ch_fireplace_last_error': 0.0, 'ch_tv_history_count': 0, 'ch_tv_last_error': 0.0}}
2026-05-03 20:46:58,267 - DEBUG - Setting HA state for sensor.ml_model_mae: {'state': '0.0304', 'attributes': {'state_class': 'measurement', 'unique_id': 'ml_heating_model_mae', 'friendly_name': 'ML Model MAE', 'unit_of_measurement': '°C', 'icon': 'mdi:chart-line', 'mae_1h': 0.022340306399380044, 'mae_6h': 0.030392123950842356, 'mae_24h': 0.030392123950842356, 'trend_direction': 'improving', 'prediction_count': 65, 'last_updated': '2026-05-03T18:46:58.251274+00:00'}}
2026-05-03 20:46:58,282 - DEBUG - Setting HA state for sensor.ml_model_rmse: {'state': '0.0413', 'attributes': {'state_class': 'measurement', 'unique_id': 'ml_heating_model_rmse', 'friendly_name': 'ML Model RMSE', 'unit_of_measurement': '°C', 'icon': 'mdi:chart-line', 'recent_max_error': 0.053160022225721804, 'std_error': 0.0279, 'mean_bias': 0.0, 'prediction_count': 65, 'last_updated': '2026-05-03T18:46:58.251274+00:00'}}
2026-05-03 20:46:58,297 - DEBUG - Setting HA state for sensor.ml_prediction_accuracy: {'state': '100.0', 'attributes': {'state_class': 'measurement', 'unique_id': 'ml_prediction_accuracy', 'friendly_name': 'ML Prediction Accuracy', 'unit_of_measurement': '%', 'icon': 'mdi:target', 'perfect_accuracy_pct': 0.0, 'tolerable_accuracy_pct': 100.0, 'poor_accuracy_pct': 0.0, 'prediction_count_24h': 0, 'excellent_all_time_pct': 96.92307692307692, 'good_all_time_pct': 100.0, 'last_updated': '2026-05-03T18:46:58.251274+00:00'}}
2026-05-03 20:46:58,311 - DEBUG - Logged refactored sensor metrics to HA
2026-05-03 20:46:58,312 - DEBUG - Logging feature importance
2026-05-03 20:46:58,312 - DEBUG - Setting HA state for sensor.ml_feature_importance: {'state': '5', 'attributes': {'state_class': 'measurement', 'unique_id': 'ml_heating_feature_importance', 'friendly_name': 'ML Feature Importance', 'unit_of_measurement': '%', 'icon': 'mdi:format-list-numbered', 'top_features': {'target_temp': 52.47, 'fireplace': 21.32, 'tv_power': 19.28, 'outdoor_temp': 6.86, 'pv_power': 0.07}, 'last_updated': '2026-05-03T18:46:58.312152+00:00'}}
2026-05-03 20:46:58,327 - INFO - ✅ Exported metrics to Home Assistant sensors successfully
2026-05-03 20:46:58,327 - INFO - ✅ Learning cycle 64: error=0.022°C, confidence=5.000, total_predictions=65
2026-05-03 20:46:58,327 - DEBUG - ✅ Online learning: applied_temp=19.4°C, actual_change=-0.010°C, cycle=64
2026-05-03 20:46:58,327 - INFO - ❄️ Cooling mode active (state: cool)
2026-05-03 20:46:58,327 - DEBUG - ♻️ Reusing existing Model Wrapper instance
2026-05-03 20:46:58,327 - INFO - ❄️ COOLING MODE: ML will calculate cooling outlet temperature (outlet < inlet) — using cooling state /config/ml_heating/unified_thermal_state_cooling.json
2026-05-03 20:46:58,356 - DEBUG - Fireplace is OFF. Using main indoor temp for prediction.
2026-05-03 20:46:58,504 - DEBUG - PV forecast parsed successfully: [0.0, 0.0, 0.0, 0.0, 0.0, 0.0, 0.0, 0.0, 67.2, 784.2, 2420.0, 3192.5]W
2026-05-03 20:46:58,504 - DEBUG - Solar correction: enabled=True, percent=100.0%, factor=1.000
2026-05-03 20:46:58,539 - DEBUG - Delta calibration applied: offset=+1.89°C
2026-05-03 20:46:58,539 - DEBUG - Raw forecasts: [16.7, 14.9, 13.7, 13.1, 12.2, 12.0, 11.7, 11.4, 11.1, 10.4, 11.1, 12.7]
2026-05-03 20:46:58,539 - DEBUG - Calibrated forecasts: [18.59, 16.79, 15.59, 14.99, 14.09, 13.89, 13.59, 13.29, 12.99, 12.29, 12.99, 14.59]
2026-05-03 20:46:58,543 - DEBUG - 💾 HLC session: saved 0 session records to /config/ml_heating/hlc_sessions.json
2026-05-03 20:46:58,544 - INFO - ☀️ Forecast trajectory: PV=30W < zero_w=50W → night mode, 6 steps
2026-05-03 20:46:58,544 - DEBUG - ♻️ Reusing existing Model Wrapper instance
2026-05-03 20:46:58,550 - INFO - DEBUG: Wrapper params: U=0.1245214561975565, eff=0.9526723072021629, tau=4.390554703745845
2026-05-03 20:46:58,550 - DEBUG - PV scalar: no forecast sun (1h=0W ≤ 50W), snapping to pv_now=30W (rolling window reset)
2026-05-03 20:46:58,550 - DEBUG - ❄️ Cooling: tightened outlet_max to 19.5°C (inlet=21.5°C − delta=2.0°C)
2026-05-03 20:46:58,550 - INFO - ❄️ Cooling mode bounds: outlet 18.3–19.5°C (indoor=23.4°C, target=22.6°C)
2026-05-03 20:46:58,550 - DEBUG - 🔧 Using natural bounds: outlet_min=18.3°C, outlet_max=19.5°C
2026-05-03 20:46:58,550 - INFO - 🌡️ Using cycle-aligned forecast (10min): outdoor=18.6°C (vs current 18.6°C), PV=28W (vs current 30W)
2026-05-03 20:46:58,550 - DEBUG - DEBUG: No PV history found, using scalar avg_pv: 27.5
2026-05-03 20:46:58,550 - INFO - 🔄 HP off (delta_t=-0.16): simulating HP-on delta_t=2.30 for binary search
2026-05-03 20:46:58,550 - DEBUG - 🎯 Binary search start: target=22.6°C, current=23.4°C, range=18.3-19.5°C
2026-05-03 20:46:58,550 - DEBUG - 🔍 Binary search features: inlet_temp=21.54, delta_t_floor=2.30, indoor_temp_delta_60m=-0.0398, horizon=6.0h, outlet_mid=18.9°C
2026-05-03 20:46:58,552 - DEBUG - ✅ Binary search trajectory OK (iter 1): outlet=18.9°C → predicted=22.00°C (steps=36, start=23.32→end=22.00)
2026-05-03 20:46:58,552 - DEBUG -    Iteration 1: outlet=18.9°C → predicted=22.00°C, error=-0.595°C (range: 18.3-19.5°C)
2026-05-03 20:46:58,552 - DEBUG -      → Cooling: Predicted below target, raising minimum to 18.9°C
2026-05-03 20:46:58,553 - DEBUG -    Iteration 2: outlet=19.2°C → predicted=22.00°C, error=-0.595°C (range: 18.9-19.5°C)
2026-05-03 20:46:58,553 - DEBUG -      → Cooling: Predicted below target, raising minimum to 19.2°C
2026-05-03 20:46:58,554 - DEBUG -    Iteration 3: outlet=19.4°C → predicted=22.00°C, error=-0.595°C (range: 19.2-19.5°C)
2026-05-03 20:46:58,555 - DEBUG -      → Cooling: Predicted below target, raising minimum to 19.4°C
2026-05-03 20:46:58,556 - DEBUG -    Iteration 4: outlet=19.5°C → predicted=22.00°C, error=-0.595°C (range: 19.4-19.5°C)
2026-05-03 20:46:58,556 - DEBUG -      → Cooling: Predicted below target, raising minimum to 19.5°C
2026-05-03 20:46:58,557 - DEBUG -    Iteration 5: outlet=19.5°C → predicted=22.00°C, error=-0.595°C (range: 19.5-19.5°C)
2026-05-03 20:46:58,557 - DEBUG -      → Cooling: Predicted below target, raising minimum to 19.5°C
2026-05-03 20:46:58,557 - INFO - 🔄 Binary search early exit after 6 iterations: range collapsed to 0.039°C, using 19.5°C
2026-05-03 20:46:58,557 - DEBUG - 🧠 Smart rounding is using cycle-aligned forecast: PV=28W (caller sent PV=30W)
2026-05-03 20:46:58,557 - INFO - 🎯 Prediction: Current 23.39°C → Target 22.6°C | Calculated outlet: 19.5°C (before smart rounding) (confidence: 5.000)
2026-05-03 20:46:58,557 - DEBUG - Model Wrapper: temp=19.5°C, error=0.790°C, confidence=5.000
2026-05-03 20:46:58,557 - DEBUG - EMA smoothing: 19.52°C → 19.5°C (last=19.4, α=0.50)
2026-05-03 20:46:58,557 - DEBUG - ♻️ Reusing existing Model Wrapper instance
2026-05-03 20:46:58,557 - INFO - 🌡️ Using cycle-aligned forecast (10min): outdoor=18.3°C (vs current 18.3°C), PV=1129W (vs current 1232W)
2026-05-03 20:46:58,558 - DEBUG - 🧠 Smart rounding is using cycle-aligned forecast: PV=28W (caller sent PV=1129W)
2026-05-03 20:46:58,558 - DEBUG - 🧠 Smart rounding is using cycle-aligned forecast: PV=28W (caller sent PV=1129W)
2026-05-03 20:46:58,558 - DEBUG - Smart rounding: 19.50°C → 19°C (chose floor: floor→23.23°C [err=0.631], ceiling→23.26°C [err=0.663], target=22.6°C)
2026-05-03 20:46:58,558 - DEBUG - Setting target outlet temp
2026-05-03 20:46:58,558 - DEBUG - Setting HA state for sensor.ml_vorlauftemperatur: {'state': '19.5', 'attributes': {'state_class': 'measurement', 'unique_id': 'ml_heating_target_outlet_temp', 'friendly_name': 'ML Target Outlet Temp', 'unit_of_measurement': '°C', 'device_class': 'temperature', 'icon': 'mdi:thermometer-water'}}
2026-05-03 20:46:58,571 - DEBUG - Logging thermal model metrics
2026-05-03 20:46:58,571 - DEBUG - Setting HA state for sensor.ml_heating_state: {'state': '0', 'attributes': {'state_class': 'measurement', 'unique_id': 'ml_heating_state', 'friendly_name': 'ML Heating State', 'unit_of_measurement': 'state', 'icon': 'mdi:information-outline', 'state_description': 'OK - Prediction done', 'confidence': 5.0, 'suggested_temp': 19.52, 'final_temp': 19.5, 'predicted_indoor': 23.27, 'last_prediction_time': '2026-05-03T18:46:58.571365+00:00', 'temperature_error': 0.79}}
2026-05-03 20:46:58,586 - DEBUG - ✅ ACTIVE MODE: ML controlling heating via input_boolean.ml_heating
2026-05-03 20:46:58,587 - DEBUG - 🧠 Smart rounding is using cycle-aligned forecast: PV=28W (caller sent PV=1232W)
2026-05-03 20:46:58,588 - DEBUG - Target: 22.6°C | Suggested: 19.5°C | Applied: 19.5°C | Actual Indoor: 23.39°C | Predicted Indoor: 23.25°C | Confidence: 5.000
2026-05-03 20:46:58,588 - INFO - Target: 22.6°C | Suggested: 19.5°C | Applied: 19.5°C | Actual Indoor: 23.39°C | Predicted Indoor: 23.25°C | Confidence: 5.000
2026-05-03 20:46:58,636 - DEBUG - 💾 Saved cooling thermal state to /config/ml_heating/unified_thermal_state_cooling.json
2026-05-03 20:46:58,637 - DEBUG - Operational state saved to /config/ml_heating/unified_thermal_state_cooling.json; updated keys: ['last_run_features', 'last_indoor_temp', 'last_avg_other_rooms_temp', 'last_fireplace_on', 'last_final_temp', 'last_predicted_indoor', 'last_is_blocking', 'last_blocking_reasons', 'setpoint_hold_cycles_remaining']
2026-05-03 20:46:58,637 - DEBUG - Setting HA state for sensor.ml_heating_features: {'state': '23.30', 'attributes': {'state_class': 'measurement', 'unique_id': 'ml_heating_features', 'friendly_name': 'ML Heating Features', 'unit_of_measurement': '°C', 'device_class': 'temperature', 'icon': 'mdi:feature-search-outline', 'living_room_temp': 23.3, 'outlet_temp': 21.379999999999995, 'indoor_temp_lag_30m': 23.407999999999998, 'target_temp': 22.6, 'outdoor_temp': 18.590624999999996, 'dhw_heating': 0.0, 'dhw_disinfection': 0.0, 'dhw_boost_heater': 0.0, 'defrosting': 0.0, 'pv_now': 30.0, 'pv_now_electrical': 30.0, 'solar_correction_percent': 100.0, 'solar_correction_factor': 1.0, 'solar_correction_enabled': 1.0, 'fireplace_on': 0.0, 'tv_on': 0.0, 'temp_forecast_1h': 18.59, 'temp_forecast_2h': 16.79, 'temp_forecast_3h': 15.59, 'temp_forecast_4h': 14.99, 'temp_forecast_5h': 14.09, 'temp_forecast_6h': 13.89, 'temp_forecast_7h': 13.59, 'temp_forecast_8h': 13.29, 'temp_forecast_9h': 12.99, 'temp_forecast_10h': 12.29, 'temp_forecast_11h': 12.99, 'temp_forecast_12h': 14.59, 'pv_forecast_1h': 0.0, 'pv_forecast_2h': 0.0, 'pv_forecast_3h': 0.0, 'pv_forecast_4h': 0.0, 'pv_forecast_5h': 0.0, 'pv_forecast_6h': 0.0, 'pv_forecast_7h': 0.0, 'pv_forecast_8h': 0.0, 'pv_forecast_9h': 67.2, 'pv_forecast_10h': 784.2, 'pv_forecast_11h': 2420.0, 'pv_forecast_12h': 3192.5, 'pv_forecast_electrical_1h': 0.0, 'pv_forecast_electrical_2h': 0.0, 'pv_forecast_electrical_3h': 0.0, 'pv_forecast_electrical_4h': 0.0, 'pv_forecast_electrical_5h': 0.0, 'pv_forecast_electrical_6h': 0.0, 'pv_forecast_electrical_7h': 0.0, 'pv_forecast_electrical_8h': 0.0, 'pv_forecast_electrical_9h': 67.2, 'pv_forecast_electrical_10h': 784.2, 'pv_forecast_electrical_11h': 2420.0, 'pv_forecast_electrical_12h': 3192.5, 'cloud_cover_forecast_1h': 0.0, 'cloud_cover_forecast_2h': 0.0, 'cloud_cover_forecast_3h': 0.0, 'cloud_cover_forecast_4h': 0.0, 'cloud_cover_forecast_5h': 0.0, 'cloud_cover_forecast_6h': 0.0, 'cloud_cover_forecast_7h': 0.0, 'cloud_cover_forecast_8h': 0.0, 'cloud_cover_forecast_9h': 0.0, 'cloud_cover_forecast_10h': 0.0, 'cloud_cover_forecast_11h': 0.0, 'cloud_cover_forecast_12h': 0.0, 'temp_diff_indoor_outdoor': 4.805624999999999, 'indoor_temp_gradient': -0.6825000000000188, 'outlet_indoor_diff': -2.0162499999999994, 'indoor_temp_lag_10m': 23.392857142857142, 'indoor_temp_lag_60m': 23.436, 'outlet_temp_lag_30m': 21.290000000000003, 'outlet_temp_change': 0.03714285714285026, 'indoor_temp_delta_10m': 0.0033928571428525345, 'indoor_temp_delta_30m': -0.011750000000002814, 'indoor_temp_delta_60m': -0.03975000000000506, 'hour_sin': -0.8660254037844386, 'hour_cos': 0.5000000000000001, 'month_sin': 0.8660254037844387, 'month_cos': -0.4999999999999998, 'outlet_effectiveness_ratio': 7.962499999999935, 'inlet_temp': 21.54, 'flow_rate': 14.0, 'power_consumption': 50.0, 'delta_t': -0.1600000000000037, 'thermal_power_kw': -0.15627733333333693, 'cop_realtime': 0.0, 'temp_trend_forecast': -0.7834374999999992, 'heating_demand_forecast': 0.711, 'combined_forecast_thermal_load': 0.711, 'pv_power_history': [3130.0, 3119.0, 3061.0, 2403.0, 2282.0, 1769.0, 1478.0, 1220.0, 872.0, 680.0, 611.0, 523.0, 406.0, 289.0, 170.0, 90.0, 40.0, 25.714285714285715], 'last_updated': '2026-05-03T18:46:58.637307+00:00'}}
2026-05-03 20:46:58,651 - DEBUG - Published 89 features to sensor.ml_heating_features
2026-05-03 20:46:58,651 - DEBUG - ✅ CYCLE 35 END: 20:46:58 (duration: 0.7s)
2026-05-03 20:46:58,651 - DEBUG - 💤 POLLING START: Waiting 30min until next cycle...
2026-05-03 20:46:58,679 - DEBUG - Active sampling: buffered 6 readings
127.0.0.1 - - [03/May/2026 20:47:01] "GET /health HTTP/1.1" 200 -
127.0.0.1 - - [03/May/2026 20:47:31] "GET /health HTTP/1.1" 200 -
2026-05-03 20:47:58,711 - DEBUG - Active sampling: buffered 6 readings
127.0.0.1 - - [03/May/2026 20:48:01] "GET /health HTTP/1.1" 200 -
127.0.0.1 - - [03/May/2026 20:48:31] "GET /health HTTP/1.1" 200 -
2026-05-03 20:48:58,744 - DEBUG - Active sampling: buffered 6 readings
127.0.0.1 - - [03/May/2026 20:49:01] "GET /health HTTP/1.1" 200 -
127.0.0.1 - - [03/May/2026 20:49:31] "GET /health HTTP/1.1" 200 -
2026-05-03 20:49:58,776 - DEBUG - Active sampling: buffered 6 readings
127.0.0.1 - - [03/May/2026 20:50:02] "GET /health HTTP/1.1" 200 -
127.0.0.1 - - [03/May/2026 20:50:32] "GET /health HTTP/1.1" 200 -
2026-05-03 20:50:58,808 - DEBUG - Active sampling: buffered 6 readings
127.0.0.1 - - [03/May/2026 20:51:02] "GET /health HTTP/1.1" 200 -
127.0.0.1 - - [03/May/2026 20:51:32] "GET /health HTTP/1.1" 200 -
2026-05-03 20:51:58,841 - DEBUG - Active sampling: buffered 6 readings
127.0.0.1 - - [03/May/2026 20:52:02] "GET /health HTTP/1.1" 200 -
127.0.0.1 - - [03/May/2026 20:52:32] "GET /health HTTP/1.1" 200 -
2026-05-03 20:52:58,872 - DEBUG - Active sampling: buffered 6 readings
127.0.0.1 - - [03/May/2026 20:53:02] "GET /health HTTP/1.1" 200 -
127.0.0.1 - - [03/May/2026 20:53:32] "GET /health HTTP/1.1" 200 -
2026-05-03 20:53:58,907 - DEBUG - Active sampling: buffered 6 readings
127.0.0.1 - - [03/May/2026 20:54:02] "GET /health HTTP/1.1" 200 -
127.0.0.1 - - [03/May/2026 20:54:32] "GET /health HTTP/1.1" 200 -
2026-05-03 20:54:58,939 - DEBUG - Active sampling: buffered 6 readings
127.0.0.1 - - [03/May/2026 20:55:02] "GET /health HTTP/1.1" 200 -
127.0.0.1 - - [03/May/2026 20:55:32] "GET /health HTTP/1.1" 200 -
2026-05-03 20:55:58,973 - DEBUG - Active sampling: buffered 6 readings
127.0.0.1 - - [03/May/2026 20:56:02] "GET /health HTTP/1.1" 200 -
127.0.0.1 - - [03/May/2026 20:56:32] "GET /health HTTP/1.1" 200 -
2026-05-03 20:56:58,975 - DEBUG - ⏰ POLLING END: Waited 10.0min, starting next cycle...
2026-05-03 20:56:58,975 - DEBUG - 🔄 CYCLE 36 START: 20:56:58 (interval: 10.0min since last cycle)
2026-05-03 20:56:58,975 - DEBUG - ♻️ Reusing existing Model Wrapper instance
2026-05-03 20:56:58,975 - INFO - Successfully loaded operational state from /config/ml_heating/unified_thermal_state_cooling.json
2026-05-03 20:56:59,005 - DEBUG - Setting HA state for sensor.ml_heating_cop_realtime: {'state': '0.00', 'attributes': {'state_class': 'measurement', 'unique_id': 'ml_heating_cop_realtime', 'friendly_name': 'ML Heating COP (Realtime)', 'unit_of_measurement': 'COP', 'icon': 'mdi:heat-pump', 'device_class': 'power_factor'}}
2026-05-03 20:56:59,017 - DEBUG - Setting HA state for sensor.ml_heating_thermal_power: {'state': '-0.195', 'attributes': {'state_class': 'measurement', 'unique_id': 'ml_heating_thermal_power', 'friendly_name': 'ML Heating Thermal Power', 'unit_of_measurement': 'kW', 'icon': 'mdi:flash', 'device_class': 'power'}}
2026-05-03 20:56:59,057 - DEBUG - Wrote thermodynamic metrics to InfluxDB
2026-05-03 20:56:59,057 - DEBUG - Thermodynamic sensors updated: COP=0.00, Power=-0.195kW
2026-05-03 20:56:59,057 - DEBUG - ♻️ Reusing existing Model Wrapper instance
2026-05-03 20:56:59,057 - DEBUG - 🎯 ACTIVE MODE LEARNING (trajectory): Verifying ML prediction accuracy for 19.5°C outlet setting
2026-05-03 20:56:59,061 - DEBUG - ☀️ SolarChannel self-learned: avg_error=0.019, pv_heat_weight=0.00137, solar_lag=45.1min, cloud_exp=1.00, solar_decay_tau=1.00h
2026-05-03 20:56:59,061 - INFO - ☀️ pv parameter update: attributed_error=+0.087198 | pv_heat_weight: 0.001349→0.001368 (Δ+0.000019) | solar_decay_tau_hours: 0.999639→0.999649 (Δ+0.000009)
2026-05-03 20:56:59,061 - INFO - Channel routing → [☀️ pv*] | error=+0.0872 | pv_current=30W pv_smoothed=1232W | params_changed=pv
2026-05-03 20:56:59,115 - DEBUG - 💾 Saved cooling thermal state to /config/ml_heating/unified_thermal_state_cooling.json
2026-05-03 20:56:59,115 - DEBUG - Skipping legacy global adaptation: channel mode owns recent-window learning
2026-05-03 20:56:59,166 - DEBUG - 💾 Saved cooling thermal state to /config/ml_heating/unified_thermal_state_cooling.json
2026-05-03 20:56:59,167 - DEBUG - Prediction feedback: error=0.087°C, confidence=5.000
2026-05-03 20:56:59,215 - DEBUG - 💾 Saved cooling thermal state to /config/ml_heating/unified_thermal_state_cooling.json
2026-05-03 20:56:59,216 - DEBUG - 💾 Saved 66 predictions to unified thermal state
2026-05-03 20:56:59,216 - DEBUG - Added prediction: pred=23.35, actual=23.44, error=0.087
2026-05-03 20:56:59,263 - DEBUG - 💾 Saved cooling thermal state to /config/ml_heating/unified_thermal_state_cooling.json
2026-05-03 20:56:59,289 - DEBUG - Wrote prediction metrics to InfluxDB bucket 'ml_heating_features' with MAE(1h)=0.028
2026-05-03 20:56:59,289 - DEBUG - ✅ Exported prediction metrics to InfluxDB
2026-05-03 20:56:59,303 - DEBUG - Wrote thermal learning metrics to InfluxDB: effectiveness=0.953, confidence=5.00
2026-05-03 20:56:59,303 - DEBUG - ✅ Exported thermal learning metrics to InfluxDB
2026-05-03 20:56:59,319 - DEBUG - Wrote feature importances to Influx bucket 'ml_heating_features' (measurement=feature_importance) with timestamp 2026-05-03T18:56:59.303892+00:00
2026-05-03 20:56:59,319 - DEBUG - ✅ Exported feature importance to InfluxDB
2026-05-03 20:56:59,332 - DEBUG - Wrote learning phase metrics to InfluxDB: phase=high_confidence, stability=1.00
2026-05-03 20:56:59,332 - DEBUG - ✅ Exported learning phase metrics to InfluxDB
2026-05-03 20:56:59,347 - DEBUG - Wrote trajectory prediction metrics to InfluxDB: horizon=4h, mae_1h=0.028
2026-05-03 20:56:59,347 - DEBUG - ✅ Exported trajectory prediction metrics to InfluxDB
2026-05-03 20:56:59,347 - INFO - 📊 Exported all adaptive learning metrics to InfluxDB (cycle 65)
2026-05-03 20:56:59,349 - DEBUG - Setting HA state for sensor.ml_model_mae: {'state': '0.0313', 'attributes': {'state_class': 'measurement', 'unique_id': 'ml_heating_model_mae', 'friendly_name': 'ML Model MAE', 'unit_of_measurement': '°C', 'icon': 'mdi:chart-line', 'last_updated': '2026-05-03T18:56:59.349416+00:00'}}
2026-05-03 20:56:59,366 - DEBUG - Setting HA state for sensor.ml_model_rmse: {'state': '0.0424', 'attributes': {'state_class': 'measurement', 'unique_id': 'ml_heating_model_rmse', 'friendly_name': 'ML Model RMSE', 'unit_of_measurement': '°C', 'icon': 'mdi:chart-line', 'last_updated': '2026-05-03T18:56:59.349416+00:00'}}
2026-05-03 20:56:59,381 - DEBUG - Setting HA state for sensor.ml_heating_learning: {'state': '5.000', 'attributes': {'state_class': 'measurement', 'unique_id': 'ml_heating_learning', 'friendly_name': 'ML Adaptive Learning Metrics', 'unit_of_measurement': 'metrics', 'icon': 'mdi:brain', 'thermal_time_constant': 4.390554703745845, 'heat_loss_coefficient': 0.1245214561975565, 'outlet_effectiveness': 0.9526723072021629, 'pv_heat_weight': 0.0013677912547237008, 'fireplace_heat_weight': 0.387, 'tv_heat_weight': 0.35, 'solar_lag_minutes': 45.124246261916994, 'slab_time_constant_hours': 3.19, 'heat_source_channels_enabled': True, 'total_conductance': 0.3, 'equilibrium_ratio': 0.5, 'cycle_count': 65, 'parameter_updates': 33, 'model_health': 'excellent', 'learning_progress': 0.65, 'is_improving': True, 'improvement_percentage': 35.62018251823755, 'total_predictions': 66, 'learning_confidence': 5.0, 'last_updated': '2026-05-03T18:56:59.380918+00:00', 'delta_t_floor': 2.3, 'cloud_factor_exponent': 1.0, 'solar_decay_tau_hours': 0.9996486631621018, 'fp_heat_output_kw': 0.387, 'fp_decay_time_constant': 3.9144707244638868, 'room_spread_delay_minutes': 18.0, 'ch_heat_pump_history_count': 0, 'ch_heat_pump_last_error': 0.0, 'ch_pv_history_count': 63, 'ch_pv_last_error': 0.08719826106991846, 'ch_fireplace_history_count': 0, 'ch_fireplace_last_error': 0.0, 'ch_tv_history_count': 0, 'ch_tv_last_error': 0.0}}
2026-05-03 20:56:59,395 - DEBUG - Setting HA state for sensor.ml_model_mae: {'state': '0.0313', 'attributes': {'state_class': 'measurement', 'unique_id': 'ml_heating_model_mae', 'friendly_name': 'ML Model MAE', 'unit_of_measurement': '°C', 'icon': 'mdi:chart-line', 'mae_1h': 0.028184606838104642, 'mae_6h': 0.03125282299810109, 'mae_24h': 0.03125282299810109, 'trend_direction': 'improving', 'prediction_count': 66, 'last_updated': '2026-05-03T18:56:59.380918+00:00'}}
2026-05-03 20:56:59,411 - DEBUG - Setting HA state for sensor.ml_model_rmse: {'state': '0.0424', 'attributes': {'state_class': 'measurement', 'unique_id': 'ml_heating_model_rmse', 'friendly_name': 'ML Model RMSE', 'unit_of_measurement': '°C', 'icon': 'mdi:chart-line', 'recent_max_error': 0.08719826106991846, 'std_error': 0.0286, 'mean_bias': 0.0, 'prediction_count': 66, 'last_updated': '2026-05-03T18:56:59.380918+00:00'}}
2026-05-03 20:56:59,425 - DEBUG - Setting HA state for sensor.ml_prediction_accuracy: {'state': '100.0', 'attributes': {'state_class': 'measurement', 'unique_id': 'ml_prediction_accuracy', 'friendly_name': 'ML Prediction Accuracy', 'unit_of_measurement': '%', 'icon': 'mdi:target', 'perfect_accuracy_pct': 0.0, 'tolerable_accuracy_pct': 100.0, 'poor_accuracy_pct': 0.0, 'prediction_count_24h': 0, 'excellent_all_time_pct': 96.96969696969697, 'good_all_time_pct': 100.0, 'last_updated': '2026-05-03T18:56:59.380918+00:00'}}
2026-05-03 20:56:59,439 - DEBUG - Logged refactored sensor metrics to HA
2026-05-03 20:56:59,439 - DEBUG - Logging feature importance
2026-05-03 20:56:59,439 - DEBUG - Setting HA state for sensor.ml_feature_importance: {'state': '5', 'attributes': {'state_class': 'measurement', 'unique_id': 'ml_heating_feature_importance', 'friendly_name': 'ML Feature Importance', 'unit_of_measurement': '%', 'icon': 'mdi:format-list-numbered', 'top_features': {'target_temp': 52.47, 'fireplace': 21.32, 'tv_power': 19.28, 'outdoor_temp': 6.86, 'pv_power': 0.08}, 'last_updated': '2026-05-03T18:56:59.439600+00:00'}}
2026-05-03 20:56:59,454 - INFO - ✅ Exported metrics to Home Assistant sensors successfully
2026-05-03 20:56:59,454 - INFO - ✅ Learning cycle 65: error=0.087°C, confidence=5.000, total_predictions=66
2026-05-03 20:56:59,454 - DEBUG - ✅ Online learning: applied_temp=19.5°C, actual_change=0.050°C, cycle=65
2026-05-03 20:56:59,454 - INFO - ❄️ Cooling mode active (state: cool)
2026-05-03 20:56:59,454 - DEBUG - ♻️ Reusing existing Model Wrapper instance
2026-05-03 20:56:59,454 - INFO - ❄️ COOLING MODE: ML will calculate cooling outlet temperature (outlet < inlet) — using cooling state /config/ml_heating/unified_thermal_state_cooling.json
2026-05-03 20:56:59,484 - DEBUG - Fireplace is OFF. Using main indoor temp for prediction.
2026-05-03 20:56:59,691 - DEBUG - PV forecast parsed successfully: [0.0, 0.0, 0.0, 0.0, 0.0, 0.0, 0.0, 0.0, 67.2, 784.2, 2420.0, 3192.5]W
2026-05-03 20:56:59,691 - DEBUG - Solar correction: enabled=True, percent=100.0%, factor=1.000
2026-05-03 20:56:59,708 - DEBUG - Delta calibration applied: offset=+1.65°C
2026-05-03 20:56:59,708 - DEBUG - Raw forecasts: [16.7, 14.9, 13.7, 13.1, 12.2, 12.0, 11.7, 11.4, 11.1, 10.4, 11.1, 12.7]
2026-05-03 20:56:59,708 - DEBUG - Calibrated forecasts: [18.35, 16.55, 15.35, 14.75, 13.85, 13.65, 13.35, 13.05, 12.75, 12.05, 12.75, 14.35]
2026-05-03 20:56:59,712 - DEBUG - 💾 HLC session: saved 0 session records to /config/ml_heating/hlc_sessions.json
2026-05-03 20:56:59,713 - INFO - ☀️ Forecast trajectory: PV=10W < zero_w=50W → night mode, 6 steps
2026-05-03 20:56:59,713 - DEBUG - ♻️ Reusing existing Model Wrapper instance
2026-05-03 20:56:59,718 - INFO - DEBUG: Wrapper params: U=0.1245214561975565, eff=0.9526723072021629, tau=4.390554703745845
2026-05-03 20:56:59,718 - DEBUG - PV scalar: no forecast sun (1h=0W ≤ 50W), snapping to pv_now=10W (rolling window reset)
2026-05-03 20:56:59,719 - DEBUG - ❄️ Cooling: tightened outlet_max to 19.6°C (inlet=21.6°C − delta=2.0°C)
2026-05-03 20:56:59,719 - INFO - ❄️ Cooling mode bounds: outlet 18.3–19.6°C (indoor=23.4°C, target=22.6°C)
2026-05-03 20:56:59,719 - DEBUG - 🔧 Using natural bounds: outlet_min=18.3°C, outlet_max=19.6°C
2026-05-03 20:56:59,719 - INFO - 🌡️ Using cycle-aligned forecast (10min): outdoor=18.3°C (vs current 18.3°C), PV=9W (vs current 10W)
2026-05-03 20:56:59,719 - DEBUG - DEBUG: No PV history found, using scalar avg_pv: 9.166666666666666
2026-05-03 20:56:59,719 - INFO - 🔄 HP off (delta_t=-0.20): simulating HP-on delta_t=2.30 for binary search
2026-05-03 20:56:59,719 - DEBUG - 🎯 Binary search start: target=22.6°C, current=23.4°C, range=18.3-19.6°C
2026-05-03 20:56:59,719 - DEBUG - 🔍 Binary search features: inlet_temp=21.6, delta_t_floor=2.30, indoor_temp_delta_60m=-0.0003, horizon=6.0h, outlet_mid=19.0°C
2026-05-03 20:56:59,720 - DEBUG - ✅ Binary search trajectory OK (iter 1): outlet=19.0°C → predicted=22.03°C (steps=36, start=23.32→end=22.03)
2026-05-03 20:56:59,720 - DEBUG -    Iteration 1: outlet=19.0°C → predicted=22.03°C, error=-0.573°C (range: 18.3-19.6°C)
2026-05-03 20:56:59,720 - DEBUG -      → Cooling: Predicted below target, raising minimum to 19.0°C
2026-05-03 20:56:59,721 - DEBUG -    Iteration 2: outlet=19.3°C → predicted=22.03°C, error=-0.573°C (range: 19.0-19.6°C)
2026-05-03 20:56:59,721 - DEBUG -      → Cooling: Predicted below target, raising minimum to 19.3°C
2026-05-03 20:56:59,722 - DEBUG -    Iteration 3: outlet=19.4°C → predicted=22.03°C, error=-0.573°C (range: 19.3-19.6°C)
2026-05-03 20:56:59,722 - DEBUG -      → Cooling: Predicted below target, raising minimum to 19.4°C
2026-05-03 20:56:59,723 - DEBUG -    Iteration 4: outlet=19.5°C → predicted=22.03°C, error=-0.573°C (range: 19.4-19.6°C)
2026-05-03 20:56:59,723 - DEBUG -      → Cooling: Predicted below target, raising minimum to 19.5°C
2026-05-03 20:56:59,724 - DEBUG -    Iteration 5: outlet=19.6°C → predicted=22.03°C, error=-0.573°C (range: 19.5-19.6°C)
2026-05-03 20:56:59,724 - DEBUG -      → Cooling: Predicted below target, raising minimum to 19.6°C
2026-05-03 20:56:59,724 - INFO - 🔄 Binary search early exit after 6 iterations: range collapsed to 0.041°C, using 19.6°C
2026-05-03 20:56:59,724 - DEBUG - 🧠 Smart rounding is using cycle-aligned forecast: PV=9W (caller sent PV=10W)
2026-05-03 20:56:59,724 - INFO - 🎯 Prediction: Current 23.44°C → Target 22.6°C | Calculated outlet: 19.6°C (before smart rounding) (confidence: 5.000)
2026-05-03 20:56:59,724 - DEBUG - Model Wrapper: temp=19.6°C, error=0.840°C, confidence=5.000
2026-05-03 20:56:59,724 - DEBUG - EMA smoothing: 19.58°C → 19.5°C (last=19.5, α=0.50)
2026-05-03 20:56:59,724 - DEBUG - ♻️ Reusing existing Model Wrapper instance
2026-05-03 20:56:59,724 - INFO - 🌡️ Using cycle-aligned forecast (10min): outdoor=18.0°C (vs current 18.0°C), PV=971W (vs current 1059W)
2026-05-03 20:56:59,724 - DEBUG - 🧠 Smart rounding is using cycle-aligned forecast: PV=9W (caller sent PV=971W)
2026-05-03 20:56:59,725 - DEBUG - 🧠 Smart rounding is using cycle-aligned forecast: PV=9W (caller sent PV=971W)
2026-05-03 20:56:59,725 - DEBUG - Smart rounding: 19.50°C → 19°C (chose floor: floor→23.28°C [err=0.678], ceiling→23.31°C [err=0.709], target=22.6°C)
2026-05-03 20:56:59,725 - DEBUG - Setting target outlet temp
2026-05-03 20:56:59,725 - DEBUG - Setting HA state for sensor.ml_vorlauftemperatur: {'state': '19.5', 'attributes': {'state_class': 'measurement', 'unique_id': 'ml_heating_target_outlet_temp', 'friendly_name': 'ML Target Outlet Temp', 'unit_of_measurement': '°C', 'device_class': 'temperature', 'icon': 'mdi:thermometer-water'}}
2026-05-03 20:56:59,737 - DEBUG - Logging thermal model metrics
2026-05-03 20:56:59,737 - DEBUG - Setting HA state for sensor.ml_heating_state: {'state': '0', 'attributes': {'state_class': 'measurement', 'unique_id': 'ml_heating_state', 'friendly_name': 'ML Heating State', 'unit_of_measurement': 'state', 'icon': 'mdi:information-outline', 'state_description': 'OK - Prediction done', 'confidence': 5.0, 'suggested_temp': 19.58, 'final_temp': 19.5, 'predicted_indoor': 23.26, 'last_prediction_time': '2026-05-03T18:56:59.737913+00:00', 'temperature_error': 0.84}}
2026-05-03 20:56:59,751 - DEBUG - ✅ ACTIVE MODE: ML controlling heating via input_boolean.ml_heating
2026-05-03 20:56:59,753 - DEBUG - 🧠 Smart rounding is using cycle-aligned forecast: PV=9W (caller sent PV=1059W)
2026-05-03 20:56:59,753 - DEBUG - Target: 22.6°C | Suggested: 19.6°C | Applied: 19.5°C | Actual Indoor: 23.44°C | Predicted Indoor: 23.29°C | Confidence: 5.000
2026-05-03 20:56:59,753 - INFO - Target: 22.6°C | Suggested: 19.6°C | Applied: 19.5°C | Actual Indoor: 23.44°C | Predicted Indoor: 23.29°C | Confidence: 5.000
2026-05-03 20:56:59,802 - DEBUG - 💾 Saved cooling thermal state to /config/ml_heating/unified_thermal_state_cooling.json
2026-05-03 20:56:59,803 - DEBUG - Operational state saved to /config/ml_heating/unified_thermal_state_cooling.json; updated keys: ['last_run_features', 'last_indoor_temp', 'last_avg_other_rooms_temp', 'last_fireplace_on', 'last_final_temp', 'last_predicted_indoor', 'last_is_blocking', 'last_blocking_reasons', 'setpoint_hold_cycles_remaining']
2026-05-03 20:56:59,803 - DEBUG - Setting HA state for sensor.ml_heating_features: {'state': '23.30', 'attributes': {'state_class': 'measurement', 'unique_id': 'ml_heating_features', 'friendly_name': 'ML Heating Features', 'unit_of_measurement': '°C', 'device_class': 'temperature', 'icon': 'mdi:feature-search-outline', 'living_room_temp': 23.3, 'outlet_temp': 21.4, 'indoor_temp_lag_30m': 23.403, 'target_temp': 22.6, 'outdoor_temp': 18.346874999999997, 'dhw_heating': 0.0, 'dhw_disinfection': 0.0, 'dhw_boost_heater': 0.0, 'defrosting': 0.0, 'pv_now': 10.0, 'pv_now_electrical': 10.0, 'solar_correction_percent': 100.0, 'solar_correction_factor': 1.0, 'solar_correction_enabled': 1.0, 'fireplace_on': 0.0, 'tv_on': 0.0, 'temp_forecast_1h': 18.35, 'temp_forecast_2h': 16.55, 'temp_forecast_3h': 15.35, 'temp_forecast_4h': 14.75, 'temp_forecast_5h': 13.85, 'temp_forecast_6h': 13.65, 'temp_forecast_7h': 13.35, 'temp_forecast_8h': 13.05, 'temp_forecast_9h': 12.75, 'temp_forecast_10h': 12.05, 'temp_forecast_11h': 12.75, 'temp_forecast_12h': 14.35, 'pv_forecast_1h': 0.0, 'pv_forecast_2h': 0.0, 'pv_forecast_3h': 0.0, 'pv_forecast_4h': 0.0, 'pv_forecast_5h': 0.0, 'pv_forecast_6h': 0.0, 'pv_forecast_7h': 0.0, 'pv_forecast_8h': 0.0, 'pv_forecast_9h': 67.2, 'pv_forecast_10h': 784.2, 'pv_forecast_11h': 2420.0, 'pv_forecast_12h': 3192.5, 'pv_forecast_electrical_1h': 0.0, 'pv_forecast_electrical_2h': 0.0, 'pv_forecast_electrical_3h': 0.0, 'pv_forecast_electrical_4h': 0.0, 'pv_forecast_electrical_5h': 0.0, 'pv_forecast_electrical_6h': 0.0, 'pv_forecast_electrical_7h': 0.0, 'pv_forecast_electrical_8h': 0.0, 'pv_forecast_electrical_9h': 67.2, 'pv_forecast_electrical_10h': 784.2, 'pv_forecast_electrical_11h': 2420.0, 'pv_forecast_electrical_12h': 3192.5, 'cloud_cover_forecast_1h': 0.0, 'cloud_cover_forecast_2h': 0.0, 'cloud_cover_forecast_3h': 0.0, 'cloud_cover_forecast_4h': 0.0, 'cloud_cover_forecast_5h': 0.0, 'cloud_cover_forecast_6h': 0.0, 'cloud_cover_forecast_7h': 0.0, 'cloud_cover_forecast_8h': 0.0, 'cloud_cover_forecast_9h': 0.0, 'cloud_cover_forecast_10h': 0.0, 'cloud_cover_forecast_11h': 0.0, 'cloud_cover_forecast_12h': 0.0, 'temp_diff_indoor_outdoor': 5.076874999999998, 'indoor_temp_gradient': -0.4815000000000609, 'outlet_indoor_diff': -2.023749999999996, 'indoor_temp_lag_10m': 23.449999999999996, 'indoor_temp_lag_60m': 23.424000000000003, 'outlet_temp_lag_30m': 21.300000000000004, 'outlet_temp_change': -3.552713678800501e-15, 'indoor_temp_delta_10m': -0.026250000000000995, 'indoor_temp_delta_30m': 0.02074999999999605, 'indoor_temp_delta_60m': -0.00025000000000829914, 'hour_sin': -0.8660254037844386, 'hour_cos': 0.5000000000000001, 'month_sin': 0.8660254037844387, 'month_cos': -0.4999999999999998, 'outlet_effectiveness_ratio': 8.237499999999933, 'inlet_temp': 21.6, 'flow_rate': 14.0, 'power_consumption': 23.0, 'delta_t': -0.20000000000000284, 'thermal_power_kw': -0.19534666666666944, 'cop_realtime': 0.0, 'temp_trend_forecast': -0.7828124999999995, 'heating_demand_forecast': 0.735, 'combined_forecast_thermal_load': 0.735, 'pv_power_history': [3119.0, 3061.0, 2403.0, 2282.0, 1769.0, 1478.0, 1220.0, 872.0, 680.0, 611.0, 523.0, 406.0, 289.0, 170.0, 90.0, 40.0, 27.0, 20.0], 'last_updated': '2026-05-03T18:56:59.803681+00:00'}}
2026-05-03 20:56:59,817 - DEBUG - Published 89 features to sensor.ml_heating_features
2026-05-03 20:56:59,817 - DEBUG - ✅ CYCLE 36 END: 20:56:59 (duration: 0.8s)
2026-05-03 20:56:59,817 - DEBUG - 💤 POLLING START: Waiting 30min until next cycle...
2026-05-03 20:56:59,845 - DEBUG - Active sampling: buffered 6 readings
127.0.0.1 - - [03/May/2026 20:57:02] "GET /health HTTP/1.1" 200 -
127.0.0.1 - - [03/May/2026 20:57:32] "GET /health HTTP/1.1" 200 -
2026-05-03 20:57:59,878 - DEBUG - Active sampling: buffered 6 readings
127.0.0.1 - - [03/May/2026 20:58:02] "GET /health HTTP/1.1" 200 -
127.0.0.1 - - [03/May/2026 20:58:32] "GET /health HTTP/1.1" 200 -
2026-05-03 20:58:59,910 - DEBUG - Active sampling: buffered 6 readings
127.0.0.1 - - [03/May/2026 20:59:02] "GET /health HTTP/1.1" 200 -
127.0.0.1 - - [03/May/2026 20:59:33] "GET /health HTTP/1.1" 200 -
2026-05-03 20:59:59,943 - DEBUG - Active sampling: buffered 6 readings
127.0.0.1 - - [03/May/2026 21:00:03] "GET /health HTTP/1.1" 200 -
127.0.0.1 - - [03/May/2026 21:00:33] "GET /health HTTP/1.1" 200 -
2026-05-03 21:00:59,976 - DEBUG - Active sampling: buffered 6 readings
127.0.0.1 - - [03/May/2026 21:01:03] "GET /health HTTP/1.1" 200 -
127.0.0.1 - - [03/May/2026 21:01:33] "GET /health HTTP/1.1" 200 -
2026-05-03 21:02:00,007 - DEBUG - Active sampling: buffered 6 readings
127.0.0.1 - - [03/May/2026 21:02:03] "GET /health HTTP/1.1" 200 -
127.0.0.1 - - [03/May/2026 21:02:33] "GET /health HTTP/1.1" 200 -
2026-05-03 21:03:00,038 - DEBUG - Active sampling: buffered 6 readings
127.0.0.1 - - [03/May/2026 21:03:03] "GET /health HTTP/1.1" 200 -
127.0.0.1 - - [03/May/2026 21:03:33] "GET /health HTTP/1.1" 200 -
2026-05-03 21:04:00,070 - DEBUG - Active sampling: buffered 6 readings
127.0.0.1 - - [03/May/2026 21:04:03] "GET /health HTTP/1.1" 200 -
127.0.0.1 - - [03/May/2026 21:04:33] "GET /health HTTP/1.1" 200 -
2026-05-03 21:05:00,103 - DEBUG - Active sampling: buffered 6 readings
127.0.0.1 - - [03/May/2026 21:05:03] "GET /health HTTP/1.1" 200 -
127.0.0.1 - - [03/May/2026 21:05:33] "GET /health HTTP/1.1" 200 -
2026-05-03 21:06:00,135 - DEBUG - Active sampling: buffered 6 readings
127.0.0.1 - - [03/May/2026 21:06:03] "GET /health HTTP/1.1" 200 -
127.0.0.1 - - [03/May/2026 21:06:33] "GET /health HTTP/1.1" 200 -
2026-05-03 21:07:00,137 - DEBUG - ⏰ POLLING END: Waited 10.0min, starting next cycle...
2026-05-03 21:07:00,137 - DEBUG - 🔄 CYCLE 37 START: 21:07:00 (interval: 10.0min since last cycle)
2026-05-03 21:07:00,137 - DEBUG - ♻️ Reusing existing Model Wrapper instance
2026-05-03 21:07:00,137 - INFO - Successfully loaded operational state from /config/ml_heating/unified_thermal_state_cooling.json
2026-05-03 21:07:00,167 - DEBUG - Setting HA state for sensor.ml_heating_cop_realtime: {'state': '0.00', 'attributes': {'state_class': 'measurement', 'unique_id': 'ml_heating_cop_realtime', 'friendly_name': 'ML Heating COP (Realtime)', 'unit_of_measurement': 'COP', 'icon': 'mdi:heat-pump', 'device_class': 'power_factor'}}
2026-05-03 21:07:00,179 - DEBUG - Setting HA state for sensor.ml_heating_thermal_power: {'state': '-0.195', 'attributes': {'state_class': 'measurement', 'unique_id': 'ml_heating_thermal_power', 'friendly_name': 'ML Heating Thermal Power', 'unit_of_measurement': 'kW', 'icon': 'mdi:flash', 'device_class': 'power'}}
2026-05-03 21:07:00,220 - DEBUG - Wrote thermodynamic metrics to InfluxDB
2026-05-03 21:07:00,220 - DEBUG - Thermodynamic sensors updated: COP=0.00, Power=-0.195kW
2026-05-03 21:07:00,220 - DEBUG - ♻️ Reusing existing Model Wrapper instance
2026-05-03 21:07:00,221 - DEBUG - 🎯 ACTIVE MODE LEARNING (trajectory): Verifying ML prediction accuracy for 19.5°C outlet setting
2026-05-03 21:07:00,224 - DEBUG - ☀️ SolarChannel self-learned: avg_error=0.018, pv_heat_weight=0.00139, solar_lag=45.1min, cloud_exp=1.00, solar_decay_tau=1.00h
2026-05-03 21:07:00,224 - INFO - ☀️ pv parameter update: attributed_error=+0.033041 | pv_heat_weight: 0.001368→0.001385 (Δ+0.000018) | solar_decay_tau_hours: 0.999649→0.999657 (Δ+0.000009)
2026-05-03 21:07:00,224 - INFO - Channel routing → [☀️ pv*] | error=+0.0330 | pv_current=10W pv_smoothed=1059W | params_changed=pv
2026-05-03 21:07:00,278 - DEBUG - 💾 Saved cooling thermal state to /config/ml_heating/unified_thermal_state_cooling.json
2026-05-03 21:07:00,279 - DEBUG - Skipping legacy global adaptation: channel mode owns recent-window learning
2026-05-03 21:07:00,333 - DEBUG - 💾 Saved cooling thermal state to /config/ml_heating/unified_thermal_state_cooling.json
2026-05-03 21:07:00,334 - DEBUG - Prediction feedback: error=0.033°C, confidence=5.000
2026-05-03 21:07:00,382 - DEBUG - 💾 Saved cooling thermal state to /config/ml_heating/unified_thermal_state_cooling.json
2026-05-03 21:07:00,382 - DEBUG - 💾 Saved 67 predictions to unified thermal state
2026-05-03 21:07:00,382 - DEBUG - Added prediction: pred=23.40, actual=23.43, error=0.033
2026-05-03 21:07:00,429 - DEBUG - 💾 Saved cooling thermal state to /config/ml_heating/unified_thermal_state_cooling.json
2026-05-03 21:07:00,433 - DEBUG - Setting HA state for sensor.ml_model_mae: {'state': '0.0313', 'attributes': {'state_class': 'measurement', 'unique_id': 'ml_heating_model_mae', 'friendly_name': 'ML Model MAE', 'unit_of_measurement': '°C', 'icon': 'mdi:chart-line', 'last_updated': '2026-05-03T19:07:00.432998+00:00'}}
2026-05-03 21:07:00,464 - DEBUG - Setting HA state for sensor.ml_model_rmse: {'state': '0.0422', 'attributes': {'state_class': 'measurement', 'unique_id': 'ml_heating_model_rmse', 'friendly_name': 'ML Model RMSE', 'unit_of_measurement': '°C', 'icon': 'mdi:chart-line', 'last_updated': '2026-05-03T19:07:00.432998+00:00'}}
2026-05-03 21:07:00,479 - DEBUG - Setting HA state for sensor.ml_heating_learning: {'state': '5.000', 'attributes': {'state_class': 'measurement', 'unique_id': 'ml_heating_learning', 'friendly_name': 'ML Adaptive Learning Metrics', 'unit_of_measurement': 'metrics', 'icon': 'mdi:brain', 'thermal_time_constant': 4.390554703745845, 'heat_loss_coefficient': 0.1245214561975565, 'outlet_effectiveness': 0.9526723072021629, 'pv_heat_weight': 0.0013853227692338834, 'fireplace_heat_weight': 0.387, 'tv_heat_weight': 0.35, 'solar_lag_minutes': 45.124246261916994, 'slab_time_constant_hours': 3.19, 'heat_source_channels_enabled': True, 'total_conductance': 0.3, 'equilibrium_ratio': 0.5, 'cycle_count': 66, 'parameter_updates': 34, 'model_health': 'excellent', 'learning_progress': 0.66, 'is_improving': True, 'improvement_percentage': 34.958070649143906, 'total_predictions': 67, 'learning_confidence': 5.0, 'last_updated': '2026-05-03T19:07:00.478870+00:00', 'delta_t_floor': 2.3, 'cloud_factor_exponent': 1.0, 'solar_decay_tau_hours': 0.9996574289193568, 'fp_heat_output_kw': 0.387, 'fp_decay_time_constant': 3.9144707244638868, 'room_spread_delay_minutes': 18.0, 'ch_heat_pump_history_count': 0, 'ch_heat_pump_last_error': 0.0, 'ch_pv_history_count': 64, 'ch_pv_last_error': 0.03304065540040568, 'ch_fireplace_history_count': 0, 'ch_fireplace_last_error': 0.0, 'ch_tv_history_count': 0, 'ch_tv_last_error': 0.0}}
2026-05-03 21:07:00,496 - DEBUG - Setting HA state for sensor.ml_model_mae: {'state': '0.0313', 'attributes': {'state_class': 'measurement', 'unique_id': 'ml_heating_model_mae', 'friendly_name': 'ML Model MAE', 'unit_of_measurement': '°C', 'icon': 'mdi:chart-line', 'mae_1h': 0.02864186944232827, 'mae_6h': 0.031279507063807124, 'mae_24h': 0.031279507063807124, 'trend_direction': 'improving', 'prediction_count': 67, 'last_updated': '2026-05-03T19:07:00.478870+00:00'}}
2026-05-03 21:07:00,513 - DEBUG - Setting HA state for sensor.ml_model_rmse: {'state': '0.0422', 'attributes': {'state_class': 'measurement', 'unique_id': 'ml_heating_model_rmse', 'friendly_name': 'ML Model RMSE', 'unit_of_measurement': '°C', 'icon': 'mdi:chart-line', 'recent_max_error': 0.08719826106991846, 'std_error': 0.0284, 'mean_bias': 0.0, 'prediction_count': 67, 'last_updated': '2026-05-03T19:07:00.478870+00:00'}}
2026-05-03 21:07:00,527 - DEBUG - Setting HA state for sensor.ml_prediction_accuracy: {'state': '100.0', 'attributes': {'state_class': 'measurement', 'unique_id': 'ml_prediction_accuracy', 'friendly_name': 'ML Prediction Accuracy', 'unit_of_measurement': '%', 'icon': 'mdi:target', 'perfect_accuracy_pct': 0.0, 'tolerable_accuracy_pct': 100.0, 'poor_accuracy_pct': 0.0, 'prediction_count_24h': 0, 'excellent_all_time_pct': 97.01492537313433, 'good_all_time_pct': 100.0, 'last_updated': '2026-05-03T19:07:00.478870+00:00'}}
2026-05-03 21:07:00,542 - DEBUG - Logged refactored sensor metrics to HA
2026-05-03 21:07:00,542 - DEBUG - Logging feature importance
2026-05-03 21:07:00,542 - DEBUG - Setting HA state for sensor.ml_feature_importance: {'state': '5', 'attributes': {'state_class': 'measurement', 'unique_id': 'ml_heating_feature_importance', 'friendly_name': 'ML Feature Importance', 'unit_of_measurement': '%', 'icon': 'mdi:format-list-numbered', 'top_features': {'target_temp': 52.47, 'fireplace': 21.32, 'tv_power': 19.28, 'outdoor_temp': 6.86, 'pv_power': 0.08}, 'last_updated': '2026-05-03T19:07:00.542662+00:00'}}
2026-05-03 21:07:00,557 - INFO - ✅ Exported metrics to Home Assistant sensors successfully
2026-05-03 21:07:00,557 - INFO - ✅ Learning cycle 66: error=0.033°C, confidence=5.000, total_predictions=67
2026-05-03 21:07:00,557 - DEBUG - ✅ Online learning: applied_temp=19.5°C, actual_change=-0.010°C, cycle=66
2026-05-03 21:07:00,557 - INFO - Climate system not active (state: idle), skipping cycle.
2026-05-03 21:07:00,557 - DEBUG - Setting HA state for sensor.ml_heating_state: {'state': '6', 'attributes': {'state_class': 'measurement', 'unique_id': 'ml_heating_state', 'friendly_name': 'ML Heating State', 'unit_of_measurement': 'state', 'icon': 'mdi:information-outline', 'state_description': 'System off (idle)', 'heating_state': 'idle', 'climate_mode': 'off', 'last_updated': '2026-05-03T19:07:00.557857+00:00'}}
127.0.0.1 - - [03/May/2026 21:07:03] "GET /health HTTP/1.1" 200 -
127.0.0.1 - - [03/May/2026 21:07:33] "GET /health HTTP/1.1" 200 -
127.0.0.1 - - [03/May/2026 21:08:03] "GET /health HTTP/1.1" 200 -
127.0.0.1 - - [03/May/2026 21:08:34] "GET /health HTTP/1.1" 200 -
127.0.0.1 - - [03/May/2026 21:09:04] "GET /health HTTP/1.1" 200 -
127.0.0.1 - - [03/May/2026 21:09:34] "GET /health HTTP/1.1" 200 -
127.0.0.1 - - [03/May/2026 21:10:04] "GET /health HTTP/1.1" 200 -
127.0.0.1 - - [03/May/2026 21:10:34] "GET /health HTTP/1.1" 200 -
127.0.0.1 - - [03/May/2026 21:11:04] "GET /health HTTP/1.1" 200 -
127.0.0.1 - - [03/May/2026 21:11:34] "GET /health HTTP/1.1" 200 -
2026-05-03 21:12:00,572 - DEBUG - 🔄 CYCLE 38 START: 21:12:00 (interval: 15.0min since last cycle)
2026-05-03 21:12:00,572 - DEBUG - ♻️ Reusing existing Model Wrapper instance
2026-05-03 21:12:00,572 - INFO - Successfully loaded operational state from /config/ml_heating/unified_thermal_state_cooling.json
2026-05-03 21:12:00,604 - DEBUG - Setting HA state for sensor.ml_heating_cop_realtime: {'state': '0.00', 'attributes': {'state_class': 'measurement', 'unique_id': 'ml_heating_cop_realtime', 'friendly_name': 'ML Heating COP (Realtime)', 'unit_of_measurement': 'COP', 'icon': 'mdi:heat-pump', 'device_class': 'power_factor'}}
2026-05-03 21:12:00,616 - DEBUG - Setting HA state for sensor.ml_heating_thermal_power: {'state': '-0.293', 'attributes': {'state_class': 'measurement', 'unique_id': 'ml_heating_thermal_power', 'friendly_name': 'ML Heating Thermal Power', 'unit_of_measurement': 'kW', 'icon': 'mdi:flash', 'device_class': 'power'}}
2026-05-03 21:12:00,652 - DEBUG - Wrote thermodynamic metrics to InfluxDB
2026-05-03 21:12:00,652 - DEBUG - Thermodynamic sensors updated: COP=0.00, Power=-0.293kW
2026-05-03 21:12:00,652 - DEBUG - ♻️ Reusing existing Model Wrapper instance
2026-05-03 21:12:00,652 - DEBUG - 🎯 ACTIVE MODE LEARNING (trajectory): Verifying ML prediction accuracy for 19.5°C outlet setting
2026-05-03 21:12:00,655 - DEBUG - ☀️ SolarChannel self-learned: avg_error=0.012, pv_heat_weight=0.00140, solar_lag=45.1min, cloud_exp=1.00, solar_decay_tau=1.00h
2026-05-03 21:12:00,656 - INFO - ☀️ pv parameter update: attributed_error=+0.002606 | pv_heat_weight: 0.001385→0.001398 (Δ+0.000012) | solar_decay_tau_hours: 0.999657→0.999664 (Δ+0.000006)
2026-05-03 21:12:00,656 - INFO - Channel routing → [☀️ pv*] | error=+0.0026 | pv_current=10W pv_smoothed=1059W | params_changed=pv
2026-05-03 21:12:00,710 - DEBUG - 💾 Saved cooling thermal state to /config/ml_heating/unified_thermal_state_cooling.json
2026-05-03 21:12:00,711 - DEBUG - Skipping legacy global adaptation: channel mode owns recent-window learning
2026-05-03 21:12:00,764 - DEBUG - 💾 Saved cooling thermal state to /config/ml_heating/unified_thermal_state_cooling.json
2026-05-03 21:12:00,765 - DEBUG - Prediction feedback: error=0.003°C, confidence=5.000
2026-05-03 21:12:00,813 - DEBUG - 💾 Saved cooling thermal state to /config/ml_heating/unified_thermal_state_cooling.json
2026-05-03 21:12:00,813 - DEBUG - 💾 Saved 68 predictions to unified thermal state
2026-05-03 21:12:00,814 - DEBUG - Added prediction: pred=23.40, actual=23.40, error=0.003
2026-05-03 21:12:00,861 - DEBUG - 💾 Saved cooling thermal state to /config/ml_heating/unified_thermal_state_cooling.json
2026-05-03 21:12:00,864 - DEBUG - Setting HA state for sensor.ml_model_mae: {'state': '0.0309', 'attributes': {'state_class': 'measurement', 'unique_id': 'ml_heating_model_mae', 'friendly_name': 'ML Model MAE', 'unit_of_measurement': '°C', 'icon': 'mdi:chart-line', 'last_updated': '2026-05-03T19:12:00.864469+00:00'}}
2026-05-03 21:12:00,896 - DEBUG - Setting HA state for sensor.ml_model_rmse: {'state': '0.0419', 'attributes': {'state_class': 'measurement', 'unique_id': 'ml_heating_model_rmse', 'friendly_name': 'ML Model RMSE', 'unit_of_measurement': '°C', 'icon': 'mdi:chart-line', 'last_updated': '2026-05-03T19:12:00.864469+00:00'}}
2026-05-03 21:12:00,910 - DEBUG - Setting HA state for sensor.ml_heating_learning: {'state': '5.000', 'attributes': {'state_class': 'measurement', 'unique_id': 'ml_heating_learning', 'friendly_name': 'ML Adaptive Learning Metrics', 'unit_of_measurement': 'metrics', 'icon': 'mdi:brain', 'thermal_time_constant': 4.390554703745845, 'heat_loss_coefficient': 0.1245214561975565, 'outlet_effectiveness': 0.9526723072021629, 'pv_heat_weight': 0.0013977988967762863, 'fireplace_heat_weight': 0.387, 'tv_heat_weight': 0.35, 'solar_lag_minutes': 45.124246261916994, 'slab_time_constant_hours': 3.19, 'heat_source_channels_enabled': True, 'total_conductance': 0.3, 'equilibrium_ratio': 0.5, 'cycle_count': 67, 'parameter_updates': 35, 'model_health': 'excellent', 'learning_progress': 0.67, 'is_improving': True, 'improvement_percentage': 33.058430038464, 'total_predictions': 68, 'learning_confidence': 5.0, 'last_updated': '2026-05-03T19:12:00.910206+00:00', 'delta_t_floor': 2.3, 'cloud_factor_exponent': 1.0, 'solar_decay_tau_hours': 0.999663666983128, 'fp_heat_output_kw': 0.387, 'fp_decay_time_constant': 3.9144707244638868, 'room_spread_delay_minutes': 18.0, 'ch_heat_pump_history_count': 0, 'ch_heat_pump_last_error': 0.0, 'ch_pv_history_count': 65, 'ch_pv_last_error': 0.0026061525479228465, 'ch_fireplace_history_count': 0, 'ch_fireplace_last_error': 0.0, 'ch_tv_history_count': 0, 'ch_tv_last_error': 0.0}}
2026-05-03 21:12:00,926 - DEBUG - Setting HA state for sensor.ml_model_mae: {'state': '0.0309', 'attributes': {'state_class': 'measurement', 'unique_id': 'ml_heating_model_mae', 'friendly_name': 'ML Model MAE', 'unit_of_measurement': '°C', 'icon': 'mdi:chart-line', 'mae_1h': 0.027877557534366677, 'mae_6h': 0.030857840085632356, 'mae_24h': 0.030857840085632356, 'trend_direction': 'improving', 'prediction_count': 68, 'last_updated': '2026-05-03T19:12:00.910206+00:00'}}
2026-05-03 21:12:00,941 - DEBUG - Setting HA state for sensor.ml_model_rmse: {'state': '0.0419', 'attributes': {'state_class': 'measurement', 'unique_id': 'ml_heating_model_rmse', 'friendly_name': 'ML Model RMSE', 'unit_of_measurement': '°C', 'icon': 'mdi:chart-line', 'recent_max_error': 0.08719826106991846, 'std_error': 0.0284, 'mean_bias': 0.0, 'prediction_count': 68, 'last_updated': '2026-05-03T19:12:00.910206+00:00'}}
2026-05-03 21:12:00,955 - DEBUG - Setting HA state for sensor.ml_prediction_accuracy: {'state': '100.0', 'attributes': {'state_class': 'measurement', 'unique_id': 'ml_prediction_accuracy', 'friendly_name': 'ML Prediction Accuracy', 'unit_of_measurement': '%', 'icon': 'mdi:target', 'perfect_accuracy_pct': 0.0, 'tolerable_accuracy_pct': 100.0, 'poor_accuracy_pct': 0.0, 'prediction_count_24h': 0, 'excellent_all_time_pct': 97.05882352941177, 'good_all_time_pct': 100.0, 'last_updated': '2026-05-03T19:12:00.910206+00:00'}}
2026-05-03 21:12:00,969 - DEBUG - Logged refactored sensor metrics to HA
2026-05-03 21:12:00,969 - DEBUG - Logging feature importance
2026-05-03 21:12:00,969 - DEBUG - Setting HA state for sensor.ml_feature_importance: {'state': '5', 'attributes': {'state_class': 'measurement', 'unique_id': 'ml_heating_feature_importance', 'friendly_name': 'ML Feature Importance', 'unit_of_measurement': '%', 'icon': 'mdi:format-list-numbered', 'top_features': {'target_temp': 52.47, 'fireplace': 21.32, 'tv_power': 19.28, 'outdoor_temp': 6.86, 'pv_power': 0.08}, 'last_updated': '2026-05-03T19:12:00.969495+00:00'}}
2026-05-03 21:12:00,983 - INFO - ✅ Exported metrics to Home Assistant sensors successfully
2026-05-03 21:12:00,983 - INFO - ✅ Learning cycle 67: error=0.003°C, confidence=5.000, total_predictions=68
2026-05-03 21:12:00,983 - DEBUG - ✅ Online learning: applied_temp=19.5°C, actual_change=-0.040°C, cycle=67
2026-05-03 21:12:00,983 - INFO - Climate system not active (state: idle), skipping cycle.
2026-05-03 21:12:00,983 - DEBUG - Setting HA state for sensor.ml_heating_state: {'state': '6', 'attributes': {'state_class': 'measurement', 'unique_id': 'ml_heating_state', 'friendly_name': 'ML Heating State', 'unit_of_measurement': 'state', 'icon': 'mdi:information-outline', 'state_description': 'System off (idle)', 'heating_state': 'idle', 'climate_mode': 'off', 'last_updated': '2026-05-03T19:12:00.983851+00:00'}}
127.0.0.1 - - [03/May/2026 21:12:04] "GET /health HTTP/1.1" 200 -
127.0.0.1 - - [03/May/2026 21:12:34] "GET /health HTTP/1.1" 200 -
127.0.0.1 - - [03/May/2026 21:13:04] "GET /health HTTP/1.1" 200 -
127.0.0.1 - - [03/May/2026 21:13:34] "GET /health HTTP/1.1" 200 -
127.0.0.1 - - [03/May/2026 21:14:04] "GET /health HTTP/1.1" 200 -
127.0.0.1 - - [03/May/2026 21:14:34] "GET /health HTTP/1.1" 200 -
127.0.0.1 - - [03/May/2026 21:15:04] "GET /health HTTP/1.1" 200 -
127.0.0.1 - - [03/May/2026 21:15:34] "GET /health HTTP/1.1" 200 -
127.0.0.1 - - [03/May/2026 21:16:04] "GET /health HTTP/1.1" 200 -
127.0.0.1 - - [03/May/2026 21:16:34] "GET /health HTTP/1.1" 200 -
2026-05-03 21:17:00,997 - DEBUG - 🔄 CYCLE 39 START: 21:17:00 (interval: 20.0min since last cycle)
2026-05-03 21:17:00,997 - DEBUG - ♻️ Reusing existing Model Wrapper instance
2026-05-03 21:17:00,997 - INFO - Successfully loaded operational state from /config/ml_heating/unified_thermal_state_cooling.json
2026-05-03 21:17:01,028 - DEBUG - Setting HA state for sensor.ml_heating_cop_realtime: {'state': '0.00', 'attributes': {'state_class': 'measurement', 'unique_id': 'ml_heating_cop_realtime', 'friendly_name': 'ML Heating COP (Realtime)', 'unit_of_measurement': 'COP', 'icon': 'mdi:heat-pump', 'device_class': 'power_factor'}}
2026-05-03 21:17:01,040 - DEBUG - Setting HA state for sensor.ml_heating_thermal_power: {'state': '-0.488', 'attributes': {'state_class': 'measurement', 'unique_id': 'ml_heating_thermal_power', 'friendly_name': 'ML Heating Thermal Power', 'unit_of_measurement': 'kW', 'icon': 'mdi:flash', 'device_class': 'power'}}
2026-05-03 21:17:01,076 - DEBUG - Wrote thermodynamic metrics to InfluxDB
2026-05-03 21:17:01,077 - DEBUG - Thermodynamic sensors updated: COP=0.00, Power=-0.488kW
2026-05-03 21:17:01,077 - DEBUG - ♻️ Reusing existing Model Wrapper instance
2026-05-03 21:17:01,077 - DEBUG - 🎯 ACTIVE MODE LEARNING (trajectory): Verifying ML prediction accuracy for 19.5°C outlet setting
2026-05-03 21:17:01,080 - DEBUG - ☀️ SolarChannel self-learned: avg_error=0.014, pv_heat_weight=0.00141, solar_lag=45.1min, cloud_exp=1.00, solar_decay_tau=1.00h
2026-05-03 21:17:01,080 - INFO - ☀️ pv parameter update: attributed_error=-0.007702 | pv_heat_weight: 0.001398→0.001412 (Δ+0.000014) | solar_decay_tau_hours: 0.999664→0.999671 (Δ+0.000007)
2026-05-03 21:17:01,080 - INFO - Channel routing → [☀️ pv*] | error=-0.0077 | pv_current=10W pv_smoothed=1059W | params_changed=pv
2026-05-03 21:17:01,139 - DEBUG - 💾 Saved cooling thermal state to /config/ml_heating/unified_thermal_state_cooling.json
2026-05-03 21:17:01,139 - DEBUG - Skipping legacy global adaptation: channel mode owns recent-window learning
2026-05-03 21:17:01,193 - DEBUG - 💾 Saved cooling thermal state to /config/ml_heating/unified_thermal_state_cooling.json
2026-05-03 21:17:01,194 - DEBUG - Prediction feedback: error=-0.008°C, confidence=5.000
2026-05-03 21:17:01,243 - DEBUG - 💾 Saved cooling thermal state to /config/ml_heating/unified_thermal_state_cooling.json
2026-05-03 21:17:01,244 - DEBUG - 💾 Saved 69 predictions to unified thermal state
2026-05-03 21:17:01,244 - DEBUG - Added prediction: pred=23.40, actual=23.39, error=-0.008
2026-05-03 21:17:01,292 - DEBUG - 💾 Saved cooling thermal state to /config/ml_heating/unified_thermal_state_cooling.json
2026-05-03 21:17:01,294 - DEBUG - Setting HA state for sensor.ml_model_mae: {'state': '0.0305', 'attributes': {'state_class': 'measurement', 'unique_id': 'ml_heating_model_mae', 'friendly_name': 'ML Model MAE', 'unit_of_measurement': '°C', 'icon': 'mdi:chart-line', 'last_updated': '2026-05-03T19:17:01.294683+00:00'}}
2026-05-03 21:17:01,332 - DEBUG - Setting HA state for sensor.ml_model_rmse: {'state': '0.0416', 'attributes': {'state_class': 'measurement', 'unique_id': 'ml_heating_model_rmse', 'friendly_name': 'ML Model RMSE', 'unit_of_measurement': '°C', 'icon': 'mdi:chart-line', 'last_updated': '2026-05-03T19:17:01.294683+00:00'}}
2026-05-03 21:17:01,346 - DEBUG - Setting HA state for sensor.ml_heating_learning: {'state': '5.000', 'attributes': {'state_class': 'measurement', 'unique_id': 'ml_heating_learning', 'friendly_name': 'ML Adaptive Learning Metrics', 'unit_of_measurement': 'metrics', 'icon': 'mdi:brain', 'thermal_time_constant': 4.390554703745845, 'heat_loss_coefficient': 0.1245214561975565, 'outlet_effectiveness': 0.9526723072021629, 'pv_heat_weight': 0.0014121689127150117, 'fireplace_heat_weight': 0.387, 'tv_heat_weight': 0.35, 'solar_lag_minutes': 45.124246261916994, 'slab_time_constant_hours': 3.19, 'heat_source_channels_enabled': True, 'total_conductance': 0.3, 'equilibrium_ratio': 0.5, 'cycle_count': 68, 'parameter_updates': 36, 'model_health': 'excellent', 'learning_progress': 0.68, 'is_improving': True, 'improvement_percentage': 34.37577910303518, 'total_predictions': 69, 'learning_confidence': 5.0, 'last_updated': '2026-05-03T19:17:01.346099+00:00', 'delta_t_floor': 2.3, 'cloud_factor_exponent': 1.0, 'solar_decay_tau_hours': 0.9996708519910974, 'fp_heat_output_kw': 0.387, 'fp_decay_time_constant': 3.9144707244638868, 'room_spread_delay_minutes': 18.0, 'ch_heat_pump_history_count': 0, 'ch_heat_pump_last_error': 0.0, 'ch_pv_history_count': 66, 'ch_pv_last_error': -0.007702133436268355, 'ch_fireplace_history_count': 0, 'ch_fireplace_last_error': 0.0, 'ch_tv_history_count': 0, 'ch_tv_last_error': 0.0}}
2026-05-03 21:17:01,360 - DEBUG - Setting HA state for sensor.ml_model_mae: {'state': '0.0305', 'attributes': {'state_class': 'measurement', 'unique_id': 'ml_heating_model_mae', 'friendly_name': 'ML Model MAE', 'unit_of_measurement': '°C', 'icon': 'mdi:chart-line', 'mae_1h': 0.024740199281414316, 'mae_6h': 0.030522250134192297, 'mae_24h': 0.030522250134192297, 'trend_direction': 'improving', 'prediction_count': 69, 'last_updated': '2026-05-03T19:17:01.346099+00:00'}}
2026-05-03 21:17:01,377 - DEBUG - Setting HA state for sensor.ml_model_rmse: {'state': '0.0416', 'attributes': {'state_class': 'measurement', 'unique_id': 'ml_heating_model_rmse', 'friendly_name': 'ML Model RMSE', 'unit_of_measurement': '°C', 'icon': 'mdi:chart-line', 'recent_max_error': 0.08719826106991846, 'std_error': 0.0283, 'mean_bias': 0.0, 'prediction_count': 69, 'last_updated': '2026-05-03T19:17:01.346099+00:00'}}
2026-05-03 21:17:01,390 - DEBUG - Setting HA state for sensor.ml_prediction_accuracy: {'state': '100.0', 'attributes': {'state_class': 'measurement', 'unique_id': 'ml_prediction_accuracy', 'friendly_name': 'ML Prediction Accuracy', 'unit_of_measurement': '%', 'icon': 'mdi:target', 'perfect_accuracy_pct': 0.0, 'tolerable_accuracy_pct': 100.0, 'poor_accuracy_pct': 0.0, 'prediction_count_24h': 0, 'excellent_all_time_pct': 97.10144927536231, 'good_all_time_pct': 100.0, 'last_updated': '2026-05-03T19:17:01.346099+00:00'}}
2026-05-03 21:17:01,404 - DEBUG - Logged refactored sensor metrics to HA
2026-05-03 21:17:01,404 - DEBUG - Logging feature importance
2026-05-03 21:17:01,404 - DEBUG - Setting HA state for sensor.ml_feature_importance: {'state': '5', 'attributes': {'state_class': 'measurement', 'unique_id': 'ml_heating_feature_importance', 'friendly_name': 'ML Feature Importance', 'unit_of_measurement': '%', 'icon': 'mdi:format-list-numbered', 'top_features': {'target_temp': 52.47, 'fireplace': 21.32, 'tv_power': 19.28, 'outdoor_temp': 6.86, 'pv_power': 0.08}, 'last_updated': '2026-05-03T19:17:01.404402+00:00'}}
2026-05-03 21:17:01,418 - INFO - ✅ Exported metrics to Home Assistant sensors successfully
2026-05-03 21:17:01,418 - INFO - ✅ Learning cycle 68: error=0.008°C, confidence=5.000, total_predictions=69
2026-05-03 21:17:01,418 - DEBUG - ✅ Online learning: applied_temp=19.5°C, actual_change=-0.050°C, cycle=68
2026-05-03 21:17:01,418 - INFO - Climate system not active (state: idle), skipping cycle.
2026-05-03 21:17:01,418 - DEBUG - Setting HA state for sensor.ml_heating_state: {'state': '6', 'attributes': {'state_class': 'measurement', 'unique_id': 'ml_heating_state', 'friendly_name': 'ML Heating State', 'unit_of_measurement': 'state', 'icon': 'mdi:information-outline', 'state_description': 'System off (idle)', 'heating_state': 'idle', 'climate_mode': 'off', 'last_updated': '2026-05-03T19:17:01.418789+00:00'}}
127.0.0.1 - - [03/May/2026 21:17:04] "GET /health HTTP/1.1" 200 -
127.0.0.1 - - [03/May/2026 21:17:34] "GET /health HTTP/1.1" 200 -
127.0.0.1 - - [03/May/2026 21:18:05] "GET /health HTTP/1.1" 200 -
127.0.0.1 - - [03/May/2026 21:18:35] "GET /health HTTP/1.1" 200 -
127.0.0.1 - - [03/May/2026 21:19:05] "GET /health HTTP/1.1" 200 -
127.0.0.1 - - [03/May/2026 21:19:35] "GET /health HTTP/1.1" 200 -
127.0.0.1 - - [03/May/2026 21:20:05] "GET /health HTTP/1.1" 200 -
127.0.0.1 - - [03/May/2026 21:20:35] "GET /health HTTP/1.1" 200 -
127.0.0.1 - - [03/May/2026 21:21:05] "GET /health HTTP/1.1" 200 -
127.0.0.1 - - [03/May/2026 21:21:35] "GET /health HTTP/1.1" 200 -
2026-05-03 21:22:01,432 - DEBUG - 🔄 CYCLE 40 START: 21:22:01 (interval: 25.0min since last cycle)
2026-05-03 21:22:01,433 - DEBUG - ♻️ Reusing existing Model Wrapper instance
2026-05-03 21:22:01,433 - INFO - Successfully loaded operational state from /config/ml_heating/unified_thermal_state_cooling.json
2026-05-03 21:22:01,465 - DEBUG - Setting HA state for sensor.ml_heating_cop_realtime: {'state': '0.00', 'attributes': {'state_class': 'measurement', 'unique_id': 'ml_heating_cop_realtime', 'friendly_name': 'ML Heating COP (Realtime)', 'unit_of_measurement': 'COP', 'icon': 'mdi:heat-pump', 'device_class': 'power_factor'}}
2026-05-03 21:22:01,478 - DEBUG - Setting HA state for sensor.ml_heating_thermal_power: {'state': '-0.391', 'attributes': {'state_class': 'measurement', 'unique_id': 'ml_heating_thermal_power', 'friendly_name': 'ML Heating Thermal Power', 'unit_of_measurement': 'kW', 'icon': 'mdi:flash', 'device_class': 'power'}}
2026-05-03 21:22:01,520 - DEBUG - Wrote thermodynamic metrics to InfluxDB
2026-05-03 21:22:01,520 - DEBUG - Thermodynamic sensors updated: COP=0.00, Power=-0.391kW
2026-05-03 21:22:01,520 - DEBUG - ♻️ Reusing existing Model Wrapper instance
2026-05-03 21:22:01,520 - DEBUG - 🎯 ACTIVE MODE LEARNING (trajectory): Verifying ML prediction accuracy for 19.5°C outlet setting
2026-05-03 21:22:01,523 - DEBUG - ☀️ SolarChannel self-learned: avg_error=0.015, pv_heat_weight=0.00143, solar_lag=45.1min, cloud_exp=1.00, solar_decay_tau=1.00h
2026-05-03 21:22:01,524 - INFO - ☀️ pv parameter update: attributed_error=-0.018056 | pv_heat_weight: 0.001412→0.001427 (Δ+0.000015) | solar_decay_tau_hours: 0.999671→0.999678 (Δ+0.000007)
2026-05-03 21:22:01,524 - INFO - Channel routing → [☀️ pv*] | error=-0.0181 | pv_current=10W pv_smoothed=1059W | params_changed=pv
2026-05-03 21:22:01,640 - DEBUG - 💾 Saved cooling thermal state to /config/ml_heating/unified_thermal_state_cooling.json
2026-05-03 21:22:01,640 - DEBUG - Skipping legacy global adaptation: channel mode owns recent-window learning
2026-05-03 21:22:01,695 - DEBUG - 💾 Saved cooling thermal state to /config/ml_heating/unified_thermal_state_cooling.json
2026-05-03 21:22:01,696 - DEBUG - Prediction feedback: error=-0.018°C, confidence=5.000
2026-05-03 21:22:01,748 - DEBUG - 💾 Saved cooling thermal state to /config/ml_heating/unified_thermal_state_cooling.json
2026-05-03 21:22:01,748 - DEBUG - 💾 Saved 70 predictions to unified thermal state
2026-05-03 21:22:01,748 - DEBUG - Added prediction: pred=23.40, actual=23.38, error=-0.018
2026-05-03 21:22:01,798 - DEBUG - 💾 Saved cooling thermal state to /config/ml_heating/unified_thermal_state_cooling.json
2026-05-03 21:22:01,800 - DEBUG - Setting HA state for sensor.ml_model_mae: {'state': '0.0303', 'attributes': {'state_class': 'measurement', 'unique_id': 'ml_heating_model_mae', 'friendly_name': 'ML Model MAE', 'unit_of_measurement': '°C', 'icon': 'mdi:chart-line', 'last_updated': '2026-05-03T19:22:01.800117+00:00'}}
2026-05-03 21:22:01,813 - DEBUG - Setting HA state for sensor.ml_model_rmse: {'state': '0.0414', 'attributes': {'state_class': 'measurement', 'unique_id': 'ml_heating_model_rmse', 'friendly_name': 'ML Model RMSE', 'unit_of_measurement': '°C', 'icon': 'mdi:chart-line', 'last_updated': '2026-05-03T19:22:01.800117+00:00'}}
2026-05-03 21:22:01,827 - DEBUG - Setting HA state for sensor.ml_heating_learning: {'state': '5.000', 'attributes': {'state_class': 'measurement', 'unique_id': 'ml_heating_learning', 'friendly_name': 'ML Adaptive Learning Metrics', 'unit_of_measurement': 'metrics', 'icon': 'mdi:brain', 'thermal_time_constant': 4.390554703745845, 'heat_loss_coefficient': 0.1245214561975565, 'outlet_effectiveness': 0.9526723072021629, 'pv_heat_weight': 0.0014268038373285354, 'fireplace_heat_weight': 0.387, 'tv_heat_weight': 0.35, 'solar_lag_minutes': 45.124246261916994, 'slab_time_constant_hours': 3.19, 'heat_source_channels_enabled': True, 'total_conductance': 0.3, 'equilibrium_ratio': 0.5, 'cycle_count': 69, 'parameter_updates': 37, 'model_health': 'excellent', 'learning_progress': 0.69, 'is_improving': True, 'improvement_percentage': 32.180675240625796, 'total_predictions': 70, 'learning_confidence': 5.0, 'last_updated': '2026-05-03T19:22:01.827810+00:00', 'delta_t_floor': 2.3, 'cloud_factor_exponent': 1.0, 'solar_decay_tau_hours': 0.9996781694534042, 'fp_heat_output_kw': 0.387, 'fp_decay_time_constant': 3.9144707244638868, 'room_spread_delay_minutes': 18.0, 'ch_heat_pump_history_count': 0, 'ch_heat_pump_last_error': 0.0, 'ch_pv_history_count': 67, 'ch_pv_last_error': -0.018056259367842387, 'ch_fireplace_history_count': 0, 'ch_fireplace_last_error': 0.0, 'ch_tv_history_count': 0, 'ch_tv_last_error': 0.0}}
2026-05-03 21:22:01,842 - DEBUG - Setting HA state for sensor.ml_model_mae: {'state': '0.0303', 'attributes': {'state_class': 'measurement', 'unique_id': 'ml_heating_model_mae', 'friendly_name': 'ML Model MAE', 'unit_of_measurement': '°C', 'icon': 'mdi:chart-line', 'mae_1h': 0.021814885709924365, 'mae_6h': 0.03034416455181587, 'mae_24h': 0.03034416455181587, 'trend_direction': 'improving', 'prediction_count': 70, 'last_updated': '2026-05-03T19:22:01.827810+00:00'}}
2026-05-03 21:22:01,856 - DEBUG - Setting HA state for sensor.ml_model_rmse: {'state': '0.0414', 'attributes': {'state_class': 'measurement', 'unique_id': 'ml_heating_model_rmse', 'friendly_name': 'ML Model RMSE', 'unit_of_measurement': '°C', 'icon': 'mdi:chart-line', 'recent_max_error': 0.08719826106991846, 'std_error': 0.0281, 'mean_bias': 0.0, 'prediction_count': 70, 'last_updated': '2026-05-03T19:22:01.827810+00:00'}}
2026-05-03 21:22:01,869 - DEBUG - Setting HA state for sensor.ml_prediction_accuracy: {'state': '100.0', 'attributes': {'state_class': 'measurement', 'unique_id': 'ml_prediction_accuracy', 'friendly_name': 'ML Prediction Accuracy', 'unit_of_measurement': '%', 'icon': 'mdi:target', 'perfect_accuracy_pct': 0.0, 'tolerable_accuracy_pct': 100.0, 'poor_accuracy_pct': 0.0, 'prediction_count_24h': 0, 'excellent_all_time_pct': 97.14285714285714, 'good_all_time_pct': 100.0, 'last_updated': '2026-05-03T19:22:01.827810+00:00'}}
2026-05-03 21:22:01,883 - DEBUG - Logged refactored sensor metrics to HA
2026-05-03 21:22:01,883 - DEBUG - Logging feature importance
2026-05-03 21:22:01,883 - DEBUG - Setting HA state for sensor.ml_feature_importance: {'state': '5', 'attributes': {'state_class': 'measurement', 'unique_id': 'ml_heating_feature_importance', 'friendly_name': 'ML Feature Importance', 'unit_of_measurement': '%', 'icon': 'mdi:format-list-numbered', 'top_features': {'target_temp': 52.47, 'fireplace': 21.32, 'tv_power': 19.28, 'outdoor_temp': 6.86, 'pv_power': 0.08}, 'last_updated': '2026-05-03T19:22:01.883608+00:00'}}
2026-05-03 21:22:01,897 - INFO - ✅ Exported metrics to Home Assistant sensors successfully
2026-05-03 21:22:01,897 - INFO - ✅ Learning cycle 69: error=0.018°C, confidence=5.000, total_predictions=70
2026-05-03 21:22:01,897 - DEBUG - ✅ Online learning: applied_temp=19.5°C, actual_change=-0.060°C, cycle=69
2026-05-03 21:22:01,897 - INFO - Climate system not active (state: idle), skipping cycle.
2026-05-03 21:22:01,897 - DEBUG - Setting HA state for sensor.ml_heating_state: {'state': '6', 'attributes': {'state_class': 'measurement', 'unique_id': 'ml_heating_state', 'friendly_name': 'ML Heating State', 'unit_of_measurement': 'state', 'icon': 'mdi:information-outline', 'state_description': 'System off (idle)', 'heating_state': 'idle', 'climate_mode': 'off', 'last_updated': '2026-05-03T19:22:01.897858+00:00'}}
127.0.0.1 - - [03/May/2026 21:22:05] "GET /health HTTP/1.1" 200 -
127.0.0.1 - - [03/May/2026 21:22:35] "GET /health HTTP/1.1" 200 -
127.0.0.1 - - [03/May/2026 21:23:05] "GET /health HTTP/1.1" 200 -
127.0.0.1 - - [03/May/2026 21:23:35] "GET /health HTTP/1.1" 200 -
127.0.0.1 - - [03/May/2026 21:24:05] "GET /health HTTP/1.1" 200 -
127.0.0.1 - - [03/May/2026 21:24:35] "GET /health HTTP/1.1" 200 -
